#
# A fatal error has been detected by the Java Runtime Environment:
#
#  EXCEPTION_ACCESS_VIOLATION (0xc0000005) at pc=0x000001f04a4a2ee2, pid=18220, tid=18660
#
# JRE version: OpenJDK Runtime Environment (25.0.2) (build 25.0.2+-15348964-b329.117)
# Java VM: OpenJDK 64-Bit Server VM (25.0.2+-15348964-b329.117, mixed mode, tiered, compressed oops, compressed class ptrs, g1 gc, windows-amd64)
# Problematic frame:
# J 20259 c1 com.android.tools.r8.internal.bE.c()Z (16 bytes) @ 0x000001f04a4a2ee2 [0x000001f04a4a2e80+0x0000000000000062]
#
# No core dump will be written. Minidumps are not enabled by default on client versions of Windows
#
# If you would like to submit a bug report, please visit:
#   https://youtrack.jetbrains.com/issues/JBR
#

---------------  S U M M A R Y ------------

Command Line: --add-opens=java.base/java.lang=ALL-UNNAMED --add-opens=java.base/java.lang.invoke=ALL-UNNAMED --add-opens=java.base/java.util=ALL-UNNAMED --add-opens=java.prefs/java.util.prefs=ALL-UNNAMED --add-exports=jdk.compiler/com.sun.tools.javac.api=ALL-UNNAMED --add-exports=jdk.compiler/com.sun.tools.javac.util=ALL-UNNAMED --add-opens=java.base/java.util=ALL-UNNAMED --add-opens=java.prefs/java.util.prefs=ALL-UNNAMED --add-opens=java.base/java.nio.charset=ALL-UNNAMED --add-opens=java.base/java.net=ALL-UNNAMED --add-opens=java.base/java.util.concurrent=ALL-UNNAMED --add-opens=java.base/java.util.concurrent.atomic=ALL-UNNAMED --add-opens=java.xml/javax.xml.namespace=ALL-UNNAMED --add-opens=java.base/java.time=ALL-UNNAMED --enable-native-access=ALL-UNNAMED -XX:MaxMetaspaceSize=384m -XX:+HeapDumpOnOutOfMemoryError -Xms256m -Xmx512m -Dfile.encoding=UTF-8 -Duser.country=BE -Duser.language=nl -Duser.variant -javaagent:C:\Users\Intel\.gradle\wrapper\dists\gradle-9.3.0-bin\79n14ral3mx1ozqr3csh2u872\gradle-9.3.0\lib\agents\gradle-instrumentation-agent-9.3.0.jar org.gradle.launcher.daemon.bootstrap.GradleDaemon 9.3.0

Host: Intel(R) Core(TM) i9-14900K, 32 cores, 63G,  Windows 11 , 64 bit Build 26100 (10.0.26100.8875)
Time: Sat Aug  8 12:44:49 2026 Romance (zomertijd) elapsed time: 15.151903 seconds (0d 0h 0m 15s)

---------------  T H R E A D  ---------------

Current thread (0x000001f0732e1850):  JavaThread "Unconstrained build operations Thread 261"        [_thread_in_Java, id=18660, stack(0x000000cca3100000,0x000000cca3200000) (1024K)]

Stack: [0x000000cca3100000,0x000000cca3200000],  sp=0x000000cca31fa500,  free space=1001k
Native frames: (J=compiled Java code, j=interpreted, Vv=VM code, C=native code)
C  0x000001f04a4a2ee2  (no source info available)

The last pc belongs to nmethod (printed below).

siginfo: EXCEPTION_ACCESS_VIOLATION (0xc0000005), reading address 0x000000000000040c


Registers:
RAX=0x000001f075124e98, RBX=0x00000000f61f5918, RCX=0x00000000f61f5918, RDX=0x00000000000003f0
RSP=0x000000cca31fa500, RBP=0x0000000000000001, RSI=0x00000000000001f4, RDI=0x00000000f61f5998
R8 =0x0000000000000000, R9 =0x00000000ec8a9110, R10=0x0000000000000003, R11=0x0000000000000008
R12=0x0000000000000000, R13=0x00000000000003f0, R14=0x00000000f2b466b8, R15=0x000001f0732e1850
RIP=0x000001f04a4a2ee2, EFLAGS=0x0000000000010202

XMM[0]=0x0000000000000000 0x0000000000000000
XMM[1]=0x0000000000000000 0x0000000000000000
XMM[2]=0x0c98f5818685ba9f 0x4a319941fc018edf
XMM[3]=0xee830681e1ddc99f 0x59db6a41e191dddf
XMM[4]=0x000e178101b4d89f 0x34e63b4167e12cdf
XMM[5]=0x233542644a31be52 0xec33e0a16e52f634
XMM[6]=0x765272ef05b72b7d 0x9f1b22ef20baf888
XMM[7]=0x7c4ccb6eef2a6bf1 0xdafe94a93618890c
XMM[8]=0x058f45e5b84b6314 0x4022aee25c52007f
XMM[9]=0x8388753183887531 0x83887531bcd138d6
XMM[10]=0x0000000000000000 0x000000003948c3a5
XMM[11]=0x5a70cd925a70cd92 0x5a70cd9217420668
XMM[12]=0x0000000000000000 0x00000000bcd138d6
XMM[13]=0x0000000000000000 0x00000000e39cb504
XMM[14]=0x0000000000000000 0xf2f2f49d61769688
XMM[15]=0x0000000000000000 0x000000006e83a1eb
  MXCSR=0x00001fa0


Register to memory mapping:

RAX=0x000001f075124e98 is pointing into metadata
RBX=0x00000000f61f5918 is an oop: com.android.tools.r8.internal.bE 
{0x00000000f61f5918} - klass: 'com/android/tools/r8/internal/bE' - flags: is_cloneable_fast 

 - ---- fields (total size 4 words):
 - public 'b' 'I' @12  3 (0x00000003)
 - public 'c' 'Ljava/lang/Object;' @16  a 'com/android/tools/r8/internal/CG'{0x00000000ec8ab470} (0xec8ab470)
 - public 'd' 'Lcom/android/tools/r8/internal/bE;' @20  a 'com/android/tools/r8/internal/bE'{0x00000000f61f58d8} (0xf61f58d8)
 - public 'e' 'Lcom/android/tools/r8/internal/bE;' @24  a 'com/android/tools/r8/internal/bE'{0x00000000f61f5958} (0xf61f5958)
 - public 'f' 'I' @28  1 (0x00000001)
RCX=0x00000000f61f5918 is an oop: com.android.tools.r8.internal.bE 
{0x00000000f61f5918} - klass: 'com/android/tools/r8/internal/bE' - flags: is_cloneable_fast 

 - ---- fields (total size 4 words):
 - public 'b' 'I' @12  3 (0x00000003)
 - public 'c' 'Ljava/lang/Object;' @16  a 'com/android/tools/r8/internal/CG'{0x00000000ec8ab470} (0xec8ab470)
 - public 'd' 'Lcom/android/tools/r8/internal/bE;' @20  a 'com/android/tools/r8/internal/bE'{0x00000000f61f58d8} (0xf61f58d8)
 - public 'e' 'Lcom/android/tools/r8/internal/bE;' @24  a 'com/android/tools/r8/internal/bE'{0x00000000f61f5958} (0xf61f5958)
 - public 'f' 'I' @28  1 (0x00000001)
RDX=0x00000000000003f0 is an unknown value
RSP=0x000000cca31fa500 is pointing into the stack for thread: 0x000001f0732e1850
RBP=0x0000000000000001 is an unknown value
RSI=0x00000000000001f4 is an unknown value
RDI=0x00000000f61f5998 is an oop: com.android.tools.r8.internal.bE 
{0x00000000f61f5998} - klass: 'com/android/tools/r8/internal/bE' - flags: is_cloneable_fast 

 - ---- fields (total size 4 words):
 - public 'b' 'I' @12  7 (0x00000007)
 - public 'c' 'Ljava/lang/Object;' @16  a 'com/android/tools/r8/internal/CG'{0x00000000ec8ab470} (0xec8ab470)
 - public 'd' 'Lcom/android/tools/r8/internal/bE;' @20  a 'com/android/tools/r8/internal/bE'{0x00000000f61f5978} (0xf61f5978)
 - public 'e' 'Lcom/android/tools/r8/internal/bE;' @24  null (0x00000000)
 - public 'f' 'I' @28  -1073741824 (0xc0000000)
R8 =0x0 is null
R9 =0x00000000ec8a9110 is an oop: com.android.tools.r8.internal.BS 
{0x00000000ec8a9110} - klass: 'com/android/tools/r8/internal/BS' - flags: 

 - ---- fields (total size 2 words):
R10=0x0000000000000003 is an unknown value
R11=0x0000000000000008 is an unknown value
R12=0x0 is null
R13=0x00000000000003f0 is an unknown value
R14=0x00000000f2b466b8 is an oop: com.android.tools.r8.graph.B1 
{0x00000000f2b466b8} - klass: 'com/android/tools/r8/graph/B1' - flags: 

 - ---- fields (total size 191 words):
 - public 'o6' 'Z' @12  false (0x00)
 - public final 'a' 'Ljava/util/Set;' @16  
[error occurred during error reporting (printing register info), id 0xc0000005, EXCEPTION_ACCESS_VIOLATION (0xc0000005) at pc=0x00007ff8a5b45aef]
R15=0x000001f0732e1850 is a thread

Top of Stack: (sp=0x000000cca31fa500)
0x000000cca31fa500:   000000cca31fa560 00000000f61f4dd0   `........M......
0x000000cca31fa510:   0000000000000002 64e02ba0f2b4a6b8   .............+.d
0x000000cca31fa520:   0000000000000001 000001f051187cf0   .........|.Q....
0x000000cca31fa530:   0000000000000008 00000000f61f5848   ........HX......
0x000000cca31fa540:   00000000ec8a9110 00000000f61f5918   .........Y......
0x000000cca31fa550:   0000000000000000 00000000000003f0   ................
0x000000cca31fa560:   0000000000000001 00000000f61f25c8   .........%......
0x000000cca31fa570:   00000000816a4920 000001f0509652bb    Ij......R.P....
0x000000cca31fa580:   0000000000000100 00000000f61ef150   ........P.......
0x000000cca31fa590:   00000000f61f5848 000001f050c74244   HX......DB.P....
0x000000cca31fa5a0:   00000000f61f0850 000001f000000026   P.......&.......
0x000000cca31fa5b0:   00000000f61eff20 00000000f61f56d8    ........V......
0x000000cca31fa5c0:   00000000f61f1308 0000000f00000008   ................
0x000000cca31fa5d0:   00000000f61ef150 0000000800000000   P...............
0x000000cca31fa5e0:   00000000f61f1368 00000000f61f5780   h........W......
0x000000cca31fa5f0:   00000000ec8a9110 00000000f61f5848   ........HX......
0x000000cca31fa600:   00000000f61ef150 00000000f61eff20   P....... .......
0x000000cca31fa610:   00000000f61eff20 00000000f61ef150    .......P.......
0x000000cca31fa620:   00000000f61f5748 00000000f62be4e0   HW........+.....
0x000000cca31fa630:   000000008001a530 00000000f6315af0   0........Z1.....
0x000000cca31fa640:   000000cca31faaa0 000001f04a4dcfac   ..........MJ....
0x000000cca31fa650:   00000000f61f131c 000001f0509502c0   ...........P....
0x000000cca31fa660:   00000000f63267b8 0000004000000020   .g2..... ...@...
0x000000cca31fa670:   00000000f62ad048 00000000f62ad048   H.*.....H.*.....
0x000000cca31fa680:   0000000000000000 000001f0511b7bd8   .........{.Q....
0x000000cca31fa690:   00000000f63267b8 00000000f62ace48   .g2.....H.*.....
0x000000cca31fa6a0:   00000000f63267b8 000001f04a690dac   .g2.......iJ....
0x000000cca31fa6b0:   815369a000000001 00000c42f2b4a6b8   .....iS.....B...
0x000000cca31fa6c0:   00000c4200000001 00000000f2b4a6b8   ....B...........
0x000000cca31fa6d0:   00000c42f1eaa7b0 00000000f1ddbcd8   ....B...........
0x000000cca31fa6e0:   00000000f61ef0b0 00000000f193e418   ................
0x000000cca31fa6f0:   00000000f61ef0b0 000001f0509ec2c4   ...........P....

Instructions: (pc=0x000001f04a4a2ee2)
  0x000001f04a4a2de2:   00 00 00 00 00 00 40 b9 69 63 f0 01 00 00 90 3e
  0x000001f04a4a2df2:   9d 66 f0 01 00 00 00 00 00 00 00 00 00 00 00 00
  0x000001f04a4a2e02:   00 00 00 00 00 00 00 00 00 00 00 00 00 00 00 00
  0x000001f04a4a2e12:   00 00 00 00 00 00 80 2e 4a 4a f0 01 00 00 12 00
  0x000001f04a4a2e22:   20 00 ff ff ff ff 48 00 00 00 00 00 00 00 20 02
  0x000001f04a4a2e32:   00 00 20 02 00 00 40 02 00 00 ff ff ff ff 2b 00
  0x000001f04a4a2e42:   00 00 08 00 08 00 08 00 08 00 08 00 00 00 38 00
  0x000001f04a4a2e52:   00 00 48 00 00 00 18 00 00 00 23 4f 00 00 03 01
  0x000001f04a4a2e62:   02 00 00 00 00 00 00 00 00 00 00 00 00 00 00 00
  0x000001f04a4a2e72:   00 00 00 00 00 00 00 00 00 00 00 00 00 00 66 66
  0x000001f04a4a2e82:   66 0f 1f 84 00 00 00 00 00 66 66 66 90 66 66 90
  0x000001f04a4a2e92:   44 8b 52 08 44 3b 50 08 0f 85 40 bc cd 05 89 84
  0x000001f04a4a2ea2:   24 00 80 ff ff 55 48 83 ec 20 41 81 7f 20 1a 00
  0x000001f04a4a2eb2:   00 00 74 05 e8 a5 61 cc 05 48 b8 98 4e 12 75 f0
  0x000001f04a4a2ec2:   01 00 00 8b b0 90 00 00 00 83 c6 02 89 b0 90 00
  0x000001f04a4a2ed2:   00 00 81 e6 fe 07 00 00 85 f6 0f 84 64 00 00 00
=>0x000001f04a4a2ee2:   8b 42 1c 25 00 00 00 40 85 c0 48 b8 98 4e 12 75
  0x000001f04a4a2ef2:   f0 01 00 00 be d8 00 00 00 74 05 be e8 00 00 00
  0x000001f04a4a2f02:   48 8b 3c 30 48 8d 7f 01 48 89 3c 30 0f 84 1a 00
  0x000001f04a4a2f12:   00 00 48 b8 98 4e 12 75 f0 01 00 00 ff 80 f8 00
  0x000001f04a4a2f22:   00 00 b8 01 00 00 00 e9 05 00 00 00 b8 00 00 00
  0x000001f04a4a2f32:   00 83 e0 01 48 83 c4 20 5d 49 3b 67 28 0f 87 22
  0x000001f04a4a2f42:   00 00 00 c3 49 ba 50 5f 10 75 f0 01 00 00 4c 89
  0x000001f04a4a2f52:   54 24 08 48 c7 04 24 ff ff ff ff e8 7e 40 da 05
  0x000001f04a4a2f62:   e9 7b ff ff ff 49 ba 3b 2f 4a 4a f0 01 00 00 4d
  0x000001f04a4a2f72:   89 97 e0 04 00 00 e9 e3 df cd 05 49 8b 87 88 05
  0x000001f04a4a2f82:   00 00 49 c7 87 88 05 00 00 00 00 00 00 49 c7 87
  0x000001f04a4a2f92:   90 05 00 00 00 00 00 00 48 83 c4 20 5d e9 3c dd
  0x000001f04a4a2fa2:   d9 05 f4 f4 f4 f4 e8 33 0a da 05 48 b9 b8 a1 ea
  0x000001f04a4a2fb2:   a5 f8 7f 00 00 48 83 e4 f0 48 b8 00 dc a9 a5 f8
  0x000001f04a4a2fc2:   7f 00 00 ff d0 f4 49 ba c8 2f 4a 4a f0 01 00 00
  0x000001f04a4a2fd2:   41 52 e9 87 e2 cd 05 f4 f4 f4 f4 f4 f4 f4 70 38


Stack slot to memory mapping:

stack at sp + 0 slots: 0x000000cca31fa560 is pointing into the stack for thread: 0x000001f0732e1850
stack at sp + 1 slots: 0x00000000f61f4dd0 is an oop: com.android.tools.r8.internal.bE 
{0x00000000f61f4dd0} - klass: 'com/android/tools/r8/internal/bE' - flags: is_cloneable_fast 

 - ---- fields (total size 4 words):
 - public 'b' 'I' @12  13 (0x0000000d)
 - public 'c' 'Ljava/lang/Object;' @16  a 'com/android/tools/r8/internal/BS'{0x00000000ec8a9110} (0xec8a9110)
 - public 'd' 'Lcom/android/tools/r8/internal/bE;' @20  a 'com/android/tools/r8/internal/bE'{0x00000000f61f4db0} (0xf61f4db0)
 - public 'e' 'Lcom/android/tools/r8/internal/bE;' @24  a 'com/android/tools/r8/internal/bE'{0x00000000f61f4df0} (0xf61f4df0)
 - public 'f' 'I' @28  0 (0x00000000)
stack at sp + 2 slots: 0x0000000000000002 is an unknown value
stack at sp + 3 slots: 0x64e02ba0f2b4a6b8 is an unknown value
stack at sp + 4 slots: 0x0000000000000001 is an unknown value
stack at sp + 5 slots: 0x000001f051187cf0 is at entry_point+1646 in (nmethod*)0x000001f051187588
Compiled method (c2) 15186 22926       4       com.android.tools.r8.internal.pE::a (951 bytes)
 total in heap  [0x000001f051187588,0x000001f05118a028] = 10912
 main code      [0x000001f051187680,0x000001f051189fa0] = 10528
 stub code      [0x000001f051189fa0,0x000001f05118a020] = 128
 oops           [0x000001f05118a020,0x000001f05118a028] = 8
 mutable data [0x000001f0641de4d0,0x000001f0641de768] = 664
 relocation     [0x000001f0641de4d0,0x000001f0641de708] = 568
 metadata       [0x000001f0641de708,0x000001f0641de768] = 96
 immutable data [0x000001f05cddba10,0x000001f05cddc470] = 2656
 dependencies   [0x000001f05cddba10,0x000001f05cddba28] = 24
 nul chk table  [0x000001f05cddba28,0x000001f05cddba80] = 88
 handler table  [0x000001f05cddba80,0x000001f05cddbdc8] = 840
 scopes pcs     [0x000001f05cddbdc8,0x000001f05cddc118] = 848
 scopes data    [0x000001f05cddc118,0x000001f05cddc470] = 856
stack at sp + 6 slots: 0x0000000000000008 is an unknown value
stack at sp + 7 slots: 0x00000000f61f5848 is an oop: com.android.tools.r8.internal.pE 
{0x00000000f61f5848} - klass: 'com/android/tools/r8/internal/pE' - flags: is_cloneable_fast 

 - ---- fields (total size 6 words):
 - public 'c' 'I' @12  8 (0x00000008)
 - public transient 'i' 'Z' @16  false (0x00)
 - public transient 'b' 'Lcom/android/tools/r8/internal/bE;' @20  a 'com/android/tools/r8/internal/bE'{0x00000000f61f5918} (0xf61f5918)
 - public transient 'd' 'Lcom/android/tools/r8/internal/bE;' @24  a 'com/android/tools/r8/internal/bE'{0x00000000f61f58b8} (0xf61f58b8)
 - public transient 'e' 'Lcom/android/tools/r8/internal/bE;' @28  a 'com/android/tools/r8/internal/bE'{0x00000000f61f5998} (0xf61f5998)
 - public transient 'f' 'Lcom/android/tools/r8/internal/ZD;' @32  null (0x00000000)
 - public transient 'g' 'Lcom/android/tools/r8/internal/eE;' @36  null (0x00000000)
 - public transient 'h' 'Lcom/android/tools/r8/internal/aE;' @40  null (0x00000000)
 - public transient 'j' '[Z' @44  [Z{0x00000000f61f5878} (0xf61f5878)

Lock stack of current Java thread (top to bottom):
LockStack[1]: java.util.concurrent.ConcurrentHashMap$ReservationNode 
{0x00000000f2f9e1d8} - klass: 'java/util/concurrent/ConcurrentHashMap$ReservationNode' - flags: 

 - ---- fields (total size 4 words):
 - final 'hash' 'I' @12  -3 (0xfffffffd)
 - final 'key' 'Ljava/lang/Object;' @16  null (0x00000000)
 - volatile 'val' 'Ljava/lang/Object;' @20  null (0x00000000)
 - volatile 'next' 'Ljava/util/concurrent/ConcurrentHashMap$Node;' @24  null (0x00000000)
LockStack[0]: org.gradle.internal.Deferrable$3 
{0x00000000ebacd960} - klass: 'org/gradle/internal/Deferrable$3' - flags: 

 - ---- fields (total size 3 words):
 - private volatile 'value' 'Ljava/lang/Object;' @12  null (0x00000000)
 - final synthetic 'val$result' 'Ljava/util/function/Supplier;' @16  a 'org/gradle/internal/execution/steps/IdentityCacheStep$$Lambda+0x00000000808e0c00'{0x00000000ebacd978} (0xebacd978)


Compiled method (c1) 15188 20259       3       com.android.tools.r8.internal.bE::c (16 bytes)
 total in heap  [0x000001f04a4a2d88,0x000001f04a4a2fe8] = 608
 main code      [0x000001f04a4a2e80,0x000001f04a4a2fa8] = 296
 stub code      [0x000001f04a4a2fa8,0x000001f04a4a2fe0] = 56
 oops           [0x000001f04a4a2fe0,0x000001f04a4a2fe8] = 8
 mutable data [0x000001f06fef5280,0x000001f06fef52b8] = 56
 relocation     [0x000001f06fef5280,0x000001f06fef52b0] = 48
 metadata       [0x000001f06fef52b0,0x000001f06fef52b8] = 8
 immutable data [0x000001f06369b940,0x000001f06369b988] = 72
 dependencies   [0x000001f06369b940,0x000001f06369b948] = 8
 scopes pcs     [0x000001f06369b948,0x000001f06369b978] = 48
 scopes data    [0x000001f06369b978,0x000001f06369b988] = 16

[Constant Pool (empty)]

[MachCode]
[Instructions begin]
  0x000001f04a4a2e80: 6666 660f | 1f84 0000 | 0000 0066 | 6666 9066 | 6690 448b | 5208 443b 

  0x000001f04a4a2e98: ;   {runtime_call Shared Runtime ic_miss_blob}
  0x000001f04a4a2e98: 5008 0f85 | 40bc cd05 
[Verified Entry Point]
  0x000001f04a4a2ea0: 8984 2400 | 80ff ff55 | 4883 ec20 | 4181 7f20 | 1a00 0000 

  0x000001f04a4a2eb4: ;   {runtime_call Stub::method_entry_barrier}
  0x000001f04a4a2eb4: 7405 e8a5 

  0x000001f04a4a2eb8: ;   {metadata(method data for {method} {0x000001f075105f58} 'c' '()Z' in 'com/android/tools/r8/internal/bE')}
  0x000001f04a4a2eb8: 61cc 0548 | b898 4e12 | 75f0 0100 | 008b b090 | 0000 0083 | c602 89b0 | 9000 0000 | 81e6 fe07 
  0x000001f04a4a2ed8: 0000 85f6 | 0f84 6400 | 0000 8b42 | 1c25 0000 | 0040 85c0 

  0x000001f04a4a2eec: ;   {metadata(method data for {method} {0x000001f075105f58} 'c' '()Z' in 'com/android/tools/r8/internal/bE')}
  0x000001f04a4a2eec: 48b8 984e | 1275 f001 | 0000 bed8 | 0000 0074 | 05be e800 | 0000 488b | 3c30 488d | 7f01 4889 
  0x000001f04a4a2f0c: 3c30 0f84 | 1a00 0000 

  0x000001f04a4a2f14: ;   {metadata(method data for {method} {0x000001f075105f58} 'c' '()Z' in 'com/android/tools/r8/internal/bE')}
  0x000001f04a4a2f14: 48b8 984e | 1275 f001 | 0000 ff80 | f800 0000 | b801 0000 | 00e9 0500 | 0000 b800 | 0000 0083 
  0x000001f04a4a2f34: e001 4883 

  0x000001f04a4a2f38: ;   {poll_return}
  0x000001f04a4a2f38: c420 5d49 | 3b67 280f | 8722 0000 

  0x000001f04a4a2f44: ;   {metadata({method} {0x000001f075105f58} 'c' '()Z' in 'com/android/tools/r8/internal/bE')}
  0x000001f04a4a2f44: 00c3 49ba | 505f 1075 | f001 0000 | 4c89 5424 | 0848 c704 | 24ff ffff 

  0x000001f04a4a2f5c: ;   {runtime_call C1 Runtime counter_overflow_blob}
  0x000001f04a4a2f5c: ffe8 7e40 

  0x000001f04a4a2f60: ; ImmutableOopMap {rdx=Oop }
                      ;*synchronization entry
                      ; - com.android.tools.r8.internal.bE::c@-1
  0x000001f04a4a2f60: da05 e97b 

  0x000001f04a4a2f64: ;   {internal_word}
  0x000001f04a4a2f64: ffff ff49 | ba3b 2f4a | 4af0 0100 | 004d 8997 | e004 0000 

  0x000001f04a4a2f78: ;   {runtime_call SafepointBlob}
  0x000001f04a4a2f78: e9e3 dfcd | 0549 8b87 | 8805 0000 | 49c7 8788 | 0500 0000 | 0000 0049 | c787 9005 | 0000 0000 
  0x000001f04a4a2f98: 0000 4883 

  0x000001f04a4a2f9c: ;   {runtime_call C1 Runtime unwind_exception_blob}
  0x000001f04a4a2f9c: c420 5de9 | 3cdd d905 | f4f4 f4f4 
[Exception Handler]
  0x000001f04a4a2fa8: ;   {runtime_call C1 Runtime handle_exception_from_callee_blob}
  0x000001f04a4a2fa8: e833 0ada 

  0x000001f04a4a2fac: ;   {external_word}
  0x000001f04a4a2fac: 0548 b9b8 | a1ea a5f8 | 7f00 0048 

  0x000001f04a4a2fb8: ;   {runtime_call}
  0x000001f04a4a2fb8: 83e4 f048 | b800 dca9 | a5f8 7f00 | 00ff d0f4 
[Deopt Handler Code]
  0x000001f04a4a2fc8: ;   {section_word}
  0x000001f04a4a2fc8: 49ba c82f | 4a4a f001 | 0000 4152 

  0x000001f04a4a2fd4: ;   {runtime_call DeoptimizationBlob}
  0x000001f04a4a2fd4: e987 e2cd | 05f4 f4f4 | f4f4 f4f4 
[/MachCode]


---------------  P R O C E S S  ---------------

Threads class SMR info:
_java_thread_list=0x000001f06e5b32d0, length=391, elements={
0x000001f045831c80, 0x000001f05cf46c10, 0x000001f05cf4a410, 0x000001f05d7278c0,
0x000001f05d730e10, 0x000001f05cf667c0, 0x000001f05cf66f80, 0x000001f05cf67b40,
0x000001f05d741f10, 0x000001f05d7467c0, 0x000001f062029e70, 0x000001f063ffcd60,
0x000001f06487ebc0, 0x000001f064175460, 0x000001f0648c2c40, 0x000001f0641e31a0,
0x000001f0641b4c30, 0x000001f0641bb1c0, 0x000001f0641b9a50, 0x000001f064f7c490,
0x000001f064f81a80, 0x000001f064f812b0, 0x000001f064d0a330, 0x000001f064d0b2d0,
0x000001f064d0c270, 0x000001f064d0ca40, 0x000001f064d09b60, 0x000001f064d0d9e0,
0x000001f064d0f150, 0x000001f064d0f920, 0x000001f064d0e1b0, 0x000001f065d35620,
0x000001f065d33eb0, 0x000001f065d35df0, 0x000001f065d37d30, 0x000001f065d36d90,
0x000001f065d365c0, 0x000001f065d38500, 0x000001f065d38cd0, 0x000001f065d39c70,
0x000001f065d3a440, 0x000001f065d3b3e0, 0x000001f065f04cc0, 0x000001f065f073d0,
0x000001f065f07ba0, 0x000001f065f05490, 0x000001f065f08b40, 0x000001f065f09ae0,
0x000001f065f06c00, 0x000001f065f0ba20, 0x000001f065f0aa80, 0x000001f0656e0690,
0x000001f065080010, 0x000001f06507c960, 0x000001f067ef43d0, 0x000001f0691d9fa0,
0x000001f0691daf40, 0x000001f067741db0, 0x000001f06773e700, 0x000001f06773eed0,
0x000001f069563fb0, 0x000001f069563010, 0x000001f0695637e0, 0x000001f067b773d0,
0x000001f0675d8220, 0x000001f0675d6ab0, 0x000001f0675d7280, 0x000001f0675d7a50,
0x000001f06e493760, 0x000001f06e492740, 0x000001f0651baf30, 0x000001f0651b9f90,
0x000001f0651bce70, 0x000001f0651bb700, 0x000001f0651bbed0, 0x000001f0651ba760,
0x000001f0651bc6a0, 0x000001f0651bd640, 0x000001f06fa41e50, 0x000001f06fa40eb0,
0x000001f06fa42620, 0x000001f06e4a71d0, 0x000001f06fa41680, 0x000001f06fa44560,
0x000001f06fa42df0, 0x000001f067472790, 0x000001f067472f60, 0x000001f067473730,
0x000001f067470080, 0x000001f067470850, 0x000001f066a197c0, 0x000001f066a168e0,
0x000001f066a17880, 0x000001f06e48eed0, 0x000001f06e4a3960, 0x000001f06e4a81f0,
0x000001f06e4ab250, 0x000001f06747c0b0, 0x000001f06747c880, 0x000001f06747d050,
0x000001f06747d820, 0x000001f06769e7e0, 0x000001f06769d070, 0x000001f06769d840,
0x000001f06769e010, 0x000001f067a62400, 0x000001f067a62bd0, 0x000001f067a61460,
0x000001f067a61c30, 0x000001f06831fb90, 0x000001f068320b30, 0x000001f068320360,
0x000001f068321300, 0x000001f0677c5f00, 0x000001f0677c4790, 0x000001f0677c4f60,
0x000001f0677c7670, 0x000001f0677c5730, 0x000001f0677c66d0, 0x000001f0677c7e40,
0x000001f0677c6ea0, 0x000001f0691dd650, 0x000001f0691dbee0, 0x000001f0691da770,
0x000001f067367da0, 0x000001f067365690, 0x000001f067c87470, 0x000001f067c87c40,
0x000001f0647b50a0, 0x000001f0647b5870, 0x000001f0647b4100, 0x000001f0647b27e0,
0x000001f0647b2fb0, 0x000001f0647b00d0, 0x000001f0647b1070, 0x000001f0647b08a0,
0x000001f0647b1840, 0x000001f0647b2010, 0x000001f0647b3780, 0x000001f0693c9b90,
0x000001f0693ca360, 0x000001f0693cab30, 0x000001f0693cd240, 0x000001f0693cbad0,
0x000001f0693cca70, 0x000001f0693cc2a0, 0x000001f0693cb300, 0x000001f06e254f50,
0x000001f06e257660, 0x000001f06e256e90, 0x000001f06e255720, 0x000001f06e255ef0,
0x000001f06e2566c0, 0x000001f06e253fb0, 0x000001f06e254780, 0x000001f070211000,
0x000001f063ab4ba0, 0x000001f063ab5370, 0x000001f063ab1cc0, 0x000001f063ab2c60,
0x000001f067bf4c10, 0x000001f067bf53e0, 0x000001f06e4c75d0, 0x000001f067bf5bb0,
0x000001f0637559f0, 0x000001f0637561c0, 0x000001f06e4dffa0, 0x000001f06e4e0770,
0x000001f06e4de830, 0x000001f06e4e1710, 0x000001f06363dd60, 0x000001f067a3bac0,
0x000001f067a3c290, 0x000001f067a38be0, 0x000001f06363e530, 0x000001f06363fca0,
0x000001f06363ed00, 0x000001f06363cdc0, 0x000001f06363f4d0, 0x000001f06363d590,
0x000001f070211fa0, 0x000001f07108be60, 0x000001f063754a50, 0x000001f063757160,
0x000001f063756990, 0x000001f063753ab0, 0x000001f063754280, 0x000001f063755220,
0x000001f070f4bd70, 0x000001f070f4f420, 0x000001f070f4c540, 0x000001f070f4cd10,
0x000001f070f4d4e0, 0x000001f070f4e480, 0x000001f070f4dcb0, 0x000001f070f4ec50,
0x000001f06e324910, 0x000001f06e3258b0, 0x000001f066161260, 0x000001f066163970,
0x000001f06540ae70, 0x000001f06540be10, 0x000001f06ebd4760, 0x000001f06ebd4f30,
0x000001f06605fc00, 0x000001f0660603d0, 0x000001f06605d4f0, 0x000001f066060ba0,
0x000001f06605dcc0, 0x000001f06605ec60, 0x000001f06605e490, 0x000001f06605f430,
0x000001f065c20150, 0x000001f065c22860, 0x000001f065c22090, 0x000001f0677f5600,
0x000001f0677f4660, 0x000001f0677f4e30, 0x000001f06fc607d0, 0x000001f06fc60fa0,
0x000001f06fc60000, 0x000001f06fc61770, 0x000001f06fc62ee0, 0x000001f06fc61f40,
0x000001f06fc62710, 0x000001f06fc5f830, 0x000001f06f4604e0, 0x000001f06f462420,
0x000001f06f45fd10, 0x000001f0677444c0, 0x000001f0650168c0, 0x000001f065018800,
0x000001f065018fd0, 0x000001f065018030, 0x000001f0650160f0, 0x000001f065017090,
0x000001f065017860, 0x000001f065015920, 0x000001f06227bf40, 0x000001f06227c710,
0x000001f06227b770, 0x000001f06227a000, 0x000001f062279060, 0x000001f06227a7d0,
0x000001f062279830, 0x000001f064440ca0, 0x000001f06443fd00, 0x000001f064441c40,
0x000001f064442410, 0x000001f064442be0, 0x000001f0644404d0, 0x000001f0644433b0,
0x000001f064441470, 0x000001f06227afa0, 0x000001f0727af8d0, 0x000001f0727b00a0,
0x000001f0727ad1c0, 0x000001f0727af100, 0x000001f0727ad990, 0x000001f0727b0870,
0x000001f0727ae160, 0x000001f06e326080, 0x000001f06e324140, 0x000001f06e3250e0,
0x000001f06e326850, 0x000001f06e3231a0, 0x000001f06e323970, 0x000001f06e8d5820,
0x000001f06e8d5ff0, 0x000001f06e8d5050, 0x000001f06e8d2940, 0x000001f06e8d40b0,
0x000001f06e8d3110, 0x000001f06e8d4880, 0x000001f06e8d38e0, 0x000001f0636163f0,
0x000001f063614c80, 0x000001f063615c20, 0x000001f063617390, 0x000001f063616bc0,
0x000001f063613ce0, 0x000001f063615450, 0x000001f0636144b0, 0x000001f0710e8a00,
0x000001f0710e7290, 0x000001f0710e8230, 0x000001f0710ea170, 0x000001f0710e7a60,
0x000001f0710e91d0, 0x000001f0710e99a0, 0x000001f0710ea940, 0x000001f0638d2d00,
0x000001f0677473a0, 0x000001f0625caac0, 0x000001f0625c9b20, 0x000001f0625c8b80,
0x000001f0625cb290, 0x000001f0625ca2f0, 0x000001f0638600f0, 0x000001f063861860,
0x000001f063862800, 0x000001f0638608c0, 0x000001f063862030, 0x000001f063862fd0,
0x000001f0638637a0, 0x000001f063861090, 0x000001f06670ba70, 0x000001f06670e950,
0x000001f06670e180, 0x000001f06670c240, 0x000001f06670f120, 0x000001f06670ca10,
0x000001f06670d9b0, 0x000001f06670d1e0, 0x000001f0655d71d0, 0x000001f0655d8940,
0x000001f0655d6a00, 0x000001f0655d79a0, 0x000001f0655d8170, 0x000001f0655d5a60,
0x000001f0655d5290, 0x000001f0655d6230, 0x000001f06ef4dbd0, 0x000001f06ef4cc30,
0x000001f05daf66c0, 0x000001f05daf3010, 0x000001f05daf3fb0, 0x000001f0622fa600,
0x000001f0622fbd70, 0x000001f0622fcd10, 0x000001f0622fadd0, 0x000001f0622f9e30,
0x000001f0622fb5a0, 0x000001f0622fc540, 0x000001f0622f9660, 0x000001f0637d08a0,
0x000001f0637d1070, 0x000001f0637d1840, 0x000001f0637d2fb0, 0x000001f0637d2010,
0x000001f0637d27e0, 0x000001f0637d3780, 0x000001f0637d00d0, 0x000001f072763130,
0x000001f0727619c0, 0x000001f07275fa80, 0x000001f072762190, 0x000001f072762960,
0x000001f072760250, 0x000001f072760a20, 0x000001f0727611f0, 0x000001f072766970,
0x000001f072765200, 0x000001f072764a30, 0x000001f072767140, 0x000001f072778a50,
0x000001f072778280, 0x000001f07277a1c0, 0x000001f07277a990, 0x000001f07277b160,
0x000001f072777ab0, 0x000001f072779220, 0x000001f064265c80, 0x000001f0642654b0,
0x000001f064264510, 0x000001f064266450, 0x000001f064266c20, 0x000001f064263570,
0x000001f064263d40, 0x000001f064264ce0, 0x000001f0634583b0, 0x000001f0644bd480,
0x000001f0644bbd10, 0x000001f0644bccb0, 0x000001f0644bc4e0, 0x000001f0732e1850,
0x000001f0732e2fc0, 0x000001f0732e3790, 0x000001f0732e27f0, 0x000001f0732e1080,
0x000001f0732e2020, 0x000001f0732e00e0, 0x000001f0732e08b0, 0x000001f06e35ddd0,
0x000001f06e35e5a0, 0x000001f06e35ed70, 0x000001f07259b570, 0x000001f06360fd40,
0x000001f06eead650, 0x000001f06eeab610, 0x000001f06eeabe20
}

Java Threads: ( => current thread )
  0x000001f045831c80 JavaThread "main"                              [_thread_blocked, id=1008, stack(0x000000cc89600000,0x000000cc89700000) (1024K)]
  0x000001f05cf46c10 JavaThread "Common-Cleaner"             daemon [_thread_blocked, id=5312, stack(0x000000cc89e00000,0x000000cc89f00000) (1024K)]
  0x000001f05cf4a410 JavaThread "Reference Handler"          daemon [_thread_blocked, id=19736, stack(0x000000cc89f00000,0x000000cc8a000000) (1024K)]
  0x000001f05d7278c0 JavaThread "Finalizer"                  daemon [_thread_blocked, id=3356, stack(0x000000cc8a000000,0x000000cc8a100000) (1024K)]
  0x000001f05d730e10 JavaThread "Signal Dispatcher"          daemon [_thread_blocked, id=21936, stack(0x000000cc8a100000,0x000000cc8a200000) (1024K)]
  0x000001f05cf667c0 JavaThread "Attach Listener"            daemon [_thread_blocked, id=3380, stack(0x000000cc8a200000,0x000000cc8a300000) (1024K)]
  0x000001f05cf66f80 JavaThread "Service Thread"             daemon [_thread_blocked, id=1560, stack(0x000000cc8a300000,0x000000cc8a400000) (1024K)]
  0x000001f05cf67b40 JavaThread "Monitor Deflation Thread"   daemon [_thread_blocked, id=15444, stack(0x000000cc8a400000,0x000000cc8a500000) (1024K)]
  0x000001f05d741f10 JavaThread "C2 CompilerThread0"         daemon [_thread_blocked, id=21976, stack(0x000000cc8a500000,0x000000cc8a600000) (1024K)]
  0x000001f05d7467c0 JavaThread "C1 CompilerThread0"         daemon [_thread_blocked, id=16060, stack(0x000000cc8a600000,0x000000cc8a700000) (1024K)]
  0x000001f062029e70 JavaThread "Notification Thread"        daemon [_thread_blocked, id=10828, stack(0x000000cc8a800000,0x000000cc8a900000) (1024K)]
  0x000001f063ffcd60 JavaThread "Daemon health stats"               [_thread_blocked, id=3512, stack(0x000000cc8b400000,0x000000cc8b500000) (1024K)]
  0x000001f06487ebc0 JavaThread "Incoming local TCP Connector on port 58078"        [_thread_in_native, id=5800, stack(0x000000cc8b500000,0x000000cc8b600000) (1024K)]
  0x000001f064175460 JavaThread "Daemon periodic checks"            [_thread_blocked, id=4208, stack(0x000000cc8b600000,0x000000cc8b700000) (1024K)]
  0x000001f0648c2c40 JavaThread "Daemon"                            [_thread_blocked, id=16304, stack(0x000000cc8b700000,0x000000cc8b800000) (1024K)]
  0x000001f0641e31a0 JavaThread "Daemon worker"                     [_thread_blocked, id=4964, stack(0x000000cc8c600000,0x000000cc8c700000) (1024K)]
  0x000001f0641b4c30 JavaThread "Cache worker for journal cache (C:\Users\Intel\.gradle\caches\journal-1)"        [_thread_blocked, id=6856, stack(0x000000cc8ca00000,0x000000cc8cb00000) (1024K)]
  0x000001f0641bb1c0 JavaThread "File lock request listener"        [_thread_in_native, id=13156, stack(0x000000cc8cb00000,0x000000cc8cc00000) (1024K)]
  0x000001f0641b9a50 JavaThread "Cache worker for file hash cache (C:\Users\Intel\.gradle\caches\9.3.0\fileHashes)"        [_thread_blocked, id=5856, stack(0x000000cc8cc00000,0x000000cc8cd00000) (1024K)]
  0x000001f064f7c490 JavaThread "File watcher server"        daemon [_thread_in_native, id=22152, stack(0x000000cc8d900000,0x000000cc8da00000) (1024K)]
  0x000001f064f81a80 JavaThread "File watcher consumer"      daemon [_thread_blocked, id=17740, stack(0x000000cc8da00000,0x000000cc8db00000) (1024K)]
  0x000001f064f812b0 JavaThread "jar transforms"                    [_thread_blocked, id=6432, stack(0x000000cc8db00000,0x000000cc8dc00000) (1024K)]
  0x000001f064d0a330 JavaThread "jar transforms Thread 2"           [_thread_blocked, id=10656, stack(0x000000cc8dc00000,0x000000cc8dd00000) (1024K)]
  0x000001f064d0b2d0 JavaThread "jar transforms Thread 3"           [_thread_blocked, id=11204, stack(0x000000cc8dd00000,0x000000cc8de00000) (1024K)]
  0x000001f064d0c270 JavaThread "jar transforms Thread 4"           [_thread_blocked, id=16792, stack(0x000000cc8de00000,0x000000cc8df00000) (1024K)]
  0x000001f064d0ca40 JavaThread "jar transforms Thread 5"           [_thread_blocked, id=16560, stack(0x000000cc8df00000,0x000000cc8e000000) (1024K)]
  0x000001f064d09b60 JavaThread "jar transforms Thread 6"           [_thread_blocked, id=21808, stack(0x000000cc8e000000,0x000000cc8e100000) (1024K)]
  0x000001f064d0d9e0 JavaThread "jar transforms Thread 7"           [_thread_blocked, id=17084, stack(0x000000cc8e100000,0x000000cc8e200000) (1024K)]
  0x000001f064d0f150 JavaThread "jar transforms Thread 8"           [_thread_blocked, id=5060, stack(0x000000cc8e200000,0x000000cc8e300000) (1024K)]
  0x000001f064d0f920 JavaThread "jar transforms Thread 9"           [_thread_blocked, id=4200, stack(0x000000cc8e300000,0x000000cc8e400000) (1024K)]
  0x000001f064d0e1b0 JavaThread "jar transforms Thread 10"          [_thread_blocked, id=11080, stack(0x000000cc8e400000,0x000000cc8e500000) (1024K)]
  0x000001f065d35620 JavaThread "jar transforms Thread 11"          [_thread_blocked, id=3900, stack(0x000000cc8e500000,0x000000cc8e600000) (1024K)]
  0x000001f065d33eb0 JavaThread "jar transforms Thread 12"          [_thread_blocked, id=7904, stack(0x000000cc8e600000,0x000000cc8e700000) (1024K)]
  0x000001f065d35df0 JavaThread "jar transforms Thread 13"          [_thread_blocked, id=21684, stack(0x000000cc8e700000,0x000000cc8e800000) (1024K)]
  0x000001f065d37d30 JavaThread "jar transforms Thread 14"          [_thread_blocked, id=2712, stack(0x000000cc8e800000,0x000000cc8e900000) (1024K)]
  0x000001f065d36d90 JavaThread "jar transforms Thread 15"          [_thread_blocked, id=18492, stack(0x000000cc8e900000,0x000000cc8ea00000) (1024K)]
  0x000001f065d365c0 JavaThread "jar transforms Thread 16"          [_thread_blocked, id=20756, stack(0x000000cc8ea00000,0x000000cc8eb00000) (1024K)]
  0x000001f065d38500 JavaThread "jar transforms Thread 17"          [_thread_blocked, id=5324, stack(0x000000cc8eb00000,0x000000cc8ec00000) (1024K)]
  0x000001f065d38cd0 JavaThread "jar transforms Thread 18"          [_thread_blocked, id=11704, stack(0x000000cc8ec00000,0x000000cc8ed00000) (1024K)]
  0x000001f065d39c70 JavaThread "jar transforms Thread 19"          [_thread_blocked, id=9852, stack(0x000000cc8ed00000,0x000000cc8ee00000) (1024K)]
  0x000001f065d3a440 JavaThread "jar transforms Thread 20"          [_thread_blocked, id=10348, stack(0x000000cc8ee00000,0x000000cc8ef00000) (1024K)]
  0x000001f065d3b3e0 JavaThread "jar transforms Thread 21"          [_thread_blocked, id=20860, stack(0x000000cc8ef00000,0x000000cc8f000000) (1024K)]
  0x000001f065f04cc0 JavaThread "jar transforms Thread 22"          [_thread_blocked, id=17668, stack(0x000000cc8f000000,0x000000cc8f100000) (1024K)]
  0x000001f065f073d0 JavaThread "jar transforms Thread 23"          [_thread_blocked, id=16868, stack(0x000000cc8f100000,0x000000cc8f200000) (1024K)]
  0x000001f065f07ba0 JavaThread "jar transforms Thread 24"          [_thread_blocked, id=5472, stack(0x000000cc8f200000,0x000000cc8f300000) (1024K)]
  0x000001f065f05490 JavaThread "jar transforms Thread 25"          [_thread_blocked, id=21224, stack(0x000000cc8f300000,0x000000cc8f400000) (1024K)]
  0x000001f065f08b40 JavaThread "jar transforms Thread 26"          [_thread_blocked, id=6912, stack(0x000000cc8f400000,0x000000cc8f500000) (1024K)]
  0x000001f065f09ae0 JavaThread "jar transforms Thread 27"          [_thread_blocked, id=19360, stack(0x000000cc8f500000,0x000000cc8f600000) (1024K)]
  0x000001f065f06c00 JavaThread "jar transforms Thread 28"          [_thread_blocked, id=20948, stack(0x000000cc8f600000,0x000000cc8f700000) (1024K)]
  0x000001f065f0ba20 JavaThread "jar transforms Thread 29"          [_thread_blocked, id=19712, stack(0x000000cc8f700000,0x000000cc8f800000) (1024K)]
  0x000001f065f0aa80 JavaThread "jar transforms Thread 30"          [_thread_blocked, id=21256, stack(0x000000cc8f800000,0x000000cc8f900000) (1024K)]
  0x000001f0656e0690 JavaThread "Cache worker for file content cache (C:\Users\Intel\.gradle\caches\9.3.0\fileContent)"        [_thread_blocked, id=12292, stack(0x000000cc8fa00000,0x000000cc8fb00000) (1024K)]
  0x000001f065080010 JavaThread "jar transforms Thread 31"          [_thread_blocked, id=19964, stack(0x000000cc8fd00000,0x000000cc8fe00000) (1024K)]
  0x000001f06507c960 JavaThread "jar transforms Thread 32"          [_thread_blocked, id=21196, stack(0x000000cc8fe00000,0x000000cc8ff00000) (1024K)]
  0x000001f067ef43d0 JavaThread "Memory manager"                    [_thread_blocked, id=16796, stack(0x000000cc97d00000,0x000000cc97e00000) (1024K)]
  0x000001f0691d9fa0 JavaThread "pool-3-thread-1"                   [_thread_blocked, id=1984, stack(0x000000cc97f00000,0x000000cc98000000) (1024K)]
  0x000001f0691daf40 JavaThread "included builds"                   [_thread_blocked, id=1068, stack(0x000000cc98000000,0x000000cc98100000) (1024K)]
  0x000001f067741db0 JavaThread "VFS cleanup"                       [_thread_blocked, id=16124, stack(0x000000cc8c700000,0x000000cc8c800000) (1024K)]
  0x000001f06773e700 JavaThread "Handler for socket connection from /127.0.0.1:58078 to /127.0.0.1:58092"        [_thread_in_native, id=21608, stack(0x000000cc8a700000,0x000000cc8a800000) (1024K)]
  0x000001f06773eed0 JavaThread "Cancel handler"                    [_thread_blocked, id=22076, stack(0x000000cc8a900000,0x000000cc8aa00000) (1024K)]
  0x000001f069563fb0 JavaThread "Asynchronous log dispatcher for DefaultDaemonConnection: socket connection from /127.0.0.1:58078 to /127.0.0.1:58092"        [_thread_blocked, id=10000, stack(0x000000cc8aa00000,0x000000cc8ab00000) (1024K)]
  0x000001f069563010 JavaThread "Stdin handler"                     [_thread_blocked, id=21204, stack(0x000000cc8ab00000,0x000000cc8ac00000) (1024K)]
  0x000001f0695637e0 JavaThread "Daemon client event forwarder"        [_thread_blocked, id=10612, stack(0x000000cc8b100000,0x000000cc8b200000) (1024K)]
  0x000001f067b773d0 JavaThread "Cache worker for file hash cache (C:\Users\Intel\Downloads\CRIAndroidSimple\.gradle\9.3.0\fileHashes)"        [_thread_blocked, id=14396, stack(0x000000cc8b200000,0x000000cc8b300000) (1024K)]
  0x000001f0675d8220 JavaThread "Cache worker for Build Output Cleanup Cache (C:\Users\Intel\Downloads\CRIAndroidSimple\.gradle\buildOutputCleanup)"        [_thread_blocked, id=19472, stack(0x000000cc8b300000,0x000000cc8b400000) (1024K)]
  0x000001f0675d6ab0 JavaThread "Cache worker for checksums cache (C:\Users\Intel\Downloads\CRIAndroidSimple\.gradle\9.3.0\checksums)"        [_thread_blocked, id=16092, stack(0x000000cc8b800000,0x000000cc8b900000) (1024K)]
  0x000001f0675d7280 JavaThread "Cache worker for cache directory md-supplier (C:\Users\Intel\.gradle\caches\9.3.0\md-supplier)"        [_thread_blocked, id=15924, stack(0x000000cc8c500000,0x000000cc8c600000) (1024K)]
  0x000001f0675d7a50 JavaThread "Cache worker for cache directory md-rule (C:\Users\Intel\.gradle\caches\9.3.0\md-rule)"        [_thread_blocked, id=21028, stack(0x000000cc8c800000,0x000000cc8c900000) (1024K)]
  0x000001f06e493760 JavaThread "C2 CompilerThread1"         daemon [_thread_blocked, id=15068, stack(0x000000cc8c900000,0x000000cc8ca00000) (1024K)]
  0x000001f06e492740 JavaThread "C1 CompilerThread1"         daemon [_thread_blocked, id=16192, stack(0x000000cc8d700000,0x000000cc8d800000) (1024K)]
  0x000001f0651baf30 JavaThread "Unconstrained build operations"        [_thread_blocked, id=22448, stack(0x000000cc8d800000,0x000000cc8d900000) (1024K)]
  0x000001f0651b9f90 JavaThread "Unconstrained build operations Thread 2"        [_thread_blocked, id=19480, stack(0x000000cc8f900000,0x000000cc8fa00000) (1024K)]
  0x000001f0651bce70 JavaThread "Unconstrained build operations Thread 3"        [_thread_blocked, id=5752, stack(0x000000cc8fb00000,0x000000cc8fc00000) (1024K)]
  0x000001f0651bb700 JavaThread "Unconstrained build operations Thread 4"        [_thread_blocked, id=14852, stack(0x000000cc8fc00000,0x000000cc8fd00000) (1024K)]
  0x000001f0651bbed0 JavaThread "Unconstrained build operations Thread 5"        [_thread_blocked, id=22196, stack(0x000000cc8ff00000,0x000000cc90000000) (1024K)]
  0x000001f0651ba760 JavaThread "Unconstrained build operations Thread 6"        [_thread_blocked, id=14224, stack(0x000000cc90000000,0x000000cc90100000) (1024K)]
  0x000001f0651bc6a0 JavaThread "Unconstrained build operations Thread 7"        [_thread_blocked, id=8116, stack(0x000000cc90100000,0x000000cc90200000) (1024K)]
  0x000001f0651bd640 JavaThread "Unconstrained build operations Thread 8"        [_thread_blocked, id=12444, stack(0x000000cc90200000,0x000000cc90300000) (1024K)]
  0x000001f06fa41e50 JavaThread "Unconstrained build operations Thread 9"        [_thread_blocked, id=1088, stack(0x000000cc90300000,0x000000cc90400000) (1024K)]
  0x000001f06fa40eb0 JavaThread "Unconstrained build operations Thread 10"        [_thread_blocked, id=9436, stack(0x000000cc90400000,0x000000cc90500000) (1024K)]
  0x000001f06fa42620 JavaThread "Unconstrained build operations Thread 11"        [_thread_blocked, id=21016, stack(0x000000cc90500000,0x000000cc90600000) (1024K)]
  0x000001f06e4a71d0 JavaThread "C2 CompilerThread2"         daemon [_thread_in_native, id=21284, stack(0x000000cc90600000,0x000000cc90700000) (1024K)]
  0x000001f06fa41680 JavaThread "Unconstrained build operations Thread 12"        [_thread_blocked, id=22148, stack(0x000000cc90700000,0x000000cc90800000) (1024K)]
  0x000001f06fa44560 JavaThread "Unconstrained build operations Thread 13"        [_thread_blocked, id=21596, stack(0x000000cc90800000,0x000000cc90900000) (1024K)]
  0x000001f06fa42df0 JavaThread "Unconstrained build operations Thread 14"        [_thread_blocked, id=21152, stack(0x000000cc90900000,0x000000cc90a00000) (1024K)]
  0x000001f067472790 JavaThread "Unconstrained build operations Thread 15"        [_thread_blocked, id=5080, stack(0x000000cc90a00000,0x000000cc90b00000) (1024K)]
  0x000001f067472f60 JavaThread "Unconstrained build operations Thread 16"        [_thread_blocked, id=19188, stack(0x000000cc90b00000,0x000000cc90c00000) (1024K)]
  0x000001f067473730 JavaThread "Unconstrained build operations Thread 17"        [_thread_blocked, id=3296, stack(0x000000cc90c00000,0x000000cc90d00000) (1024K)]
  0x000001f067470080 JavaThread "Unconstrained build operations Thread 18"        [_thread_blocked, id=8612, stack(0x000000cc90d00000,0x000000cc90e00000) (1024K)]
  0x000001f067470850 JavaThread "Unconstrained build operations Thread 19"        [_thread_blocked, id=15624, stack(0x000000cc90e00000,0x000000cc90f00000) (1024K)]
  0x000001f066a197c0 JavaThread "Unconstrained build operations Thread 20"        [_thread_blocked, id=12872, stack(0x000000cc90f00000,0x000000cc91000000) (1024K)]
  0x000001f066a168e0 JavaThread "Unconstrained build operations Thread 21"        [_thread_blocked, id=15372, stack(0x000000cc91000000,0x000000cc91100000) (1024K)]
  0x000001f066a17880 JavaThread "Unconstrained build operations Thread 22"        [_thread_blocked, id=15620, stack(0x000000cc91100000,0x000000cc91200000) (1024K)]
  0x000001f06e48eed0 JavaThread "C2 CompilerThread3"         daemon [_thread_blocked, id=18808, stack(0x000000cc91200000,0x000000cc91300000) (1024K)]
  0x000001f06e4a3960 JavaThread "C1 CompilerThread2"         daemon [_thread_blocked, id=15668, stack(0x000000cc91300000,0x000000cc91400000) (1024K)]
  0x000001f06e4a81f0 JavaThread "C1 CompilerThread3"         daemon [_thread_blocked, id=15744, stack(0x000000cc91400000,0x000000cc91500000) (1024K)]
  0x000001f06e4ab250 JavaThread "C1 CompilerThread4"         daemon [_thread_blocked, id=22216, stack(0x000000cc91500000,0x000000cc91600000) (1024K)]
  0x000001f06747c0b0 JavaThread "Unconstrained build operations Thread 23"        [_thread_blocked, id=9232, stack(0x000000cc91600000,0x000000cc91700000) (1024K)]
  0x000001f06747c880 JavaThread "Unconstrained build operations Thread 24"        [_thread_blocked, id=17792, stack(0x000000cc91700000,0x000000cc91800000) (1024K)]
  0x000001f06747d050 JavaThread "Unconstrained build operations Thread 25"        [_thread_blocked, id=9280, stack(0x000000cc91800000,0x000000cc91900000) (1024K)]
  0x000001f06747d820 JavaThread "Unconstrained build operations Thread 26"        [_thread_blocked, id=21012, stack(0x000000cc91900000,0x000000cc91a00000) (1024K)]
  0x000001f06769e7e0 JavaThread "Unconstrained build operations Thread 27"        [_thread_blocked, id=18180, stack(0x000000cc91a00000,0x000000cc91b00000) (1024K)]
  0x000001f06769d070 JavaThread "Unconstrained build operations Thread 28"        [_thread_blocked, id=2268, stack(0x000000cc91b00000,0x000000cc91c00000) (1024K)]
  0x000001f06769d840 JavaThread "Unconstrained build operations Thread 29"        [_thread_blocked, id=16860, stack(0x000000cc91c00000,0x000000cc91d00000) (1024K)]
  0x000001f06769e010 JavaThread "Unconstrained build operations Thread 30"        [_thread_blocked, id=9220, stack(0x000000cc91d00000,0x000000cc91e00000) (1024K)]
  0x000001f067a62400 JavaThread "Unconstrained build operations Thread 31"        [_thread_blocked, id=17796, stack(0x000000cc91e00000,0x000000cc91f00000) (1024K)]
  0x000001f067a62bd0 JavaThread "Unconstrained build operations Thread 32"        [_thread_blocked, id=19808, stack(0x000000cc91f00000,0x000000cc92000000) (1024K)]
  0x000001f067a61460 JavaThread "Unconstrained build operations Thread 33"        [_thread_blocked, id=16076, stack(0x000000cc92000000,0x000000cc92100000) (1024K)]
  0x000001f067a61c30 JavaThread "Unconstrained build operations Thread 34"        [_thread_blocked, id=16452, stack(0x000000cc92100000,0x000000cc92200000) (1024K)]
  0x000001f06831fb90 JavaThread "Unconstrained build operations Thread 35"        [_thread_blocked, id=8784, stack(0x000000cc92200000,0x000000cc92300000) (1024K)]
  0x000001f068320b30 JavaThread "Unconstrained build operations Thread 36"        [_thread_blocked, id=16052, stack(0x000000cc92300000,0x000000cc92400000) (1024K)]
  0x000001f068320360 JavaThread "Unconstrained build operations Thread 37"        [_thread_blocked, id=21148, stack(0x000000cc92400000,0x000000cc92500000) (1024K)]
  0x000001f068321300 JavaThread "Unconstrained build operations Thread 38"        [_thread_blocked, id=14696, stack(0x000000cc92500000,0x000000cc92600000) (1024K)]
  0x000001f0677c5f00 JavaThread "Unconstrained build operations Thread 39"        [_thread_blocked, id=15208, stack(0x000000cc92600000,0x000000cc92700000) (1024K)]
  0x000001f0677c4790 JavaThread "Unconstrained build operations Thread 40"        [_thread_blocked, id=8588, stack(0x000000cc92700000,0x000000cc92800000) (1024K)]
  0x000001f0677c4f60 JavaThread "Unconstrained build operations Thread 41"        [_thread_blocked, id=17988, stack(0x000000cc92800000,0x000000cc92900000) (1024K)]
  0x000001f0677c7670 JavaThread "Unconstrained build operations Thread 42"        [_thread_blocked, id=15120, stack(0x000000cc92900000,0x000000cc92a00000) (1024K)]
  0x000001f0677c5730 JavaThread "Unconstrained build operations Thread 43"        [_thread_blocked, id=18616, stack(0x000000cc92a00000,0x000000cc92b00000) (1024K)]
  0x000001f0677c66d0 JavaThread "Unconstrained build operations Thread 44"        [_thread_blocked, id=17940, stack(0x000000cc92b00000,0x000000cc92c00000) (1024K)]
  0x000001f0677c7e40 JavaThread "Unconstrained build operations Thread 45"        [_thread_blocked, id=9412, stack(0x000000cc92c00000,0x000000cc92d00000) (1024K)]
  0x000001f0677c6ea0 JavaThread "Unconstrained build operations Thread 46"        [_thread_blocked, id=19776, stack(0x000000cc92d00000,0x000000cc92e00000) (1024K)]
  0x000001f0691dd650 JavaThread "Unconstrained build operations Thread 47"        [_thread_blocked, id=14500, stack(0x000000cc92e00000,0x000000cc92f00000) (1024K)]
  0x000001f0691dbee0 JavaThread "Unconstrained build operations Thread 48"        [_thread_blocked, id=17600, stack(0x000000cc92f00000,0x000000cc93000000) (1024K)]
  0x000001f0691da770 JavaThread "Unconstrained build operations Thread 49"        [_thread_blocked, id=20420, stack(0x000000cc93000000,0x000000cc93100000) (1024K)]
  0x000001f067367da0 JavaThread "Unconstrained build operations Thread 50"        [_thread_blocked, id=15432, stack(0x000000cc93100000,0x000000cc93200000) (1024K)]
  0x000001f067365690 JavaThread "Unconstrained build operations Thread 51"        [_thread_blocked, id=7540, stack(0x000000cc93200000,0x000000cc93300000) (1024K)]
  0x000001f067c87470 JavaThread "Unconstrained build operations Thread 52"        [_thread_blocked, id=15168, stack(0x000000cc93300000,0x000000cc93400000) (1024K)]
  0x000001f067c87c40 JavaThread "Unconstrained build operations Thread 53"        [_thread_blocked, id=4940, stack(0x000000cc93400000,0x000000cc93500000) (1024K)]
  0x000001f0647b50a0 JavaThread "Unconstrained build operations Thread 54"        [_thread_blocked, id=7564, stack(0x000000cc93500000,0x000000cc93600000) (1024K)]
  0x000001f0647b5870 JavaThread "Unconstrained build operations Thread 55"        [_thread_blocked, id=21576, stack(0x000000cc93600000,0x000000cc93700000) (1024K)]
  0x000001f0647b4100 JavaThread "Unconstrained build operations Thread 56"        [_thread_blocked, id=3888, stack(0x000000cc93700000,0x000000cc93800000) (1024K)]
  0x000001f0647b27e0 JavaThread "Unconstrained build operations Thread 57"        [_thread_blocked, id=7952, stack(0x000000cc93800000,0x000000cc93900000) (1024K)]
  0x000001f0647b2fb0 JavaThread "Unconstrained build operations Thread 58"        [_thread_blocked, id=22508, stack(0x000000cc93900000,0x000000cc93a00000) (1024K)]
  0x000001f0647b00d0 JavaThread "Unconstrained build operations Thread 59"        [_thread_blocked, id=13832, stack(0x000000cc93a00000,0x000000cc93b00000) (1024K)]
  0x000001f0647b1070 JavaThread "Unconstrained build operations Thread 60"        [_thread_blocked, id=12412, stack(0x000000cc93b00000,0x000000cc93c00000) (1024K)]
  0x000001f0647b08a0 JavaThread "Unconstrained build operations Thread 61"        [_thread_blocked, id=20840, stack(0x000000cc93c00000,0x000000cc93d00000) (1024K)]
  0x000001f0647b1840 JavaThread "Unconstrained build operations Thread 62"        [_thread_blocked, id=21476, stack(0x000000cc93d00000,0x000000cc93e00000) (1024K)]
  0x000001f0647b2010 JavaThread "Unconstrained build operations Thread 63"        [_thread_blocked, id=17172, stack(0x000000cc93e00000,0x000000cc93f00000) (1024K)]
  0x000001f0647b3780 JavaThread "Unconstrained build operations Thread 64"        [_thread_blocked, id=3612, stack(0x000000cc93f00000,0x000000cc94000000) (1024K)]
  0x000001f0693c9b90 JavaThread "Unconstrained build operations Thread 65"        [_thread_blocked, id=10680, stack(0x000000cc94000000,0x000000cc94100000) (1024K)]
  0x000001f0693ca360 JavaThread "Unconstrained build operations Thread 66"        [_thread_blocked, id=15400, stack(0x000000cc94100000,0x000000cc94200000) (1024K)]
  0x000001f0693cab30 JavaThread "Unconstrained build operations Thread 67"        [_thread_blocked, id=15776, stack(0x000000cc94200000,0x000000cc94300000) (1024K)]
  0x000001f0693cd240 JavaThread "Unconstrained build operations Thread 68"        [_thread_blocked, id=20996, stack(0x000000cc94300000,0x000000cc94400000) (1024K)]
  0x000001f0693cbad0 JavaThread "Unconstrained build operations Thread 69"        [_thread_blocked, id=12296, stack(0x000000cc94400000,0x000000cc94500000) (1024K)]
  0x000001f0693cca70 JavaThread "Unconstrained build operations Thread 70"        [_thread_blocked, id=20952, stack(0x000000cc94500000,0x000000cc94600000) (1024K)]
  0x000001f0693cc2a0 JavaThread "Unconstrained build operations Thread 71"        [_thread_blocked, id=11076, stack(0x000000cc94600000,0x000000cc94700000) (1024K)]
  0x000001f0693cb300 JavaThread "Unconstrained build operations Thread 72"        [_thread_blocked, id=20428, stack(0x000000cc94700000,0x000000cc94800000) (1024K)]
  0x000001f06e254f50 JavaThread "Unconstrained build operations Thread 73"        [_thread_blocked, id=18376, stack(0x000000cc94800000,0x000000cc94900000) (1024K)]
  0x000001f06e257660 JavaThread "Unconstrained build operations Thread 74"        [_thread_blocked, id=11876, stack(0x000000cc94900000,0x000000cc94a00000) (1024K)]
  0x000001f06e256e90 JavaThread "Unconstrained build operations Thread 75"        [_thread_blocked, id=22016, stack(0x000000cc94a00000,0x000000cc94b00000) (1024K)]
  0x000001f06e255720 JavaThread "Unconstrained build operations Thread 76"        [_thread_blocked, id=19128, stack(0x000000cc94b00000,0x000000cc94c00000) (1024K)]
  0x000001f06e255ef0 JavaThread "Unconstrained build operations Thread 77"        [_thread_blocked, id=12848, stack(0x000000cc94c00000,0x000000cc94d00000) (1024K)]
  0x000001f06e2566c0 JavaThread "Unconstrained build operations Thread 78"        [_thread_blocked, id=18696, stack(0x000000cc94d00000,0x000000cc94e00000) (1024K)]
  0x000001f06e253fb0 JavaThread "Unconstrained build operations Thread 79"        [_thread_blocked, id=12788, stack(0x000000cc94e00000,0x000000cc94f00000) (1024K)]
  0x000001f06e254780 JavaThread "Unconstrained build operations Thread 80"        [_thread_blocked, id=18368, stack(0x000000cc94f00000,0x000000cc95000000) (1024K)]
  0x000001f070211000 JavaThread "Unconstrained build operations Thread 81"        [_thread_blocked, id=13952, stack(0x000000cc95000000,0x000000cc95100000) (1024K)]
  0x000001f063ab4ba0 JavaThread "Unconstrained build operations Thread 82"        [_thread_blocked, id=11180, stack(0x000000cc95100000,0x000000cc95200000) (1024K)]
  0x000001f063ab5370 JavaThread "Unconstrained build operations Thread 83"        [_thread_blocked, id=17596, stack(0x000000cc95200000,0x000000cc95300000) (1024K)]
  0x000001f063ab1cc0 JavaThread "Unconstrained build operations Thread 84"        [_thread_blocked, id=19152, stack(0x000000cc95300000,0x000000cc95400000) (1024K)]
  0x000001f063ab2c60 JavaThread "Problems report writer"            [_thread_blocked, id=12976, stack(0x000000cc95400000,0x000000cc95500000) (1024K)]
  0x000001f067bf4c10 JavaThread "build event listener"              [_thread_blocked, id=15756, stack(0x000000cc95500000,0x000000cc95600000) (1024K)]
  0x000001f067bf53e0 JavaThread "build event listener"              [_thread_blocked, id=22044, stack(0x000000cc95600000,0x000000cc95700000) (1024K)]
  0x000001f06e4c75d0 JavaThread "C2 CompilerThread4"         daemon [_thread_blocked, id=10144, stack(0x000000cc95700000,0x000000cc95800000) (1024K)]
  0x000001f067bf5bb0 JavaThread "pool-6-thread-1"                   [_thread_blocked, id=6032, stack(0x000000cc95800000,0x000000cc95900000) (1024K)]
  0x000001f0637559f0 JavaThread "build event listener"              [_thread_blocked, id=11960, stack(0x000000cc95900000,0x000000cc95a00000) (1024K)]
  0x000001f0637561c0 JavaThread "included builds"                   [_thread_blocked, id=4572, stack(0x000000cc95a00000,0x000000cc95b00000) (1024K)]
  0x000001f06e4dffa0 JavaThread "Execution worker"                  [_thread_blocked, id=13020, stack(0x000000cc95b00000,0x000000cc95c00000) (1024K)]
  0x000001f06e4e0770 JavaThread "Execution worker Thread 2"         [_thread_blocked, id=22180, stack(0x000000cc95c00000,0x000000cc95d00000) (1024K)]
  0x000001f06e4de830 JavaThread "Execution worker Thread 3"         [_thread_blocked, id=20784, stack(0x000000cc95d00000,0x000000cc95e00000) (1024K)]
  0x000001f06e4e1710 JavaThread "Execution worker Thread 4"         [_thread_blocked, id=21524, stack(0x000000cc95e00000,0x000000cc95f00000) (1024K)]
  0x000001f06363dd60 JavaThread "Execution worker Thread 5"         [_thread_blocked, id=21288, stack(0x000000cc95f00000,0x000000cc96000000) (1024K)]
  0x000001f067a3bac0 JavaThread "Execution worker Thread 6"         [_thread_blocked, id=20796, stack(0x000000cc96000000,0x000000cc96100000) (1024K)]
  0x000001f067a3c290 JavaThread "Execution worker Thread 7"         [_thread_blocked, id=5044, stack(0x000000cc96100000,0x000000cc96200000) (1024K)]
  0x000001f067a38be0 JavaThread "Execution worker Thread 8"         [_thread_blocked, id=13948, stack(0x000000cc96200000,0x000000cc96300000) (1024K)]
  0x000001f06363e530 JavaThread "Execution worker Thread 9"         [_thread_blocked, id=11644, stack(0x000000cc96300000,0x000000cc96400000) (1024K)]
  0x000001f06363fca0 JavaThread "Execution worker Thread 10"        [_thread_blocked, id=17152, stack(0x000000cc96400000,0x000000cc96500000) (1024K)]
  0x000001f06363ed00 JavaThread "Execution worker Thread 11"        [_thread_blocked, id=11192, stack(0x000000cc96500000,0x000000cc96600000) (1024K)]
  0x000001f06363cdc0 JavaThread "Execution worker Thread 12"        [_thread_blocked, id=16752, stack(0x000000cc96600000,0x000000cc96700000) (1024K)]
  0x000001f06363f4d0 JavaThread "Execution worker Thread 13"        [_thread_blocked, id=21464, stack(0x000000cc96700000,0x000000cc96800000) (1024K)]
  0x000001f06363d590 JavaThread "Execution worker Thread 14"        [_thread_blocked, id=15736, stack(0x000000cc96800000,0x000000cc96900000) (1024K)]
  0x000001f070211fa0 JavaThread "Cache worker for execution history cache (C:\Users\Intel\Downloads\CRIAndroidSimple\.gradle\9.3.0\executionHistory)"        [_thread_blocked, id=22164, stack(0x000000cc96900000,0x000000cc96a00000) (1024K)]
  0x000001f07108be60 JavaThread "Execution worker Thread 15"        [_thread_blocked, id=13376, stack(0x000000cc96a00000,0x000000cc96b00000) (1024K)]
  0x000001f063754a50 JavaThread "Execution worker Thread 16"        [_thread_blocked, id=13560, stack(0x000000cc96b00000,0x000000cc96c00000) (1024K)]
  0x000001f063757160 JavaThread "Execution worker Thread 17"        [_thread_blocked, id=6456, stack(0x000000cc96c00000,0x000000cc96d00000) (1024K)]
  0x000001f063756990 JavaThread "Execution worker Thread 18"        [_thread_blocked, id=21092, stack(0x000000cc96d00000,0x000000cc96e00000) (1024K)]
  0x000001f063753ab0 JavaThread "Execution worker Thread 19"        [_thread_blocked, id=3384, stack(0x000000cc96e00000,0x000000cc96f00000) (1024K)]
  0x000001f063754280 JavaThread "Execution worker Thread 20"        [_thread_blocked, id=9992, stack(0x000000cc96f00000,0x000000cc97000000) (1024K)]
  0x000001f063755220 JavaThread "Execution worker Thread 21"        [_thread_blocked, id=3172, stack(0x000000cc97000000,0x000000cc97100000) (1024K)]
  0x000001f070f4bd70 JavaThread "Execution worker Thread 22"        [_thread_blocked, id=21668, stack(0x000000cc97100000,0x000000cc97200000) (1024K)]
  0x000001f070f4f420 JavaThread "Execution worker Thread 23"        [_thread_blocked, id=21324, stack(0x000000cc97200000,0x000000cc97300000) (1024K)]
  0x000001f070f4c540 JavaThread "Execution worker Thread 24"        [_thread_blocked, id=16608, stack(0x000000cc97300000,0x000000cc97400000) (1024K)]
  0x000001f070f4cd10 JavaThread "Execution worker Thread 25"        [_thread_blocked, id=20800, stack(0x000000cc97400000,0x000000cc97500000) (1024K)]
  0x000001f070f4d4e0 JavaThread "Execution worker Thread 26"        [_thread_blocked, id=15180, stack(0x000000cc97500000,0x000000cc97600000) (1024K)]
  0x000001f070f4e480 JavaThread "Execution worker Thread 27"        [_thread_blocked, id=12320, stack(0x000000cc97600000,0x000000cc97700000) (1024K)]
  0x000001f070f4dcb0 JavaThread "Execution worker Thread 28"        [_thread_blocked, id=18924, stack(0x000000cc97700000,0x000000cc97800000) (1024K)]
  0x000001f070f4ec50 JavaThread "Execution worker Thread 29"        [_thread_blocked, id=21928, stack(0x000000cc97800000,0x000000cc97900000) (1024K)]
  0x000001f06e324910 JavaThread "Execution worker Thread 30"        [_thread_blocked, id=1340, stack(0x000000cc97900000,0x000000cc97a00000) (1024K)]
  0x000001f06e3258b0 JavaThread "Execution worker Thread 31"        [_thread_blocked, id=12776, stack(0x000000cc97a00000,0x000000cc97b00000) (1024K)]
  0x000001f066161260 JavaThread "Unconstrained build operations Thread 85"        [_thread_blocked, id=11484, stack(0x000000cc97b00000,0x000000cc97c00000) (1024K)]
  0x000001f066163970 JavaThread "Unconstrained build operations Thread 86"        [_thread_blocked, id=4632, stack(0x000000cc97c00000,0x000000cc97d00000) (1024K)]
  0x000001f06540ae70 JavaThread "Unconstrained build operations Thread 87"        [_thread_blocked, id=15456, stack(0x000000cc97e00000,0x000000cc97f00000) (1024K)]
  0x000001f06540be10 JavaThread "Unconstrained build operations Thread 88"        [_thread_blocked, id=15816, stack(0x000000cc98100000,0x000000cc98200000) (1024K)]
  0x000001f06ebd4760 JavaThread "Unconstrained build operations Thread 89"        [_thread_blocked, id=13416, stack(0x000000cc98200000,0x000000cc98300000) (1024K)]
  0x000001f06ebd4f30 JavaThread "Unconstrained build operations Thread 90"        [_thread_blocked, id=11332, stack(0x000000cc98300000,0x000000cc98400000) (1024K)]
  0x000001f06605fc00 JavaThread "Unconstrained build operations Thread 91"        [_thread_blocked, id=16904, stack(0x000000cc98400000,0x000000cc98500000) (1024K)]
  0x000001f0660603d0 JavaThread "Unconstrained build operations Thread 92"        [_thread_blocked, id=9844, stack(0x000000cc98500000,0x000000cc98600000) (1024K)]
  0x000001f06605d4f0 JavaThread "Unconstrained build operations Thread 93"        [_thread_blocked, id=11228, stack(0x000000cc98600000,0x000000cc98700000) (1024K)]
  0x000001f066060ba0 JavaThread "Unconstrained build operations Thread 94"        [_thread_blocked, id=13424, stack(0x000000cc98700000,0x000000cc98800000) (1024K)]
  0x000001f06605dcc0 JavaThread "Unconstrained build operations Thread 95"        [_thread_blocked, id=20888, stack(0x000000cc98800000,0x000000cc98900000) (1024K)]
  0x000001f06605ec60 JavaThread "Unconstrained build operations Thread 96"        [_thread_blocked, id=12940, stack(0x000000cc98900000,0x000000cc98a00000) (1024K)]
  0x000001f06605e490 JavaThread "Unconstrained build operations Thread 97"        [_thread_blocked, id=20780, stack(0x000000cc98a00000,0x000000cc98b00000) (1024K)]
  0x000001f06605f430 JavaThread "Unconstrained build operations Thread 98"        [_thread_blocked, id=5092, stack(0x000000cc98b00000,0x000000cc98c00000) (1024K)]
  0x000001f065c20150 JavaThread "Unconstrained build operations Thread 99"        [_thread_blocked, id=11844, stack(0x000000cc98c00000,0x000000cc98d00000) (1024K)]
  0x000001f065c22860 JavaThread "Unconstrained build operations Thread 100"        [_thread_blocked, id=14444, stack(0x000000cc98d00000,0x000000cc98e00000) (1024K)]
  0x000001f065c22090 JavaThread "Unconstrained build operations Thread 101"        [_thread_blocked, id=3628, stack(0x000000cc98e00000,0x000000cc98f00000) (1024K)]
  0x000001f0677f5600 JavaThread "Unconstrained build operations Thread 102"        [_thread_blocked, id=8272, stack(0x000000cc98f00000,0x000000cc99000000) (1024K)]
  0x000001f0677f4660 JavaThread "Unconstrained build operations Thread 103"        [_thread_blocked, id=14232, stack(0x000000cc99000000,0x000000cc99100000) (1024K)]
  0x000001f0677f4e30 JavaThread "Unconstrained build operations Thread 104"        [_thread_blocked, id=2404, stack(0x000000cc99100000,0x000000cc99200000) (1024K)]
  0x000001f06fc607d0 JavaThread "Unconstrained build operations Thread 105"        [_thread_blocked, id=6452, stack(0x000000cc99400000,0x000000cc99500000) (1024K)]
  0x000001f06fc60fa0 JavaThread "Unconstrained build operations Thread 106"        [_thread_blocked, id=17944, stack(0x000000cc99500000,0x000000cc99600000) (1024K)]
  0x000001f06fc60000 JavaThread "Unconstrained build operations Thread 107"        [_thread_blocked, id=15628, stack(0x000000cc99600000,0x000000cc99700000) (1024K)]
  0x000001f06fc61770 JavaThread "Unconstrained build operations Thread 108"        [_thread_blocked, id=21068, stack(0x000000cc99700000,0x000000cc99800000) (1024K)]
  0x000001f06fc62ee0 JavaThread "Unconstrained build operations Thread 109"        [_thread_blocked, id=15216, stack(0x000000cc99800000,0x000000cc99900000) (1024K)]
  0x000001f06fc61f40 JavaThread "Unconstrained build operations Thread 110"        [_thread_blocked, id=20060, stack(0x000000cc99900000,0x000000cc99a00000) (1024K)]
  0x000001f06fc62710 JavaThread "Unconstrained build operations Thread 111"        [_thread_blocked, id=9168, stack(0x000000cc99a00000,0x000000cc99b00000) (1024K)]
  0x000001f06fc5f830 JavaThread "Unconstrained build operations Thread 112"        [_thread_blocked, id=8052, stack(0x000000cc99b00000,0x000000cc99c00000) (1024K)]
  0x000001f06f4604e0 JavaThread "Unconstrained build operations Thread 113"        [_thread_blocked, id=8608, stack(0x000000cc99c00000,0x000000cc99d00000) (1024K)]
  0x000001f06f462420 JavaThread "Unconstrained build operations Thread 114"        [_thread_blocked, id=15604, stack(0x000000cc99d00000,0x000000cc99e00000) (1024K)]
  0x000001f06f45fd10 JavaThread "Unconstrained build operations Thread 115"        [_thread_blocked, id=9120, stack(0x000000cc99e00000,0x000000cc99f00000) (1024K)]
  0x000001f0677444c0 JavaThread "Unconstrained build operations Thread 116"        [_thread_blocked, id=17992, stack(0x000000cc99f00000,0x000000cc9a000000) (1024K)]
  0x000001f0650168c0 JavaThread "Unconstrained build operations Thread 117"        [_thread_blocked, id=17604, stack(0x000000cc9a000000,0x000000cc9a100000) (1024K)]
  0x000001f065018800 JavaThread "Unconstrained build operations Thread 118"        [_thread_blocked, id=20940, stack(0x000000cc9a100000,0x000000cc9a200000) (1024K)]
  0x000001f065018fd0 JavaThread "Unconstrained build operations Thread 119"        [_thread_blocked, id=20788, stack(0x000000cc9a200000,0x000000cc9a300000) (1024K)]
  0x000001f065018030 JavaThread "Unconstrained build operations Thread 120"        [_thread_blocked, id=22228, stack(0x000000cc9a300000,0x000000cc9a400000) (1024K)]
  0x000001f0650160f0 JavaThread "Unconstrained build operations Thread 121"        [_thread_blocked, id=16704, stack(0x000000cc9a400000,0x000000cc9a500000) (1024K)]
  0x000001f065017090 JavaThread "Unconstrained build operations Thread 122"        [_thread_blocked, id=21756, stack(0x000000cc9a500000,0x000000cc9a600000) (1024K)]
  0x000001f065017860 JavaThread "Unconstrained build operations Thread 123"        [_thread_blocked, id=15912, stack(0x000000cc9a600000,0x000000cc9a700000) (1024K)]
  0x000001f065015920 JavaThread "Unconstrained build operations Thread 124"        [_thread_blocked, id=13152, stack(0x000000cc9a700000,0x000000cc9a800000) (1024K)]
  0x000001f06227bf40 JavaThread "Unconstrained build operations Thread 125"        [_thread_blocked, id=1764, stack(0x000000cc9a800000,0x000000cc9a900000) (1024K)]
  0x000001f06227c710 JavaThread "Unconstrained build operations Thread 126"        [_thread_blocked, id=18920, stack(0x000000cc9a900000,0x000000cc9aa00000) (1024K)]
  0x000001f06227b770 JavaThread "Unconstrained build operations Thread 127"        [_thread_blocked, id=19588, stack(0x000000cc9aa00000,0x000000cc9ab00000) (1024K)]
  0x000001f06227a000 JavaThread "Unconstrained build operations Thread 128"        [_thread_blocked, id=21688, stack(0x000000cc9ab00000,0x000000cc9ac00000) (1024K)]
  0x000001f062279060 JavaThread "Unconstrained build operations Thread 129"        [_thread_blocked, id=21208, stack(0x000000cc9ac00000,0x000000cc9ad00000) (1024K)]
  0x000001f06227a7d0 JavaThread "Unconstrained build operations Thread 130"        [_thread_blocked, id=2428, stack(0x000000cc9ad00000,0x000000cc9ae00000) (1024K)]
  0x000001f062279830 JavaThread "Unconstrained build operations Thread 131"        [_thread_blocked, id=6848, stack(0x000000cc9ae00000,0x000000cc9af00000) (1024K)]
  0x000001f064440ca0 JavaThread "Unconstrained build operations Thread 132"        [_thread_blocked, id=18108, stack(0x000000cc9af00000,0x000000cc9b000000) (1024K)]
  0x000001f06443fd00 JavaThread "Unconstrained build operations Thread 133"        [_thread_blocked, id=19688, stack(0x000000cc9b000000,0x000000cc9b100000) (1024K)]
  0x000001f064441c40 JavaThread "Unconstrained build operations Thread 134"        [_thread_blocked, id=21312, stack(0x000000cc9b100000,0x000000cc9b200000) (1024K)]
  0x000001f064442410 JavaThread "Unconstrained build operations Thread 135"        [_thread_blocked, id=21720, stack(0x000000cc9b200000,0x000000cc9b300000) (1024K)]
  0x000001f064442be0 JavaThread "Unconstrained build operations Thread 136"        [_thread_blocked, id=14780, stack(0x000000cc9b300000,0x000000cc9b400000) (1024K)]
  0x000001f0644404d0 JavaThread "Unconstrained build operations Thread 137"        [_thread_blocked, id=16204, stack(0x000000cc9b400000,0x000000cc9b500000) (1024K)]
  0x000001f0644433b0 JavaThread "Unconstrained build operations Thread 138"        [_thread_blocked, id=22456, stack(0x000000cc9b500000,0x000000cc9b600000) (1024K)]
  0x000001f064441470 JavaThread "Unconstrained build operations Thread 139"        [_thread_blocked, id=20000, stack(0x000000cc9b600000,0x000000cc9b700000) (1024K)]
  0x000001f06227afa0 JavaThread "Unconstrained build operations Thread 140"        [_thread_blocked, id=15872, stack(0x000000cc9b700000,0x000000cc9b800000) (1024K)]
  0x000001f0727af8d0 JavaThread "Unconstrained build operations Thread 141"        [_thread_blocked, id=5216, stack(0x000000cc9b800000,0x000000cc9b900000) (1024K)]
  0x000001f0727b00a0 JavaThread "Unconstrained build operations Thread 142"        [_thread_blocked, id=18760, stack(0x000000cc9b900000,0x000000cc9ba00000) (1024K)]
  0x000001f0727ad1c0 JavaThread "Unconstrained build operations Thread 143"        [_thread_blocked, id=21952, stack(0x000000cc9ba00000,0x000000cc9bb00000) (1024K)]
  0x000001f0727af100 JavaThread "Unconstrained build operations Thread 144"        [_thread_blocked, id=18892, stack(0x000000cc9bb00000,0x000000cc9bc00000) (1024K)]
  0x000001f0727ad990 JavaThread "Unconstrained build operations Thread 145"        [_thread_blocked, id=17840, stack(0x000000cc9bc00000,0x000000cc9bd00000) (1024K)]
  0x000001f0727b0870 JavaThread "Unconstrained build operations Thread 146"        [_thread_blocked, id=2896, stack(0x000000cc9bd00000,0x000000cc9be00000) (1024K)]
  0x000001f0727ae160 JavaThread "Unconstrained build operations Thread 147"        [_thread_blocked, id=5088, stack(0x000000cc9be00000,0x000000cc9bf00000) (1024K)]
  0x000001f06e326080 JavaThread "Unconstrained build operations Thread 148"        [_thread_blocked, id=18908, stack(0x000000cc9bf00000,0x000000cc9c000000) (1024K)]
  0x000001f06e324140 JavaThread "Unconstrained build operations Thread 149"        [_thread_blocked, id=4960, stack(0x000000cc9c000000,0x000000cc9c100000) (1024K)]
  0x000001f06e3250e0 JavaThread "Unconstrained build operations Thread 150"        [_thread_blocked, id=15764, stack(0x000000cc9c100000,0x000000cc9c200000) (1024K)]
  0x000001f06e326850 JavaThread "Unconstrained build operations Thread 151"        [_thread_blocked, id=2308, stack(0x000000cc9c200000,0x000000cc9c300000) (1024K)]
  0x000001f06e3231a0 JavaThread "Unconstrained build operations Thread 152"        [_thread_blocked, id=16168, stack(0x000000cc9c300000,0x000000cc9c400000) (1024K)]
  0x000001f06e323970 JavaThread "Unconstrained build operations Thread 153"        [_thread_blocked, id=22452, stack(0x000000cc9c400000,0x000000cc9c500000) (1024K)]
  0x000001f06e8d5820 JavaThread "Unconstrained build operations Thread 154"        [_thread_blocked, id=14424, stack(0x000000cc9c500000,0x000000cc9c600000) (1024K)]
  0x000001f06e8d5ff0 JavaThread "Unconstrained build operations Thread 155"        [_thread_blocked, id=13280, stack(0x000000cc9c600000,0x000000cc9c700000) (1024K)]
  0x000001f06e8d5050 JavaThread "Unconstrained build operations Thread 156"        [_thread_blocked, id=19100, stack(0x000000cc9c700000,0x000000cc9c800000) (1024K)]
  0x000001f06e8d2940 JavaThread "Unconstrained build operations Thread 157"        [_thread_blocked, id=9964, stack(0x000000cc9c800000,0x000000cc9c900000) (1024K)]
  0x000001f06e8d40b0 JavaThread "Unconstrained build operations Thread 158"        [_thread_blocked, id=15084, stack(0x000000cc9c900000,0x000000cc9ca00000) (1024K)]
  0x000001f06e8d3110 JavaThread "Unconstrained build operations Thread 159"        [_thread_blocked, id=5996, stack(0x000000cc9ca00000,0x000000cc9cb00000) (1024K)]
  0x000001f06e8d4880 JavaThread "Unconstrained build operations Thread 160"        [_thread_blocked, id=15576, stack(0x000000cc9cb00000,0x000000cc9cc00000) (1024K)]
  0x000001f06e8d38e0 JavaThread "Unconstrained build operations Thread 161"        [_thread_blocked, id=13844, stack(0x000000cc9cc00000,0x000000cc9cd00000) (1024K)]
  0x000001f0636163f0 JavaThread "Unconstrained build operations Thread 162"        [_thread_blocked, id=15632, stack(0x000000cc9cd00000,0x000000cc9ce00000) (1024K)]
  0x000001f063614c80 JavaThread "Unconstrained build operations Thread 163"        [_thread_blocked, id=11848, stack(0x000000cc9ce00000,0x000000cc9cf00000) (1024K)]
  0x000001f063615c20 JavaThread "Unconstrained build operations Thread 164"        [_thread_blocked, id=21900, stack(0x000000cc9cf00000,0x000000cc9d000000) (1024K)]
  0x000001f063617390 JavaThread "Unconstrained build operations Thread 165"        [_thread_blocked, id=18128, stack(0x000000cc9d000000,0x000000cc9d100000) (1024K)]
  0x000001f063616bc0 JavaThread "Unconstrained build operations Thread 166"        [_thread_blocked, id=1768, stack(0x000000cc9d100000,0x000000cc9d200000) (1024K)]
  0x000001f063613ce0 JavaThread "Unconstrained build operations Thread 167"        [_thread_blocked, id=1876, stack(0x000000cc9d200000,0x000000cc9d300000) (1024K)]
  0x000001f063615450 JavaThread "Unconstrained build operations Thread 168"        [_thread_blocked, id=12892, stack(0x000000cc9d300000,0x000000cc9d400000) (1024K)]
  0x000001f0636144b0 JavaThread "Unconstrained build operations Thread 169"        [_thread_blocked, id=17660, stack(0x000000cc9d400000,0x000000cc9d500000) (1024K)]
  0x000001f0710e8a00 JavaThread "Unconstrained build operations Thread 170"        [_thread_blocked, id=9336, stack(0x000000cc9d500000,0x000000cc9d600000) (1024K)]
  0x000001f0710e7290 JavaThread "Unconstrained build operations Thread 171"        [_thread_blocked, id=16696, stack(0x000000cc9d600000,0x000000cc9d700000) (1024K)]
  0x000001f0710e8230 JavaThread "Unconstrained build operations Thread 172"        [_thread_blocked, id=13036, stack(0x000000cc9d700000,0x000000cc9d800000) (1024K)]
  0x000001f0710ea170 JavaThread "Unconstrained build operations Thread 173"        [_thread_blocked, id=11532, stack(0x000000cc9d800000,0x000000cc9d900000) (1024K)]
  0x000001f0710e7a60 JavaThread "Unconstrained build operations Thread 174"        [_thread_blocked, id=10924, stack(0x000000cc9d900000,0x000000cc9da00000) (1024K)]
  0x000001f0710e91d0 JavaThread "Unconstrained build operations Thread 175"        [_thread_blocked, id=3928, stack(0x000000cc9da00000,0x000000cc9db00000) (1024K)]
  0x000001f0710e99a0 JavaThread "Unconstrained build operations Thread 176"        [_thread_blocked, id=21836, stack(0x000000cc9db00000,0x000000cc9dc00000) (1024K)]
  0x000001f0710ea940 JavaThread "Unconstrained build operations Thread 177"        [_thread_blocked, id=21156, stack(0x000000cc9dc00000,0x000000cc9dd00000) (1024K)]
  0x000001f0638d2d00 JavaThread "Unconstrained build operations Thread 178"        [_thread_blocked, id=20896, stack(0x000000cc9dd00000,0x000000cc9de00000) (1024K)]
  0x000001f0677473a0 JavaThread "WorkerExecutor Queue"              [_thread_blocked, id=6224, stack(0x000000cc9de00000,0x000000cc9df00000) (1024K)]
  0x000001f0625caac0 JavaThread "Unconstrained build operations Thread 179"        [_thread_blocked, id=22024, stack(0x000000cc9df00000,0x000000cc9e000000) (1024K)]
  0x000001f0625c9b20 JavaThread "Unconstrained build operations Thread 180"        [_thread_blocked, id=21824, stack(0x000000cc9e000000,0x000000cc9e100000) (1024K)]
  0x000001f0625c8b80 JavaThread "Unconstrained build operations Thread 181"        [_thread_blocked, id=12344, stack(0x000000cc9e100000,0x000000cc9e200000) (1024K)]
  0x000001f0625cb290 JavaThread "Unconstrained build operations Thread 182"        [_thread_blocked, id=21460, stack(0x000000cc9e200000,0x000000cc9e300000) (1024K)]
  0x000001f0625ca2f0 JavaThread "Unconstrained build operations Thread 183"        [_thread_blocked, id=15688, stack(0x000000cc9e300000,0x000000cc9e400000) (1024K)]
  0x000001f0638600f0 JavaThread "Unconstrained build operations Thread 184"        [_thread_blocked, id=14492, stack(0x000000cc9e400000,0x000000cc9e500000) (1024K)]
  0x000001f063861860 JavaThread "Unconstrained build operations Thread 185"        [_thread_blocked, id=1784, stack(0x000000cc9e500000,0x000000cc9e600000) (1024K)]
  0x000001f063862800 JavaThread "Unconstrained build operations Thread 186"        [_thread_blocked, id=13016, stack(0x000000cc9e600000,0x000000cc9e700000) (1024K)]
  0x000001f0638608c0 JavaThread "Unconstrained build operations Thread 187"        [_thread_blocked, id=4304, stack(0x000000cc9e700000,0x000000cc9e800000) (1024K)]
  0x000001f063862030 JavaThread "Unconstrained build operations Thread 188"        [_thread_blocked, id=21764, stack(0x000000cc9e800000,0x000000cc9e900000) (1024K)]
  0x000001f063862fd0 JavaThread "Unconstrained build operations Thread 189"        [_thread_blocked, id=15684, stack(0x000000cc9e900000,0x000000cc9ea00000) (1024K)]
  0x000001f0638637a0 JavaThread "Unconstrained build operations Thread 190"        [_thread_blocked, id=21616, stack(0x000000cc9ea00000,0x000000cc9eb00000) (1024K)]
  0x000001f063861090 JavaThread "Unconstrained build operations Thread 191"        [_thread_blocked, id=6336, stack(0x000000cc9eb00000,0x000000cc9ec00000) (1024K)]
  0x000001f06670ba70 JavaThread "Unconstrained build operations Thread 192"        [_thread_blocked, id=2200, stack(0x000000cc9ec00000,0x000000cc9ed00000) (1024K)]
  0x000001f06670e950 JavaThread "Unconstrained build operations Thread 193"        [_thread_blocked, id=3676, stack(0x000000cc9ed00000,0x000000cc9ee00000) (1024K)]
  0x000001f06670e180 JavaThread "Unconstrained build operations Thread 194"        [_thread_blocked, id=2612, stack(0x000000cc9ee00000,0x000000cc9ef00000) (1024K)]
  0x000001f06670c240 JavaThread "Unconstrained build operations Thread 195"        [_thread_blocked, id=21160, stack(0x000000cc9ef00000,0x000000cc9f000000) (1024K)]
  0x000001f06670f120 JavaThread "Unconstrained build operations Thread 196"        [_thread_blocked, id=17640, stack(0x000000cc9f000000,0x000000cc9f100000) (1024K)]
  0x000001f06670ca10 JavaThread "Unconstrained build operations Thread 197"        [_thread_blocked, id=22224, stack(0x000000cc9f100000,0x000000cc9f200000) (1024K)]
  0x000001f06670d9b0 JavaThread "Unconstrained build operations Thread 198"        [_thread_blocked, id=18212, stack(0x000000cc9f200000,0x000000cc9f300000) (1024K)]
  0x000001f06670d1e0 JavaThread "Unconstrained build operations Thread 199"        [_thread_blocked, id=14836, stack(0x000000cc9f300000,0x000000cc9f400000) (1024K)]
  0x000001f0655d71d0 JavaThread "Unconstrained build operations Thread 200"        [_thread_blocked, id=17632, stack(0x000000cc9f400000,0x000000cc9f500000) (1024K)]
  0x000001f0655d8940 JavaThread "Unconstrained build operations Thread 201"        [_thread_blocked, id=9144, stack(0x000000cc9f500000,0x000000cc9f600000) (1024K)]
  0x000001f0655d6a00 JavaThread "Unconstrained build operations Thread 202"        [_thread_blocked, id=7220, stack(0x000000cc9f600000,0x000000cc9f700000) (1024K)]
  0x000001f0655d79a0 JavaThread "Unconstrained build operations Thread 203"        [_thread_blocked, id=21528, stack(0x000000cc9f700000,0x000000cc9f800000) (1024K)]
  0x000001f0655d8170 JavaThread "Unconstrained build operations Thread 204"        [_thread_blocked, id=21328, stack(0x000000cc9f800000,0x000000cc9f900000) (1024K)]
  0x000001f0655d5a60 JavaThread "Unconstrained build operations Thread 205"        [_thread_blocked, id=16188, stack(0x000000cc9f900000,0x000000cc9fa00000) (1024K)]
  0x000001f0655d5290 JavaThread "Unconstrained build operations Thread 206"        [_thread_blocked, id=21624, stack(0x000000cc9fa00000,0x000000cc9fb00000) (1024K)]
  0x000001f0655d6230 JavaThread "Unconstrained build operations Thread 207"        [_thread_blocked, id=8736, stack(0x000000cc9fb00000,0x000000cc9fc00000) (1024K)]
  0x000001f06ef4dbd0 JavaThread "Unconstrained build operations Thread 208"        [_thread_blocked, id=12836, stack(0x000000cc9fc00000,0x000000cc9fd00000) (1024K)]
  0x000001f06ef4cc30 JavaThread "Unconstrained build operations Thread 209"        [_thread_blocked, id=3204, stack(0x000000cc9fd00000,0x000000cc9fe00000) (1024K)]
  0x000001f05daf66c0 JavaThread "Unconstrained build operations Thread 210"        [_thread_blocked, id=22304, stack(0x000000cc9fe00000,0x000000cc9ff00000) (1024K)]
  0x000001f05daf3010 JavaThread "Unconstrained build operations Thread 211"        [_thread_blocked, id=20776, stack(0x000000cc9ff00000,0x000000cca0000000) (1024K)]
  0x000001f05daf3fb0 JavaThread "Unconstrained build operations Thread 212"        [_thread_blocked, id=12076, stack(0x000000cca0000000,0x000000cca0100000) (1024K)]
  0x000001f0622fa600 JavaThread "Unconstrained build operations Thread 213"        [_thread_blocked, id=17768, stack(0x000000cca0100000,0x000000cca0200000) (1024K)]
  0x000001f0622fbd70 JavaThread "Unconstrained build operations Thread 214"        [_thread_blocked, id=17316, stack(0x000000cca0200000,0x000000cca0300000) (1024K)]
  0x000001f0622fcd10 JavaThread "Unconstrained build operations Thread 215"        [_thread_blocked, id=6656, stack(0x000000cca0300000,0x000000cca0400000) (1024K)]
  0x000001f0622fadd0 JavaThread "Unconstrained build operations Thread 216"        [_thread_blocked, id=18680, stack(0x000000cca0400000,0x000000cca0500000) (1024K)]
  0x000001f0622f9e30 JavaThread "Unconstrained build operations Thread 217"        [_thread_blocked, id=12364, stack(0x000000cca0500000,0x000000cca0600000) (1024K)]
  0x000001f0622fb5a0 JavaThread "Unconstrained build operations Thread 218"        [_thread_blocked, id=10156, stack(0x000000cca0600000,0x000000cca0700000) (1024K)]
  0x000001f0622fc540 JavaThread "Unconstrained build operations Thread 219"        [_thread_blocked, id=21332, stack(0x000000cca0700000,0x000000cca0800000) (1024K)]
  0x000001f0622f9660 JavaThread "Unconstrained build operations Thread 220"        [_thread_blocked, id=11628, stack(0x000000cca0800000,0x000000cca0900000) (1024K)]
  0x000001f0637d08a0 JavaThread "Unconstrained build operations Thread 221"        [_thread_blocked, id=19032, stack(0x000000cca0900000,0x000000cca0a00000) (1024K)]
  0x000001f0637d1070 JavaThread "Unconstrained build operations Thread 222"        [_thread_blocked, id=3616, stack(0x000000cca0a00000,0x000000cca0b00000) (1024K)]
  0x000001f0637d1840 JavaThread "Unconstrained build operations Thread 223"        [_thread_blocked, id=17860, stack(0x000000cca0b00000,0x000000cca0c00000) (1024K)]
  0x000001f0637d2fb0 JavaThread "Unconstrained build operations Thread 224"        [_thread_blocked, id=21516, stack(0x000000cca0c00000,0x000000cca0d00000) (1024K)]
  0x000001f0637d2010 JavaThread "Unconstrained build operations Thread 225"        [_thread_blocked, id=13552, stack(0x000000cca0d00000,0x000000cca0e00000) (1024K)]
  0x000001f0637d27e0 JavaThread "Unconstrained build operations Thread 226"        [_thread_blocked, id=12324, stack(0x000000cca0e00000,0x000000cca0f00000) (1024K)]
  0x000001f0637d3780 JavaThread "Unconstrained build operations Thread 227"        [_thread_blocked, id=22120, stack(0x000000cca0f00000,0x000000cca1000000) (1024K)]
  0x000001f0637d00d0 JavaThread "Unconstrained build operations Thread 228"        [_thread_blocked, id=15376, stack(0x000000cca1000000,0x000000cca1100000) (1024K)]
  0x000001f072763130 JavaThread "Unconstrained build operations Thread 229"        [_thread_blocked, id=12336, stack(0x000000cca1100000,0x000000cca1200000) (1024K)]
  0x000001f0727619c0 JavaThread "Unconstrained build operations Thread 230"        [_thread_blocked, id=10204, stack(0x000000cca1200000,0x000000cca1300000) (1024K)]
  0x000001f07275fa80 JavaThread "Unconstrained build operations Thread 231"        [_thread_blocked, id=3956, stack(0x000000cca1300000,0x000000cca1400000) (1024K)]
  0x000001f072762190 JavaThread "Unconstrained build operations Thread 232"        [_thread_blocked, id=15224, stack(0x000000cca1400000,0x000000cca1500000) (1024K)]
  0x000001f072762960 JavaThread "Unconstrained build operations Thread 233"        [_thread_blocked, id=21260, stack(0x000000cca1500000,0x000000cca1600000) (1024K)]
  0x000001f072760250 JavaThread "Unconstrained build operations Thread 234"        [_thread_blocked, id=21384, stack(0x000000cca1600000,0x000000cca1700000) (1024K)]
  0x000001f072760a20 JavaThread "Unconstrained build operations Thread 235"        [_thread_blocked, id=18936, stack(0x000000cca1700000,0x000000cca1800000) (1024K)]
  0x000001f0727611f0 JavaThread "Unconstrained build operations Thread 236"        [_thread_blocked, id=17976, stack(0x000000cca1800000,0x000000cca1900000) (1024K)]
  0x000001f072766970 JavaThread "Unconstrained build operations Thread 237"        [_thread_blocked, id=4092, stack(0x000000cca1900000,0x000000cca1a00000) (1024K)]
  0x000001f072765200 JavaThread "Unconstrained build operations Thread 238"        [_thread_blocked, id=22520, stack(0x000000cca1a00000,0x000000cca1b00000) (1024K)]
  0x000001f072764a30 JavaThread "Unconstrained build operations Thread 239"        [_thread_blocked, id=1708, stack(0x000000cca1b00000,0x000000cca1c00000) (1024K)]
  0x000001f072767140 JavaThread "Unconstrained build operations Thread 240"        [_thread_blocked, id=5496, stack(0x000000cca1c00000,0x000000cca1d00000) (1024K)]
  0x000001f072778a50 JavaThread "Unconstrained build operations Thread 241"        [_thread_blocked, id=11832, stack(0x000000cca1d00000,0x000000cca1e00000) (1024K)]
  0x000001f072778280 JavaThread "Unconstrained build operations Thread 242"        [_thread_blocked, id=19388, stack(0x000000cca1e00000,0x000000cca1f00000) (1024K)]
  0x000001f07277a1c0 JavaThread "Unconstrained build operations Thread 243"        [_thread_blocked, id=18576, stack(0x000000cca1f00000,0x000000cca2000000) (1024K)]
  0x000001f07277a990 JavaThread "Unconstrained build operations Thread 244"        [_thread_blocked, id=12304, stack(0x000000cca2000000,0x000000cca2100000) (1024K)]
  0x000001f07277b160 JavaThread "Unconstrained build operations Thread 245"        [_thread_blocked, id=10016, stack(0x000000cca2100000,0x000000cca2200000) (1024K)]
  0x000001f072777ab0 JavaThread "Unconstrained build operations Thread 246"        [_thread_blocked, id=14324, stack(0x000000cca2200000,0x000000cca2300000) (1024K)]
  0x000001f072779220 JavaThread "Unconstrained build operations Thread 247"        [_thread_blocked, id=4972, stack(0x000000cca2300000,0x000000cca2400000) (1024K)]
  0x000001f064265c80 JavaThread "Unconstrained build operations Thread 248"        [_thread_blocked, id=10364, stack(0x000000cca2400000,0x000000cca2500000) (1024K)]
  0x000001f0642654b0 JavaThread "Unconstrained build operations Thread 249"        [_thread_blocked, id=12800, stack(0x000000cca2500000,0x000000cca2600000) (1024K)]
  0x000001f064264510 JavaThread "Unconstrained build operations Thread 250"        [_thread_blocked, id=20040, stack(0x000000cca2600000,0x000000cca2700000) (1024K)]
  0x000001f064266450 JavaThread "Unconstrained build operations Thread 251"        [_thread_blocked, id=17592, stack(0x000000cca2700000,0x000000cca2800000) (1024K)]
  0x000001f064266c20 JavaThread "Unconstrained build operations Thread 252"        [_thread_blocked, id=17396, stack(0x000000cca2800000,0x000000cca2900000) (1024K)]
  0x000001f064263570 JavaThread "Unconstrained build operations Thread 253"        [_thread_blocked, id=12140, stack(0x000000cca2900000,0x000000cca2a00000) (1024K)]
  0x000001f064263d40 JavaThread "Unconstrained build operations Thread 254"        [_thread_blocked, id=3488, stack(0x000000cca2a00000,0x000000cca2b00000) (1024K)]
  0x000001f064264ce0 JavaThread "Unconstrained build operations Thread 255"        [_thread_blocked, id=2180, stack(0x000000cca2b00000,0x000000cca2c00000) (1024K)]
  0x000001f0634583b0 JavaThread "Unconstrained build operations Thread 256"        [_thread_blocked, id=10660, stack(0x000000cca2c00000,0x000000cca2d00000) (1024K)]
  0x000001f0644bd480 JavaThread "Unconstrained build operations Thread 257"        [_thread_blocked, id=18912, stack(0x000000cca2d00000,0x000000cca2e00000) (1024K)]
  0x000001f0644bbd10 JavaThread "Unconstrained build operations Thread 258"        [_thread_blocked, id=15436, stack(0x000000cca2e00000,0x000000cca2f00000) (1024K)]
  0x000001f0644bccb0 JavaThread "Unconstrained build operations Thread 259"        [_thread_blocked, id=15664, stack(0x000000cca2f00000,0x000000cca3000000) (1024K)]
  0x000001f0644bc4e0 JavaThread "Unconstrained build operations Thread 260"        [_thread_blocked, id=19348, stack(0x000000cca3000000,0x000000cca3100000) (1024K)]
=>0x000001f0732e1850 JavaThread "Unconstrained build operations Thread 261"        [_thread_in_Java, id=18660, stack(0x000000cca3100000,0x000000cca3200000) (1024K)]
  0x000001f0732e2fc0 JavaThread "Unconstrained build operations Thread 262"        [_thread_blocked, id=20016, stack(0x000000cca3200000,0x000000cca3300000) (1024K)]
  0x000001f0732e3790 JavaThread "Unconstrained build operations Thread 263"        [_thread_blocked, id=1552, stack(0x000000cca3300000,0x000000cca3400000) (1024K)]
  0x000001f0732e27f0 JavaThread "Unconstrained build operations Thread 264"        [_thread_blocked, id=21232, stack(0x000000cca3400000,0x000000cca3500000) (1024K)]
  0x000001f0732e1080 JavaThread "Unconstrained build operations Thread 265"        [_thread_blocked, id=9292, stack(0x000000cca3500000,0x000000cca3600000) (1024K)]
  0x000001f0732e2020 JavaThread "Unconstrained build operations Thread 266"        [_thread_blocked, id=10884, stack(0x000000cca3600000,0x000000cca3700000) (1024K)]
  0x000001f0732e00e0 JavaThread "Unconstrained build operations Thread 267"        [_thread_blocked, id=12504, stack(0x000000cca3700000,0x000000cca3800000) (1024K)]
  0x000001f0732e08b0 JavaThread "Unconstrained build operations Thread 268"        [_thread_blocked, id=16492, stack(0x000000cca3800000,0x000000cca3900000) (1024K)]
  0x000001f06e35ddd0 JavaThread "Unconstrained build operations Thread 269"        [_thread_blocked, id=2152, stack(0x000000cca3900000,0x000000cca3a00000) (1024K)]
  0x000001f06e35e5a0 JavaThread "Unconstrained build operations Thread 270"        [_thread_blocked, id=8084, stack(0x000000cca3a00000,0x000000cca3b00000) (1024K)]
  0x000001f06e35ed70 JavaThread "Unconstrained build operations Thread 271"        [_thread_blocked, id=17936, stack(0x000000cca3b00000,0x000000cca3c00000) (1024K)]
  0x000001f07259b570 JavaThread "C2 CompilerThread5"         daemon [_thread_in_native, id=2032, stack(0x000000cca3c00000,0x000000cca3d00000) (1024K)]
  0x000001f06360fd40 JavaThread "C2 CompilerThread6"         daemon [_thread_blocked, id=3272, stack(0x000000cca3d00000,0x000000cca3e00000) (1024K)]
  0x000001f06eead650 JavaThread "C2 CompilerThread7"         daemon [_thread_blocked, id=16568, stack(0x000000cca3e00000,0x000000cca3f00000) (1024K)]
  0x000001f06eeab610 JavaThread "C2 CompilerThread8"         daemon [_thread_blocked, id=16424, stack(0x000000cca3f00000,0x000000cca4000000) (1024K)]
  0x000001f06eeabe20 JavaThread "C2 CompilerThread9"         daemon [_thread_blocked, id=12676, stack(0x000000cca4000000,0x000000cca4100000) (1024K)]
Total: 391

Other Threads:
  0x000001f05cf00950 VMThread "VM Thread"                           [id=13916, stack(0x000000cc89d00000,0x000000cc89e00000) (1024K)] _threads_hazard_ptr=0x000001f06e5b32d0
  0x000001f05cede200 WatcherThread "VM Periodic Task Thread"        [id=3756, stack(0x000000cc89c00000,0x000000cc89d00000) (1024K)]
  0x000001f045861cc0 WorkerThread "GC Thread#0"                     [id=7320, stack(0x000000cc89700000,0x000000cc89800000) (1024K)]
  0x000001f062ccd890 WorkerThread "GC Thread#1"                     [id=21932, stack(0x000000cc8ac00000,0x000000cc8ad00000) (1024K)]
  0x000001f0629c3ea0 WorkerThread "GC Thread#2"                     [id=6136, stack(0x000000cc8ad00000,0x000000cc8ae00000) (1024K)]
  0x000001f062c6f5f0 WorkerThread "GC Thread#3"                     [id=22056, stack(0x000000cc8ae00000,0x000000cc8af00000) (1024K)]
  0x000001f062c6fa20 WorkerThread "GC Thread#4"                     [id=22092, stack(0x000000cc8af00000,0x000000cc8b000000) (1024K)]
  0x000001f062c6fe50 WorkerThread "GC Thread#5"                     [id=9140, stack(0x000000cc8b000000,0x000000cc8b100000) (1024K)]
  0x000001f063c10070 WorkerThread "GC Thread#6"                     [id=10344, stack(0x000000cc8b900000,0x000000cc8ba00000) (1024K)]
  0x000001f063c104c0 WorkerThread "GC Thread#7"                     [id=16144, stack(0x000000cc8ba00000,0x000000cc8bb00000) (1024K)]
  0x000001f063c10910 WorkerThread "GC Thread#8"                     [id=6128, stack(0x000000cc8bb00000,0x000000cc8bc00000) (1024K)]
  0x000001f063c0ccb0 WorkerThread "GC Thread#9"                     [id=15064, stack(0x000000cc8bc00000,0x000000cc8bd00000) (1024K)]
  0x000001f063c0ef30 WorkerThread "GC Thread#10"                    [id=10132, stack(0x000000cc8bd00000,0x000000cc8be00000) (1024K)]
  0x000001f063c10d60 WorkerThread "GC Thread#11"                    [id=5144, stack(0x000000cc8be00000,0x000000cc8bf00000) (1024K)]
  0x000001f063c111b0 WorkerThread "GC Thread#12"                    [id=15048, stack(0x000000cc8bf00000,0x000000cc8c000000) (1024K)]
  0x000001f063c13cd0 WorkerThread "GC Thread#13"                    [id=19980, stack(0x000000cc8cd00000,0x000000cc8ce00000) (1024K)]
  0x000001f063c14120 WorkerThread "GC Thread#14"                    [id=3516, stack(0x000000cc8ce00000,0x000000cc8cf00000) (1024K)]
  0x000001f0665f46a0 WorkerThread "GC Thread#15"                    [id=19024, stack(0x000000cc8cf00000,0x000000cc8d000000) (1024K)]
  0x000001f0665f1fd0 WorkerThread "GC Thread#16"                    [id=2424, stack(0x000000cc8d000000,0x000000cc8d100000) (1024K)]
  0x000001f0665f4af0 WorkerThread "GC Thread#17"                    [id=12040, stack(0x000000cc8d100000,0x000000cc8d200000) (1024K)]
  0x000001f0665f4f40 WorkerThread "GC Thread#18"                    [id=21560, stack(0x000000cc8d200000,0x000000cc8d300000) (1024K)]
  0x000001f0665f5390 WorkerThread "GC Thread#19"                    [id=20624, stack(0x000000cc8d300000,0x000000cc8d400000) (1024K)]
  0x000001f0665f2870 WorkerThread "GC Thread#20"                    [id=3712, stack(0x000000cc8d400000,0x000000cc8d500000) (1024K)]
  0x000001f0665f3110 WorkerThread "GC Thread#21"                    [id=10848, stack(0x000000cc8d500000,0x000000cc8d600000) (1024K)]
  0x000001f0665f2cc0 WorkerThread "GC Thread#22"                    [id=22012, stack(0x000000cc8d600000,0x000000cc8d700000) (1024K)]
  0x000001f045868d90 ConcurrentGCThread "G1 Main Marker"            [id=20976, stack(0x000000cc89800000,0x000000cc89900000) (1024K)]
  0x000001f04586c850 WorkerThread "G1 Conc#0"                       [id=18896, stack(0x000000cc89900000,0x000000cc89a00000) (1024K)]
  0x000001f063c0d550 WorkerThread "G1 Conc#1"                       [id=5848, stack(0x000000cc8c000000,0x000000cc8c100000) (1024K)]
  0x000001f063c0ddf0 WorkerThread "G1 Conc#2"                       [id=3372, stack(0x000000cc8c100000,0x000000cc8c200000) (1024K)]
  0x000001f063c11600 WorkerThread "G1 Conc#3"                       [id=9956, stack(0x000000cc8c200000,0x000000cc8c300000) (1024K)]
  0x000001f063c0d9a0 WorkerThread "G1 Conc#4"                       [id=12328, stack(0x000000cc8c300000,0x000000cc8c400000) (1024K)]
  0x000001f063c11a50 WorkerThread "G1 Conc#5"                       [id=14672, stack(0x000000cc8c400000,0x000000cc8c500000) (1024K)]
  0x000001f05cdbba40 ConcurrentGCThread "G1 Refine#0"               [id=20448, stack(0x000000cc89a00000,0x000000cc89b00000) (1024K)]
  0x000001f05cdbbf00 ConcurrentGCThread "G1 Service"                [id=10564, stack(0x000000cc89b00000,0x000000cc89c00000) (1024K)]
Total: 34

Threads with active compile tasks:
C2 CompilerThread0  15197 26173       4       java.util.ArrayDeque::remove (5 bytes)
C2 CompilerThread1  15197 25846   !   4       com.google.common.util.concurrent.InterruptibleTask::run (190 bytes)
C2 CompilerThread2  15197 25196 %     4       com.android.tools.r8.internal.vd::a @ 3112 (6886 bytes)
C2 CompilerThread3  15197 26181       4       com.android.tools.r8.internal.Km::a (631 bytes)
C1 CompilerThread2  15197 26378       2       com.android.tools.r8.graph.Q0::a (15 bytes)
C2 CompilerThread4  15197 25845       4       com.google.common.util.concurrent.TrustedListenableFutureTask$TrustedFutureInterruptibleTask::runInterruptibly (10 bytes)
C2 CompilerThread5  15197 25172       4       com.android.tools.r8.internal.vd::a (4363 bytes)
C2 CompilerThread6  15197 26295       4       com.android.tools.r8.internal.f40::a (496 bytes)
C2 CompilerThread7  15197 26093       4       com.android.tools.r8.ir.optimize.F::a (697 bytes)
C2 CompilerThread8  15197 24652       4       com.android.tools.r8.internal.Bn::a (1063 bytes)
C2 CompilerThread9  15197 26301   !   4       java.util.concurrent.ConcurrentHashMap::transfer (849 bytes)
Total: 11

VM state: synchronizing (normal execution)

VM Mutex/Monitor currently owned by a thread:  ([mutex/lock_event])
[0x00007ff8a6184698] Threads_lock - owner thread: 0x000001f05cf00950
[0x00007ff8a6184818] Heap_lock - owner thread: 0x000001f0732e3790

Heap address: 0x00000000e0000000, size: 512 MB, Compressed Oops mode: 32-bit

CDS archive(s) not mapped
Compressed class space mapped at: 0x0000000080000000-0x0000000094000000, reserved size: 335544320
UseCompressedClassPointers 1, UseCompactObjectHeaders 0
Narrow klass pointer bits 32, Max shift 3
Narrow klass base: 0x0000000000000000, Narrow klass shift: 0
Encoding Range: [0x0000000000000000 - 0x0000000100000000), (4294967296 bytes)
Klass Range:    [0x0000000080000000 - 0x0000000094000000), (335544320 bytes)
Klass ID Range:  [2147483648 - 2483027961) (335544313)
No protection zone.

GC Precious Log:
 CardTable entry size: 512
 Card Set container configuration: InlinePtr #cards 5 size 8 Array Of Cards #cards 10 size 36 Howl #buckets 4 coarsen threshold 1843 Howl Bitmap #cards 512 size 80 coarsen threshold 460 Card regions per heap region 1 cards per card region 2048
 CPUs: 32 total, 32 available
 Memory: 65243M
 Large Page Support: Disabled
 NUMA Support: Disabled
 Compressed Oops: Enabled (32-bit)
 Heap Region Size: 1M
 Heap Min Capacity: 256M
 Heap Initial Capacity: 256M
 Heap Max Capacity: 512M
 Pre-touch: Disabled
 Parallel Workers: 23
 Concurrent Workers: 6
 Concurrent Refinement Workers: 23
 Periodic GC: Disabled

Heap:
 garbage-first heap   total reserved 524288K, committed 493568K, used 467807K [0x00000000e0000000, 0x0000000100000000)
  region size 1024K, 172 young (176128K), 14 survivors (14336K)

Heap Regions: E=young(eden), S=young(survivor), O=old, HS=humongous(starts), HC=humongous(continues), CS=collection set, F=free, TAMS=top-at-mark-start, PB=parsable bottom
|   0|0x00000000e0000000, 0x00000000e0100000, 0x00000000e0100000|100%|HS|  |TAMS 0x00000000e0100000| PB 0x00000000e0000000| Complete |  0
|   1|0x00000000e0100000, 0x00000000e0200000, 0x00000000e0200000|100%|HC|  |TAMS 0x00000000e0200000| PB 0x00000000e0100000| Complete |  0
|   2|0x00000000e0200000, 0x00000000e0300000, 0x00000000e0300000|100%|HC|  |TAMS 0x00000000e0300000| PB 0x00000000e0200000| Complete |  0
|   3|0x00000000e0300000, 0x00000000e0400000, 0x00000000e0400000|100%|HC|  |TAMS 0x00000000e0400000| PB 0x00000000e0300000| Complete |  0
|   4|0x00000000e0400000, 0x00000000e0500000, 0x00000000e0500000|100%|HS|  |TAMS 0x00000000e0500000| PB 0x00000000e0400000| Complete |  0
|   5|0x00000000e0500000, 0x00000000e0600000, 0x00000000e0600000|100%|HS|  |TAMS 0x00000000e0600000| PB 0x00000000e0500000| Complete |  0
|   6|0x00000000e0600000, 0x00000000e0700000, 0x00000000e0700000|100%|HS|  |TAMS 0x00000000e0700000| PB 0x00000000e0600000| Complete |  0
|   7|0x00000000e0700000, 0x00000000e0800000, 0x00000000e0800000|100%| O|  |TAMS 0x00000000e0800000| PB 0x00000000e0700000| Untracked |  0
|   8|0x00000000e0800000, 0x00000000e0900000, 0x00000000e0900000|100%| O|  |TAMS 0x00000000e0900000| PB 0x00000000e0800000| Untracked |  0
|   9|0x00000000e0900000, 0x00000000e0a00000, 0x00000000e0a00000|100%| O|  |TAMS 0x00000000e0a00000| PB 0x00000000e0900000| Untracked |  0
|  10|0x00000000e0a00000, 0x00000000e0b00000, 0x00000000e0b00000|100%| O|  |TAMS 0x00000000e0b00000| PB 0x00000000e0a00000| Untracked |  0
|  11|0x00000000e0b00000, 0x00000000e0c00000, 0x00000000e0c00000|100%| O|  |TAMS 0x00000000e0c00000| PB 0x00000000e0b00000| Untracked |  0
|  12|0x00000000e0c00000, 0x00000000e0d00000, 0x00000000e0d00000|100%| O|  |TAMS 0x00000000e0d00000| PB 0x00000000e0c00000| Untracked |  0
|  13|0x00000000e0d00000, 0x00000000e0e00000, 0x00000000e0e00000|100%| O|  |TAMS 0x00000000e0e00000| PB 0x00000000e0d00000| Untracked |  0
|  14|0x00000000e0e00000, 0x00000000e0f00000, 0x00000000e0f00000|100%| O|  |TAMS 0x00000000e0f00000| PB 0x00000000e0e00000| Untracked |  0
|  15|0x00000000e0f00000, 0x00000000e1000000, 0x00000000e1000000|100%| O|  |TAMS 0x00000000e1000000| PB 0x00000000e0f00000| Untracked |  0
|  16|0x00000000e1000000, 0x00000000e1100000, 0x00000000e1100000|100%|HS|  |TAMS 0x00000000e1100000| PB 0x00000000e1000000| Complete |  0
|  17|0x00000000e1100000, 0x00000000e1200000, 0x00000000e1200000|100%|HC|  |TAMS 0x00000000e1200000| PB 0x00000000e1100000| Complete |  0
|  18|0x00000000e1200000, 0x00000000e1300000, 0x00000000e1300000|100%|HC|  |TAMS 0x00000000e1300000| PB 0x00000000e1200000| Complete |  0
|  19|0x00000000e1300000, 0x00000000e1400000, 0x00000000e1400000|100%|HC|  |TAMS 0x00000000e1400000| PB 0x00000000e1300000| Complete |  0
|  20|0x00000000e1400000, 0x00000000e1500000, 0x00000000e1500000|100%|HC|  |TAMS 0x00000000e1500000| PB 0x00000000e1400000| Complete |  0
|  21|0x00000000e1500000, 0x00000000e1600000, 0x00000000e1600000|100%|HC|  |TAMS 0x00000000e1600000| PB 0x00000000e1500000| Complete |  0
|  22|0x00000000e1600000, 0x00000000e1700000, 0x00000000e1700000|100%|HS|  |TAMS 0x00000000e1700000| PB 0x00000000e1600000| Complete |  0
|  23|0x00000000e1700000, 0x00000000e1800000, 0x00000000e1800000|100%|HC|  |TAMS 0x00000000e1800000| PB 0x00000000e1700000| Complete |  0
|  24|0x00000000e1800000, 0x00000000e1900000, 0x00000000e1900000|100%|HC|  |TAMS 0x00000000e1900000| PB 0x00000000e1800000| Complete |  0
|  25|0x00000000e1900000, 0x00000000e1a00000, 0x00000000e1a00000|100%|HC|  |TAMS 0x00000000e1a00000| PB 0x00000000e1900000| Complete |  0
|  26|0x00000000e1a00000, 0x00000000e1b00000, 0x00000000e1b00000|100%|HC|  |TAMS 0x00000000e1b00000| PB 0x00000000e1a00000| Complete |  0
|  27|0x00000000e1b00000, 0x00000000e1c00000, 0x00000000e1c00000|100%|HC|  |TAMS 0x00000000e1c00000| PB 0x00000000e1b00000| Complete |  0
|  28|0x00000000e1c00000, 0x00000000e1d00000, 0x00000000e1d00000|100%|HS|  |TAMS 0x00000000e1d00000| PB 0x00000000e1c00000| Complete |  0
|  29|0x00000000e1d00000, 0x00000000e1e00000, 0x00000000e1e00000|100%|HS|  |TAMS 0x00000000e1e00000| PB 0x00000000e1d00000| Complete |  0
|  30|0x00000000e1e00000, 0x00000000e1f00000, 0x00000000e1f00000|100%| O|  |TAMS 0x00000000e1f00000| PB 0x00000000e1e00000| Untracked |  0
|  31|0x00000000e1f00000, 0x00000000e2000000, 0x00000000e2000000|100%| O|  |TAMS 0x00000000e2000000| PB 0x00000000e1f00000| Untracked |  0
|  32|0x00000000e2000000, 0x00000000e2100000, 0x00000000e2100000|100%| O|  |TAMS 0x00000000e2100000| PB 0x00000000e2000000| Untracked |  0
|  33|0x00000000e2100000, 0x00000000e2200000, 0x00000000e2200000|100%| O|  |TAMS 0x00000000e2200000| PB 0x00000000e2100000| Untracked |  0
|  34|0x00000000e2200000, 0x00000000e2300000, 0x00000000e2300000|100%| O|  |TAMS 0x00000000e2300000| PB 0x00000000e2200000| Untracked |  0
|  35|0x00000000e2300000, 0x00000000e2400000, 0x00000000e2400000|100%| O|  |TAMS 0x00000000e2400000| PB 0x00000000e2300000| Untracked |  0
|  36|0x00000000e2400000, 0x00000000e2500000, 0x00000000e2500000|100%| O|  |TAMS 0x00000000e2500000| PB 0x00000000e2400000| Untracked |  0
|  37|0x00000000e2500000, 0x00000000e2600000, 0x00000000e2600000|100%| O|  |TAMS 0x00000000e2600000| PB 0x00000000e2500000| Untracked |  0
|  38|0x00000000e2600000, 0x00000000e2700000, 0x00000000e2700000|100%| O|  |TAMS 0x00000000e2700000| PB 0x00000000e2600000| Untracked |  0
|  39|0x00000000e2700000, 0x00000000e2800000, 0x00000000e2800000|100%| O|  |TAMS 0x00000000e2800000| PB 0x00000000e2700000| Untracked |  0
|  40|0x00000000e2800000, 0x00000000e2900000, 0x00000000e2900000|100%| O|  |TAMS 0x00000000e2900000| PB 0x00000000e2800000| Untracked |  0
|  41|0x00000000e2900000, 0x00000000e2a00000, 0x00000000e2a00000|100%| O|  |TAMS 0x00000000e2a00000| PB 0x00000000e2900000| Untracked |  0
|  42|0x00000000e2a00000, 0x00000000e2b00000, 0x00000000e2b00000|100%| O|  |TAMS 0x00000000e2b00000| PB 0x00000000e2a00000| Untracked |  0
|  43|0x00000000e2b00000, 0x00000000e2c00000, 0x00000000e2c00000|100%| O|  |TAMS 0x00000000e2c00000| PB 0x00000000e2b00000| Untracked |  0
|  44|0x00000000e2c00000, 0x00000000e2d00000, 0x00000000e2d00000|100%| O|  |TAMS 0x00000000e2d00000| PB 0x00000000e2c00000| Untracked |  0
|  45|0x00000000e2d00000, 0x00000000e2e00000, 0x00000000e2e00000|100%| O|  |TAMS 0x00000000e2e00000| PB 0x00000000e2d00000| Untracked |  0
|  46|0x00000000e2e00000, 0x00000000e2f00000, 0x00000000e2f00000|100%| O|  |TAMS 0x00000000e2f00000| PB 0x00000000e2e00000| Untracked |  0
|  47|0x00000000e2f00000, 0x00000000e3000000, 0x00000000e3000000|100%| O|  |TAMS 0x00000000e3000000| PB 0x00000000e2f00000| Untracked |  0
|  48|0x00000000e3000000, 0x00000000e3100000, 0x00000000e3100000|100%| O|  |TAMS 0x00000000e3100000| PB 0x00000000e3000000| Untracked |  0
|  49|0x00000000e3100000, 0x00000000e3200000, 0x00000000e3200000|100%| O|  |TAMS 0x00000000e3200000| PB 0x00000000e3100000| Untracked |  0
|  50|0x00000000e3200000, 0x00000000e3300000, 0x00000000e3300000|100%| O|  |TAMS 0x00000000e3300000| PB 0x00000000e3200000| Untracked |  0
|  51|0x00000000e3300000, 0x00000000e3400000, 0x00000000e3400000|100%| O|  |TAMS 0x00000000e3400000| PB 0x00000000e3300000| Untracked |  0
|  52|0x00000000e3400000, 0x00000000e3500000, 0x00000000e3500000|100%| O|  |TAMS 0x00000000e3500000| PB 0x00000000e3400000| Untracked |  0
|  53|0x00000000e3500000, 0x00000000e3600000, 0x00000000e3600000|100%| O|  |TAMS 0x00000000e3600000| PB 0x00000000e3500000| Untracked |  0
|  54|0x00000000e3600000, 0x00000000e3700000, 0x00000000e3700000|100%| O|  |TAMS 0x00000000e3700000| PB 0x00000000e3600000| Untracked |  0
|  55|0x00000000e3700000, 0x00000000e3800000, 0x00000000e3800000|100%| O|  |TAMS 0x00000000e3800000| PB 0x00000000e3700000| Untracked |  0
|  56|0x00000000e3800000, 0x00000000e3900000, 0x00000000e3900000|100%| O|  |TAMS 0x00000000e3900000| PB 0x00000000e3800000| Untracked |  0
|  57|0x00000000e3900000, 0x00000000e3a00000, 0x00000000e3a00000|100%| O|  |TAMS 0x00000000e3a00000| PB 0x00000000e3900000| Untracked |  0
|  58|0x00000000e3a00000, 0x00000000e3b00000, 0x00000000e3b00000|100%| O|  |TAMS 0x00000000e3b00000| PB 0x00000000e3a00000| Untracked |  0
|  59|0x00000000e3b00000, 0x00000000e3c00000, 0x00000000e3c00000|100%| O|  |TAMS 0x00000000e3c00000| PB 0x00000000e3b00000| Untracked |  0
|  60|0x00000000e3c00000, 0x00000000e3d00000, 0x00000000e3d00000|100%| O|  |TAMS 0x00000000e3d00000| PB 0x00000000e3c00000| Untracked |  0
|  61|0x00000000e3d00000, 0x00000000e3e00000, 0x00000000e3e00000|100%| O|  |TAMS 0x00000000e3e00000| PB 0x00000000e3d00000| Untracked |  0
|  62|0x00000000e3e00000, 0x00000000e3f00000, 0x00000000e3f00000|100%| O|  |TAMS 0x00000000e3f00000| PB 0x00000000e3e00000| Untracked |  0
|  63|0x00000000e3f00000, 0x00000000e4000000, 0x00000000e4000000|100%| O|  |TAMS 0x00000000e4000000| PB 0x00000000e3f00000| Untracked |  0
|  64|0x00000000e4000000, 0x00000000e4100000, 0x00000000e4100000|100%| O|  |TAMS 0x00000000e4100000| PB 0x00000000e4000000| Untracked |  0
|  65|0x00000000e4100000, 0x00000000e4200000, 0x00000000e4200000|100%| O|  |TAMS 0x00000000e4200000| PB 0x00000000e4100000| Untracked |  0
|  66|0x00000000e4200000, 0x00000000e4300000, 0x00000000e4300000|100%| O|  |TAMS 0x00000000e4300000| PB 0x00000000e4200000| Untracked |  0
|  67|0x00000000e4300000, 0x00000000e4400000, 0x00000000e4400000|100%| O|  |TAMS 0x00000000e4400000| PB 0x00000000e4300000| Untracked |  0
|  68|0x00000000e4400000, 0x00000000e4500000, 0x00000000e4500000|100%| O|  |TAMS 0x00000000e4500000| PB 0x00000000e4400000| Untracked |  0
|  69|0x00000000e4500000, 0x00000000e4600000, 0x00000000e4600000|100%| O|  |TAMS 0x00000000e4600000| PB 0x00000000e4500000| Untracked |  0
|  70|0x00000000e4600000, 0x00000000e4700000, 0x00000000e4700000|100%|HS|  |TAMS 0x00000000e4700000| PB 0x00000000e4600000| Complete |  0
|  71|0x00000000e4700000, 0x00000000e4800000, 0x00000000e4800000|100%|HS|  |TAMS 0x00000000e4800000| PB 0x00000000e4700000| Complete |  0
|  72|0x00000000e4800000, 0x00000000e4900000, 0x00000000e4900000|100%|HS|  |TAMS 0x00000000e4900000| PB 0x00000000e4800000| Complete |  0
|  73|0x00000000e4900000, 0x00000000e4a00000, 0x00000000e4a00000|100%|HC|  |TAMS 0x00000000e4a00000| PB 0x00000000e4900000| Complete |  0
|  74|0x00000000e4a00000, 0x00000000e4b00000, 0x00000000e4b00000|100%|HS|  |TAMS 0x00000000e4b00000| PB 0x00000000e4a00000| Complete |  0
|  75|0x00000000e4b00000, 0x00000000e4c00000, 0x00000000e4c00000|100%|HC|  |TAMS 0x00000000e4c00000| PB 0x00000000e4b00000| Complete |  0
|  76|0x00000000e4c00000, 0x00000000e4d00000, 0x00000000e4d00000|100%|HS|  |TAMS 0x00000000e4d00000| PB 0x00000000e4c00000| Complete |  0
|  77|0x00000000e4d00000, 0x00000000e4e00000, 0x00000000e4e00000|100%|HS|  |TAMS 0x00000000e4e00000| PB 0x00000000e4d00000| Complete |  0
|  78|0x00000000e4e00000, 0x00000000e4f00000, 0x00000000e4f00000|100%|HS|  |TAMS 0x00000000e4f00000| PB 0x00000000e4e00000| Complete |  0
|  79|0x00000000e4f00000, 0x00000000e5000000, 0x00000000e5000000|100%|HC|  |TAMS 0x00000000e5000000| PB 0x00000000e4f00000| Complete |  0
|  80|0x00000000e5000000, 0x00000000e5100000, 0x00000000e5100000|100%|HC|  |TAMS 0x00000000e5100000| PB 0x00000000e5000000| Complete |  0
|  81|0x00000000e5100000, 0x00000000e5200000, 0x00000000e5200000|100%|HS|  |TAMS 0x00000000e5200000| PB 0x00000000e5100000| Complete |  0
|  82|0x00000000e5200000, 0x00000000e5300000, 0x00000000e5300000|100%|HS|  |TAMS 0x00000000e5300000| PB 0x00000000e5200000| Complete |  0
|  83|0x00000000e5300000, 0x00000000e5400000, 0x00000000e5400000|100%|HS|  |TAMS 0x00000000e5400000| PB 0x00000000e5300000| Complete |  0
|  84|0x00000000e5400000, 0x00000000e5500000, 0x00000000e5500000|100%| O|  |TAMS 0x00000000e5500000| PB 0x00000000e5400000| Untracked |  0
|  85|0x00000000e5500000, 0x00000000e5600000, 0x00000000e5600000|100%| O|  |TAMS 0x00000000e5600000| PB 0x00000000e5500000| Untracked |  0
|  86|0x00000000e5600000, 0x00000000e5700000, 0x00000000e5700000|100%| O|  |TAMS 0x00000000e5700000| PB 0x00000000e5600000| Untracked |  0
|  87|0x00000000e5700000, 0x00000000e5800000, 0x00000000e5800000|100%| O|  |TAMS 0x00000000e5800000| PB 0x00000000e5700000| Untracked |  0
|  88|0x00000000e5800000, 0x00000000e5900000, 0x00000000e5900000|100%| O|  |TAMS 0x00000000e5900000| PB 0x00000000e5800000| Untracked |  0
|  89|0x00000000e5900000, 0x00000000e5a00000, 0x00000000e5a00000|100%| O|  |TAMS 0x00000000e5a00000| PB 0x00000000e5900000| Untracked |  0
|  90|0x00000000e5a00000, 0x00000000e5b00000, 0x00000000e5b00000|100%| O|  |TAMS 0x00000000e5b00000| PB 0x00000000e5a00000| Untracked |  0
|  91|0x00000000e5b00000, 0x00000000e5c00000, 0x00000000e5c00000|100%| O|  |TAMS 0x00000000e5c00000| PB 0x00000000e5b00000| Untracked |  0
|  92|0x00000000e5c00000, 0x00000000e5d00000, 0x00000000e5d00000|100%| O|  |TAMS 0x00000000e5d00000| PB 0x00000000e5c00000| Untracked |  0
|  93|0x00000000e5d00000, 0x00000000e5e00000, 0x00000000e5e00000|100%| O|  |TAMS 0x00000000e5e00000| PB 0x00000000e5d00000| Untracked |  0
|  94|0x00000000e5e00000, 0x00000000e5f00000, 0x00000000e5f00000|100%| O|  |TAMS 0x00000000e5f00000| PB 0x00000000e5e00000| Untracked |  0
|  95|0x00000000e5f00000, 0x00000000e6000000, 0x00000000e6000000|100%| O|  |TAMS 0x00000000e6000000| PB 0x00000000e5f00000| Untracked |  0
|  96|0x00000000e6000000, 0x00000000e6100000, 0x00000000e6100000|100%| O|  |TAMS 0x00000000e6100000| PB 0x00000000e6000000| Untracked |  0
|  97|0x00000000e6100000, 0x00000000e6200000, 0x00000000e6200000|100%| O|  |TAMS 0x00000000e6200000| PB 0x00000000e6100000| Untracked |  0
|  98|0x00000000e6200000, 0x00000000e6300000, 0x00000000e6300000|100%| O|  |TAMS 0x00000000e6300000| PB 0x00000000e6200000| Untracked |  0
|  99|0x00000000e6300000, 0x00000000e6400000, 0x00000000e6400000|100%| O|  |TAMS 0x00000000e6400000| PB 0x00000000e6300000| Untracked |  0
| 100|0x00000000e6400000, 0x00000000e6500000, 0x00000000e6500000|100%| O|  |TAMS 0x00000000e6500000| PB 0x00000000e6400000| Untracked |  0
| 101|0x00000000e6500000, 0x00000000e6600000, 0x00000000e6600000|100%| O|  |TAMS 0x00000000e6600000| PB 0x00000000e6500000| Untracked |  0
| 102|0x00000000e6600000, 0x00000000e6700000, 0x00000000e6700000|100%| O|  |TAMS 0x00000000e6700000| PB 0x00000000e6600000| Untracked |  0
| 103|0x00000000e6700000, 0x00000000e6800000, 0x00000000e6800000|100%| O|  |TAMS 0x00000000e6800000| PB 0x00000000e6700000| Untracked |  0
| 104|0x00000000e6800000, 0x00000000e6900000, 0x00000000e6900000|100%|HS|  |TAMS 0x00000000e6900000| PB 0x00000000e6800000| Complete |  0
| 105|0x00000000e6900000, 0x00000000e6a00000, 0x00000000e6a00000|100%|HC|  |TAMS 0x00000000e6a00000| PB 0x00000000e6900000| Complete |  0
| 106|0x00000000e6a00000, 0x00000000e6b00000, 0x00000000e6b00000|100%|HC|  |TAMS 0x00000000e6b00000| PB 0x00000000e6a00000| Complete |  0
| 107|0x00000000e6b00000, 0x00000000e6c00000, 0x00000000e6c00000|100%| O|  |TAMS 0x00000000e6c00000| PB 0x00000000e6b00000| Untracked |  0
| 108|0x00000000e6c00000, 0x00000000e6d00000, 0x00000000e6d00000|100%| O|  |TAMS 0x00000000e6d00000| PB 0x00000000e6c00000| Untracked |  0
| 109|0x00000000e6d00000, 0x00000000e6e00000, 0x00000000e6e00000|100%| O|  |TAMS 0x00000000e6e00000| PB 0x00000000e6d00000| Untracked |  0
| 110|0x00000000e6e00000, 0x00000000e6f00000, 0x00000000e6f00000|100%| O|  |TAMS 0x00000000e6f00000| PB 0x00000000e6e00000| Untracked |  0
| 111|0x00000000e6f00000, 0x00000000e7000000, 0x00000000e7000000|100%| O|  |TAMS 0x00000000e7000000| PB 0x00000000e6f00000| Untracked |  0
| 112|0x00000000e7000000, 0x00000000e7100000, 0x00000000e7100000|100%| O|  |TAMS 0x00000000e7100000| PB 0x00000000e7000000| Untracked |  0
| 113|0x00000000e7100000, 0x00000000e7200000, 0x00000000e7200000|100%| O|  |TAMS 0x00000000e7200000| PB 0x00000000e7100000| Untracked |  0
| 114|0x00000000e7200000, 0x00000000e7300000, 0x00000000e7300000|100%| O|  |TAMS 0x00000000e7300000| PB 0x00000000e7200000| Untracked |  0
| 115|0x00000000e7300000, 0x00000000e7400000, 0x00000000e7400000|100%| O|  |TAMS 0x00000000e7400000| PB 0x00000000e7300000| Untracked |  0
| 116|0x00000000e7400000, 0x00000000e7500000, 0x00000000e7500000|100%| O|  |TAMS 0x00000000e7500000| PB 0x00000000e7400000| Untracked |  0
| 117|0x00000000e7500000, 0x00000000e7600000, 0x00000000e7600000|100%| O|  |TAMS 0x00000000e7600000| PB 0x00000000e7500000| Untracked |  0
| 118|0x00000000e7600000, 0x00000000e7700000, 0x00000000e7700000|100%| O|  |TAMS 0x00000000e7700000| PB 0x00000000e7600000| Untracked |  0
| 119|0x00000000e7700000, 0x00000000e7800000, 0x00000000e7800000|100%| O|  |TAMS 0x00000000e7800000| PB 0x00000000e7700000| Untracked |  0
| 120|0x00000000e7800000, 0x00000000e7900000, 0x00000000e7900000|100%| O|  |TAMS 0x00000000e7900000| PB 0x00000000e7800000| Untracked |  0
| 121|0x00000000e7900000, 0x00000000e7a00000, 0x00000000e7a00000|100%| O|  |TAMS 0x00000000e7a00000| PB 0x00000000e7900000| Untracked |  0
| 122|0x00000000e7a00000, 0x00000000e7b00000, 0x00000000e7b00000|100%| O|  |TAMS 0x00000000e7b00000| PB 0x00000000e7a00000| Untracked |  0
| 123|0x00000000e7b00000, 0x00000000e7c00000, 0x00000000e7c00000|100%| O|  |TAMS 0x00000000e7c00000| PB 0x00000000e7b00000| Untracked |  0
| 124|0x00000000e7c00000, 0x00000000e7d00000, 0x00000000e7d00000|100%| O|  |TAMS 0x00000000e7d00000| PB 0x00000000e7c00000| Untracked |  0
| 125|0x00000000e7d00000, 0x00000000e7e00000, 0x00000000e7e00000|100%| O|  |TAMS 0x00000000e7e00000| PB 0x00000000e7d00000| Untracked |  0
| 126|0x00000000e7e00000, 0x00000000e7f00000, 0x00000000e7f00000|100%| O|  |TAMS 0x00000000e7f00000| PB 0x00000000e7e00000| Untracked |  0
| 127|0x00000000e7f00000, 0x00000000e8000000, 0x00000000e8000000|100%| O|  |TAMS 0x00000000e8000000| PB 0x00000000e7f00000| Untracked |  0
| 128|0x00000000e8000000, 0x00000000e8100000, 0x00000000e8100000|100%| O|  |TAMS 0x00000000e8100000| PB 0x00000000e8000000| Untracked |  0
| 129|0x00000000e8100000, 0x00000000e8200000, 0x00000000e8200000|100%| O|  |TAMS 0x00000000e8200000| PB 0x00000000e8100000| Untracked |  0
| 130|0x00000000e8200000, 0x00000000e8300000, 0x00000000e8300000|100%| O|  |TAMS 0x00000000e8300000| PB 0x00000000e8200000| Untracked |  0
| 131|0x00000000e8300000, 0x00000000e8400000, 0x00000000e8400000|100%| O|  |TAMS 0x00000000e8300000| PB 0x00000000e8300000| Untracked |  0
| 132|0x00000000e8400000, 0x00000000e8500000, 0x00000000e8500000|100%| O|  |TAMS 0x00000000e8500000| PB 0x00000000e8400000| Untracked |  0
| 133|0x00000000e8500000, 0x00000000e8600000, 0x00000000e8600000|100%| O|  |TAMS 0x00000000e8600000| PB 0x00000000e8500000| Untracked |  0
| 134|0x00000000e8600000, 0x00000000e8700000, 0x00000000e8700000|100%| O|  |TAMS 0x00000000e8700000| PB 0x00000000e8600000| Untracked |  0
| 135|0x00000000e8700000, 0x00000000e8800000, 0x00000000e8800000|100%| O|  |TAMS 0x00000000e8800000| PB 0x00000000e8700000| Untracked |  0
| 136|0x00000000e8800000, 0x00000000e8900000, 0x00000000e8900000|100%| O|  |TAMS 0x00000000e8900000| PB 0x00000000e8800000| Untracked |  0
| 137|0x00000000e8900000, 0x00000000e8a00000, 0x00000000e8a00000|100%| O|  |TAMS 0x00000000e8a00000| PB 0x00000000e8900000| Untracked |  0
| 138|0x00000000e8a00000, 0x00000000e8b00000, 0x00000000e8b00000|100%| O|  |TAMS 0x00000000e8b00000| PB 0x00000000e8a00000| Untracked |  0
| 139|0x00000000e8b00000, 0x00000000e8c00000, 0x00000000e8c00000|100%| O|  |TAMS 0x00000000e8c00000| PB 0x00000000e8b00000| Untracked |  0
| 140|0x00000000e8c00000, 0x00000000e8d00000, 0x00000000e8d00000|100%| O|  |TAMS 0x00000000e8d00000| PB 0x00000000e8c00000| Untracked |  0
| 141|0x00000000e8d00000, 0x00000000e8e00000, 0x00000000e8e00000|100%| O|  |TAMS 0x00000000e8e00000| PB 0x00000000e8d00000| Untracked |  0
| 142|0x00000000e8e00000, 0x00000000e8f00000, 0x00000000e8f00000|100%| O|  |TAMS 0x00000000e8f00000| PB 0x00000000e8e00000| Untracked |  0
| 143|0x00000000e8f00000, 0x00000000e9000000, 0x00000000e9000000|100%| O|  |TAMS 0x00000000e9000000| PB 0x00000000e8f00000| Untracked |  0
| 144|0x00000000e9000000, 0x00000000e9100000, 0x00000000e9100000|100%| O|  |TAMS 0x00000000e9100000| PB 0x00000000e9000000| Untracked |  0
| 145|0x00000000e9100000, 0x00000000e9200000, 0x00000000e9200000|100%| O|  |TAMS 0x00000000e9200000| PB 0x00000000e9100000| Untracked |  0
| 146|0x00000000e9200000, 0x00000000e9300000, 0x00000000e9300000|100%| O|  |TAMS 0x00000000e9300000| PB 0x00000000e9200000| Untracked |  0
| 147|0x00000000e9300000, 0x00000000e9400000, 0x00000000e9400000|100%| O|  |TAMS 0x00000000e9400000| PB 0x00000000e9300000| Untracked |  0
| 148|0x00000000e9400000, 0x00000000e9500000, 0x00000000e9500000|100%| O|  |TAMS 0x00000000e9500000| PB 0x00000000e9400000| Untracked |  0
| 149|0x00000000e9500000, 0x00000000e9600000, 0x00000000e9600000|100%| O|  |TAMS 0x00000000e9600000| PB 0x00000000e9500000| Untracked |  0
| 150|0x00000000e9600000, 0x00000000e9700000, 0x00000000e9700000|100%| O|  |TAMS 0x00000000e9700000| PB 0x00000000e9600000| Untracked |  0
| 151|0x00000000e9700000, 0x00000000e9800000, 0x00000000e9800000|100%| O|  |TAMS 0x00000000e9800000| PB 0x00000000e9700000| Untracked |  0
| 152|0x00000000e9800000, 0x00000000e9900000, 0x00000000e9900000|100%| O|  |TAMS 0x00000000e9900000| PB 0x00000000e9800000| Untracked |  0
| 153|0x00000000e9900000, 0x00000000e9a00000, 0x00000000e9a00000|100%| O|  |TAMS 0x00000000e9a00000| PB 0x00000000e9900000| Untracked |  0
| 154|0x00000000e9a00000, 0x00000000e9b00000, 0x00000000e9b00000|100%| O|  |TAMS 0x00000000e9b00000| PB 0x00000000e9a00000| Untracked |  0
| 155|0x00000000e9b00000, 0x00000000e9c00000, 0x00000000e9c00000|100%| O|  |TAMS 0x00000000e9c00000| PB 0x00000000e9b00000| Untracked |  0
| 156|0x00000000e9c00000, 0x00000000e9d00000, 0x00000000e9d00000|100%| O|  |TAMS 0x00000000e9d00000| PB 0x00000000e9c00000| Untracked |  0
| 157|0x00000000e9d00000, 0x00000000e9e00000, 0x00000000e9e00000|100%| O|  |TAMS 0x00000000e9e00000| PB 0x00000000e9d00000| Untracked |  0
| 158|0x00000000e9e00000, 0x00000000e9f00000, 0x00000000e9f00000|100%| O|  |TAMS 0x00000000e9f00000| PB 0x00000000e9e00000| Untracked |  0
| 159|0x00000000e9f00000, 0x00000000ea000000, 0x00000000ea000000|100%| O|  |TAMS 0x00000000ea000000| PB 0x00000000e9f00000| Untracked |  0
| 160|0x00000000ea000000, 0x00000000ea100000, 0x00000000ea100000|100%| O|  |TAMS 0x00000000ea100000| PB 0x00000000ea000000| Untracked |  0
| 161|0x00000000ea100000, 0x00000000ea200000, 0x00000000ea200000|100%| O|  |TAMS 0x00000000ea200000| PB 0x00000000ea100000| Untracked |  0
| 162|0x00000000ea200000, 0x00000000ea300000, 0x00000000ea300000|100%| O|  |TAMS 0x00000000ea300000| PB 0x00000000ea200000| Untracked |  0
| 163|0x00000000ea300000, 0x00000000ea400000, 0x00000000ea400000|100%| O|  |TAMS 0x00000000ea400000| PB 0x00000000ea300000| Untracked |  0
| 164|0x00000000ea400000, 0x00000000ea500000, 0x00000000ea500000|100%| O|  |TAMS 0x00000000ea500000| PB 0x00000000ea400000| Untracked |  0
| 165|0x00000000ea500000, 0x00000000ea600000, 0x00000000ea600000|100%| O|  |TAMS 0x00000000ea600000| PB 0x00000000ea500000| Untracked |  0
| 166|0x00000000ea600000, 0x00000000ea700000, 0x00000000ea700000|100%| O|  |TAMS 0x00000000ea700000| PB 0x00000000ea600000| Untracked |  0
| 167|0x00000000ea700000, 0x00000000ea800000, 0x00000000ea800000|100%| O|  |TAMS 0x00000000ea800000| PB 0x00000000ea700000| Untracked |  0
| 168|0x00000000ea800000, 0x00000000ea900000, 0x00000000ea900000|100%| O|  |TAMS 0x00000000ea900000| PB 0x00000000ea800000| Untracked |  0
| 169|0x00000000ea900000, 0x00000000eaa00000, 0x00000000eaa00000|100%| O|  |TAMS 0x00000000eaa00000| PB 0x00000000ea900000| Untracked |  0
| 170|0x00000000eaa00000, 0x00000000eab00000, 0x00000000eab00000|100%| O|  |TAMS 0x00000000eab00000| PB 0x00000000eaa00000| Untracked |  0
| 171|0x00000000eab00000, 0x00000000eac00000, 0x00000000eac00000|100%| O|  |TAMS 0x00000000eac00000| PB 0x00000000eab00000| Untracked |  0
| 172|0x00000000eac00000, 0x00000000ead00000, 0x00000000ead00000|100%| O|  |TAMS 0x00000000ead00000| PB 0x00000000eac00000| Untracked |  0
| 173|0x00000000ead00000, 0x00000000eae00000, 0x00000000eae00000|100%| O|  |TAMS 0x00000000eae00000| PB 0x00000000ead00000| Untracked |  0
| 174|0x00000000eae00000, 0x00000000eaf00000, 0x00000000eaf00000|100%| O|  |TAMS 0x00000000eaf00000| PB 0x00000000eae00000| Untracked |  0
| 175|0x00000000eaf00000, 0x00000000eb000000, 0x00000000eb000000|100%| O|  |TAMS 0x00000000eb000000| PB 0x00000000eaf00000| Untracked |  0
| 176|0x00000000eb000000, 0x00000000eb100000, 0x00000000eb100000|100%| O|  |TAMS 0x00000000eb100000| PB 0x00000000eb000000| Untracked |  0
| 177|0x00000000eb100000, 0x00000000eb200000, 0x00000000eb200000|100%| O|  |TAMS 0x00000000eb200000| PB 0x00000000eb100000| Untracked |  0
| 178|0x00000000eb200000, 0x00000000eb300000, 0x00000000eb300000|100%| O|  |TAMS 0x00000000eb300000| PB 0x00000000eb200000| Untracked |  0
| 179|0x00000000eb300000, 0x00000000eb400000, 0x00000000eb400000|100%| O|  |TAMS 0x00000000eb400000| PB 0x00000000eb300000| Untracked |  0
| 180|0x00000000eb400000, 0x00000000eb500000, 0x00000000eb500000|100%| O|  |TAMS 0x00000000eb500000| PB 0x00000000eb400000| Untracked |  0
| 181|0x00000000eb500000, 0x00000000eb600000, 0x00000000eb600000|100%| O|  |TAMS 0x00000000eb600000| PB 0x00000000eb500000| Untracked |  0
| 182|0x00000000eb600000, 0x00000000eb700000, 0x00000000eb700000|100%| O|  |TAMS 0x00000000eb700000| PB 0x00000000eb600000| Untracked |  0
| 183|0x00000000eb700000, 0x00000000eb800000, 0x00000000eb800000|100%| O|  |TAMS 0x00000000eb800000| PB 0x00000000eb700000| Untracked |  0
| 184|0x00000000eb800000, 0x00000000eb900000, 0x00000000eb900000|100%| O|  |TAMS 0x00000000eb900000| PB 0x00000000eb800000| Untracked |  0
| 185|0x00000000eb900000, 0x00000000eba00000, 0x00000000eba00000|100%| O|  |TAMS 0x00000000eba00000| PB 0x00000000eb900000| Untracked |  0
| 186|0x00000000eba00000, 0x00000000ebb00000, 0x00000000ebb00000|100%| O|  |TAMS 0x00000000ebb00000| PB 0x00000000eba00000| Untracked |  0
| 187|0x00000000ebb00000, 0x00000000ebc00000, 0x00000000ebc00000|100%| O|  |TAMS 0x00000000ebc00000| PB 0x00000000ebb00000| Untracked |  0
| 188|0x00000000ebc00000, 0x00000000ebd00000, 0x00000000ebd00000|100%| O|  |TAMS 0x00000000ebd00000| PB 0x00000000ebc00000| Untracked |  0
| 189|0x00000000ebd00000, 0x00000000ebe00000, 0x00000000ebe00000|100%| O|  |TAMS 0x00000000ebe00000| PB 0x00000000ebd00000| Untracked |  0
| 190|0x00000000ebe00000, 0x00000000ebf00000, 0x00000000ebf00000|100%| O|  |TAMS 0x00000000ebf00000| PB 0x00000000ebe00000| Untracked |  0
| 191|0x00000000ebf00000, 0x00000000ec000000, 0x00000000ec000000|100%| O|  |TAMS 0x00000000ec000000| PB 0x00000000ebf00000| Untracked |  0
| 192|0x00000000ec000000, 0x00000000ec100000, 0x00000000ec100000|100%| O|  |TAMS 0x00000000ec100000| PB 0x00000000ec000000| Untracked |  0
| 193|0x00000000ec100000, 0x00000000ec200000, 0x00000000ec200000|100%| O|  |TAMS 0x00000000ec200000| PB 0x00000000ec100000| Untracked |  0
| 194|0x00000000ec200000, 0x00000000ec300000, 0x00000000ec300000|100%| O|  |TAMS 0x00000000ec300000| PB 0x00000000ec200000| Untracked |  0
| 195|0x00000000ec300000, 0x00000000ec400000, 0x00000000ec400000|100%| O|  |TAMS 0x00000000ec400000| PB 0x00000000ec300000| Untracked |  0
| 196|0x00000000ec400000, 0x00000000ec500000, 0x00000000ec500000|100%| O|  |TAMS 0x00000000ec500000| PB 0x00000000ec400000| Untracked |  0
| 197|0x00000000ec500000, 0x00000000ec600000, 0x00000000ec600000|100%| O|  |TAMS 0x00000000ec600000| PB 0x00000000ec500000| Untracked |  0
| 198|0x00000000ec600000, 0x00000000ec700000, 0x00000000ec700000|100%| O|  |TAMS 0x00000000ec700000| PB 0x00000000ec600000| Untracked |  0
| 199|0x00000000ec700000, 0x00000000ec800000, 0x00000000ec800000|100%| O|  |TAMS 0x00000000ec800000| PB 0x00000000ec700000| Untracked |  0
| 200|0x00000000ec800000, 0x00000000ec900000, 0x00000000ec900000|100%| O|  |TAMS 0x00000000ec900000| PB 0x00000000ec800000| Untracked |  0
| 201|0x00000000ec900000, 0x00000000eca00000, 0x00000000eca00000|100%| O|  |TAMS 0x00000000eca00000| PB 0x00000000ec900000| Untracked |  0
| 202|0x00000000eca00000, 0x00000000ecb00000, 0x00000000ecb00000|100%| O|  |TAMS 0x00000000ecb00000| PB 0x00000000eca00000| Untracked |  0
| 203|0x00000000ecb00000, 0x00000000ecc00000, 0x00000000ecc00000|100%| O|  |TAMS 0x00000000ecc00000| PB 0x00000000ecb00000| Untracked |  0
| 204|0x00000000ecc00000, 0x00000000ecd00000, 0x00000000ecd00000|100%| O|  |TAMS 0x00000000ecd00000| PB 0x00000000ecc00000| Untracked |  0
| 205|0x00000000ecd00000, 0x00000000ece00000, 0x00000000ece00000|100%| O|  |TAMS 0x00000000ece00000| PB 0x00000000ecd00000| Untracked |  0
| 206|0x00000000ece00000, 0x00000000ecf00000, 0x00000000ecf00000|100%| O|  |TAMS 0x00000000ecf00000| PB 0x00000000ece00000| Untracked |  0
| 207|0x00000000ecf00000, 0x00000000ed000000, 0x00000000ed000000|100%| O|  |TAMS 0x00000000ed000000| PB 0x00000000ecf00000| Untracked |  0
| 208|0x00000000ed000000, 0x00000000ed100000, 0x00000000ed100000|100%| O|  |TAMS 0x00000000ed100000| PB 0x00000000ed000000| Untracked |  0
| 209|0x00000000ed100000, 0x00000000ed200000, 0x00000000ed200000|100%| O|  |TAMS 0x00000000ed200000| PB 0x00000000ed100000| Untracked |  0
| 210|0x00000000ed200000, 0x00000000ed300000, 0x00000000ed300000|100%| O|  |TAMS 0x00000000ed300000| PB 0x00000000ed200000| Untracked |  0
| 211|0x00000000ed300000, 0x00000000ed400000, 0x00000000ed400000|100%| O|  |TAMS 0x00000000ed400000| PB 0x00000000ed300000| Untracked |  0
| 212|0x00000000ed400000, 0x00000000ed500000, 0x00000000ed500000|100%| O|  |TAMS 0x00000000ed400000| PB 0x00000000ed400000| Untracked |  0
| 213|0x00000000ed500000, 0x00000000ed600000, 0x00000000ed600000|100%| O|  |TAMS 0x00000000ed600000| PB 0x00000000ed500000| Untracked |  0
| 214|0x00000000ed600000, 0x00000000ed700000, 0x00000000ed700000|100%| O|  |TAMS 0x00000000ed700000| PB 0x00000000ed600000| Untracked |  0
| 215|0x00000000ed700000, 0x00000000ed800000, 0x00000000ed800000|100%| O|  |TAMS 0x00000000ed800000| PB 0x00000000ed700000| Untracked |  0
| 216|0x00000000ed800000, 0x00000000ed900000, 0x00000000ed900000|100%| O|  |TAMS 0x00000000ed900000| PB 0x00000000ed800000| Untracked |  0
| 217|0x00000000ed900000, 0x00000000eda00000, 0x00000000eda00000|100%| O|  |TAMS 0x00000000eda00000| PB 0x00000000ed900000| Untracked |  0
| 218|0x00000000eda00000, 0x00000000edb00000, 0x00000000edb00000|100%| O|  |TAMS 0x00000000edb00000| PB 0x00000000eda00000| Untracked |  0
| 219|0x00000000edb00000, 0x00000000edc00000, 0x00000000edc00000|100%| O|  |TAMS 0x00000000edc00000| PB 0x00000000edb00000| Untracked |  0
| 220|0x00000000edc00000, 0x00000000edd00000, 0x00000000edd00000|100%| O|  |TAMS 0x00000000edc00000| PB 0x00000000edc00000| Untracked |  0
| 221|0x00000000edd00000, 0x00000000ede00000, 0x00000000ede00000|100%| O|  |TAMS 0x00000000ede00000| PB 0x00000000edd00000| Untracked |  0
| 222|0x00000000ede00000, 0x00000000edf00000, 0x00000000edf00000|100%| O|  |TAMS 0x00000000edf00000| PB 0x00000000ede00000| Untracked |  0
| 223|0x00000000edf00000, 0x00000000ee000000, 0x00000000ee000000|100%| O|  |TAMS 0x00000000ee000000| PB 0x00000000edf00000| Untracked |  0
| 224|0x00000000ee000000, 0x00000000ee100000, 0x00000000ee100000|100%| O|  |TAMS 0x00000000ee100000| PB 0x00000000ee000000| Untracked |  0
| 225|0x00000000ee100000, 0x00000000ee200000, 0x00000000ee200000|100%| O|  |TAMS 0x00000000ee200000| PB 0x00000000ee100000| Untracked |  0
| 226|0x00000000ee200000, 0x00000000ee300000, 0x00000000ee300000|100%| O|  |TAMS 0x00000000ee300000| PB 0x00000000ee200000| Untracked |  0
| 227|0x00000000ee300000, 0x00000000ee400000, 0x00000000ee400000|100%| O|  |TAMS 0x00000000ee400000| PB 0x00000000ee300000| Untracked |  0
| 228|0x00000000ee400000, 0x00000000ee500000, 0x00000000ee500000|100%| O|  |TAMS 0x00000000ee500000| PB 0x00000000ee400000| Untracked |  0
| 229|0x00000000ee500000, 0x00000000ee600000, 0x00000000ee600000|100%| O|  |TAMS 0x00000000ee600000| PB 0x00000000ee500000| Untracked |  0
| 230|0x00000000ee600000, 0x00000000ee700000, 0x00000000ee700000|100%| O|  |TAMS 0x00000000ee700000| PB 0x00000000ee600000| Untracked |  0
| 231|0x00000000ee700000, 0x00000000ee800000, 0x00000000ee800000|100%| O|  |TAMS 0x00000000ee800000| PB 0x00000000ee700000| Untracked |  0
| 232|0x00000000ee800000, 0x00000000ee900000, 0x00000000ee900000|100%| O|  |TAMS 0x00000000ee800000| PB 0x00000000ee800000| Untracked |  0
| 233|0x00000000ee900000, 0x00000000eea00000, 0x00000000eea00000|100%| O|  |TAMS 0x00000000ee900000| PB 0x00000000ee900000| Untracked |  0
| 234|0x00000000eea00000, 0x00000000eeb00000, 0x00000000eeb00000|100%| O|  |TAMS 0x00000000eea00000| PB 0x00000000eea00000| Untracked |  0
| 235|0x00000000eeb00000, 0x00000000eec00000, 0x00000000eec00000|100%| O|  |TAMS 0x00000000eeb00000| PB 0x00000000eeb00000| Untracked |  0
| 236|0x00000000eec00000, 0x00000000eed00000, 0x00000000eed00000|100%| O|  |TAMS 0x00000000eed00000| PB 0x00000000eec00000| Untracked |  0
| 237|0x00000000eed00000, 0x00000000eee00000, 0x00000000eee00000|100%| O|  |TAMS 0x00000000eee00000| PB 0x00000000eed00000| Untracked |  0
| 238|0x00000000eee00000, 0x00000000eef00000, 0x00000000eef00000|100%| O|  |TAMS 0x00000000eef00000| PB 0x00000000eee00000| Untracked |  0
| 239|0x00000000eef00000, 0x00000000ef000000, 0x00000000ef000000|100%| O|  |TAMS 0x00000000ef000000| PB 0x00000000eef00000| Untracked |  0
| 240|0x00000000ef000000, 0x00000000ef100000, 0x00000000ef100000|100%| O|  |TAMS 0x00000000ef100000| PB 0x00000000ef000000| Untracked |  0
| 241|0x00000000ef100000, 0x00000000ef200000, 0x00000000ef200000|100%| O|  |TAMS 0x00000000ef200000| PB 0x00000000ef100000| Untracked |  0
| 242|0x00000000ef200000, 0x00000000ef300000, 0x00000000ef300000|100%| O|  |TAMS 0x00000000ef300000| PB 0x00000000ef200000| Untracked |  0
| 243|0x00000000ef300000, 0x00000000ef400000, 0x00000000ef400000|100%| O|  |TAMS 0x00000000ef400000| PB 0x00000000ef300000| Untracked |  0
| 244|0x00000000ef400000, 0x00000000ef500000, 0x00000000ef500000|100%| O|  |TAMS 0x00000000ef500000| PB 0x00000000ef400000| Untracked |  0
| 245|0x00000000ef500000, 0x00000000ef600000, 0x00000000ef600000|100%| O|  |TAMS 0x00000000ef600000| PB 0x00000000ef500000| Untracked |  0
| 246|0x00000000ef600000, 0x00000000ef700000, 0x00000000ef700000|100%|HS|  |TAMS 0x00000000ef600000| PB 0x00000000ef600000| Complete |  0
| 247|0x00000000ef700000, 0x00000000ef800000, 0x00000000ef800000|100%| O|  |TAMS 0x00000000ef800000| PB 0x00000000ef700000| Untracked |  0
| 248|0x00000000ef800000, 0x00000000ef900000, 0x00000000ef900000|100%| O|  |TAMS 0x00000000ef900000| PB 0x00000000ef800000| Untracked |  0
| 249|0x00000000ef900000, 0x00000000efa00000, 0x00000000efa00000|100%| O|  |TAMS 0x00000000efa00000| PB 0x00000000ef900000| Untracked |  0
| 250|0x00000000efa00000, 0x00000000efb00000, 0x00000000efb00000|100%|HS|  |TAMS 0x00000000efa00000| PB 0x00000000efa00000| Complete |  0
| 251|0x00000000efb00000, 0x00000000efc00000, 0x00000000efc00000|100%| O|  |TAMS 0x00000000efc00000| PB 0x00000000efb00000| Untracked |  0
| 252|0x00000000efc00000, 0x00000000efd00000, 0x00000000efd00000|100%| O|  |TAMS 0x00000000efd00000| PB 0x00000000efc00000| Untracked |  0
| 253|0x00000000efd00000, 0x00000000efe00000, 0x00000000efe00000|100%| O|  |TAMS 0x00000000efe00000| PB 0x00000000efd00000| Untracked |  0
| 254|0x00000000efe00000, 0x00000000eff00000, 0x00000000eff00000|100%| O|  |TAMS 0x00000000eff00000| PB 0x00000000efe00000| Untracked |  0
| 255|0x00000000eff00000, 0x00000000f0000000, 0x00000000f0000000|100%| O|  |TAMS 0x00000000f0000000| PB 0x00000000eff00000| Untracked |  0
| 256|0x00000000f0000000, 0x00000000f0100000, 0x00000000f0100000|100%| O|  |TAMS 0x00000000f0100000| PB 0x00000000f0000000| Untracked |  0
| 257|0x00000000f0100000, 0x00000000f0200000, 0x00000000f0200000|100%| O|  |TAMS 0x00000000f0200000| PB 0x00000000f0100000| Untracked |  0
| 258|0x00000000f0200000, 0x00000000f0300000, 0x00000000f0300000|100%| O|  |TAMS 0x00000000f0300000| PB 0x00000000f0200000| Untracked |  0
| 259|0x00000000f0300000, 0x00000000f0400000, 0x00000000f0400000|100%| O|  |TAMS 0x00000000f0400000| PB 0x00000000f0300000| Untracked |  0
| 260|0x00000000f0400000, 0x00000000f0500000, 0x00000000f0500000|100%| O|  |TAMS 0x00000000f0500000| PB 0x00000000f0400000| Untracked |  0
| 261|0x00000000f0500000, 0x00000000f0600000, 0x00000000f0600000|100%| O|  |TAMS 0x00000000f0600000| PB 0x00000000f0500000| Untracked |  0
| 262|0x00000000f0600000, 0x00000000f0700000, 0x00000000f0700000|100%| O|  |TAMS 0x00000000f0700000| PB 0x00000000f0600000| Untracked |  0
| 263|0x00000000f0700000, 0x00000000f0800000, 0x00000000f0800000|100%| O|  |TAMS 0x00000000f0800000| PB 0x00000000f0700000| Untracked |  0
| 264|0x00000000f0800000, 0x00000000f0900000, 0x00000000f0900000|100%| O|  |TAMS 0x00000000f0900000| PB 0x00000000f0800000| Untracked |  0
| 265|0x00000000f0900000, 0x00000000f0a00000, 0x00000000f0a00000|100%| O|  |TAMS 0x00000000f0a00000| PB 0x00000000f0900000| Untracked |  0
| 266|0x00000000f0a00000, 0x00000000f0b00000, 0x00000000f0b00000|100%| O|  |TAMS 0x00000000f0b00000| PB 0x00000000f0a00000| Untracked |  0
| 267|0x00000000f0b00000, 0x00000000f0c00000, 0x00000000f0c00000|100%| O|  |TAMS 0x00000000f0b677d8| PB 0x00000000f0b00000| Untracked |  0
| 268|0x00000000f0c00000, 0x00000000f0c00000, 0x00000000f0d00000|  0%| F|  |TAMS 0x00000000f0c00000| PB 0x00000000f0c00000| Untracked |  0
| 269|0x00000000f0d00000, 0x00000000f0d00000, 0x00000000f0e00000|  0%| F|  |TAMS 0x00000000f0d00000| PB 0x00000000f0d00000| Untracked |  0
| 270|0x00000000f0e00000, 0x00000000f0e00000, 0x00000000f0f00000|  0%| F|  |TAMS 0x00000000f0e00000| PB 0x00000000f0e00000| Untracked |  0
| 271|0x00000000f0f00000, 0x00000000f0f00000, 0x00000000f1000000|  0%| F|  |TAMS 0x00000000f0f00000| PB 0x00000000f0f00000| Untracked |  0
| 272|0x00000000f1000000, 0x00000000f10b8560, 0x00000000f1100000| 72%| O|  |TAMS 0x00000000f1000000| PB 0x00000000f1000000| Untracked |  0
| 273|0x00000000f1100000, 0x00000000f1100000, 0x00000000f1200000|  0%| F|  |TAMS 0x00000000f1100000| PB 0x00000000f1100000| Untracked |  0
| 274|0x00000000f1200000, 0x00000000f1200000, 0x00000000f1300000|  0%| F|  |TAMS 0x00000000f1200000| PB 0x00000000f1200000| Untracked |  0
| 275|0x00000000f1300000, 0x00000000f1300000, 0x00000000f1400000|  0%| F|  |TAMS 0x00000000f1300000| PB 0x00000000f1300000| Untracked |  0
| 276|0x00000000f1400000, 0x00000000f1400000, 0x00000000f1500000|  0%| F|  |TAMS 0x00000000f1400000| PB 0x00000000f1400000| Untracked |  0
| 277|0x00000000f1500000, 0x00000000f1500000, 0x00000000f1600000|  0%| F|  |TAMS 0x00000000f1500000| PB 0x00000000f1500000| Untracked |  0
| 278|0x00000000f1600000, 0x00000000f1600000, 0x00000000f1700000|  0%| F|  |TAMS 0x00000000f1600000| PB 0x00000000f1600000| Untracked |  0
| 279|0x00000000f1700000, 0x00000000f171f9f8, 0x00000000f1800000| 12%| S|CS|TAMS 0x00000000f1700000| PB 0x00000000f1700000| Complete |  0
| 280|0x00000000f1800000, 0x00000000f1900000, 0x00000000f1900000|100%| S|CS|TAMS 0x00000000f1800000| PB 0x00000000f1800000| Complete |  0
| 281|0x00000000f1900000, 0x00000000f1a00000, 0x00000000f1a00000|100%| S|CS|TAMS 0x00000000f1900000| PB 0x00000000f1900000| Complete |  0
| 282|0x00000000f1a00000, 0x00000000f1b00000, 0x00000000f1b00000|100%| S|CS|TAMS 0x00000000f1a00000| PB 0x00000000f1a00000| Complete |  0
| 283|0x00000000f1b00000, 0x00000000f1c00000, 0x00000000f1c00000|100%| S|CS|TAMS 0x00000000f1b00000| PB 0x00000000f1b00000| Complete |  0
| 284|0x00000000f1c00000, 0x00000000f1d00000, 0x00000000f1d00000|100%| S|CS|TAMS 0x00000000f1c00000| PB 0x00000000f1c00000| Complete |  0
| 285|0x00000000f1d00000, 0x00000000f1e00000, 0x00000000f1e00000|100%| S|CS|TAMS 0x00000000f1d00000| PB 0x00000000f1d00000| Complete |  0
| 286|0x00000000f1e00000, 0x00000000f1f00000, 0x00000000f1f00000|100%| S|CS|TAMS 0x00000000f1e00000| PB 0x00000000f1e00000| Complete |  0
| 287|0x00000000f1f00000, 0x00000000f1f00000, 0x00000000f2000000|  0%| F|  |TAMS 0x00000000f1f00000| PB 0x00000000f1f00000| Untracked |  0
| 288|0x00000000f2000000, 0x00000000f2000000, 0x00000000f2100000|  0%| F|  |TAMS 0x00000000f2000000| PB 0x00000000f2000000| Untracked |  0
| 289|0x00000000f2100000, 0x00000000f2100000, 0x00000000f2200000|  0%| F|  |TAMS 0x00000000f2100000| PB 0x00000000f2100000| Untracked |  0
| 290|0x00000000f2200000, 0x00000000f2200000, 0x00000000f2300000|  0%| F|  |TAMS 0x00000000f2200000| PB 0x00000000f2200000| Untracked |  0
| 291|0x00000000f2300000, 0x00000000f2300000, 0x00000000f2400000|  0%| F|  |TAMS 0x00000000f2300000| PB 0x00000000f2300000| Untracked |  0
| 292|0x00000000f2400000, 0x00000000f2400000, 0x00000000f2500000|  0%| F|  |TAMS 0x00000000f2400000| PB 0x00000000f2400000| Untracked |  0
| 293|0x00000000f2500000, 0x00000000f2500000, 0x00000000f2600000|  0%| F|  |TAMS 0x00000000f2500000| PB 0x00000000f2500000| Untracked |  0
| 294|0x00000000f2600000, 0x00000000f2600000, 0x00000000f2700000|  0%| F|  |TAMS 0x00000000f2600000| PB 0x00000000f2600000| Untracked |  0
| 295|0x00000000f2700000, 0x00000000f2700000, 0x00000000f2800000|  0%| F|  |TAMS 0x00000000f2700000| PB 0x00000000f2700000| Untracked |  0
| 296|0x00000000f2800000, 0x00000000f2800000, 0x00000000f2900000|  0%| F|  |TAMS 0x00000000f2800000| PB 0x00000000f2800000| Untracked |  0
| 297|0x00000000f2900000, 0x00000000f2900000, 0x00000000f2a00000|  0%| F|  |TAMS 0x00000000f2900000| PB 0x00000000f2900000| Untracked |  0
| 298|0x00000000f2a00000, 0x00000000f2a00000, 0x00000000f2b00000|  0%| F|  |TAMS 0x00000000f2a00000| PB 0x00000000f2a00000| Untracked |  0
| 299|0x00000000f2b00000, 0x00000000f2c00000, 0x00000000f2c00000|100%| S|CS|TAMS 0x00000000f2b00000| PB 0x00000000f2b00000| Complete |  0
| 300|0x00000000f2c00000, 0x00000000f2d00000, 0x00000000f2d00000|100%| S|CS|TAMS 0x00000000f2c00000| PB 0x00000000f2c00000| Complete |  0
| 301|0x00000000f2d00000, 0x00000000f2e00000, 0x00000000f2e00000|100%| S|CS|TAMS 0x00000000f2d00000| PB 0x00000000f2d00000| Complete |  0
| 302|0x00000000f2e00000, 0x00000000f2f00000, 0x00000000f2f00000|100%| S|CS|TAMS 0x00000000f2e00000| PB 0x00000000f2e00000| Complete |  0
| 303|0x00000000f2f00000, 0x00000000f3000000, 0x00000000f3000000|100%| S|CS|TAMS 0x00000000f2f00000| PB 0x00000000f2f00000| Complete |  0
| 304|0x00000000f3000000, 0x00000000f3100000, 0x00000000f3100000|100%| S|CS|TAMS 0x00000000f3000000| PB 0x00000000f3000000| Complete |  0
| 305|0x00000000f3100000, 0x00000000f3100000, 0x00000000f3200000|  0%| F|  |TAMS 0x00000000f3100000| PB 0x00000000f3100000| Untracked |  0
| 306|0x00000000f3200000, 0x00000000f3300000, 0x00000000f3300000|100%| E|CS|TAMS 0x00000000f3200000| PB 0x00000000f3200000| Complete |  0
| 307|0x00000000f3300000, 0x00000000f3400000, 0x00000000f3400000|100%| E|CS|TAMS 0x00000000f3300000| PB 0x00000000f3300000| Complete |  0
| 308|0x00000000f3400000, 0x00000000f3500000, 0x00000000f3500000|100%| E|CS|TAMS 0x00000000f3400000| PB 0x00000000f3400000| Complete |  0
| 309|0x00000000f3500000, 0x00000000f3600000, 0x00000000f3600000|100%| E|CS|TAMS 0x00000000f3500000| PB 0x00000000f3500000| Complete |  0
| 310|0x00000000f3600000, 0x00000000f3700000, 0x00000000f3700000|100%| E|CS|TAMS 0x00000000f3600000| PB 0x00000000f3600000| Complete |  0
| 311|0x00000000f3700000, 0x00000000f3800000, 0x00000000f3800000|100%| E|CS|TAMS 0x00000000f3700000| PB 0x00000000f3700000| Complete |  0
| 312|0x00000000f3800000, 0x00000000f3900000, 0x00000000f3900000|100%| E|CS|TAMS 0x00000000f3800000| PB 0x00000000f3800000| Complete |  0
| 313|0x00000000f3900000, 0x00000000f3a00000, 0x00000000f3a00000|100%| E|CS|TAMS 0x00000000f3900000| PB 0x00000000f3900000| Complete |  0
| 314|0x00000000f3a00000, 0x00000000f3b00000, 0x00000000f3b00000|100%| E|CS|TAMS 0x00000000f3a00000| PB 0x00000000f3a00000| Complete |  0
| 315|0x00000000f3b00000, 0x00000000f3c00000, 0x00000000f3c00000|100%| E|CS|TAMS 0x00000000f3b00000| PB 0x00000000f3b00000| Complete |  0
| 316|0x00000000f3c00000, 0x00000000f3d00000, 0x00000000f3d00000|100%| E|CS|TAMS 0x00000000f3c00000| PB 0x00000000f3c00000| Complete |  0
| 317|0x00000000f3d00000, 0x00000000f3e00000, 0x00000000f3e00000|100%| E|CS|TAMS 0x00000000f3d00000| PB 0x00000000f3d00000| Complete |  0
| 318|0x00000000f3e00000, 0x00000000f3f00000, 0x00000000f3f00000|100%| E|CS|TAMS 0x00000000f3e00000| PB 0x00000000f3e00000| Complete |  0
| 319|0x00000000f3f00000, 0x00000000f4000000, 0x00000000f4000000|100%| E|CS|TAMS 0x00000000f3f00000| PB 0x00000000f3f00000| Complete |  0
| 320|0x00000000f4000000, 0x00000000f4100000, 0x00000000f4100000|100%| E|CS|TAMS 0x00000000f4000000| PB 0x00000000f4000000| Complete |  0
| 321|0x00000000f4100000, 0x00000000f4200000, 0x00000000f4200000|100%| E|CS|TAMS 0x00000000f4100000| PB 0x00000000f4100000| Complete |  0
| 322|0x00000000f4200000, 0x00000000f4300000, 0x00000000f4300000|100%| E|CS|TAMS 0x00000000f4200000| PB 0x00000000f4200000| Complete |  0
| 323|0x00000000f4300000, 0x00000000f4400000, 0x00000000f4400000|100%| E|CS|TAMS 0x00000000f4300000| PB 0x00000000f4300000| Complete |  0
| 324|0x00000000f4400000, 0x00000000f4500000, 0x00000000f4500000|100%| E|CS|TAMS 0x00000000f4400000| PB 0x00000000f4400000| Complete |  0
| 325|0x00000000f4500000, 0x00000000f4600000, 0x00000000f4600000|100%| E|CS|TAMS 0x00000000f4500000| PB 0x00000000f4500000| Complete |  0
| 326|0x00000000f4600000, 0x00000000f4700000, 0x00000000f4700000|100%| E|CS|TAMS 0x00000000f4600000| PB 0x00000000f4600000| Complete |  0
| 327|0x00000000f4700000, 0x00000000f4800000, 0x00000000f4800000|100%| E|CS|TAMS 0x00000000f4700000| PB 0x00000000f4700000| Complete |  0
| 328|0x00000000f4800000, 0x00000000f4900000, 0x00000000f4900000|100%| E|CS|TAMS 0x00000000f4800000| PB 0x00000000f4800000| Complete |  0
| 329|0x00000000f4900000, 0x00000000f4a00000, 0x00000000f4a00000|100%| E|CS|TAMS 0x00000000f4900000| PB 0x00000000f4900000| Complete |  0
| 330|0x00000000f4a00000, 0x00000000f4b00000, 0x00000000f4b00000|100%| E|CS|TAMS 0x00000000f4a00000| PB 0x00000000f4a00000| Complete |  0
| 331|0x00000000f4b00000, 0x00000000f4c00000, 0x00000000f4c00000|100%| E|CS|TAMS 0x00000000f4b00000| PB 0x00000000f4b00000| Complete |  0
| 332|0x00000000f4c00000, 0x00000000f4d00000, 0x00000000f4d00000|100%| E|CS|TAMS 0x00000000f4c00000| PB 0x00000000f4c00000| Complete |  0
| 333|0x00000000f4d00000, 0x00000000f4e00000, 0x00000000f4e00000|100%| E|CS|TAMS 0x00000000f4d00000| PB 0x00000000f4d00000| Complete |  0
| 334|0x00000000f4e00000, 0x00000000f4f00000, 0x00000000f4f00000|100%| E|CS|TAMS 0x00000000f4e00000| PB 0x00000000f4e00000| Complete |  0
| 335|0x00000000f4f00000, 0x00000000f5000000, 0x00000000f5000000|100%| E|CS|TAMS 0x00000000f4f00000| PB 0x00000000f4f00000| Complete |  0
| 336|0x00000000f5000000, 0x00000000f5100000, 0x00000000f5100000|100%| E|CS|TAMS 0x00000000f5000000| PB 0x00000000f5000000| Complete |  0
| 337|0x00000000f5100000, 0x00000000f5200000, 0x00000000f5200000|100%| E|CS|TAMS 0x00000000f5100000| PB 0x00000000f5100000| Complete |  0
| 338|0x00000000f5200000, 0x00000000f5300000, 0x00000000f5300000|100%| E|CS|TAMS 0x00000000f5200000| PB 0x00000000f5200000| Complete |  0
| 339|0x00000000f5300000, 0x00000000f5400000, 0x00000000f5400000|100%| E|CS|TAMS 0x00000000f5300000| PB 0x00000000f5300000| Complete |  0
| 340|0x00000000f5400000, 0x00000000f5500000, 0x00000000f5500000|100%| E|CS|TAMS 0x00000000f5400000| PB 0x00000000f5400000| Complete |  0
| 341|0x00000000f5500000, 0x00000000f5600000, 0x00000000f5600000|100%| E|CS|TAMS 0x00000000f5500000| PB 0x00000000f5500000| Complete |  0
| 342|0x00000000f5600000, 0x00000000f5700000, 0x00000000f5700000|100%| E|CS|TAMS 0x00000000f5600000| PB 0x00000000f5600000| Complete |  0
| 343|0x00000000f5700000, 0x00000000f5800000, 0x00000000f5800000|100%| E|CS|TAMS 0x00000000f5700000| PB 0x00000000f5700000| Complete |  0
| 344|0x00000000f5800000, 0x00000000f5900000, 0x00000000f5900000|100%| E|CS|TAMS 0x00000000f5800000| PB 0x00000000f5800000| Complete |  0
| 345|0x00000000f5900000, 0x00000000f5a00000, 0x00000000f5a00000|100%| E|CS|TAMS 0x00000000f5900000| PB 0x00000000f5900000| Complete |  0
| 346|0x00000000f5a00000, 0x00000000f5b00000, 0x00000000f5b00000|100%| E|CS|TAMS 0x00000000f5a00000| PB 0x00000000f5a00000| Complete |  0
| 347|0x00000000f5b00000, 0x00000000f5c00000, 0x00000000f5c00000|100%| E|CS|TAMS 0x00000000f5b00000| PB 0x00000000f5b00000| Complete |  0
| 348|0x00000000f5c00000, 0x00000000f5d00000, 0x00000000f5d00000|100%| E|CS|TAMS 0x00000000f5c00000| PB 0x00000000f5c00000| Complete |  0
| 349|0x00000000f5d00000, 0x00000000f5e00000, 0x00000000f5e00000|100%| E|CS|TAMS 0x00000000f5d00000| PB 0x00000000f5d00000| Complete |  0
| 350|0x00000000f5e00000, 0x00000000f5f00000, 0x00000000f5f00000|100%| E|CS|TAMS 0x00000000f5e00000| PB 0x00000000f5e00000| Complete |  0
| 351|0x00000000f5f00000, 0x00000000f6000000, 0x00000000f6000000|100%| E|CS|TAMS 0x00000000f5f00000| PB 0x00000000f5f00000| Complete |  0
| 352|0x00000000f6000000, 0x00000000f6100000, 0x00000000f6100000|100%| E|CS|TAMS 0x00000000f6000000| PB 0x00000000f6000000| Complete |  0
| 353|0x00000000f6100000, 0x00000000f6200000, 0x00000000f6200000|100%| E|CS|TAMS 0x00000000f6100000| PB 0x00000000f6100000| Complete |  0
| 354|0x00000000f6200000, 0x00000000f6300000, 0x00000000f6300000|100%| E|CS|TAMS 0x00000000f6200000| PB 0x00000000f6200000| Complete |  0
| 355|0x00000000f6300000, 0x00000000f6400000, 0x00000000f6400000|100%| E|CS|TAMS 0x00000000f6300000| PB 0x00000000f6300000| Complete |  0
| 356|0x00000000f6400000, 0x00000000f6500000, 0x00000000f6500000|100%| E|CS|TAMS 0x00000000f6400000| PB 0x00000000f6400000| Complete |  0
| 357|0x00000000f6500000, 0x00000000f6600000, 0x00000000f6600000|100%| E|CS|TAMS 0x00000000f6500000| PB 0x00000000f6500000| Complete |  0
| 358|0x00000000f6600000, 0x00000000f6700000, 0x00000000f6700000|100%| E|CS|TAMS 0x00000000f6600000| PB 0x00000000f6600000| Complete |  0
| 359|0x00000000f6700000, 0x00000000f6800000, 0x00000000f6800000|100%| E|CS|TAMS 0x00000000f6700000| PB 0x00000000f6700000| Complete |  0
| 360|0x00000000f6800000, 0x00000000f6900000, 0x00000000f6900000|100%| E|CS|TAMS 0x00000000f6800000| PB 0x00000000f6800000| Complete |  0
| 361|0x00000000f6900000, 0x00000000f6a00000, 0x00000000f6a00000|100%| E|CS|TAMS 0x00000000f6900000| PB 0x00000000f6900000| Complete |  0
| 362|0x00000000f6a00000, 0x00000000f6b00000, 0x00000000f6b00000|100%| E|CS|TAMS 0x00000000f6a00000| PB 0x00000000f6a00000| Complete |  0
| 363|0x00000000f6b00000, 0x00000000f6c00000, 0x00000000f6c00000|100%| E|CS|TAMS 0x00000000f6b00000| PB 0x00000000f6b00000| Complete |  0
| 364|0x00000000f6c00000, 0x00000000f6d00000, 0x00000000f6d00000|100%| E|CS|TAMS 0x00000000f6c00000| PB 0x00000000f6c00000| Complete |  0
| 365|0x00000000f6d00000, 0x00000000f6e00000, 0x00000000f6e00000|100%| E|CS|TAMS 0x00000000f6d00000| PB 0x00000000f6d00000| Complete |  0
| 366|0x00000000f6e00000, 0x00000000f6f00000, 0x00000000f6f00000|100%| E|CS|TAMS 0x00000000f6e00000| PB 0x00000000f6e00000| Complete |  0
| 367|0x00000000f6f00000, 0x00000000f7000000, 0x00000000f7000000|100%| E|CS|TAMS 0x00000000f6f00000| PB 0x00000000f6f00000| Complete |  0
| 368|0x00000000f7000000, 0x00000000f7100000, 0x00000000f7100000|100%| E|CS|TAMS 0x00000000f7000000| PB 0x00000000f7000000| Complete |  0
| 369|0x00000000f7100000, 0x00000000f7200000, 0x00000000f7200000|100%| E|CS|TAMS 0x00000000f7100000| PB 0x00000000f7100000| Complete |  0
| 370|0x00000000f7200000, 0x00000000f7300000, 0x00000000f7300000|100%| E|CS|TAMS 0x00000000f7200000| PB 0x00000000f7200000| Complete |  0
| 371|0x00000000f7300000, 0x00000000f7400000, 0x00000000f7400000|100%| E|CS|TAMS 0x00000000f7300000| PB 0x00000000f7300000| Complete |  0
| 372|0x00000000f7400000, 0x00000000f7500000, 0x00000000f7500000|100%| E|CS|TAMS 0x00000000f7400000| PB 0x00000000f7400000| Complete |  0
| 373|0x00000000f7500000, 0x00000000f7600000, 0x00000000f7600000|100%| E|CS|TAMS 0x00000000f7500000| PB 0x00000000f7500000| Complete |  0
| 374|0x00000000f7600000, 0x00000000f7700000, 0x00000000f7700000|100%| E|CS|TAMS 0x00000000f7600000| PB 0x00000000f7600000| Complete |  0
| 375|0x00000000f7700000, 0x00000000f7800000, 0x00000000f7800000|100%| E|CS|TAMS 0x00000000f7700000| PB 0x00000000f7700000| Complete |  0
| 376|0x00000000f7800000, 0x00000000f7900000, 0x00000000f7900000|100%| E|CS|TAMS 0x00000000f7800000| PB 0x00000000f7800000| Complete |  0
| 377|0x00000000f7900000, 0x00000000f7a00000, 0x00000000f7a00000|100%| E|CS|TAMS 0x00000000f7900000| PB 0x00000000f7900000| Complete |  0
| 378|0x00000000f7a00000, 0x00000000f7b00000, 0x00000000f7b00000|100%| E|CS|TAMS 0x00000000f7a00000| PB 0x00000000f7a00000| Complete |  0
| 379|0x00000000f7b00000, 0x00000000f7c00000, 0x00000000f7c00000|100%| E|CS|TAMS 0x00000000f7b00000| PB 0x00000000f7b00000| Complete |  0
| 380|0x00000000f7c00000, 0x00000000f7d00000, 0x00000000f7d00000|100%| E|CS|TAMS 0x00000000f7c00000| PB 0x00000000f7c00000| Complete |  0
| 381|0x00000000f7d00000, 0x00000000f7e00000, 0x00000000f7e00000|100%| E|CS|TAMS 0x00000000f7d00000| PB 0x00000000f7d00000| Complete |  0
| 382|0x00000000f7e00000, 0x00000000f7f00000, 0x00000000f7f00000|100%| E|CS|TAMS 0x00000000f7e00000| PB 0x00000000f7e00000| Complete |  0
| 383|0x00000000f7f00000, 0x00000000f8000000, 0x00000000f8000000|100%| E|CS|TAMS 0x00000000f7f00000| PB 0x00000000f7f00000| Complete |  0
| 384|0x00000000f8000000, 0x00000000f8100000, 0x00000000f8100000|100%| E|CS|TAMS 0x00000000f8000000| PB 0x00000000f8000000| Complete |  0
| 385|0x00000000f8100000, 0x00000000f8200000, 0x00000000f8200000|100%| E|CS|TAMS 0x00000000f8100000| PB 0x00000000f8100000| Complete |  0
| 386|0x00000000f8200000, 0x00000000f8300000, 0x00000000f8300000|100%| E|CS|TAMS 0x00000000f8200000| PB 0x00000000f8200000| Complete |  0
| 387|0x00000000f8300000, 0x00000000f8400000, 0x00000000f8400000|100%| E|CS|TAMS 0x00000000f8300000| PB 0x00000000f8300000| Complete |  0
| 388|0x00000000f8400000, 0x00000000f8500000, 0x00000000f8500000|100%| E|CS|TAMS 0x00000000f8400000| PB 0x00000000f8400000| Complete |  0
| 389|0x00000000f8500000, 0x00000000f8600000, 0x00000000f8600000|100%| E|CS|TAMS 0x00000000f8500000| PB 0x00000000f8500000| Complete |  0
| 390|0x00000000f8600000, 0x00000000f8700000, 0x00000000f8700000|100%| E|CS|TAMS 0x00000000f8600000| PB 0x00000000f8600000| Complete |  0
| 391|0x00000000f8700000, 0x00000000f8800000, 0x00000000f8800000|100%| E|  |TAMS 0x00000000f8700000| PB 0x00000000f8700000| Complete |  0
| 392|0x00000000f8800000, 0x00000000f8900000, 0x00000000f8900000|100%| E|CS|TAMS 0x00000000f8800000| PB 0x00000000f8800000| Complete |  0
| 393|0x00000000f8900000, 0x00000000f8a00000, 0x00000000f8a00000|100%| E|CS|TAMS 0x00000000f8900000| PB 0x00000000f8900000| Complete |  0
| 394|0x00000000f8a00000, 0x00000000f8b00000, 0x00000000f8b00000|100%| E|CS|TAMS 0x00000000f8a00000| PB 0x00000000f8a00000| Complete |  0
| 395|0x00000000f8b00000, 0x00000000f8c00000, 0x00000000f8c00000|100%| E|CS|TAMS 0x00000000f8b00000| PB 0x00000000f8b00000| Complete |  0
| 396|0x00000000f8c00000, 0x00000000f8d00000, 0x00000000f8d00000|100%| E|CS|TAMS 0x00000000f8c00000| PB 0x00000000f8c00000| Complete |  0
| 397|0x00000000f8d00000, 0x00000000f8e00000, 0x00000000f8e00000|100%| E|CS|TAMS 0x00000000f8d00000| PB 0x00000000f8d00000| Complete |  0
| 398|0x00000000f8e00000, 0x00000000f8f00000, 0x00000000f8f00000|100%| E|CS|TAMS 0x00000000f8e00000| PB 0x00000000f8e00000| Complete |  0
| 399|0x00000000f8f00000, 0x00000000f9000000, 0x00000000f9000000|100%| E|CS|TAMS 0x00000000f8f00000| PB 0x00000000f8f00000| Complete |  0
| 400|0x00000000f9000000, 0x00000000f9100000, 0x00000000f9100000|100%| E|CS|TAMS 0x00000000f9000000| PB 0x00000000f9000000| Complete |  0
| 401|0x00000000f9100000, 0x00000000f9200000, 0x00000000f9200000|100%| E|CS|TAMS 0x00000000f9100000| PB 0x00000000f9100000| Complete |  0
| 402|0x00000000f9200000, 0x00000000f9300000, 0x00000000f9300000|100%| E|CS|TAMS 0x00000000f9200000| PB 0x00000000f9200000| Complete |  0
| 403|0x00000000f9300000, 0x00000000f9400000, 0x00000000f9400000|100%| E|CS|TAMS 0x00000000f9300000| PB 0x00000000f9300000| Complete |  0
| 404|0x00000000f9400000, 0x00000000f9500000, 0x00000000f9500000|100%| E|CS|TAMS 0x00000000f9400000| PB 0x00000000f9400000| Complete |  0
| 405|0x00000000f9500000, 0x00000000f9600000, 0x00000000f9600000|100%| E|CS|TAMS 0x00000000f9500000| PB 0x00000000f9500000| Complete |  0
| 406|0x00000000f9600000, 0x00000000f9700000, 0x00000000f9700000|100%| E|CS|TAMS 0x00000000f9600000| PB 0x00000000f9600000| Complete |  0
| 407|0x00000000f9700000, 0x00000000f9800000, 0x00000000f9800000|100%| E|CS|TAMS 0x00000000f9700000| PB 0x00000000f9700000| Complete |  0
| 408|0x00000000f9800000, 0x00000000f9900000, 0x00000000f9900000|100%| E|CS|TAMS 0x00000000f9800000| PB 0x00000000f9800000| Complete |  0
| 409|0x00000000f9900000, 0x00000000f9a00000, 0x00000000f9a00000|100%| E|CS|TAMS 0x00000000f9900000| PB 0x00000000f9900000| Complete |  0
| 410|0x00000000f9a00000, 0x00000000f9b00000, 0x00000000f9b00000|100%| E|CS|TAMS 0x00000000f9a00000| PB 0x00000000f9a00000| Complete |  0
| 411|0x00000000f9b00000, 0x00000000f9c00000, 0x00000000f9c00000|100%| E|CS|TAMS 0x00000000f9b00000| PB 0x00000000f9b00000| Complete |  0
| 412|0x00000000f9c00000, 0x00000000f9d00000, 0x00000000f9d00000|100%| E|CS|TAMS 0x00000000f9c00000| PB 0x00000000f9c00000| Complete |  0
| 413|0x00000000f9d00000, 0x00000000f9e00000, 0x00000000f9e00000|100%| E|CS|TAMS 0x00000000f9d00000| PB 0x00000000f9d00000| Complete |  0
| 414|0x00000000f9e00000, 0x00000000f9f00000, 0x00000000f9f00000|100%| E|CS|TAMS 0x00000000f9e00000| PB 0x00000000f9e00000| Complete |  0
| 415|0x00000000f9f00000, 0x00000000fa000000, 0x00000000fa000000|100%| E|CS|TAMS 0x00000000f9f00000| PB 0x00000000f9f00000| Complete |  0
| 416|0x00000000fa000000, 0x00000000fa100000, 0x00000000fa100000|100%| E|CS|TAMS 0x00000000fa000000| PB 0x00000000fa000000| Complete |  0
| 417|0x00000000fa100000, 0x00000000fa200000, 0x00000000fa200000|100%| E|CS|TAMS 0x00000000fa100000| PB 0x00000000fa100000| Complete |  0
| 418|0x00000000fa200000, 0x00000000fa300000, 0x00000000fa300000|100%| E|CS|TAMS 0x00000000fa200000| PB 0x00000000fa200000| Complete |  0
| 419|0x00000000fa300000, 0x00000000fa400000, 0x00000000fa400000|100%| E|CS|TAMS 0x00000000fa300000| PB 0x00000000fa300000| Complete |  0
| 420|0x00000000fa400000, 0x00000000fa500000, 0x00000000fa500000|100%| E|CS|TAMS 0x00000000fa400000| PB 0x00000000fa400000| Complete |  0
| 421|0x00000000fa500000, 0x00000000fa600000, 0x00000000fa600000|100%| E|CS|TAMS 0x00000000fa500000| PB 0x00000000fa500000| Complete |  0
| 422|0x00000000fa600000, 0x00000000fa700000, 0x00000000fa700000|100%| E|CS|TAMS 0x00000000fa600000| PB 0x00000000fa600000| Complete |  0
| 423|0x00000000fa700000, 0x00000000fa800000, 0x00000000fa800000|100%| E|CS|TAMS 0x00000000fa700000| PB 0x00000000fa700000| Complete |  0
| 424|0x00000000fa800000, 0x00000000fa900000, 0x00000000fa900000|100%| E|CS|TAMS 0x00000000fa800000| PB 0x00000000fa800000| Complete |  0
| 425|0x00000000fa900000, 0x00000000faa00000, 0x00000000faa00000|100%| E|CS|TAMS 0x00000000fa900000| PB 0x00000000fa900000| Complete |  0
| 426|0x00000000faa00000, 0x00000000fab00000, 0x00000000fab00000|100%| E|CS|TAMS 0x00000000faa00000| PB 0x00000000faa00000| Complete |  0
| 427|0x00000000fab00000, 0x00000000fac00000, 0x00000000fac00000|100%| E|CS|TAMS 0x00000000fab00000| PB 0x00000000fab00000| Complete |  0
| 428|0x00000000fac00000, 0x00000000fad00000, 0x00000000fad00000|100%| E|CS|TAMS 0x00000000fac00000| PB 0x00000000fac00000| Complete |  0
| 429|0x00000000fad00000, 0x00000000fae00000, 0x00000000fae00000|100%| E|CS|TAMS 0x00000000fad00000| PB 0x00000000fad00000| Complete |  0
| 430|0x00000000fae00000, 0x00000000faf00000, 0x00000000faf00000|100%| E|CS|TAMS 0x00000000fae00000| PB 0x00000000fae00000| Complete |  0
| 431|0x00000000faf00000, 0x00000000fb000000, 0x00000000fb000000|100%| E|CS|TAMS 0x00000000faf00000| PB 0x00000000faf00000| Complete |  0
| 432|0x00000000fb000000, 0x00000000fb100000, 0x00000000fb100000|100%| E|CS|TAMS 0x00000000fb000000| PB 0x00000000fb000000| Complete |  0
| 433|0x00000000fb100000, 0x00000000fb200000, 0x00000000fb200000|100%| E|CS|TAMS 0x00000000fb100000| PB 0x00000000fb100000| Complete |  0
| 434|0x00000000fb200000, 0x00000000fb300000, 0x00000000fb300000|100%| E|CS|TAMS 0x00000000fb200000| PB 0x00000000fb200000| Complete |  0
| 435|0x00000000fb300000, 0x00000000fb400000, 0x00000000fb400000|100%| E|CS|TAMS 0x00000000fb300000| PB 0x00000000fb300000| Complete |  0
| 436|0x00000000fb400000, 0x00000000fb500000, 0x00000000fb500000|100%| E|CS|TAMS 0x00000000fb400000| PB 0x00000000fb400000| Complete |  0
| 437|0x00000000fb500000, 0x00000000fb600000, 0x00000000fb600000|100%| E|CS|TAMS 0x00000000fb500000| PB 0x00000000fb500000| Complete |  0
| 438|0x00000000fb600000, 0x00000000fb700000, 0x00000000fb700000|100%| E|CS|TAMS 0x00000000fb600000| PB 0x00000000fb600000| Complete |  0
| 439|0x00000000fb700000, 0x00000000fb800000, 0x00000000fb800000|100%| E|CS|TAMS 0x00000000fb700000| PB 0x00000000fb700000| Complete |  0
| 440|0x00000000fb800000, 0x00000000fb900000, 0x00000000fb900000|100%| E|CS|TAMS 0x00000000fb800000| PB 0x00000000fb800000| Complete |  0
| 441|0x00000000fb900000, 0x00000000fba00000, 0x00000000fba00000|100%| E|CS|TAMS 0x00000000fb900000| PB 0x00000000fb900000| Complete |  0
| 442|0x00000000fba00000, 0x00000000fbb00000, 0x00000000fbb00000|100%| E|CS|TAMS 0x00000000fba00000| PB 0x00000000fba00000| Complete |  0
| 443|0x00000000fbb00000, 0x00000000fbc00000, 0x00000000fbc00000|100%| E|CS|TAMS 0x00000000fbb00000| PB 0x00000000fbb00000| Complete |  0
| 444|0x00000000fbc00000, 0x00000000fbd00000, 0x00000000fbd00000|100%| E|CS|TAMS 0x00000000fbc00000| PB 0x00000000fbc00000| Complete |  0
| 445|0x00000000fbd00000, 0x00000000fbe00000, 0x00000000fbe00000|100%| E|CS|TAMS 0x00000000fbd00000| PB 0x00000000fbd00000| Complete |  0
| 446|0x00000000fbe00000, 0x00000000fbf00000, 0x00000000fbf00000|100%| E|CS|TAMS 0x00000000fbe00000| PB 0x00000000fbe00000| Complete |  0
| 447|0x00000000fbf00000, 0x00000000fc000000, 0x00000000fc000000|100%| E|CS|TAMS 0x00000000fbf00000| PB 0x00000000fbf00000| Complete |  0
| 448|0x00000000fc000000, 0x00000000fc100000, 0x00000000fc100000|100%| E|CS|TAMS 0x00000000fc000000| PB 0x00000000fc000000| Complete |  0
| 449|0x00000000fc100000, 0x00000000fc200000, 0x00000000fc200000|100%| E|CS|TAMS 0x00000000fc100000| PB 0x00000000fc100000| Complete |  0
| 450|0x00000000fc200000, 0x00000000fc300000, 0x00000000fc300000|100%| E|CS|TAMS 0x00000000fc200000| PB 0x00000000fc200000| Complete |  0
| 451|0x00000000fc300000, 0x00000000fc400000, 0x00000000fc400000|100%| E|CS|TAMS 0x00000000fc300000| PB 0x00000000fc300000| Complete |  0
| 452|0x00000000fc400000, 0x00000000fc500000, 0x00000000fc500000|100%| E|CS|TAMS 0x00000000fc400000| PB 0x00000000fc400000| Complete |  0
| 453|0x00000000fc500000, 0x00000000fc600000, 0x00000000fc600000|100%| E|CS|TAMS 0x00000000fc500000| PB 0x00000000fc500000| Complete |  0
| 454|0x00000000fc600000, 0x00000000fc700000, 0x00000000fc700000|100%| E|CS|TAMS 0x00000000fc600000| PB 0x00000000fc600000| Complete |  0
| 485|0x00000000fe500000, 0x00000000fe600000, 0x00000000fe600000|100%| E|CS|TAMS 0x00000000fe500000| PB 0x00000000fe500000| Complete |  0
| 486|0x00000000fe600000, 0x00000000fe700000, 0x00000000fe700000|100%| E|CS|TAMS 0x00000000fe600000| PB 0x00000000fe600000| Complete |  0
| 487|0x00000000fe700000, 0x00000000fe800000, 0x00000000fe800000|100%| E|CS|TAMS 0x00000000fe700000| PB 0x00000000fe700000| Complete |  0
| 488|0x00000000fe800000, 0x00000000fe900000, 0x00000000fe900000|100%| E|CS|TAMS 0x00000000fe800000| PB 0x00000000fe800000| Complete |  0
| 489|0x00000000fe900000, 0x00000000fea00000, 0x00000000fea00000|100%| E|CS|TAMS 0x00000000fe900000| PB 0x00000000fe900000| Complete |  0
| 490|0x00000000fea00000, 0x00000000feb00000, 0x00000000feb00000|100%| O|  |TAMS 0x00000000feb00000| PB 0x00000000fea00000| Untracked |  0
| 491|0x00000000feb00000, 0x00000000fec00000, 0x00000000fec00000|100%| O|  |TAMS 0x00000000fec00000| PB 0x00000000feb00000| Untracked |  0
| 492|0x00000000fec00000, 0x00000000fed00000, 0x00000000fed00000|100%| O|  |TAMS 0x00000000fed00000| PB 0x00000000fec00000| Untracked |  0
| 493|0x00000000fed00000, 0x00000000fee00000, 0x00000000fee00000|100%| O|  |TAMS 0x00000000fee00000| PB 0x00000000fed00000| Untracked |  0
| 494|0x00000000fee00000, 0x00000000fef00000, 0x00000000fef00000|100%| O|  |TAMS 0x00000000fef00000| PB 0x00000000fee00000| Untracked |  0
| 495|0x00000000fef00000, 0x00000000ff000000, 0x00000000ff000000|100%| O|  |TAMS 0x00000000ff000000| PB 0x00000000fef00000| Untracked |  0
| 496|0x00000000ff000000, 0x00000000ff100000, 0x00000000ff100000|100%| O|  |TAMS 0x00000000ff100000| PB 0x00000000ff000000| Untracked |  0
| 497|0x00000000ff100000, 0x00000000ff200000, 0x00000000ff200000|100%| O|  |TAMS 0x00000000ff200000| PB 0x00000000ff100000| Untracked |  0
| 498|0x00000000ff200000, 0x00000000ff300000, 0x00000000ff300000|100%| O|  |TAMS 0x00000000ff300000| PB 0x00000000ff200000| Untracked |  0
| 499|0x00000000ff300000, 0x00000000ff400000, 0x00000000ff400000|100%| O|  |TAMS 0x00000000ff400000| PB 0x00000000ff300000| Untracked |  0
| 500|0x00000000ff400000, 0x00000000ff500000, 0x00000000ff500000|100%| O|  |TAMS 0x00000000ff500000| PB 0x00000000ff400000| Untracked |  0
| 501|0x00000000ff500000, 0x00000000ff600000, 0x00000000ff600000|100%| O|  |TAMS 0x00000000ff600000| PB 0x00000000ff500000| Untracked |  0
| 502|0x00000000ff600000, 0x00000000ff700000, 0x00000000ff700000|100%| E|CS|TAMS 0x00000000ff600000| PB 0x00000000ff600000| Complete |  0
| 503|0x00000000ff700000, 0x00000000ff800000, 0x00000000ff800000|100%| E|CS|TAMS 0x00000000ff700000| PB 0x00000000ff700000| Complete |  0
| 504|0x00000000ff800000, 0x00000000ff900000, 0x00000000ff900000|100%| O|  |TAMS 0x00000000ff900000| PB 0x00000000ff800000| Untracked |  0
| 505|0x00000000ff900000, 0x00000000ffa00000, 0x00000000ffa00000|100%| O|  |TAMS 0x00000000ffa00000| PB 0x00000000ff900000| Untracked |  0
| 506|0x00000000ffa00000, 0x00000000ffb00000, 0x00000000ffb00000|100%| E|CS|TAMS 0x00000000ffa00000| PB 0x00000000ffa00000| Complete |  0
| 507|0x00000000ffb00000, 0x00000000ffc00000, 0x00000000ffc00000|100%| O|  |TAMS 0x00000000ffc00000| PB 0x00000000ffb00000| Untracked |  0
| 508|0x00000000ffc00000, 0x00000000ffd00000, 0x00000000ffd00000|100%| O|  |TAMS 0x00000000ffd00000| PB 0x00000000ffc00000| Untracked |  0
| 509|0x00000000ffd00000, 0x00000000ffe00000, 0x00000000ffe00000|100%| O|  |TAMS 0x00000000ffe00000| PB 0x00000000ffd00000| Untracked |  0
| 510|0x00000000ffe00000, 0x00000000fff00000, 0x00000000fff00000|100%| O|  |TAMS 0x00000000fff00000| PB 0x00000000ffe00000| Untracked |  0
| 511|0x00000000fff00000, 0x0000000100000000, 0x0000000100000000|100%| E|CS|TAMS 0x00000000fff00000| PB 0x00000000fff00000| Complete |  0

Card table byte_map: [0x000001f059260000,0x000001f059360000] _byte_map_base: 0x000001f058b60000

Marking Bits: (CMBitMap*) 0x000001f045862450
 Bits: [0x000001f059360000, 0x000001f059b60000)

Polling page: 0x000001f043840000

Metaspace:
Metaspace        used 168969K, committed 171264K, reserved 524288K
 class space     used 25216K, committed 26304K, reserved 327680K

Usage:
  Non-class:    140.38 MB used.
      Class:     24.63 MB used.
       Both:    165.01 MB used.

Virtual space:
  Non-class space:      192.00 MB reserved,     141.56 MB ( 74%) committed,  3 nodes.
      Class space:      320.00 MB reserved,      25.69 MB (  8%) committed,  1 nodes.
             Both:      512.00 MB reserved,     167.25 MB ( 33%) committed. 

Chunk freelists:
   Non-Class:  1.76 MB
       Class:  6.26 MB
        Both:  8.02 MB

MaxMetaspaceSize: 384.00 MB
CompressedClassSpaceSize: 320.00 MB
Initial GC threshold: 21.00 MB
Current GC threshold: 277.94 MB
CDS: off
 - commit_granule_bytes: 65536.
 - commit_granule_words: 8192.
 - virtual_space_node_default_size: 8388608.
 - enlarge_chunks_in_place: 1.
UseCompressedClassPointers 1, UseCompactObjectHeaders 0
Narrow klass pointer bits 32, Max shift 3
Narrow klass base: 0x0000000000000000, Narrow klass shift: 0
Encoding Range: [0x0000000000000000 - 0x0000000100000000), (4294967296 bytes)
Klass Range:    [0x0000000080000000 - 0x0000000094000000), (335544320 bytes)
Klass ID Range:  [2147483648 - 2483027961) (335544313)
No protection zone.


Internal statistics:

num_allocs_failed_limit: 12.
num_arena_births: 4516.
num_arena_deaths: 80.
num_vsnodes_births: 4.
num_vsnodes_deaths: 0.
num_space_committed: 2675.
num_space_uncommitted: 0.
num_chunks_returned_to_freelist: 131.
num_chunks_taken_from_freelist: 11302.
num_chunk_merges: 55.
num_chunk_splits: 7735.
num_chunks_enlarged: 5372.
num_inconsistent_stats: 0.

CodeHeap 'non-profiled nmethods': size=118912Kb used=7207Kb max_used=9475Kb free=111704Kb
 bounds [0x000001f050900000, 0x000001f051250000, 0x000001f057d20000]
CodeHeap 'profiled nmethods': size=118848Kb used=18325Kb max_used=27335Kb free=100522Kb
 bounds [0x000001f048d20000, 0x000001f04a7e0000, 0x000001f050130000]
CodeHeap 'non-nmethods': size=8000Kb used=4445Kb max_used=4654Kb free=3554Kb
 bounds [0x000001f050130000, 0x000001f0505e0000, 0x000001f050900000]
CodeCache: size=245760Kb, used=29977Kb, max_used=41464Kb, free=215780Kb
 total_blobs=13291, nmethods=12264, adapters=922, full_count=0
Compilation: enabled, stopped_count=0, restarted_count=0

Compilation events (20 events):
Event: 15.146 Thread 0x000001f06e4a81f0 nmethod 26337 0x000001f04941fa88 code [0x000001f04941fb80, 0x000001f04941fc88]
Event: 15.146 Thread 0x000001f06e492740 26338       2       com.android.tools.r8.graph.x2::a (29 bytes)
Event: 15.146 Thread 0x000001f06e4a3960 nmethod 26333 0x000001f0493ee088 code [0x000001f0493ee180, 0x000001f0493ee6f0]
Event: 15.146 Thread 0x000001f06e4a81f0 26340       3       com.android.tools.r8.internal.Xg::b (27 bytes)
Event: 15.146 Thread 0x000001f06e4ab250 nmethod 26339 0x000001f04941f788 code [0x000001f04941f880, 0x000001f04941f9b8]
Event: 15.146 Thread 0x000001f06e4a81f0 nmethod 26340 0x000001f049519d08 code [0x000001f049519e00, 0x000001f04951a110]
Event: 15.146 Thread 0x000001f06e4a3960 26341       2       java.util.concurrent.atomic.AtomicReference::updateAndGet (54 bytes)
Event: 15.146 Thread 0x000001f06e492740 nmethod 26338 0x000001f04953a888 code [0x000001f04953a980, 0x000001f04953ac70]
Event: 15.147 Thread 0x000001f05d7467c0 26342       3       java.util.HashMap$TreeNode::<init> (10 bytes)
Event: 15.147 Thread 0x000001f05d7467c0 nmethod 26342 0x000001f0495b7488 code [0x000001f0495b7580, 0x000001f0495b76b0]
Event: 15.147 Thread 0x000001f06e4a3960 nmethod 26341 0x000001f049603e88 code [0x000001f049603f80, 0x000001f049604560]
Event: 15.147 Thread 0x000001f06e4a3960 26345       3       com.android.tools.r8.internal.ro::<init> (108 bytes)
Event: 15.148 Thread 0x000001f06e4a81f0 26346       3       com.android.tools.r8.internal.ro::hashCode (29 bytes)
Event: 15.148 Thread 0x000001f06e4a3960 nmethod 26345 0x000001f0495c1a08 code [0x000001f0495c1b00, 0x000001f0495c1d68]
Event: 15.148 Thread 0x000001f06e4a81f0 nmethod 26346 0x000001f0495d2988 code [0x000001f0495d2a80, 0x000001f0495d2d00]
Event: 15.148 Thread 0x000001f05d7467c0 26347       2       com.android.tools.r8.internal.Ea0::<init> (87 bytes)
Event: 15.149 Thread 0x000001f05d7467c0 nmethod 26347 0x000001f049423388 code [0x000001f0494234a0, 0x000001f0494239f0]
Event: 15.151 Thread 0x000001f06e4a3960 26351       2       com.android.tools.r8.internal.V90::a (600 bytes)
Event: 15.151 Thread 0x000001f06e4a81f0 26352       2       com.android.tools.r8.internal.r7::<init> (5 bytes)
Event: 15.151 Thread 0x000001f06e4a81f0 nmethod 26352 0x000001f0495b7188 code [0x000001f0495b7280, 0x000001f0495b7380]

GC Heap Usage History (20 events):
Event: 14.805 {heap Before GC invocations=51 (full 0):
 garbage-first heap   total reserved 524288K, committed 491520K, used 433932K [0x00000000e0000000, 0x0000000100000000)
  region size 1024K, 142 young (145408K), 4 survivors (4096K)
}
Event: 14.806 {heap After GC invocations=52 (full 0):
 garbage-first heap   total reserved 524288K, committed 491520K, used 293989K [0x00000000e0000000, 0x0000000100000000)
  region size 1024K, 4 young (4096K), 4 survivors (4096K)
}
Event: 14.842 {heap Before GC invocations=52 (full 0):
 garbage-first heap   total reserved 524288K, committed 491520K, used 455781K [0x00000000e0000000, 0x0000000100000000)
  region size 1024K, 163 young (166912K), 4 survivors (4096K)
}
Event: 14.843 {heap After GC invocations=53 (full 0):
 garbage-first heap   total reserved 524288K, committed 491520K, used 295110K [0x00000000e0000000, 0x0000000100000000)
  region size 1024K, 5 young (5120K), 5 survivors (5120K)
}
Event: 14.882 {heap Before GC invocations=53 (full 0):
 garbage-first heap   total reserved 524288K, committed 491520K, used 465094K [0x00000000e0000000, 0x0000000100000000)
  region size 1024K, 172 young (176128K), 5 survivors (5120K)
}
Event: 14.884 {heap After GC invocations=54 (full 0):
 garbage-first heap   total reserved 524288K, committed 491520K, used 292769K [0x00000000e0000000, 0x0000000100000000)
  region size 1024K, 7 young (7168K), 7 survivors (7168K)
}
Event: 14.921 {heap Before GC invocations=54 (full 0):
 garbage-first heap   total reserved 524288K, committed 491520K, used 464801K [0x00000000e0000000, 0x0000000100000000)
  region size 1024K, 176 young (180224K), 7 survivors (7168K)
}
Event: 14.924 {heap After GC invocations=55 (full 0):
 garbage-first heap   total reserved 524288K, committed 491520K, used 296784K [0x00000000e0000000, 0x0000000100000000)
  region size 1024K, 11 young (11264K), 11 survivors (11264K)
}
Event: 14.966 {heap Before GC invocations=55 (full 0):
 garbage-first heap   total reserved 524288K, committed 491520K, used 464720K [0x00000000e0000000, 0x0000000100000000)
  region size 1024K, 176 young (180224K), 11 survivors (11264K)
}
Event: 14.968 {heap After GC invocations=56 (full 0):
 garbage-first heap   total reserved 524288K, committed 491520K, used 293611K [0x00000000e0000000, 0x0000000100000000)
  region size 1024K, 8 young (8192K), 8 survivors (8192K)
}
Event: 15.007 {heap Before GC invocations=57 (full 0):
 garbage-first heap   total reserved 524288K, committed 491520K, used 465643K [0x00000000e0000000, 0x0000000100000000)
  region size 1024K, 176 young (180224K), 8 survivors (8192K)
}
Event: 15.010 {heap After GC invocations=58 (full 0):
 garbage-first heap   total reserved 524288K, committed 491520K, used 299009K [0x00000000e0000000, 0x0000000100000000)
  region size 1024K, 13 young (13312K), 13 survivors (13312K)
}
Event: 15.039 {heap Before GC invocations=58 (full 0):
 garbage-first heap   total reserved 524288K, committed 491520K, used 464897K [0x00000000e0000000, 0x0000000100000000)
  region size 1024K, 176 young (180224K), 13 survivors (13312K)
}
Event: 15.041 {heap After GC invocations=59 (full 0):
 garbage-first heap   total reserved 524288K, committed 491520K, used 299155K [0x00000000e0000000, 0x0000000100000000)
  region size 1024K, 12 young (12288K), 12 survivors (12288K)
}
Event: 15.068 {heap Before GC invocations=59 (full 0):
 garbage-first heap   total reserved 524288K, committed 491520K, used 465043K [0x00000000e0000000, 0x0000000100000000)
  region size 1024K, 175 young (179200K), 12 survivors (12288K)
}
Event: 15.071 {heap After GC invocations=60 (full 0):
 garbage-first heap   total reserved 524288K, committed 493568K, used 298881K [0x00000000e0000000, 0x0000000100000000)
  region size 1024K, 15 young (15360K), 15 survivors (15360K)
}
Event: 15.099 {heap Before GC invocations=60 (full 0):
 garbage-first heap   total reserved 524288K, committed 493568K, used 465793K [0x00000000e0000000, 0x0000000100000000)
  region size 1024K, 179 young (183296K), 15 survivors (15360K)
}
Event: 15.102 {heap After GC invocations=61 (full 0):
 garbage-first heap   total reserved 524288K, committed 493568K, used 303776K [0x00000000e0000000, 0x0000000100000000)
  region size 1024K, 18 young (18432K), 18 survivors (18432K)
}
Event: 15.128 {heap Before GC invocations=61 (full 0):
 garbage-first heap   total reserved 524288K, committed 493568K, used 465568K [0x00000000e0000000, 0x0000000100000000)
  region size 1024K, 177 young (181248K), 18 survivors (18432K)
}
Event: 15.131 {heap After GC invocations=62 (full 0):
 garbage-first heap   total reserved 524288K, committed 493568K, used 304991K [0x00000000e0000000, 0x0000000100000000)
  region size 1024K, 14 young (14336K), 14 survivors (14336K)
}

Metaspace Usage History (20 events):
Event: 14.805 {metaspace Before GC invocations=51 (full 0):
 Metaspace       used 165405K, committed 167808K, reserved 524288K
  class space    used 24574K, committed 25728K, reserved 327680K
}
Event: 14.806 {metaspace After GC invocations=52 (full 0):
 Metaspace       used 165405K, committed 167808K, reserved 524288K
  class space    used 24574K, committed 25728K, reserved 327680K
}
Event: 14.842 {metaspace Before GC invocations=52 (full 0):
 Metaspace       used 166227K, committed 168640K, reserved 524288K
  class space    used 24717K, committed 25856K, reserved 327680K
}
Event: 14.843 {metaspace After GC invocations=53 (full 0):
 Metaspace       used 166227K, committed 168640K, reserved 524288K
  class space    used 24717K, committed 25856K, reserved 327680K
}
Event: 14.882 {metaspace Before GC invocations=53 (full 0):
 Metaspace       used 166819K, committed 169216K, reserved 524288K
  class space    used 24835K, committed 25984K, reserved 327680K
}
Event: 14.884 {metaspace After GC invocations=54 (full 0):
 Metaspace       used 166819K, committed 169216K, reserved 524288K
  class space    used 24835K, committed 25984K, reserved 327680K
}
Event: 14.921 {metaspace Before GC invocations=54 (full 0):
 Metaspace       used 167516K, committed 169856K, reserved 524288K
  class space    used 24933K, committed 26048K, reserved 327680K
}
Event: 14.924 {metaspace After GC invocations=55 (full 0):
 Metaspace       used 167516K, committed 169856K, reserved 524288K
  class space    used 24933K, committed 26048K, reserved 327680K
}
Event: 14.966 {metaspace Before GC invocations=55 (full 0):
 Metaspace       used 168248K, committed 170624K, reserved 524288K
  class space    used 25110K, committed 26240K, reserved 327680K
}
Event: 14.968 {metaspace After GC invocations=56 (full 0):
 Metaspace       used 168248K, committed 170624K, reserved 524288K
  class space    used 25110K, committed 26240K, reserved 327680K
}
Event: 15.007 {metaspace Before GC invocations=57 (full 0):
 Metaspace       used 168502K, committed 170816K, reserved 524288K
  class space    used 25164K, committed 26240K, reserved 327680K
}
Event: 15.010 {metaspace After GC invocations=58 (full 0):
 Metaspace       used 168502K, committed 170816K, reserved 524288K
  class space    used 25164K, committed 26240K, reserved 327680K
}
Event: 15.039 {metaspace Before GC invocations=58 (full 0):
 Metaspace       used 168762K, committed 171136K, reserved 524288K
  class space    used 25203K, committed 26304K, reserved 327680K
}
Event: 15.041 {metaspace After GC invocations=59 (full 0):
 Metaspace       used 168762K, committed 171136K, reserved 524288K
  class space    used 25203K, committed 26304K, reserved 327680K
}
Event: 15.068 {metaspace Before GC invocations=59 (full 0):
 Metaspace       used 168862K, committed 171200K, reserved 524288K
  class space    used 25209K, committed 26304K, reserved 327680K
}
Event: 15.071 {metaspace After GC invocations=60 (full 0):
 Metaspace       used 168862K, committed 171200K, reserved 524288K
  class space    used 25209K, committed 26304K, reserved 327680K
}
Event: 15.099 {metaspace Before GC invocations=60 (full 0):
 Metaspace       used 168891K, committed 171200K, reserved 524288K
  class space    used 25211K, committed 26304K, reserved 327680K
}
Event: 15.102 {metaspace After GC invocations=61 (full 0):
 Metaspace       used 168891K, committed 171200K, reserved 524288K
  class space    used 25211K, committed 26304K, reserved 327680K
}
Event: 15.128 {metaspace Before GC invocations=61 (full 0):
 Metaspace       used 168923K, committed 171264K, reserved 524288K
  class space    used 25212K, committed 26304K, reserved 327680K
}
Event: 15.131 {metaspace After GC invocations=62 (full 0):
 Metaspace       used 168923K, committed 171264K, reserved 524288K
  class space    used 25212K, committed 26304K, reserved 327680K
}

Dll operation events (3 events):
Event: 0.004 Loaded shared library C:\Program Files\Android\Android Studio\jbr\bin\java.dll
Event: 0.007 Loaded shared library C:\Program Files\Android\Android Studio\jbr\bin\zip.dll
Event: 0.255 Loaded shared library C:\Program Files\Android\Android Studio\jbr\bin\verify.dll

Deoptimization events (20 events):
Event: 15.136 Thread 0x000001f0732e1850 DEOPT PACKING pc=0x000001f04a4e7275 sp=0x000000cca31fa630
Event: 15.136 Thread 0x000001f0732e1850 DEOPT UNPACKING pc=0x000001f050181702 sp=0x000000cca31f9d78 mode 0
Event: 15.138 Thread 0x000001f0732e1850 DEOPT PACKING pc=0x000001f04a4e7233 sp=0x000000cca31fa630
Event: 15.138 Thread 0x000001f0732e1850 DEOPT UNPACKING pc=0x000001f050181702 sp=0x000000cca31f9d78 mode 0
Event: 15.139 Thread 0x000001f0634583b0 DEOPT PACKING pc=0x000001f04a6eb1ca sp=0x000000cca2cfb1c0
Event: 15.139 Thread 0x000001f0634583b0 DEOPT UNPACKING pc=0x000001f050181702 sp=0x000000cca2cfa6d0 mode 0
Event: 15.139 Thread 0x000001f0634583b0 DEOPT PACKING pc=0x000001f04a6eb1eb sp=0x000000cca2cfb230
Event: 15.139 Thread 0x000001f0634583b0 DEOPT UNPACKING pc=0x000001f050181702 sp=0x000000cca2cfa740 mode 0
Event: 15.140 Thread 0x000001f0732e1850 DEOPT PACKING pc=0x000001f04a4e7275 sp=0x000000cca31fa630
Event: 15.140 Thread 0x000001f0732e1850 DEOPT UNPACKING pc=0x000001f050181702 sp=0x000000cca31f9d78 mode 0
Event: 15.141 Thread 0x000001f0732e1850 DEOPT PACKING pc=0x000001f04a4e771b sp=0x000000cca31fa630
Event: 15.141 Thread 0x000001f0732e1850 DEOPT UNPACKING pc=0x000001f050181702 sp=0x000000cca31f9d78 mode 0
Event: 15.143 Thread 0x000001f0732e1850 DEOPT PACKING pc=0x000001f04a4e7275 sp=0x000000cca31fa650
Event: 15.143 Thread 0x000001f0732e1850 DEOPT UNPACKING pc=0x000001f050181702 sp=0x000000cca31f9d98 mode 0
Event: 15.143 Thread 0x000001f0634583b0 DEOPT PACKING pc=0x000001f04a6eb1ca sp=0x000000cca2cfa0a0
Event: 15.143 Thread 0x000001f0634583b0 DEOPT UNPACKING pc=0x000001f050181702 sp=0x000000cca2cf95b0 mode 0
Event: 15.150 Thread 0x000001f0732e1080 DEOPT PACKING pc=0x000001f04a6eb1ca sp=0x000000cca35fae10
Event: 15.150 Thread 0x000001f0732e1080 DEOPT UNPACKING pc=0x000001f050181702 sp=0x000000cca35fa320 mode 0
Event: 15.150 Thread 0x000001f0732e1850 DEOPT PACKING pc=0x000001f04a4e7275 sp=0x000000cca31fa650
Event: 15.150 Thread 0x000001f0732e1850 DEOPT UNPACKING pc=0x000001f050181702 sp=0x000000cca31f9d98 mode 0

Classes loaded (20 events):
Event: 14.583 Loading class java/util/AbstractList$SubList
Event: 14.583 Loading class java/util/AbstractList$SubList done
Event: 14.583 Loading class java/util/AbstractList$SubList$1
Event: 14.583 Loading class java/util/AbstractList$SubList$1 done
Event: 14.797 Loading class java/util/concurrent/ConcurrentHashMap$TreeNode
Event: 14.798 Loading class java/util/concurrent/ConcurrentHashMap$TreeNode done
Event: 14.798 Loading class java/util/concurrent/ConcurrentHashMap$TreeBin
Event: 14.798 Loading class java/util/concurrent/ConcurrentHashMap$TreeBin done
Event: 14.891 Loading class java/nio/ShortBuffer
Event: 14.891 Loading class java/nio/ShortBuffer done
Event: 14.915 Loading class java/nio/ByteBufferAsShortBufferL
Event: 14.916 Loading class java/nio/ByteBufferAsShortBufferL done
Event: 14.935 Loading class java/util/zip/Adler32
Event: 14.936 Loading class java/util/zip/Adler32 done
Event: 14.937 Loading class java/nio/file/Files$2
Event: 14.937 Loading class java/nio/file/Files$2 done
Event: 15.035 Loading class java/util/WeakHashMap$KeyIterator
Event: 15.036 Loading class java/util/WeakHashMap$HashIterator
Event: 15.036 Loading class java/util/WeakHashMap$HashIterator done
Event: 15.036 Loading class java/util/WeakHashMap$KeyIterator done

Classes unloaded (20 events):
Event: 14.776 Thread 0x000001f05cf00950 Unloading class 0x00000000818b1800 'java/lang/invoke/LambdaForm$DMH+0x00000000818b1800'
Event: 14.776 Thread 0x000001f05cf00950 Unloading class 0x00000000818b2800 'java/lang/invoke/LambdaForm$DMH+0x00000000818b2800'
Event: 14.776 Thread 0x000001f05cf00950 Unloading class 0x00000000818b2c00 'java/lang/invoke/LambdaForm$DMH+0x00000000818b2c00'
Event: 14.776 Thread 0x000001f05cf00950 Unloading class 0x00000000818b2000 'java/lang/invoke/LambdaForm$DMH+0x00000000818b2000'
Event: 14.776 Thread 0x000001f05cf00950 Unloading class 0x0000000081841000 'java/lang/invoke/LambdaForm$DMH+0x0000000081841000'
Event: 14.776 Thread 0x000001f05cf00950 Unloading class 0x0000000081841c00 'java/lang/invoke/LambdaForm$DMH+0x0000000081841c00'
Event: 14.776 Thread 0x000001f05cf00950 Unloading class 0x0000000081842000 'java/lang/invoke/LambdaForm$DMH+0x0000000081842000'
Event: 14.776 Thread 0x000001f05cf00950 Unloading class 0x0000000081840800 'java/lang/invoke/LambdaForm$DMH+0x0000000081840800'
Event: 14.776 Thread 0x000001f05cf00950 Unloading class 0x0000000081840400 'java/lang/invoke/LambdaForm$DMH+0x0000000081840400'
Event: 14.776 Thread 0x000001f05cf00950 Unloading class 0x0000000081841400 'java/lang/invoke/LambdaForm$DMH+0x0000000081841400'
Event: 14.776 Thread 0x000001f05cf00950 Unloading class 0x0000000081841800 'java/lang/invoke/LambdaForm$DMH+0x0000000081841800'
Event: 14.776 Thread 0x000001f05cf00950 Unloading class 0x0000000081840000 'java/lang/invoke/LambdaForm$DMH+0x0000000081840000'
Event: 14.776 Thread 0x000001f05cf00950 Unloading class 0x0000000081723000 'java/lang/invoke/LambdaForm$DMH+0x0000000081723000'
Event: 14.776 Thread 0x000001f05cf00950 Unloading class 0x0000000081723400 'java/lang/invoke/LambdaForm$DMH+0x0000000081723400'
Event: 14.776 Thread 0x000001f05cf00950 Unloading class 0x0000000081722c00 'java/lang/invoke/LambdaForm$DMH+0x0000000081722c00'
Event: 14.776 Thread 0x000001f05cf00950 Unloading class 0x0000000081722800 'java/lang/invoke/LambdaForm$DMH+0x0000000081722800'
Event: 14.776 Thread 0x000001f05cf00950 Unloading class 0x0000000081722400 'java/lang/invoke/LambdaForm$DMH+0x0000000081722400'
Event: 14.776 Thread 0x000001f05cf00950 Unloading class 0x0000000081721c00 'java/lang/invoke/LambdaForm$DMH+0x0000000081721c00'
Event: 14.776 Thread 0x000001f05cf00950 Unloading class 0x0000000081722000 'java/lang/invoke/LambdaForm$DMH+0x0000000081722000'
Event: 14.776 Thread 0x000001f05cf00950 Unloading class 0x0000000081720000 'java/lang/invoke/LambdaForm$DMH+0x0000000081720000'

Classes redefined (0 events):
No events

Internal exceptions (20 events):
Event: 15.141 Thread 0x000001f064263570 Exception <a 'sun/nio/fs/WindowsException'{0x00000000fa35f808}> (0x00000000fa35f808) 
thrown [s\src\hotspot\share\prims\jni.cpp, line 535]
Event: 15.142 Thread 0x000001f064265c80 Exception <a 'sun/nio/fs/WindowsException'{0x00000000fa568f38}> (0x00000000fa568f38) 
thrown [s\src\hotspot\share\prims\jni.cpp, line 535]
Event: 15.142 Thread 0x000001f064265c80 Exception <a 'sun/nio/fs/WindowsException'{0x00000000fa569dc8}> (0x00000000fa569dc8) 
thrown [s\src\hotspot\share\prims\jni.cpp, line 535]
Event: 15.142 Thread 0x000001f064265c80 Exception <a 'sun/nio/fs/WindowsException'{0x00000000fa56ae80}> (0x00000000fa56ae80) 
thrown [s\src\hotspot\share\prims\jni.cpp, line 535]
Event: 15.142 Thread 0x000001f064265c80 Exception <a 'sun/nio/fs/WindowsException'{0x00000000f91afd18}> (0x00000000f91afd18) 
thrown [s\src\hotspot\share\prims\jni.cpp, line 535]
Event: 15.143 Thread 0x000001f064265c80 Exception <a 'sun/nio/fs/WindowsException'{0x00000000f91b6fb8}> (0x00000000f91b6fb8) 
thrown [s\src\hotspot\share\prims\jni.cpp, line 535]
Event: 15.143 Thread 0x000001f064265c80 Exception <a 'sun/nio/fs/WindowsException'{0x00000000f91b8168}> (0x00000000f91b8168) 
thrown [s\src\hotspot\share\prims\jni.cpp, line 535]
Event: 15.143 Thread 0x000001f0732e3790 Exception <a 'sun/nio/fs/WindowsException'{0x00000000f9218238}> (0x00000000f9218238) 
thrown [s\src\hotspot\share\prims\jni.cpp, line 535]
Event: 15.143 Thread 0x000001f072778a50 Exception <a 'sun/nio/fs/WindowsException'{0x00000000fafbf058}> (0x00000000fafbf058) 
thrown [s\src\hotspot\share\prims\jni.cpp, line 535]
Event: 15.144 Thread 0x000001f064263570 Exception <a 'sun/nio/fs/WindowsException'{0x00000000f87c83f8}> (0x00000000f87c83f8) 
thrown [s\src\hotspot\share\prims\jni.cpp, line 535]
Event: 15.144 Thread 0x000001f0732e1080 Exception <a 'sun/nio/fs/WindowsException'{0x00000000f891d928}> (0x00000000f891d928) 
thrown [s\src\hotspot\share\prims\jni.cpp, line 535]
Event: 15.145 Thread 0x000001f064263570 Exception <a 'sun/nio/fs/WindowsException'{0x00000000f87ccc90}> (0x00000000f87ccc90) 
thrown [s\src\hotspot\share\prims\jni.cpp, line 535]
Event: 15.145 Thread 0x000001f072778a50 Exception <a 'sun/nio/fs/WindowsException'{0x00000000fafc3850}> (0x00000000fafc3850) 
thrown [s\src\hotspot\share\prims\jni.cpp, line 535]
Event: 15.145 Thread 0x000001f0732e1080 Exception <a 'sun/nio/fs/WindowsException'{0x00000000f81791e0}> (0x00000000f81791e0) 
thrown [s\src\hotspot\share\prims\jni.cpp, line 535]
Event: 15.145 Thread 0x000001f0732e1080 Exception <a 'sun/nio/fs/WindowsException'{0x00000000f817a070}> (0x00000000f817a070) 
thrown [s\src\hotspot\share\prims\jni.cpp, line 535]
Event: 15.145 Thread 0x000001f0732e1080 Exception <a 'sun/nio/fs/WindowsException'{0x00000000f817b128}> (0x00000000f817b128) 
thrown [s\src\hotspot\share\prims\jni.cpp, line 535]
Event: 15.145 Thread 0x000001f0732e1080 Exception <a 'sun/nio/fs/WindowsException'{0x00000000f817c480}> (0x00000000f817c480) 
thrown [s\src\hotspot\share\prims\jni.cpp, line 535]
Event: 15.147 Thread 0x000001f0732e1080 Exception <a 'sun/nio/fs/WindowsException'{0x00000000f8183528}> (0x00000000f8183528) 
thrown [s\src\hotspot\share\prims\jni.cpp, line 535]
Event: 15.147 Thread 0x000001f0732e1080 Exception <a 'sun/nio/fs/WindowsException'{0x00000000f81846c0}> (0x00000000f81846c0) 
thrown [s\src\hotspot\share\prims\jni.cpp, line 535]
Event: 15.151 Thread 0x000001f0732e1850 Implicit null exception at 0x000001f04a4a2ee2 to 0x0000000000000000

VM Operations (20 events):
Event: 14.966 Executing safepoint VM operation: G1CollectForAllocation (G1 Evacuation Pause)
Event: 14.968 Executing safepoint VM operation: G1CollectForAllocation (G1 Evacuation Pause) done
Event: 14.981 Executing safepoint VM operation: G1PauseRemark
Event: 14.990 Executing safepoint VM operation: G1PauseRemark done
Event: 15.007 Executing safepoint VM operation: G1CollectForAllocation (G1 Evacuation Pause)
Event: 15.010 Executing safepoint VM operation: G1CollectForAllocation (G1 Evacuation Pause) done
Event: 15.013 Executing safepoint VM operation: G1PauseCleanup
Event: 15.013 Executing safepoint VM operation: G1PauseCleanup done
Event: 15.014 Executing non-safepoint VM operation: HandshakeAllThreads (Deoptimize)
Event: 15.014 Executing non-safepoint VM operation: HandshakeAllThreads (Deoptimize) done
Event: 15.017 Executing non-safepoint VM operation: HandshakeAllThreads (Deoptimize)
Event: 15.017 Executing non-safepoint VM operation: HandshakeAllThreads (Deoptimize) done
Event: 15.039 Executing safepoint VM operation: G1CollectForAllocation (G1 Evacuation Pause)
Event: 15.041 Executing safepoint VM operation: G1CollectForAllocation (G1 Evacuation Pause) done
Event: 15.068 Executing safepoint VM operation: G1CollectForAllocation (G1 Evacuation Pause)
Event: 15.071 Executing safepoint VM operation: G1CollectForAllocation (G1 Evacuation Pause) done
Event: 15.096 Executing safepoint VM operation: G1CollectForAllocation (G1 Evacuation Pause)
Event: 15.102 Executing safepoint VM operation: G1CollectForAllocation (G1 Evacuation Pause) done
Event: 15.128 Executing safepoint VM operation: G1CollectForAllocation (G1 Evacuation Pause)
Event: 15.131 Executing safepoint VM operation: G1CollectForAllocation (G1 Evacuation Pause) done

Memory protections (0 events):
No events

Nmethod flushes (20 events):
Event: 14.988 Thread 0x000001f05cf00950 flushing  nmethod 0x000001f04a1dfd08
Event: 14.988 Thread 0x000001f05cf00950 flushing  nmethod 0x000001f04a29a008
Event: 14.988 Thread 0x000001f05cf00950 flushing  nmethod 0x000001f04a29b608
Event: 14.988 Thread 0x000001f05cf00950 flushing  nmethod 0x000001f04a29da08
Event: 14.988 Thread 0x000001f05cf00950 flushing  nmethod 0x000001f04a29f008
Event: 14.988 Thread 0x000001f05cf00950 flushing  nmethod 0x000001f04a2a0388
Event: 14.988 Thread 0x000001f05cf00950 flushing  nmethod 0x000001f04a2a0708
Event: 14.988 Thread 0x000001f05cf00950 flushing  nmethod 0x000001f04a349208
Event: 14.988 Thread 0x000001f05cf00950 flushing osr nmethod 0x000001f04a349908
Event: 14.988 Thread 0x000001f05cf00950 flushing  nmethod 0x000001f04a34a008
Event: 14.988 Thread 0x000001f05cf00950 flushing  nmethod 0x000001f04a34a708
Event: 14.988 Thread 0x000001f05cf00950 flushing  nmethod 0x000001f04a34b208
Event: 14.988 Thread 0x000001f05cf00950 flushing  nmethod 0x000001f04a34bd08
Event: 14.988 Thread 0x000001f05cf00950 flushing  nmethod 0x000001f04a34c588
Event: 14.988 Thread 0x000001f05cf00950 flushing  nmethod 0x000001f04a34d288
Event: 14.988 Thread 0x000001f05cf00950 flushing  nmethod 0x000001f04a34d808
Event: 14.988 Thread 0x000001f05cf00950 flushing  nmethod 0x000001f04a34ed08
Event: 14.988 Thread 0x000001f05cf00950 flushing  nmethod 0x000001f04a34f788
Event: 14.988 Thread 0x000001f05cf00950 flushing  nmethod 0x000001f04a34fe88
Event: 14.988 Thread 0x000001f05cf00950 flushing  nmethod 0x000001f04a350188

Events (20 events):
Event: 14.114 Thread 0x000001f063754280 Thread added: 0x000001f0644bd480
Event: 14.114 Thread 0x000001f063754280 Thread added: 0x000001f0644bbd10
Event: 14.114 Thread 0x000001f063754280 Thread added: 0x000001f0644bccb0
Event: 14.114 Thread 0x000001f063754280 Thread added: 0x000001f0644bc4e0
Event: 14.114 Thread 0x000001f063754280 Thread added: 0x000001f0732e1850
Event: 14.114 Thread 0x000001f063754280 Thread added: 0x000001f0732e2fc0
Event: 14.114 Thread 0x000001f063754280 Thread added: 0x000001f0732e3790
Event: 14.114 Thread 0x000001f063754280 Thread added: 0x000001f0732e27f0
Event: 14.114 Thread 0x000001f063754280 Thread added: 0x000001f0732e1080
Event: 14.114 Thread 0x000001f063754280 Thread added: 0x000001f0732e2020
Event: 14.114 Thread 0x000001f063754280 Thread added: 0x000001f0732e00e0
Event: 14.114 Thread 0x000001f063754280 Thread added: 0x000001f0732e08b0
Event: 14.114 Thread 0x000001f063754280 Thread added: 0x000001f06e35ddd0
Event: 14.114 Thread 0x000001f063754280 Thread added: 0x000001f06e35e5a0
Event: 14.114 Thread 0x000001f063754280 Thread added: 0x000001f06e35ed70
Event: 14.299 Thread 0x000001f06e492740 Thread added: 0x000001f07259b570
Event: 14.305 Thread 0x000001f06e4ab250 Thread added: 0x000001f06360fd40
Event: 14.307 Thread 0x000001f06e48eed0 Thread added: 0x000001f06eead650
Event: 14.307 Thread 0x000001f06e48eed0 Thread added: 0x000001f06eeab610
Event: 14.307 Thread 0x000001f06e48eed0 Thread added: 0x000001f06eeabe20


Dynamic libraries:
0x00007ff6b9cd0000 - 0x00007ff6b9cda000 	C:\Program Files\Android\Android Studio\jbr\bin\java.exe
0x00007ff931a20000 - 0x00007ff931c86000 	C:\WINDOWS\SYSTEM32\ntdll.dll
0x00007ff9307a0000 - 0x00007ff930869000 	C:\WINDOWS\System32\KERNEL32.DLL
0x00007ff92f1e0000 - 0x00007ff92f5de000 	C:\WINDOWS\System32\KERNELBASE.dll
0x00007ff92f5f0000 - 0x00007ff92f73c000 	C:\WINDOWS\System32\ucrtbase.dll
0x00007ff8a5380000 - 0x00007ff8a539b000 	C:\Program Files\Android\Android Studio\jbr\bin\VCRUNTIME140.dll
0x00007ff8c0bb0000 - 0x00007ff8c0bc6000 	C:\Program Files\Android\Android Studio\jbr\bin\jli.dll
0x00007ff931100000 - 0x00007ff9312c7000 	C:\WINDOWS\System32\USER32.dll
0x00007ff92edc0000 - 0x00007ff92ede7000 	C:\WINDOWS\System32\win32u.dll
0x00007ff92ddd0000 - 0x00007ff92e062000 	C:\WINDOWS\WinSxS\amd64_microsoft.windows.common-controls_6595b64144ccf1df_6.0.26100.8875_none_3e0d5d42e32fe9dd\COMCTL32.dll
0x00007ff9314d0000 - 0x00007ff9314fb000 	C:\WINDOWS\System32\GDI32.dll
0x00007ff9306f0000 - 0x00007ff930799000 	C:\WINDOWS\System32\msvcrt.dll
0x00007ff92edf0000 - 0x00007ff92ef1a000 	C:\WINDOWS\System32\gdi32full.dll
0x00007ff92efb0000 - 0x00007ff92f053000 	C:\WINDOWS\System32\msvcp_win.dll
0x00007ff930040000 - 0x00007ff930072000 	C:\WINDOWS\System32\IMM32.DLL
0x00007ff8fc6e0000 - 0x00007ff8fc6ec000 	C:\Program Files\Android\Android Studio\jbr\bin\vcruntime140_1.dll
0x00007ff8a50b0000 - 0x00007ff8a513d000 	C:\Program Files\Android\Android Studio\jbr\bin\msvcp140.dll
0x00007ff8a53a0000 - 0x00007ff8a627a000 	C:\Program Files\Android\Android Studio\jbr\bin\server\jvm.dll
0x00007ff931040000 - 0x00007ff9310f7000 	C:\WINDOWS\System32\ADVAPI32.dll
0x00007ff9312d0000 - 0x00007ff93137a000 	C:\WINDOWS\System32\sechost.dll
0x00007ff931720000 - 0x00007ff931838000 	C:\WINDOWS\System32\RPCRT4.dll
0x00007ff930080000 - 0x00007ff930100000 	C:\WINDOWS\System32\WS2_32.dll
0x00007ff92eaa0000 - 0x00007ff92eafe000 	C:\WINDOWS\SYSTEM32\POWRPROF.dll
0x00007ff92cb10000 - 0x00007ff92cb1b000 	C:\WINDOWS\SYSTEM32\VERSION.dll
0x00007ff91ed20000 - 0x00007ff91ed56000 	C:\WINDOWS\SYSTEM32\WINMM.dll
0x00007ff92ea80000 - 0x00007ff92ea94000 	C:\WINDOWS\SYSTEM32\UMPDC.dll
0x00007ff92dc20000 - 0x00007ff92dc3b000 	C:\WINDOWS\SYSTEM32\kernel.appcore.dll
0x00007ff8f6140000 - 0x00007ff8f614a000 	C:\Program Files\Android\Android Studio\jbr\bin\jimage.dll
0x00007ff92e3d0000 - 0x00007ff92e612000 	C:\WINDOWS\SYSTEM32\DBGHELP.DLL
0x00007ff930870000 - 0x00007ff930bf3000 	C:\WINDOWS\System32\combase.dll
0x00007ff930180000 - 0x00007ff930259000 	C:\WINDOWS\System32\OLEAUT32.dll
0x00007ff92e280000 - 0x00007ff92e2bb000 	C:\WINDOWS\SYSTEM32\dbgcore.DLL
0x00007ff92f060000 - 0x00007ff92f10c000 	C:\WINDOWS\System32\bcryptPrimitives.dll
0x00007ff910ca0000 - 0x00007ff910cae000 	C:\Program Files\Android\Android Studio\jbr\bin\instrument.dll
0x00007ff8a5360000 - 0x00007ff8a537f000 	C:\Program Files\Android\Android Studio\jbr\bin\java.dll
0x00007ff931840000 - 0x00007ff9319d9000 	C:\WINDOWS\System32\ole32.dll
0x00007ff92f8a0000 - 0x00007ff930032000 	C:\WINDOWS\System32\SHELL32.dll
0x00007ff8a5340000 - 0x00007ff8a5357000 	C:\Program Files\Android\Android Studio\jbr\bin\zip.dll
0x00007ff92b6a0000 - 0x00007ff92bf32000 	C:\WINDOWS\SYSTEM32\windows.storage.dll
0x00007ff92f760000 - 0x00007ff92f857000 	C:\WINDOWS\System32\SHCORE.dll
0x00007ff930110000 - 0x00007ff930177000 	C:\WINDOWS\System32\shlwapi.dll
0x00007ff92eb60000 - 0x00007ff92eb89000 	C:\WINDOWS\SYSTEM32\profapi.dll
0x00007ff8f0490000 - 0x00007ff8f04a0000 	C:\Program Files\Android\Android Studio\jbr\bin\net.dll
0x00007ff92ce20000 - 0x00007ff92ce8c000 	C:\WINDOWS\system32\mswsock.dll
0x00007ff8a5320000 - 0x00007ff8a5336000 	C:\Program Files\Android\Android Studio\jbr\bin\nio.dll
0x00007ff8effd0000 - 0x00007ff8effe0000 	C:\Program Files\Android\Android Studio\jbr\bin\verify.dll
0x00007ff8fc6b0000 - 0x00007ff8fc6d7000 	C:\Users\Intel\.gradle\native\660c5614fbf4a5f2a75b1949f50a0caf5cd603558e7d8a26e50b933a0cfb79d1\windows-amd64\native-platform.dll
0x00007ff8bb650000 - 0x00007ff8bb6c7000 	C:\Users\Intel\.gradle\native\0.2.8\x86_64-windows-gnu\gradle-fileevents.dll
0x00007ff8f6170000 - 0x00007ff8f6179000 	C:\Program Files\Android\Android Studio\jbr\bin\management.dll
0x00007ff8f6160000 - 0x00007ff8f616b000 	C:\Program Files\Android\Android Studio\jbr\bin\management_ext.dll
0x00007ff931710000 - 0x00007ff931718000 	C:\WINDOWS\System32\PSAPI.DLL
0x00007ff92c270000 - 0x00007ff92c2a3000 	C:\WINDOWS\SYSTEM32\IPHLPAPI.DLL
0x00007ff9314c0000 - 0x00007ff9314ca000 	C:\WINDOWS\System32\NSI.dll
0x00007ff8f6180000 - 0x00007ff8f6189000 	C:\Program Files\Android\Android Studio\jbr\bin\extnet.dll
0x00007ff92e740000 - 0x00007ff92e75b000 	C:\WINDOWS\SYSTEM32\CRYPTSP.dll
0x00007ff92c820000 - 0x00007ff92c859000 	C:\WINDOWS\system32\rsaenh.dll
0x00007ff92cee0000 - 0x00007ff92cf12000 	C:\WINDOWS\SYSTEM32\USERENV.dll
0x00007ff92eb30000 - 0x00007ff92eb5a000 	C:\WINDOWS\SYSTEM32\bcrypt.dll
0x00007ff92d090000 - 0x00007ff92d09c000 	C:\WINDOWS\SYSTEM32\CRYPTBASE.dll
0x00007ff8adcf0000 - 0x00007ff8adcf8000 	C:\WINDOWS\system32\wshunix.dll
0x00007ff908000000 - 0x00007ff908018000 	C:\WINDOWS\system32\napinsp.dll
0x00007ff92c300000 - 0x00007ff92c456000 	C:\WINDOWS\SYSTEM32\DNSAPI.dll
0x00007ff92cc40000 - 0x00007ff92cc4d000 	C:\WINDOWS\SYSTEM32\DSPARSE.dll
0x00007ff906480000 - 0x00007ff906493000 	C:\WINDOWS\System32\winrnr.dll
0x00007ff906450000 - 0x00007ff906472000 	C:\WINDOWS\system32\nlansp_c.dll
0x00007ff9259c0000 - 0x00007ff9259d6000 	C:\WINDOWS\system32\wshbth.dll
0x00007ff925790000 - 0x00007ff92579b000 	C:\Windows\System32\rasadhlp.dll
0x00007ff920080000 - 0x00007ff920106000 	C:\WINDOWS\System32\fwpuclnt.dll

JVMTI agents:
C:\Users\Intel\.gradle\wrapper\dists\gradle-9.3.0-bin\79n14ral3mx1ozqr3csh2u872\gradle-9.3.0\lib\agents\gradle-instrumentation-agent-9.3.0.jar path:C:\Program Files\Android\Android Studio\jbr\bin\instrument.dll, loaded, initialized, instrumentlib options:none

dbghelp: loaded successfully - version: 4.0.5 - missing functions: none
symbol engine: initialized successfully - sym options: 0x614 - pdb path: .;C:\Program Files\Android\Android Studio\jbr\bin;C:\WINDOWS\SYSTEM32;C:\WINDOWS\WinSxS\amd64_microsoft.windows.common-controls_6595b64144ccf1df_6.0.26100.8875_none_3e0d5d42e32fe9dd;C:\Program Files\Android\Android Studio\jbr\bin\server;C:\Users\Intel\.gradle\native\660c5614fbf4a5f2a75b1949f50a0caf5cd603558e7d8a26e50b933a0cfb79d1\windows-amd64;C:\Users\Intel\.gradle\native\0.2.8\x86_64-windows-gnu

VM Arguments:
jvm_args: --add-opens=java.base/java.lang=ALL-UNNAMED --add-opens=java.base/java.lang.invoke=ALL-UNNAMED --add-opens=java.base/java.util=ALL-UNNAMED --add-opens=java.prefs/java.util.prefs=ALL-UNNAMED --add-exports=jdk.compiler/com.sun.tools.javac.api=ALL-UNNAMED --add-exports=jdk.compiler/com.sun.tools.javac.util=ALL-UNNAMED --add-opens=java.base/java.util=ALL-UNNAMED --add-opens=java.prefs/java.util.prefs=ALL-UNNAMED --add-opens=java.base/java.nio.charset=ALL-UNNAMED --add-opens=java.base/java.net=ALL-UNNAMED --add-opens=java.base/java.util.concurrent=ALL-UNNAMED --add-opens=java.base/java.util.concurrent.atomic=ALL-UNNAMED --add-opens=java.xml/javax.xml.namespace=ALL-UNNAMED --add-opens=java.base/java.time=ALL-UNNAMED --enable-native-access=ALL-UNNAMED -XX:MaxMetaspaceSize=384m -XX:+HeapDumpOnOutOfMemoryError -Xms256m -Xmx512m -Dfile.encoding=UTF-8 -Duser.country=BE -Duser.language=nl -Duser.variant -javaagent:C:\Users\Intel\.gradle\wrapper\dists\gradle-9.3.0-bin\79n14ral3mx1ozqr3csh2u872\gradle-9.3.0\lib\agents\gradle-instrumentation-agent-9.3.0.jar 
java_command: org.gradle.launcher.daemon.bootstrap.GradleDaemon 9.3.0
java_class_path (initial): C:\Users\Intel\.gradle\wrapper\dists\gradle-9.3.0-bin\79n14ral3mx1ozqr3csh2u872\gradle-9.3.0\lib\gradle-daemon-main-9.3.0.jar
Launcher Type: SUN_STANDARD

[Global flags]
     intx CICompilerCount                          = 15                                        {product} {ergonomic}
   size_t CompressedClassSpaceSize                 = 335544320                                 {product} {ergonomic}
     uint ConcGCThreads                            = 6                                         {product} {ergonomic}
     uint G1ConcRefinementThreads                  = 23                                        {product} {ergonomic}
   size_t G1HeapRegionSize                         = 1048576                                   {product} {ergonomic}
     bool HeapDumpOnOutOfMemoryError               = true                                   {manageable} {command line}
   size_t InitialHeapSize                          = 268435456                                 {product} {command line}
   size_t MarkStackSize                            = 4194304                                   {product} {ergonomic}
   size_t MarkStackSizeMax                         = 536870912                                 {product} {ergonomic}
   size_t MaxHeapSize                              = 536870912                                 {product} {command line}
   size_t MaxMetaspaceSize                         = 402653184                                 {product} {command line}
   size_t MaxNewSize                               = 321912832                                 {product} {ergonomic}
   size_t MinHeapDeltaBytes                        = 1048576                                   {product} {ergonomic}
   size_t MinHeapSize                              = 268435456                                 {product} {command line}
    uintx NonNMethodCodeHeapSize                   = 8192000                                {pd product} {ergonomic}
    uintx NonProfiledCodeHeapSize                  = 121765888                              {pd product} {ergonomic}
    uintx ProfiledCodeHeapSize                     = 121700352                              {pd product} {ergonomic}
    uintx ReservedCodeCacheSize                    = 251658240                              {pd product} {ergonomic}
     bool SegmentedCodeCache                       = true                                      {product} {ergonomic}
   size_t SoftMaxHeapSize                          = 536870912                              {manageable} {ergonomic}
     bool UseCompressedOops                        = true                           {product lp64_product} {ergonomic}
     bool UseG1GC                                  = true                                      {product} {ergonomic}
     bool UseLargePagesIndividualAllocation        = false                                  {pd product} {ergonomic}

Logging:
Log output configuration:
 #0: stdout all=warning uptime,level,tags foldmultilines=false
 #1: stderr all=off uptime,level,tags foldmultilines=false

Release file:
JAVA_VERSION="25.0.2" 
MODULES="java.base java.compiler java.datatransfer java.xml java.prefs java.desktop java.instrument java.logging java.management java.security.sasl java.naming java.rmi java.management.rmi java.net.http java.scripting java.security.jgss java.transaction.xa java.sql java.sql.rowset java.xml.crypto java.se java.smartcardio jdk.accessibility jdk.internal.jvmstat jdk.attach jdk.charsets jdk.internal.opt jdk.zipfs jdk.compiler jdk.crypto.cryptoki jdk.crypto.ec jdk.dynalink jdk.hotspot.agent jdk.httpserver jdk.internal.ed jdk.internal.le jdk.internal.md jdk.internal.vm.ci jdk.jartool jdk.javadoc jdk.jcmd jdk.jdeps jdk.jdwp.agent jdk.jdi jdk.jfr jdk.jlink jdk.localedata jdk.management jdk.management.agent jdk.management.jfr jdk.naming.dns jdk.naming.rmi jdk.net jdk.sctp jdk.security.auth jdk.security.jgss jdk.unsupported jdk.unsupported.desktop jdk.xml.dom" 
IMPLEMENTOR="JetBrains s.r.o." 
JAVA_RUNTIME_VERSION="25.0.2+-15348964-b329.117" 
LIBC="default" 
OS_ARCH="x86_64" 
OS_NAME="Windows" 
SOURCE=".:git:3cf398e84a39" 

Environment Variables:
PATH=C:\Program Files\NVIDIA GPU Computing Toolkit\CUDA\v12.8\bin;C:\Program Files\NVIDIA GPU Computing Toolkit\CUDA\v12.8\libnvvp;;;;C:\WINDOWS\system32;C:\WINDOWS;C:\WINDOWS\System32\Wbem;C:\WINDOWS\System32\WindowsPowerShell\v1.0\;C:\WINDOWS\System32\OpenSSH\;C:\Program Files\Git\cmd;C:\Program Files (x86)\NVIDIA Corporation\PhysX\Common;C:\Program Files\NVIDIA Corporation\NVIDIA NvDLISR;C:\Program Files\NVIDIA Corporation\Nsight Compute 2025.1.0\;C:\Program Files\NVIDIA Corporation\NVIDIA app\NvDLISR;C:\Program Files\dotnet\;C:\Users\Intel\AppData\Local\Programs\Python\Python312\Scripts\;C:\Users\Intel\AppData\Local\Programs\Python\Python312\;C:\Users\Intel\AppData\Local\Programs\Python\Python311\Scripts\;C:\Users\Intel\AppData\Local\Programs\Python\Python311\;C:\Users\Intel\AppData\Local\Programs\Python\Python310\Scripts\;C:\Users\Intel\AppData\Local\Programs\Python\Python310\;C:\Users\Intel\AppData\Local\Microsoft\WindowsApps;C:\Users\Intel\.dotnet\tools
USERNAME=Intel
OS=Windows_NT
PROCESSOR_IDENTIFIER=Intel64 Family 6 Model 183 Stepping 1, GenuineIntel
TMP=C:\Users\Intel\AppData\Local\Temp
TEMP=C:\Users\Intel\AppData\Local\Temp




Compilation memory statistics disabled.

Periodic native trim disabled

JNI global refs:
JNI global refs: 45, weak refs: 329

JNI global refs memory usage: 835, weak refs: 4625

Process memory usage:
Resident Set Size: 1019836K (1% of 66809568K total physical memory with 50219548K free physical memory)

OOME stack traces (most recent first):
Classloader memory used:
Loader org.gradle.internal.classloader.VisitableURLClassLoader$InstrumentingVisitableURLClassLoader: 67983 K
Loader org.gradle.internal.classloader.VisitableURLClassLoader                         : 47571 K
Loader bootstrap                                                                       : 30373 K
Loader org.gradle.initialization.MixInLegacyTypesClassLoader                           : 13981 K
Loader org.gradle.internal.classloader.VisitableURLClassLoader                         : 8474 K
Loader jdk.internal.loader.ClassLoaders$AppClassLoader                                 : 225 K
Loader org.gradle.groovy.scripts.internal.DefaultScriptCompilationHandler$ScriptClassLoader: 199 K
Loader jdk.internal.loader.ClassLoaders$PlatformClassLoader                            : 157 K
Loader sun.reflect.misc.MethodUtil                                                     : 2968 B

Classes loaded by more than one classloader:
Class Program                                                                         : loaded 5 times (x 74B)
Class com.google.common.collect.UnmodifiableIterator                                  : loaded 4 times (x 82B)
Class com.google.common.collect.Iterators                                             : loaded 4 times (x 73B)
Class com.google.common.collect.Lists$StringAsImmutableList                           : loaded 4 times (x 209B)
Class com.google.common.collect.ImmutableList                                         : loaded 4 times (x 208B)
Class com.google.common.collect.AbstractIterator                                      : loaded 4 times (x 84B)
Class com.google.common.collect.AbstractIndexedListIterator                           : loaded 4 times (x 98B)
Class com.google.common.collect.UnmodifiableListIterator                              : loaded 4 times (x 97B)
Class com.google.common.collect.Iterators$MergingIterator                             : loaded 4 times (x 83B)
Class com.google.common.collect.Iterators$1                                           : loaded 4 times (x 83B)
Class com.google.common.collect.Iterators$4                                           : loaded 4 times (x 84B)
Class com.google.common.collect.PeekingIterator                                       : loaded 4 times (x 72B)
Class com.google.common.collect.Iterators$5                                           : loaded 4 times (x 84B)
Class com.google.common.base.Preconditions                                            : loaded 4 times (x 73B)
Class com.google.common.collect.ImmutableCollection                                   : loaded 4 times (x 127B)
Class com.google.common.collect.Lists                                                 : loaded 4 times (x 73B)
Class com.google.common.collect.Iterators$9                                           : loaded 4 times (x 83B)
Class com.google.common.collect.Iterators$ArrayItr                                    : loaded 4 times (x 99B)
Class com.google.common.collect.ImmutableRangeSet$ComplementRanges                    : loaded 3 times (x 209B)
Class org.gradle.internal.IoActions                                                   : loaded 3 times (x 73B)
Class org.gradle.api.GradleException                                                  : loaded 3 times (x 84B)
Class com.google.common.base.CharMatcher$NegatedFastMatcher                           : loaded 3 times (x 115B)
Class com.google.common.collect.AbstractRangeSet                                      : loaded 3 times (x 116B)
Class com.google.common.base.Predicate                                                : loaded 3 times (x 72B)
Class com.google.common.base.CharMatcher$FastMatcher                                  : loaded 3 times (x 113B)
Class org.gradle.api.Action                                                           : loaded 3 times (x 72B)
Class org.gradle.internal.Cast                                                        : loaded 3 times (x 73B)
Class com.google.common.collect.ImmutableList$1                                       : loaded 3 times (x 99B)
Class com.google.common.base.CharMatcher$Or                                           : loaded 3 times (x 114B)
Class com.google.common.base.CharMatcher$BitSetMatcher                                : loaded 3 times (x 114B)
Class com.google.common.collect.ImmutableSet                                          : loaded 3 times (x 147B)
Class com.google.common.collect.ImmutableRangeSet$Builder                             : loaded 3 times (x 79B)
Class com.google.common.collect.RegularImmutableList                                  : loaded 3 times (x 214B)
Class com.google.common.base.Function                                                 : loaded 3 times (x 72B)
Class com.google.common.collect.RegularImmutableSortedSet                             : loaded 3 times (x 301B)
Class com.google.common.base.CharMatcher$IsNot                                        : loaded 3 times (x 113B)
Class com.google.common.collect.ImmutableSet$RegularSetBuilderImpl                    : loaded 3 times (x 78B)
Class com.google.common.collect.ImmutableSortedSet                                    : loaded 3 times (x 301B)
Class com.google.common.collect.ImmutableAsList                                       : loaded 3 times (x 211B)
Class com.google.common.base.CharMatcher$Negated                                      : loaded 3 times (x 115B)
Class com.google.common.base.CharMatcher$Is                                           : loaded 3 times (x 113B)
Class com.google.common.collect.ImmutableSet$CachingAsList                            : loaded 3 times (x 149B)
Class com.google.common.base.CharMatcher$AnyOf                                        : loaded 3 times (x 114B)
Class com.google.common.base.CharMatcher$IsEither                                     : loaded 3 times (x 113B)
Class com.google.common.base.CharMatcher$ForPredicate                                 : loaded 3 times (x 114B)
Class com.google.common.base.Joiner$1                                                 : loaded 3 times (x 82B)
Class com.google.common.base.CharMatcher                                              : loaded 3 times (x 113B)
Class com.google.common.collect.SortedIterable                                        : loaded 3 times (x 72B)
Class com.google.common.collect.SingletonImmutableSet                                 : loaded 3 times (x 148B)
Class com.google.common.base.Joiner$2                                                 : loaded 3 times (x 81B)
Class com.google.common.collect.ImmutableList$ReverseImmutableList                    : loaded 3 times (x 210B)
Class com.google.common.collect.SingletonImmutableList                                : loaded 3 times (x 209B)
Class com.google.common.base.CharMatcher$1                                            : loaded 3 times (x 115B)
Class com.google.common.base.CharMatcher$NamedFastMatcher                             : loaded 3 times (x 114B)
Class com.google.common.base.ExtraObjectsMethodsForWeb                                : loaded 3 times (x 73B)
Class com.google.common.collect.Multimap                                              : loaded 3 times (x 72B)
Class com.google.common.collect.RangeSet                                              : loaded 3 times (x 72B)
Class com.google.common.base.CharMatcher$InRange                                      : loaded 3 times (x 113B)
Class com.google.common.base.Objects                                                  : loaded 3 times (x 73B)
Class com.google.common.base.CharMatcher$And                                          : loaded 3 times (x 114B)
Class com.google.common.collect.ImmutableSet$SetBuilderImpl                           : loaded 3 times (x 78B)
Class com.google.common.collect.ForwardingObject                                      : loaded 3 times (x 74B)
Class com.google.common.collect.Range                                                 : loaded 3 times (x 89B)
Class com.google.common.collect.RegularImmutableAsList                                : loaded 3 times (x 218B)
Class com.google.common.collect.ImmutableRangeSet$1                                   : loaded 3 times (x 211B)
Class com.google.common.collect.ImmutableList$Builder                                 : loaded 3 times (x 79B)
Class com.google.common.collect.Iterators$SingletonIterator                           : loaded 3 times (x 83B)
Class com.intellij.gradle.toolingExtension.util.GradleVersionUtil                     : loaded 3 times (x 73B)
Class com.google.common.collect.ImmutableList$SubList                                 : loaded 3 times (x 210B)
Class com.google.common.base.Joiner                                                   : loaded 3 times (x 81B)
Class com.google.common.collect.ImmutableCollection$Builder                           : loaded 3 times (x 78B)
Class com.google.common.collect.RegularImmutableSet                                   : loaded 3 times (x 149B)
Class com.google.common.collect.ImmutableRangeSet$AsSet                               : loaded 3 times (x 301B)
Class com.google.common.collect.ImmutableRangeSet                                     : loaded 3 times (x 117B)
Class kotlin.text.MatcherMatchResult$groupValues$1                                    : loaded 2 times (x 200B)
Class kotlin.sequences.SequencesKt___SequencesKt                                      : loaded 2 times (x 73B)
Class kotlin.collections.AbstractList$Companion                                       : loaded 2 times (x 73B)
Class org.gradle.internal.classloader.ClassLoaderVisitor                              : loaded 2 times (x 78B)
Class [Lcom.google.common.collect.ImmutableMapEntry;                                  : loaded 2 times (x 71B)
Class org.jetbrains.kotlin.idea.projectModel.KotlinTaskProperties                     : loaded 2 times (x 72B)
Class org.jetbrains.plugins.gradle.tooling.serialization.internal.IdeaProjectSerializationService: loaded 2 times (x 79B)
Class com.google.common.collect.Ordering                                              : loaded 2 times (x 116B)
Class kotlin.sequences.SequencesKt___SequencesKt$flatMap$2                            : loaded 2 times (x 131B)
Class org.gradle.api.internal.classpath.EffectiveClassPath                            : loaded 2 times (x 92B)
Class com.android.builder.model.v2.models.AndroidDsl                                  : loaded 2 times (x 72B)
Class com.google.common.collect.ReverseNaturalOrdering                                : loaded 2 times (x 116B)
Class com.google.common.collect.ImmutableEnumMap                                      : loaded 2 times (x 127B)
Class com.google.common.collect.ListMultimap                                          : loaded 2 times (x 72B)
Class com.amazon.ion.impl.lite.IonSystemLite                                          : loaded 2 times (x 277B)
Class com.amazon.ion.util.InputStreamInterceptor                                      : loaded 2 times (x 72B)
Class com.amazon.ion.impl.bin.IonRawBinaryWriter$PreallocationMode                    : loaded 2 times (x 83B)
Class com.amazon.ion.impl.bin._Private_IonRawWriter                                   : loaded 2 times (x 72B)
Class com.amazon.ion.IonWriter                                                        : loaded 2 times (x 72B)
Class kotlin.text.StringsKt__AppendableKt                                             : loaded 2 times (x 73B)
Class org.gradle.tooling.internal.gradle.DefaultProjectIdentifier                     : loaded 2 times (x 88B)
Class com.android.ide.common.gradle.Numeric                                           : loaded 2 times (x 79B)
Class com.google.common.collect.Sets$1                                                : loaded 2 times (x 141B)
Class org.objectweb.asm.AnnotationVisitor                                             : loaded 2 times (x 80B)
Class com.google.common.base.Splitter                                                 : loaded 2 times (x 74B)
Class com.amazon.ion.impl._Private_IonContainer                                       : loaded 2 times (x 72B)
Class com.intellij.gradle.toolingExtension.impl.model.buildScriptClasspathModel.GradleBuildScriptClasspathSerializationService$ReadContext: loaded 2 times (x 74B)
Class kotlin.jvm.internal.ArrayIteratorKt                                             : loaded 2 times (x 73B)
Class com.google.common.collect.ComparatorOrdering                                    : loaded 2 times (x 117B)
Class org.gradle.api.internal.DefaultClassPathProvider                                : loaded 2 times (x 78B)
Class com.android.builder.model.v2.models.BasicAndroidProject                         : loaded 2 times (x 72B)
Class com.google.common.collect.Sets$2                                                : loaded 2 times (x 141B)
Class com.amazon.ion.impl.SharedSymbolTable                                           : loaded 2 times (x 95B)
Class com.amazon.ion.impl.bin.IonRawBinaryWriter                                      : loaded 2 times (x 170B)
Class com.amazon.ion.SymbolToken                                                      : loaded 2 times (x 72B)
Class kotlin.sequences.SequencesKt__SequencesKt$sequenceOf$$inlined$Sequence$1        : loaded 2 times (x 77B)
Class kotlin.text.StringsKt__StringNumberConversionsJVMKt                             : loaded 2 times (x 73B)
Class com.google.common.collect.NaturalOrdering                                       : loaded 2 times (x 117B)
Class kotlin.text.MatchResult                                                         : loaded 2 times (x 72B)
Class kotlin.sequences.SequenceScope                                                  : loaded 2 times (x 75B)
Class kotlin.sequences.Sequence                                                       : loaded 2 times (x 72B)
Class org.gradle.tooling.ToolingModelContract                                         : loaded 2 times (x 72B)
Class [Lorg.gradle.api.internal.ClassPathProvider;                                    : loaded 2 times (x 71B)
Class org.gradle.api.internal.ClassPathProvider                                       : loaded 2 times (x 72B)
Class [Lorg.objectweb.asm.AnnotationVisitor;                                          : loaded 2 times (x 71B)
Class com.google.common.collect.Sets$3                                                : loaded 2 times (x 141B)
Class com.google.common.cache.LocalCache$LocalLoadingCache                            : loaded 2 times (x 136B)
Class com.google.common.base.AbstractIterator$State                                   : loaded 2 times (x 81B)
Class com.amazon.ion.impl.lite.IonBoolLite                                            : loaded 2 times (x 181B)
Class kotlin.collections.CollectionsKt___CollectionsKt$asSequence$$inlined$Sequence$1 : loaded 2 times (x 77B)
Class org.gradle.internal.service.UnknownServiceException                             : loaded 2 times (x 85B)
Class com.google.common.io.ByteArrayDataInput                                         : loaded 2 times (x 72B)
Class com.google.common.collect.Sets$4                                                : loaded 2 times (x 141B)
Class org.objectweb.asm.ModuleVisitor                                                 : loaded 2 times (x 83B)
Class com.google.common.cache.LocalCache$Strength$1                                   : loaded 2 times (x 83B)
Class org.jetbrains.kotlin.idea.gradleTooling.model.kapt.KaptGradleModel              : loaded 2 times (x 72B)
Class org.jetbrains.kotlin.idea.gradleTooling.KotlinDslScriptAdditionalTask           : loaded 2 times (x 72B)
Class org.jetbrains.plugins.gradle.model.ClasspathEntryModel                          : loaded 2 times (x 72B)
Class com.google.common.util.concurrent.SettableFuture                                : loaded 2 times (x 116B)
Class com.google.common.cache.LocalCache$Strength$2                                   : loaded 2 times (x 83B)
Class com.amazon.ion.IonTimestamp                                                     : loaded 2 times (x 72B)
Class com.amazon.ion.impl.bin.PooledBlockAllocatorProvider$PooledBlockAllocator       : loaded 2 times (x 83B)
Class com.intellij.platform.diagnostic.telemetry.rt.context.TelemetryContextGetter    : loaded 2 times (x 77B)
Class org.jetbrains.plugins.gradle.tooling.serialization.GradleExtensionsSerializationService: loaded 2 times (x 79B)
Class com.android.ide.gradle.model.AdditionalClassifierArtifactsModelParameter        : loaded 2 times (x 72B)
Class org.gradle.api.JavaVersion                                                      : loaded 2 times (x 81B)
Class org.gradle.tooling.model.Dependency                                             : loaded 2 times (x 72B)
Class ijJvmDebugger1_ewkv1r8vhe7wre3euz9djkhur$_run_closure1$_closure2                : loaded 2 times (x 141B)
Class com.google.common.io.ByteStreams                                                : loaded 2 times (x 73B)
Class com.android.builder.model.v2.ide.AbstractArtifact                               : loaded 2 times (x 72B)
Class com.google.common.cache.LocalCache$Strength$3                                   : loaded 2 times (x 83B)
Class com.google.common.collect.MapDifference                                         : loaded 2 times (x 72B)
Class com.google.common.base.Splitter$1                                               : loaded 2 times (x 79B)
Class com.amazon.ion.IonDatagram                                                      : loaded 2 times (x 72B)
Class com.amazon.ion.impl.bin.IonManagedBinaryWriter$ImportedSymbolResolverMode$1$1   : loaded 2 times (x 80B)
Class com.amazon.ion.impl._Private_ByteTransferSink                                   : loaded 2 times (x 72B)
Class com.intellij.openapi.externalSystem.model.project.dependencies.ResolutionState  : loaded 2 times (x 81B)
Class kotlin.text.StringsKt__RegexExtensionsJVMKt                                     : loaded 2 times (x 73B)
Class com.google.common.collect.AllEqualOrdering                                      : loaded 2 times (x 116B)
Class kotlin.collections.ArraysKt___ArraysJvmKt                                       : loaded 2 times (x 73B)
Class kotlin.collections.CollectionsKt__CollectionsKt                                 : loaded 2 times (x 73B)
Class org.objectweb.asm.FieldWriter                                                   : loaded 2 times (x 79B)
Class com.google.common.cache.CacheBuilder$NullListener                               : loaded 2 times (x 84B)
Class org.jetbrains.plugins.gradle.model.ExternalLibraryDependency                    : loaded 2 times (x 72B)
Class kotlin.text.Regex$Companion                                                     : loaded 2 times (x 73B)
Class org.gradle.internal.classpath.TransformedClassPath                              : loaded 2 times (x 98B)
Class org.gradle.internal.classloader.InstrumentingClassLoader                        : loaded 2 times (x 72B)
Class com.google.common.collect.ImmutableListMultimap                                 : loaded 2 times (x 178B)
Class io.opentelemetry.context.Scope                                                  : loaded 2 times (x 72B)
Class com.google.common.cache.CacheLoader$FunctionToCacheLoader                       : loaded 2 times (x 77B)
Class com.amazon.ion.impl.bin.IonManagedBinaryWriter$ImportedSymbolResolverMode$2     : loaded 2 times (x 82B)
Class com.google.common.base.CharMatcher$None                                         : loaded 2 times (x 114B)
Class com.amazon.ion.IonValue                                                         : loaded 2 times (x 72B)
Class ijInit1_cw2zc3w9p265jgr2j09q3y34p                                               : loaded 2 times (x 173B)
Class kotlin.jvm.internal.FunctionReference                                           : loaded 2 times (x 128B)
Class [Lkotlin.coroutines.intrinsics.CoroutineSingletons;                             : loaded 2 times (x 71B)
Class kotlin.jvm.internal.FunctionBase                                                : loaded 2 times (x 72B)
Class kotlin.enums.EnumEntriesList                                                    : loaded 2 times (x 225B)
Class com.google.common.collect.EmptyImmutableListMultimap                            : loaded 2 times (x 178B)
Class com.google.common.collect.BaseImmutableMultimap                                 : loaded 2 times (x 125B)
Class org.gradle.internal.classloader.DefaultClassLoaderFactory                       : loaded 2 times (x 84B)
Class com.google.common.base.MoreObjects                                              : loaded 2 times (x 73B)
Class com.amazon.ion.impl.bin.IonRawBinaryWriter$ContainerType                        : loaded 2 times (x 81B)
Class com.amazon.ion.impl._Private_IonTextWriterBuilder$Mutable                       : loaded 2 times (x 103B)
Class kotlin.comparisons.ComparisonsKt___ComparisonsJvmKt                             : loaded 2 times (x 73B)
Class kotlin.collections.CollectionsKt__IteratorsJVMKt                                : loaded 2 times (x 73B)
Class com.android.builder.model.v2.ide.TestInfo$Execution                             : loaded 2 times (x 81B)
Class [Lorg.objectweb.asm.Type;                                                       : loaded 2 times (x 71B)
Class com.google.common.collect.Platform                                              : loaded 2 times (x 73B)
Class com.intellij.util.containers.IntObjectHashMap$ArrayProducer                     : loaded 2 times (x 72B)
Class org.jetbrains.kotlin.idea.gradleTooling.KotlinSourceSetContainer                : loaded 2 times (x 72B)
Class io.opentelemetry.context.ContextStorageWrappers                                 : loaded 2 times (x 73B)
Class io.opentelemetry.context.propagation.DefaultContextPropagators                  : loaded 2 times (x 77B)
Class org.jetbrains.plugins.gradle.model.IntelliJSettings                             : loaded 2 times (x 72B)
Class kotlin.Result                                                                   : loaded 2 times (x 74B)
Class org.gradle.internal.service.ServiceLocator                                      : loaded 2 times (x 72B)
Class io.opentelemetry.api.GlobalOpenTelemetry                                        : loaded 2 times (x 73B)
Class com.google.common.base.Ascii                                                    : loaded 2 times (x 73B)
Class com.google.common.collect.SingletonImmutableBiMap                               : loaded 2 times (x 145B)
Class com.google.common.cache.LocalCache$1                                            : loaded 2 times (x 91B)
Class com.google.common.collect.AbstractMapEntry                                      : loaded 2 times (x 83B)
Class com.amazon.ion.impl.IonWriterSystem                                             : loaded 2 times (x 172B)
Class com.amazon.ion.impl.bin.Symbols$2                                               : loaded 2 times (x 109B)
Class com.amazon.ion.impl.bin._Private_IonManagedWriter                               : loaded 2 times (x 72B)
Class com.amazon.ion.impl.bin.IonManagedBinaryWriter$ImportedSymbolResolverMode$1     : loaded 2 times (x 82B)
Class com.android.ide.gradle.model.GradlePropertiesModel                              : loaded 2 times (x 72B)
Class kotlin.sequences.TransformingSequence$iterator$1                                : loaded 2 times (x 81B)
Class kotlin.Pair                                                                     : loaded 2 times (x 74B)
Class org.gradle.tooling.internal.adapter.ProtocolToModelAdapter$SupportedPropertyInvoker: loaded 2 times (x 78B)
Class org.gradle.tooling.model.UnsupportedMethodException                             : loaded 2 times (x 84B)
Class com.google.common.collect.Sets$ImprovedAbstractSet                              : loaded 2 times (x 137B)
Class com.android.builder.model.v2.ide.BytecodeTransformation                         : loaded 2 times (x 81B)
Class com.amazon.ion.impl.lite.IonSymbolLite                                          : loaded 2 times (x 249B)
Class com.google.common.cache.LocalCache$2                                            : loaded 2 times (x 144B)
Class com.google.common.collect.AbstractMultimap                                      : loaded 2 times (x 125B)
Class com.amazon.ion.impl.lite.IonContainerLite                                       : loaded 2 times (x 250B)
Class com.amazon.ion.IonBufferConfiguration$OversizedSymbolTableHandler               : loaded 2 times (x 72B)
Class com.amazon.ion.system.IonWriterBuilder                                          : loaded 2 times (x 76B)
Class org.jetbrains.plugins.gradle.tooling.serialization.ToolingStreamApiUtils        : loaded 2 times (x 73B)
Class com.amazon.ion.facet.Faceted                                                    : loaded 2 times (x 72B)
Class kotlin.collections.CollectionsKt__MutableCollectionsKt                          : loaded 2 times (x 73B)
Class com.android.builder.model.v2.ide.CodeShrinker                                   : loaded 2 times (x 81B)
Class [Lcom.amazon.ion.impl.bin.IonRawBinaryWriter$StreamCloseMode;                   : loaded 2 times (x 71B)
Class org.jetbrains.kotlin.idea.gradleTooling.AndroidAwareGradleModelProvider$Companion: loaded 2 times (x 73B)
Class com.amazon.ion.impl.bin.utf8.Poolable                                           : loaded 2 times (x 81B)
Class com.amazon.ion.IonSymbol                                                        : loaded 2 times (x 72B)
Class io.opentelemetry.api.trace.SpanContext                                          : loaded 2 times (x 72B)
Class io.opentelemetry.api.trace.DefaultTracer$NoopSpanBuilder                        : loaded 2 times (x 93B)
Class org.jetbrains.plugins.gradle.tooling.serialization.AnnotationProcessingModelSerializationService$WriteContext: loaded 2 times (x 74B)
Class kotlin.io.TerminateException                                                    : loaded 2 times (x 84B)
Class kotlin.io.FilesKt__FilePathComponentsKt                                         : loaded 2 times (x 73B)
Class kotlin.reflect.KCallable                                                        : loaded 2 times (x 72B)
Class com.google.common.base.Platform$JdkPatternCompiler                              : loaded 2 times (x 77B)
Class com.google.common.util.concurrent.AbstractFuture$Trusted                        : loaded 2 times (x 72B)
Class com.google.common.base.Suppliers                                                : loaded 2 times (x 73B)
Class org.jetbrains.kotlin.idea.gradleTooling.KotlinGradlePluginVersion               : loaded 2 times (x 72B)
Class com.intellij.compose.ide.plugin.gradleTooling.rt.ComposeResourcesModel          : loaded 2 times (x 72B)
Class com.intellij.gradle.toolingExtension.impl.util.collectionUtil.GradleCollections : loaded 2 times (x 73B)
Class com.amazon.ion.impl.lite.IonStructLite                                          : loaded 2 times (x 300B)
Class com.amazon.ion.impl._Private_ReaderWriter                                       : loaded 2 times (x 72B)
Class com.amazon.ion.impl.bin.AbstractSymbolTable                                     : loaded 2 times (x 109B)
Class com.amazon.ion.Decimal                                                          : loaded 2 times (x 136B)
Class com.amazon.ion.impl.bin._Private_IonManagedBinaryWriterBuilder$AllocatorMode$1  : loaded 2 times (x 82B)
Class org.jetbrains.plugins.gradle.tooling.serialization.ProjectDependenciesSerializationService$WriteContext: loaded 2 times (x 74B)
Class org.jetbrains.plugins.gradle.tooling.serialization.ProjectDependenciesSerializationService: loaded 2 times (x 79B)
Class kotlin.text.CharsKt                                                             : loaded 2 times (x 73B)
Class org.gradle.tooling.model.kotlin.dsl.KotlinDslScriptModel                        : loaded 2 times (x 72B)
Class org.gradle.tooling.internal.adapter.CollectionMapper                            : loaded 2 times (x 75B)
Class org.jetbrains.kotlin.tooling.core.KotlinToolingVersion                          : loaded 2 times (x 77B)
Class [Lcom.android.builder.model.v2.ide.LibraryType;                                 : loaded 2 times (x 71B)
Class com.android.builder.model.v2.ide.LibraryType                                    : loaded 2 times (x 81B)
Class com.google.common.util.concurrent.UncheckedExecutionException                   : loaded 2 times (x 84B)
Class [Lcom.google.common.cache.CacheBuilder$OneWeigher;                              : loaded 2 times (x 71B)
Class com.amazon.ion.impl.lite.IonFloatLite                                           : loaded 2 times (x 189B)
Class com.amazon.ion.impl._Private_IonTextWriterBuilder                               : loaded 2 times (x 103B)
Class com.amazon.ion.impl.bin._Private_IonManagedBinaryWriterBuilder$AllocatorMode$2  : loaded 2 times (x 82B)
Class io.opentelemetry.api.trace.DefaultTracerProvider                                : loaded 2 times (x 81B)
Class com.google.common.collect.ExplicitOrdering                                      : loaded 2 times (x 117B)
Class org.jetbrains.plugins.gradle.ExternalDependencyId                               : loaded 2 times (x 72B)
Class com.amazon.ion.impl._Private_IonReaderBuilder                                   : loaded 2 times (x 99B)
Class com.amazon.ion.IonMutableCatalog                                                : loaded 2 times (x 72B)
Class gnu.trove.THash                                                                 : loaded 2 times (x 83B)
Class com.intellij.gradle.toolingExtension.impl.model.buildScriptClasspathModel.GradleBuildScriptClasspathSerializationService$WriteContext: loaded 2 times (x 74B)
Class org.gradle.tooling.internal.adapter.ProtocolToModelAdapter                      : loaded 2 times (x 82B)
Class com.google.common.collect.AbstractMapBasedMultimap$KeySet$1                     : loaded 2 times (x 84B)
Class com.android.builder.model.v2.ide.AndroidGradlePluginProjectFlags$BooleanFlag    : loaded 2 times (x 81B)
Class com.android.ide.common.gradle.Separator                                         : loaded 2 times (x 81B)
Class org.objectweb.asm.ClassWriter                                                   : loaded 2 times (x 107B)
Class com.google.common.cache.CacheLoader$UnsupportedLoadingOperationException        : loaded 2 times (x 84B)
Class org.objectweb.asm.MethodTooLargeException                                       : loaded 2 times (x 84B)
Class [Lio.opentelemetry.context.ThreadLocalContextStorage$NoopScope;                 : loaded 2 times (x 71B)
Class io.opentelemetry.context.ThreadLocalContextStorage$NoopScope                    : loaded 2 times (x 87B)
Class kotlin.collections.ArraysKt___ArraysKt$asSequence$$inlined$Sequence$1           : loaded 2 times (x 77B)
Class kotlin.collections.MapsKt__MapsJVMKt                                            : loaded 2 times (x 73B)
Class kotlin.collections.EmptyList                                                    : loaded 2 times (x 176B)
Class org.gradle.internal.time.DefaultTimer                                           : loaded 2 times (x 82B)
Class org.gradle.internal.classloader.ClasspathUtil$1                                 : loaded 2 times (x 78B)
Class org.gradle.internal.operations.MultipleBuildOperationFailures                   : loaded 2 times (x 97B)
Class org.objectweb.asm.FieldVisitor                                                  : loaded 2 times (x 79B)
Class com.google.common.collect.IndexedImmutableSet                                   : loaded 2 times (x 152B)
Class com.google.common.collect.ImmutableMap$1                                        : loaded 2 times (x 83B)
Class com.google.common.collect.BiMap                                                 : loaded 2 times (x 72B)
Class com.amazon.ion.impl.bin.PooledBlockAllocatorProvider$PooledBlockAllocator$1     : loaded 2 times (x 81B)
Class com.amazon.ion.impl.lite.IonStringLite                                          : loaded 2 times (x 215B)
Class io.opentelemetry.context.ImplicitContextKeyed                                   : loaded 2 times (x 72B)
Class org.gradle.tooling.internal.adapter.ProtocolToModelAdapter$ViewKey              : loaded 2 times (x 74B)
Class org.gradle.api.internal.classpath.DefaultModuleRegistry$DefaultModule           : loaded 2 times (x 88B)
Class com.android.builder.model.v2.CustomSourceDirectory                              : loaded 2 times (x 72B)
Class com.google.common.primitives.Ints                                               : loaded 2 times (x 73B)
Class org.gradle.tooling.internal.adapter.MethodInvocation                            : loaded 2 times (x 87B)
Class com.amazon.ion.impl.bin.Block                                                   : loaded 2 times (x 81B)
Class io.opentelemetry.context.DefaultContextKey                                      : loaded 2 times (x 74B)
Class com.google.common.collect.NullsFirstOrdering                                    : loaded 2 times (x 117B)
Class kotlin.ResultKt                                                                 : loaded 2 times (x 73B)
Class org.gradle.tooling.internal.adapter.ProtocolToModelAdapter$PropertyCachingMethodInvoker: loaded 2 times (x 78B)
Class com.android.builder.model.v2.models.ProjectSyncIssues                           : loaded 2 times (x 72B)
Class com.google.common.math.MathPreconditions                                        : loaded 2 times (x 73B)
Class com.google.common.collect.Multiset                                              : loaded 2 times (x 72B)
Class com.google.common.collect.ArrayListMultimapGwtSerializationDependencies         : loaded 2 times (x 173B)
Class com.google.common.collect.ObjectArrays                                          : loaded 2 times (x 73B)
Class kotlin.sequences.TransformingSequence                                           : loaded 2 times (x 77B)
Class org.jetbrains.plugins.gradle.model.ExternalTask                                 : loaded 2 times (x 72B)
Class com.amazon.ion.impl.bin.utf8.Utf8StringEncoderPool$1                            : loaded 2 times (x 78B)
Class com.amazon.ion.impl.lite.IonLoaderLite                                          : loaded 2 times (x 84B)
Class com.amazon.ion.impl.lite.IonContext                                             : loaded 2 times (x 72B)
Class com.amazon.ion.impl.IonWriterSystemText                                         : loaded 2 times (x 191B)
Class [Lcom.amazon.ion.impl.bin.IonManagedBinaryWriter$ImportedSymbolResolverMode;    : loaded 2 times (x 71B)
Class com.amazon.ion.ValueFactory                                                     : loaded 2 times (x 72B)
Class io.opentelemetry.api.internal.IncubatingUtil                                    : loaded 2 times (x 73B)
Class io.opentelemetry.api.GlobalOpenTelemetry$ObfuscatedOpenTelemetry                : loaded 2 times (x 94B)
Class kotlin.collections.ArraysKt__ArraysKt                                           : loaded 2 times (x 73B)
Class kotlin.Result$Failure                                                           : loaded 2 times (x 74B)
Class org.gradle.internal.time.DefaultCountdownTimer                                  : loaded 2 times (x 90B)
Class com.google.common.collect.ImmutableMapEntrySet                                  : loaded 2 times (x 153B)
Class com.amazon.ion.impl.bin.IonManagedBinaryWriter$SymbolResolver                   : loaded 2 times (x 72B)
Class com.amazon.ion.impl._Private_SymbolToken                                        : loaded 2 times (x 72B)
Class com.amazon.ion.impl.bin._Private_IonManagedBinaryWriterBuilder$AllocatorMode    : loaded 2 times (x 82B)
Class org.jetbrains.plugins.gradle.model.GradleTaskModel                              : loaded 2 times (x 72B)
Class org.jetbrains.plugins.gradle.tooling.util.ObjectCollector                       : loaded 2 times (x 74B)
Class ijInit1_cw2zc3w9p265jgr2j09q3y34p$_run_closure1                                 : loaded 2 times (x 141B)
Class sync_studio_tooling10_8goalnrzvfrlgldpb3khvqi8a$_run_closure1                   : loaded 2 times (x 140B)
Class kotlin.collections.SetsKt__SetsJVMKt                                            : loaded 2 times (x 73B)
Class kotlin.Function                                                                 : loaded 2 times (x 72B)
Class org.gradle.tooling.internal.adapter.ProtocolToModelAdapter$AdaptingMethodInvoker: loaded 2 times (x 78B)
Class org.gradle.tooling.internal.gradle.DefaultBuildIdentifier                       : loaded 2 times (x 81B)
Class org.gradle.api.internal.classpath.Module                                        : loaded 2 times (x 72B)
Class com.google.common.cache.Weigher                                                 : loaded 2 times (x 72B)
Class com.intellij.openapi.externalSystem.model.project.IExternalSystemSourceType     : loaded 2 times (x 72B)
Class [Lcom.amazon.ion.util.GzipStreamInterceptor;                                    : loaded 2 times (x 71B)
Class com.amazon.ion.impl._Private_IonReaderBuilder$Mutable                           : loaded 2 times (x 99B)
Class kotlin.io.FileAlreadyExistsException                                            : loaded 2 times (x 84B)
Class kotlin.internal.ProgressionUtilKt                                               : loaded 2 times (x 73B)
Class org.gradle.api.internal.classpath.UnknownModuleException                        : loaded 2 times (x 84B)
Class com.google.common.base.Stopwatch                                                : loaded 2 times (x 74B)
Class com.google.common.cache.LocalCache$Strength                                     : loaded 2 times (x 83B)
Class com.google.common.cache.Cache                                                   : loaded 2 times (x 72B)
Class io.opentelemetry.api.trace.TraceStateBuilder                                    : loaded 2 times (x 72B)
Class com.intellij.openapi.externalSystem.model.project.dependencies.ProjectDependencies: loaded 2 times (x 72B)
Class org.jetbrains.plugins.gradle.tooling.serialization.ProjectDependenciesSerializationService$ReadContext: loaded 2 times (x 74B)
Class com.google.common.util.concurrent.AbstractFuture$Cancellation                   : loaded 2 times (x 74B)
Class com.google.common.collect.ImmutableMap$Builder                                  : loaded 2 times (x 84B)
Class com.google.common.base.NullnessCasts                                            : loaded 2 times (x 73B)
Class ijKotlinCoroutineJvmDebugInit1_6cshnk5ey2f3nejrfkwgib8o4                        : loaded 2 times (x 173B)
Class com.google.common.cache.RemovalListener                                         : loaded 2 times (x 72B)
Class com.amazon.ion.IonBufferConfiguration                                           : loaded 2 times (x 74B)
Class com.amazon.ion.impl.bin.Symbols                                                 : loaded 2 times (x 73B)
Class org.jetbrains.plugins.gradle.tooling.serialization.RepositoriesModelSerializationService: loaded 2 times (x 84B)
Class com.android.ide.gradle.model.artifacts.AdditionalClassifierArtifactsModel       : loaded 2 times (x 72B)
Class org.gradle.tooling.internal.gradle.GradleProjectIdentity                        : loaded 2 times (x 72B)
Class org.gradle.api.internal.DefaultClassPathRegistry                                : loaded 2 times (x 78B)
Class com.google.common.collect.ImmutableMultimap$Keys                                : loaded 2 times (x 168B)
Class com.android.builder.model.v2.ide.JavaArtifact                                   : loaded 2 times (x 72B)
Class com.google.common.primitives.IntsMethodsForWeb                                  : loaded 2 times (x 73B)
Class io.opentelemetry.api.internal.OtelEncodingUtils                                 : loaded 2 times (x 73B)
Class [Lcom.amazon.ion.impl.bin.AbstractIonWriter$WriteValueOptimization;             : loaded 2 times (x 71B)
Class io.opentelemetry.api.internal.AutoValue_ImmutableSpanContext                    : loaded 2 times (x 94B)
Class org.jetbrains.plugins.gradle.tooling.serialization.RepositoriesModelSerializationService$ReadContext: loaded 2 times (x 74B)
Class kotlin.ranges.ClosedRange                                                       : loaded 2 times (x 72B)
Class org.gradle.api.internal.ClassPathRegistry                                       : loaded 2 times (x 72B)
Class org.gradle.internal.classpath.DefaultClassPath$ImmutableUniqueList              : loaded 2 times (x 201B)
Class com.intellij.util.ThrowableConsumer                                             : loaded 2 times (x 72B)
Class com.amazon.ion.impl.bin.IonManagedBinaryWriter$UserState                        : loaded 2 times (x 87B)
Class com.amazon.ion.impl._Private_IonWriter                                          : loaded 2 times (x 72B)
Class com.amazon.ion.impl.bin._Private_IonManagedBinaryWriterBuilder                  : loaded 2 times (x 74B)
Class com.intellij.gradle.toolingExtension.impl.model.projectModel.GradleExternalProjectSerializationService$WriteContext: loaded 2 times (x 75B)
Class kotlin.text.StringsKt__StringsJVMKt                                             : loaded 2 times (x 73B)
Class kotlin.collections.IntIterator                                                  : loaded 2 times (x 84B)
Class com.google.common.collect.NullnessCasts                                         : loaded 2 times (x 73B)
Class org.objectweb.asm.ClassVisitor                                                  : loaded 2 times (x 90B)
Class com.android.builder.model.v2.dsl.SigningConfig                                  : loaded 2 times (x 72B)
Class com.android.builder.model.v2.models.AndroidProject                              : loaded 2 times (x 72B)
Class com.android.builder.model.v2.AndroidModel                                       : loaded 2 times (x 72B)
Class com.google.common.cache.CacheBuilder                                            : loaded 2 times (x 74B)
Class [Lorg.objectweb.asm.Symbol;                                                     : loaded 2 times (x 71B)
Class Settings_gradle$1                                                               : loaded 2 times (x 76B)
Class [Lcom.amazon.ion.SymbolToken;                                                   : loaded 2 times (x 71B)
Class io.opentelemetry.api.trace.ImmutableTraceFlags                                  : loaded 2 times (x 79B)
Class kotlin.text.StringsKt__IndentKt                                                 : loaded 2 times (x 73B)
Class kotlin.collections.SetsKt                                                       : loaded 2 times (x 73B)
Class org.gradle.internal.classpath.ClassPath                                         : loaded 2 times (x 72B)
Class com.android.utils.FileUtils                                                     : loaded 2 times (x 73B)
Class com.google.common.base.JdkPattern                                               : loaded 2 times (x 77B)
Class org.jetbrains.plugins.gradle.model.ExternalProjectDependency                    : loaded 2 times (x 72B)
Class org.jetbrains.plugins.gradle.tooling.serialization.KotlinDslScriptsModelSerializationService: loaded 2 times (x 83B)
Class kotlin.reflect.KFunction                                                        : loaded 2 times (x 72B)
Class kotlin.collections.ArrayDeque                                                   : loaded 2 times (x 209B)
Class org.objectweb.asm.SymbolTable$Entry                                             : loaded 2 times (x 75B)
Class com.amazon.ion.system.IonSystemBuilder$Mutable                                  : loaded 2 times (x 77B)
Class com.amazon.ion.impl.bin.IonManagedBinaryWriter$SymbolResolverBuilder            : loaded 2 times (x 72B)
Class org.jetbrains.kotlin.idea.gradleTooling.KotlinGradleModel                       : loaded 2 times (x 72B)
Class [Lio.opentelemetry.api.trace.TraceFlags;                                        : loaded 2 times (x 71B)
Class [Lio.opentelemetry.context.ContextStorage;                                      : loaded 2 times (x 71B)
Class com.intellij.platform.diagnostic.telemetry.rt.context.TelemetryContext          : loaded 2 times (x 135B)
Class org.jetbrains.plugins.gradle.tooling.serialization.ExternalTestsSerializationService$WriteContext: loaded 2 times (x 74B)
Class kotlin.collections.MapsKt__MapsKt                                               : loaded 2 times (x 73B)
Class com.android.builder.model.v2.ide.Variant                                        : loaded 2 times (x 72B)
Class org.objectweb.asm.Edge                                                          : loaded 2 times (x 74B)
Class com.google.common.base.Suppliers$SupplierOfInstance                             : loaded 2 times (x 81B)
Class com.android.builder.model.v2.ide.AaptOptions$Namespacing                        : loaded 2 times (x 81B)
Class com.amazon.ion.impl.bin.IonManagedBinaryWriter$LocalSymbolTableView             : loaded 2 times (x 121B)
Class com.amazon.ion.impl.bin.IonRawBinaryWriter$ThrowingRunnable                     : loaded 2 times (x 72B)
Class io.opentelemetry.context.ThreadLocalContextStorage                              : loaded 2 times (x 87B)
Class com.android.ide.gradle.model.ArtifactIdentifier                                 : loaded 2 times (x 72B)
Class org.gradle.tooling.model.Model                                                  : loaded 2 times (x 72B)
Class com.android.builder.model.v2.ide.SyncIssue                                      : loaded 2 times (x 72B)
Class com.google.common.cache.LocalCache$ComputingValueReference                      : loaded 2 times (x 98B)
Class ijKotlinCoroutineJvmDebugInit1_6cshnk5ey2f3nejrfkwgib8o4$_run_closure1$_closure2: loaded 2 times (x 140B)
Class com.google.common.collect.ImmutableMap$IteratorBasedImmutableMap                : loaded 2 times (x 127B)
Class com.amazon.ion.UnknownSymbolException                                           : loaded 2 times (x 87B)
Class com.android.ide.gradle.model.composites.BuildMap                                : loaded 2 times (x 72B)
Class kotlin.Metadata                                                                 : loaded 2 times (x 72B)
Class kotlin.UninitializedPropertyAccessException                                     : loaded 2 times (x 84B)
Class com.android.builder.model.v2.ide.Library                                        : loaded 2 times (x 72B)
Class com.android.builder.model.v2.ide.ArtifactDependenciesAdjacencyList              : loaded 2 times (x 72B)
Class com.android.builder.model.v2.models.Versions                                    : loaded 2 times (x 72B)
Class com.google.common.cache.LocalCache$Segment                                      : loaded 2 times (x 155B)
Class io.opentelemetry.context.Context                                                : loaded 2 times (x 72B)
Class org.jetbrains.plugins.gradle.model.IntelliJProjectSettings                      : loaded 2 times (x 72B)
Class org.gradle.tooling.internal.adapter.ProtocolToModelAdapter$MethodInvocationCache: loaded 2 times (x 75B)
Class com.android.builder.model.v2.models.ndk.NativeModule                            : loaded 2 times (x 72B)
Class org.gradle.tooling.internal.adapter.TargetTypeProvider                          : loaded 2 times (x 72B)
Class [Lorg.objectweb.asm.SymbolTable$Entry;                                          : loaded 2 times (x 71B)
Class com.google.common.cache.CacheLoader                                             : loaded 2 times (x 76B)
Class kotlin.ranges.IntProgression$Companion                                          : loaded 2 times (x 73B)
Class com.google.common.collect.ImmutableBiMap                                        : loaded 2 times (x 145B)
Class com.google.common.collect.AbstractListMultimap                                  : loaded 2 times (x 173B)
Class org.jetbrains.plugins.gradle.model.ExternalDependency                           : loaded 2 times (x 72B)
Class com.intellij.util.containers.IntObjectHashMap                                   : loaded 2 times (x 74B)
Class org.gradle.api.internal.classpath.ModuleRegistry                                : loaded 2 times (x 72B)
Class org.gradle.internal.installation.GradleInstallation$1                           : loaded 2 times (x 77B)
Class ijJvmDebugger1_ewkv1r8vhe7wre3euz9djkhur                                        : loaded 2 times (x 173B)
Class com.google.common.util.concurrent.internal.InternalFutureFailureAccess          : loaded 2 times (x 74B)
Class org.jetbrains.plugins.gradle.model.GradleExtensions                             : loaded 2 times (x 72B)
Class com.google.common.collect.ImmutableSet$JdkBackedSetBuilderImpl                  : loaded 2 times (x 78B)
Class com.google.common.base.Splitter$SplittingIterator                               : loaded 2 times (x 85B)
Class com.amazon.ion.impl.bin.IonManagedBinaryWriter$SymbolState$1                    : loaded 2 times (x 82B)
Class com.amazon.ion.impl.LocalSymbolTableAsStruct$Factory                            : loaded 2 times (x 81B)
Class [Lcom.amazon.ion.IonType;                                                       : loaded 2 times (x 71B)
Class org.jetbrains.plugins.gradle.model.VersionCatalogsModel                         : loaded 2 times (x 72B)
Class com.intellij.gradle.toolingExtension.impl.model.sourceSetDependencyModel.GradleSourceSetDependencySerialisationService$SourceSetDependencyModelReadContext: loaded 2 times (x 74B)
Class com.intellij.gradle.toolingExtension.impl.model.dependencyModel.DependencyReadContext: loaded 2 times (x 74B)
Class org.gradle.tooling.internal.adapter.ObjectGraphAdapter                          : loaded 2 times (x 72B)
Class com.google.common.collect.ImmutableMultimap$Values                              : loaded 2 times (x 128B)
Class com.android.builder.model.v2.ide.Installation                                   : loaded 2 times (x 72B)
Class com.google.common.cache.LocalCache$LocalManualCache$1                           : loaded 2 times (x 77B)
Class org.jetbrains.plugins.gradle.model.AnnotationProcessingModel                    : loaded 2 times (x 72B)
Class org.jetbrains.plugins.gradle.model.ProjectImportModelProvider                   : loaded 2 times (x 72B)
Class org.jetbrains.plugins.gradle.model.ExternalSourceSet                            : loaded 2 times (x 72B)
Class com.amazon.ion.impl.bin.IonManagedBinaryWriter$SymbolState$2                    : loaded 2 times (x 82B)
Class com.amazon.ion.IonNull                                                          : loaded 2 times (x 72B)
Class com.intellij.gradle.toolingExtension.impl.model.warmUp.GradleTaskWarmUpRequest  : loaded 2 times (x 72B)
Class com.android.ide.gradle.model.LegacyAndroidGradlePluginPropertiesModelParameters : loaded 2 times (x 72B)
Class com.google.common.collect.ImmutableSortedAsList                                 : loaded 2 times (x 223B)
Class kotlin.text.RegexKt                                                             : loaded 2 times (x 73B)
Class kotlin.coroutines.intrinsics.IntrinsicsKt__IntrinsicsKt                         : loaded 2 times (x 73B)
Class com.android.builder.model.v2.models.ModelBuilderParameter                       : loaded 2 times (x 72B)
Class io.opentelemetry.context.ContextStorageProvider                                 : loaded 2 times (x 72B)
Class com.amazon.ion.system.IonBinaryWriterBuilder                                    : loaded 2 times (x 101B)
Class com.amazon.ion.impl.bin.IonRawBinaryWriter$ContainerInfo                        : loaded 2 times (x 76B)
Class com.amazon.ion.impl.bin.IonManagedBinaryWriter$SymbolState$3                    : loaded 2 times (x 82B)
Class com.amazon.ion.impl.bin.IonRawBinaryWriter$StreamFlushMode                      : loaded 2 times (x 81B)
Class com.amazon.ion.IonBinaryWriter                                                  : loaded 2 times (x 72B)
Class com.intellij.gradle.toolingExtension.impl.model.sourceSetArtifactIndex.GradleSourceSetArtifactBuildRequest: loaded 2 times (x 72B)
Class kotlin.io.FilesKt__UtilsKt                                                      : loaded 2 times (x 73B)
Class com.google.common.collect.Lists$TransformingRandomAccessList                    : loaded 2 times (x 201B)
Class kotlin.collections.CollectionsKt__CollectionsJVMKt                              : loaded 2 times (x 73B)
Class org.gradle.api.internal.classpath.DefaultModuleRegistry                         : loaded 2 times (x 88B)
Class com.google.common.util.concurrent.ListenableFuture                              : loaded 2 times (x 72B)
Class com.google.common.cache.ReferenceEntry                                          : loaded 2 times (x 72B)
Class com.amazon.ion.impl.bin.IonManagedBinaryWriter$UserState$4                      : loaded 2 times (x 87B)
Class com.google.common.base.Converter                                                : loaded 2 times (x 92B)
Class org.jetbrains.plugins.gradle.model.UnresolvedExternalDependency                 : loaded 2 times (x 72B)
Class com.amazon.ion.impl.bin.IonManagedBinaryWriter$SymbolState$4                    : loaded 2 times (x 82B)
Class [Lcom.amazon.ion.util.InputStreamInterceptor;                                   : loaded 2 times (x 71B)
Class org.jetbrains.plugins.gradle.tooling.serialization.internal.IdeaProjectSerializationService$WriteContext$1: loaded 2 times (x 85B)
Class org.jetbrains.plugins.gradle.model.ExternalProject                              : loaded 2 times (x 72B)
Class kotlin.sequences.SequencesKt                                                    : loaded 2 times (x 73B)
Class kotlin.collections.CollectionsKt__IteratorsKt                                   : loaded 2 times (x 73B)
Class [Lcom.android.builder.model.v2.ide.CodeShrinker;                                : loaded 2 times (x 71B)
Class com.google.common.util.concurrent.AbstractFuture                                : loaded 2 times (x 108B)
Class com.google.common.base.FunctionalEquivalence                                    : loaded 2 times (x 85B)
Class com.google.common.collect.ImmutableMap$MapViewOfValuesAsSingletonSets           : loaded 2 times (x 127B)
Class com.google.common.collect.AbstractMapBasedMultimap                              : loaded 2 times (x 140B)
Class com.google.common.collect.RegularImmutableMap                                   : loaded 2 times (x 122B)
Class com.amazon.ion.impl.bin.utf8.Pool                                               : loaded 2 times (x 76B)
Class org.jetbrains.plugins.gradle.tooling.serialization.internal.IdeaProjectSerializationService$WriteContext$2: loaded 2 times (x 85B)
Class kotlin.text.StringsKt                                                           : loaded 2 times (x 73B)
Class com.google.common.collect.ImmutableMultiset                                     : loaded 2 times (x 165B)
Class org.objectweb.asm.RecordComponentVisitor                                        : loaded 2 times (x 79B)
Class com.google.common.cache.CacheLoader$SupplierToCacheLoader                       : loaded 2 times (x 77B)
Class com.amazon.ion.impl._Private_IonSymbol                                          : loaded 2 times (x 72B)
Class com.amazon.ion.impl.lite.IonValueLite                                           : loaded 2 times (x 150B)
Class com.amazon.ion.IonContainer                                                     : loaded 2 times (x 72B)
Class com.amazon.ion.impl.bin.PooledBlockAllocatorProvider                            : loaded 2 times (x 75B)
Class [Lio.opentelemetry.context.Scope;                                               : loaded 2 times (x 71B)
Class org.jetbrains.plugins.gradle.tooling.serialization.AnnotationProcessingModelSerializationService$ReadContext: loaded 2 times (x 74B)
Class org.jetbrains.plugins.gradle.tooling.serialization.internal.IdeaProjectSerializationService$WriteContext$3: loaded 2 times (x 85B)
Class gnu.trove.TObjectHash$NULL                                                      : loaded 2 times (x 73B)
Class org.gradle.util.internal.DefaultGradleVersion$Stage                             : loaded 2 times (x 77B)
Class kotlin.coroutines.jvm.internal.RestrictedContinuationImpl                       : loaded 2 times (x 89B)
Class org.jetbrains.kotlin.idea.gradleTooling.AndroidAwareGradleModelProvider         : loaded 2 times (x 81B)
Class com.intellij.gradle.toolingExtension.impl.telemetry.GradleOpenTelemetry         : loaded 2 times (x 74B)
Class org.jetbrains.plugins.gradle.tooling.serialization.internal.IdeaProjectSerializationService$WriteContext$4: loaded 2 times (x 85B)
Class com.intellij.gradle.toolingExtension.impl.model.sourceSetDependencyModel.GradleSourceSetDependencySerialisationService$Companion: loaded 2 times (x 73B)
Class [Lkotlin.Pair;                                                                  : loaded 2 times (x 71B)
Class kotlin.text.StringsKt__StringNumberConversionsKt                                : loaded 2 times (x 73B)
Class kotlin.io.FilesKt__FileReadWriteKt                                              : loaded 2 times (x 73B)
Class com.google.common.collect.UsingToStringOrdering                                 : loaded 2 times (x 116B)
Class kotlin.text.MatchNamedGroupCollection                                           : loaded 2 times (x 72B)
Class kotlin.jvm.internal.markers.KMutableList                                        : loaded 2 times (x 72B)
Class org.gradle.internal.time.MonotonicClock                                         : loaded 2 times (x 79B)
Class org.gradle.internal.service.ServiceLookupException                              : loaded 2 times (x 84B)
Class com.google.common.collect.Lists$ReverseList                                     : loaded 2 times (x 202B)
Class com.android.builder.model.v2.ide.AndroidArtifact                                : loaded 2 times (x 72B)
Class com.google.common.io.ByteArrayDataOutput                                        : loaded 2 times (x 72B)
Class com.amazon.ion.BufferConfiguration$Builder                                      : loaded 2 times (x 80B)
Class com.intellij.gradle.toolingExtension.util.GradleVersionSpecificsUtil            : loaded 2 times (x 73B)
Class io.opentelemetry.context.ContextStorage                                         : loaded 2 times (x 72B)
Class org.jetbrains.plugins.gradle.tooling.serialization.internal.IdeaProjectSerializationService$WriteContext$5: loaded 2 times (x 85B)
Class com.intellij.gradle.toolingExtension.impl.model.sourceSetDependencyModel.GradleSourceSetDependencySerialisationService$SourceSetDependencyModelWriteContext: loaded 2 times (x 74B)
Class [Lkotlin.sequences.Sequence;                                                    : loaded 2 times (x 71B)
Class kotlin.sequences.SequencesKt___SequencesKt$sortedWith$1                         : loaded 2 times (x 77B)
Class org.gradle.internal.classloader.ClassLoaderFactory                              : loaded 2 times (x 72B)
Class com.android.builder.model.v2.ide.LibraryInfo                                    : loaded 2 times (x 72B)
Class com.google.common.cache.LocalCache$LocalManualCache                             : loaded 2 times (x 101B)
Class org.gradle.api.internal.classpath.ManifestUtil                                  : loaded 2 times (x 73B)
Class com.google.common.base.CommonPattern                                            : loaded 2 times (x 76B)
Class com.amazon.ion.impl.bin.IntList                                                 : loaded 2 times (x 79B)
Class com.amazon.ion.impl.lite._Private_LiteDomTrampoline                             : loaded 2 times (x 73B)
Class com.amazon.ion.IonType                                                          : loaded 2 times (x 81B)
Class org.jetbrains.plugins.gradle.tooling.serialization.internal.IdeaProjectSerializationService$WriteContext$6: loaded 2 times (x 85B)
Class org.jetbrains.plugins.gradle.tooling.util.IntObjectMap                          : loaded 2 times (x 75B)
Class org.gradle.internal.service.CachingServiceLocator                               : loaded 2 times (x 84B)
Class ijJvmDebugger1_ewkv1r8vhe7wre3euz9djkhur$_run_closure1                          : loaded 2 times (x 140B)
Class com.google.common.collect.AbstractMapBasedMultimap$KeySet                       : loaded 2 times (x 139B)
Class com.google.common.collect.Streams                                               : loaded 2 times (x 73B)
Class org.gradle.tooling.internal.adapter.ProtocolToModelAdapter$InvocationHandlerImpl: loaded 2 times (x 79B)
Class com.google.common.math.IntMath                                                  : loaded 2 times (x 73B)
Class com.amazon.ion.impl.lite.ValueFactoryLite                                       : loaded 2 times (x 220B)
Class org.jetbrains.plugins.gradle.model.RepositoryModels                             : loaded 2 times (x 72B)
Class org.jetbrains.plugins.gradle.tooling.serialization.internal.IdeaProjectSerializationService$WriteContext$7: loaded 2 times (x 85B)
Class kotlin.jvm.internal.CallableReference                                           : loaded 2 times (x 112B)
Class com.google.common.collect.ImmutableMapEntry                                     : loaded 2 times (x 87B)
Class com.amazon.ion.impl.bin.WriteBuffer                                             : loaded 2 times (x 80B)
Class com.amazon.ion.impl.bin.IonManagedBinaryWriter                                  : loaded 2 times (x 167B)
Class org.jetbrains.plugins.gradle.tooling.serialization.internal.IdeaProjectSerializationService$WriteContext$8: loaded 2 times (x 85B)
Class gnu.trove.TObjectIntProcedure                                                   : loaded 2 times (x 72B)
Class [Lorg.gradle.api.JavaVersion;                                                   : loaded 2 times (x 71B)
Class kotlin.ranges.IntRange                                                          : loaded 2 times (x 95B)
Class org.gradle.tooling.model.idea.IdeaDependencyScope                               : loaded 2 times (x 72B)
Class org.gradle.internal.time.TimeSource                                             : loaded 2 times (x 72B)
Class org.gradle.tooling.model.kotlin.dsl.KotlinDslScriptsModel                       : loaded 2 times (x 72B)
Class com.google.common.collect.ImmutableMultimap                                     : loaded 2 times (x 148B)
Class com.android.builder.model.v2.ide.TestInfo                                       : loaded 2 times (x 72B)
Class com.google.common.base.Equivalence                                              : loaded 2 times (x 84B)
Class com.google.common.collect.ImmutableMapEntry$NonTerminalImmutableMapEntry        : loaded 2 times (x 87B)
Class org.gradle.tooling.model.build.GradleEnvironment                                : loaded 2 times (x 72B)
Class com.amazon.ion.impl.lite.IonBlobLite                                            : loaded 2 times (x 222B)
Class com.amazon.ion.impl.LocalSymbolTable                                            : loaded 2 times (x 129B)
Class org.jetbrains.plugins.gradle.tooling.serialization.SerializationService         : loaded 2 times (x 72B)
Class org.gradle.tooling.internal.gradle.GradleBuildIdentity                          : loaded 2 times (x 72B)
Class kotlin.enums.EnumEntries                                                        : loaded 2 times (x 72B)
Class com.android.builder.model.v2.ide.JavaCompileOptions                             : loaded 2 times (x 72B)
Class com.google.common.collect.IndexedImmutableSet$1                                 : loaded 2 times (x 214B)
Class com.google.common.cache.CacheBuilder$OneWeigher                                 : loaded 2 times (x 84B)
Class org.jetbrains.plugins.gradle.tooling.util.IntObjectMap$ObjectFactory            : loaded 2 times (x 72B)
Class com.amazon.ion.IonList                                                          : loaded 2 times (x 72B)
Class org.jetbrains.plugins.gradle.tooling.serialization.internal.adapter.Supplier    : loaded 2 times (x 72B)
Class org.gradle.tooling.internal.adapter.ProtocolToModelAdapter$MixInMappingAction   : loaded 2 times (x 82B)
Class org.gradle.internal.exceptions.ResolutionProvider                               : loaded 2 times (x 72B)
Class com.amazon.ion.IonSystem                                                        : loaded 2 times (x 72B)
Class com.amazon.ion.impl.bin.IonManagedBinaryWriter$ImportedSymbolContext            : loaded 2 times (x 74B)
Class sync_studio_tooling10_8goalnrzvfrlgldpb3khvqi8a                                 : loaded 2 times (x 173B)
Class org.gradle.tooling.model.idea.IdeaCompilerOutput                                : loaded 2 times (x 72B)
Class org.gradle.tooling.model.ProjectIdentifier                                      : loaded 2 times (x 72B)
Class org.gradle.internal.classloader.ClasspathUtil                                   : loaded 2 times (x 73B)
Class com.android.builder.model.v2.ide.ComponentInfo                                  : loaded 2 times (x 72B)
Class org.jetbrains.kotlin.tooling.core.HasExtras                                     : loaded 2 times (x 72B)
Class com.google.common.util.concurrent.Uninterruptibles                              : loaded 2 times (x 73B)
Class com.android.builder.model.v2.ide.ProjectType                                    : loaded 2 times (x 81B)
Class com.intellij.gradle.toolingExtension.impl.model.sourceSetModel.GradleSourceSetSerialisationService: loaded 2 times (x 79B)
Class kotlin.io.FileSystemException                                                   : loaded 2 times (x 84B)
Class com.android.builder.model.v2.dsl.BaseConfig                                     : loaded 2 times (x 72B)
Class com.google.common.collect.Maps                                                  : loaded 2 times (x 73B)
Class com.amazon.ion.impl.lite.IonIntLite                                             : loaded 2 times (x 191B)
Class com.amazon.ion.impl._Private_IonReaderBuilder$TwoElementInputStream             : loaded 2 times (x 94B)
Class com.amazon.ion.util._Private_FastAppendable                                     : loaded 2 times (x 72B)
Class [Lcom.amazon.ion.impl.bin.IonRawBinaryWriter$PreallocationMode;                 : loaded 2 times (x 71B)
Class io.opentelemetry.context.propagation.TextMapGetter                              : loaded 2 times (x 72B)
Class org.gradle.internal.time.TimeSource$1                                           : loaded 2 times (x 79B)
Class kotlin.jvm.internal.DefaultConstructorMarker                                    : loaded 2 times (x 73B)
Class org.gradle.api.specs.Spec                                                       : loaded 2 times (x 72B)
Class [Lcom.google.common.collect.ImmutableEntry;                                     : loaded 2 times (x 71B)
Class com.amazon.ion.impl.lite.IonSexpLite                                            : loaded 2 times (x 492B)
Class com.amazon.ion.impl.lite.IonListLite                                            : loaded 2 times (x 492B)
Class com.amazon.ion.IonFloat                                                         : loaded 2 times (x 72B)
Class io.opentelemetry.context.ThreadLocalContextStorage$ScopeImpl                    : loaded 2 times (x 81B)
Class com.google.common.cache.LocalCache$LoadingValueReference                        : loaded 2 times (x 98B)
Class com.amazon.ion.impl.LocalSymbolTable$Factory                                    : loaded 2 times (x 79B)
Class com.amazon.ion.impl.bin.IonManagedBinaryWriter$ImportedSymbolResolverMode       : loaded 2 times (x 82B)
Class com.intellij.gradle.toolingExtension.impl.model.buildScriptClasspathModel.GradleBuildScriptClasspathSerializationService: loaded 2 times (x 79B)
Class kotlin.jvm.internal.ArrayIterator                                               : loaded 2 times (x 81B)
Class com.google.common.base.Platform                                                 : loaded 2 times (x 73B)
Class com.amazon.ion.impl.LocalSymbolTableAsStruct                                    : loaded 2 times (x 134B)
Class com.amazon.ion.impl.lite.IonTimestampLite                                       : loaded 2 times (x 195B)
Class org.jetbrains.plugins.gradle.model.FileCollectionDependency                     : loaded 2 times (x 72B)
Class io.opentelemetry.api.trace.SpanBuilder                                          : loaded 2 times (x 72B)
Class io.opentelemetry.api.DefaultOpenTelemetry                                       : loaded 2 times (x 91B)
Class com.intellij.gradle.toolingExtension.impl.model.utilDummyModel.DummyModel       : loaded 2 times (x 72B)
Class kotlin.text.StringsKt__RegexExtensionsKt                                        : loaded 2 times (x 73B)
Class kotlin.collections.EmptyIterator                                                : loaded 2 times (x 91B)
Class org.gradle.internal.time.Clock                                                  : loaded 2 times (x 72B)
Class ijKotlinCoroutineJvmDebugInit1_6cshnk5ey2f3nejrfkwgib8o4$_run_closure1          : loaded 2 times (x 140B)
Class com.android.builder.model.v2.dsl.ProductFlavor                                  : loaded 2 times (x 72B)
Class [Lcom.android.builder.model.v2.ide.TestInfo$Execution;                          : loaded 2 times (x 71B)
Class [Lorg.objectweb.asm.AnnotationWriter;                                           : loaded 2 times (x 71B)
Class com.google.common.collect.Maps$8                                                : loaded 2 times (x 84B)
Class com.amazon.ion.IonString                                                        : loaded 2 times (x 72B)
Class io.opentelemetry.context.propagation.TextMapPropagator                          : loaded 2 times (x 72B)
Class org.jetbrains.plugins.gradle.model.GradleSourceSetDependencyModel               : loaded 2 times (x 72B)
Class com.google.common.collect.CompoundOrdering                                      : loaded 2 times (x 117B)
Class kotlin.sequences.SequencesKt__SequencesJVMKt                                    : loaded 2 times (x 73B)
Class kotlin.coroutines.jvm.internal.RestrictedSuspendLambda                          : loaded 2 times (x 93B)
Class org.gradle.tooling.internal.adapter.TypeInspector                               : loaded 2 times (x 75B)
Class org.gradle.tooling.internal.adapter.ProtocolToModelAdapter$NoOpDecoration       : loaded 2 times (x 81B)
Class org.gradle.tooling.model.Element                                                : loaded 2 times (x 72B)
Class kotlin.collections.AbstractList                                                 : loaded 2 times (x 199B)
Class kotlin.collections.AbstractCollection                                           : loaded 2 times (x 119B)
Class com.google.common.collect.Lists$ReverseList$1                                   : loaded 2 times (x 101B)
Class [Lio.opentelemetry.api.trace.ImmutableTraceFlags;                               : loaded 2 times (x 71B)
Class org.jetbrains.kotlin.tooling.core.Extras                                        : loaded 2 times (x 72B)
Class com.google.common.collect.Sets$SetView                                          : loaded 2 times (x 140B)
Class com.google.common.cache.LocalCache$StrongValueReference                         : loaded 2 times (x 92B)
Class com.amazon.ion.BufferConfiguration                                              : loaded 2 times (x 74B)
Class com.amazon.ion.system.SimpleCatalog                                             : loaded 2 times (x 93B)
Class io.opentelemetry.context.ArrayBasedContext                                      : loaded 2 times (x 102B)
Class com.intellij.gradle.toolingExtension.impl.model.taskModel.GradleTaskSerialisationService: loaded 2 times (x 78B)
Class com.android.ide.gradle.model.LegacyV1AgpVersionModel                            : loaded 2 times (x 72B)
Class kotlin.text.StringsKt__StringBuilderJVMKt                                       : loaded 2 times (x 73B)
Class kotlin.text.Regex                                                               : loaded 2 times (x 74B)
Class kotlin.sequences.SequencesKt__SequenceBuilderKt$sequence$$inlined$Sequence$1    : loaded 2 times (x 77B)
Class kotlin.Triple                                                                   : loaded 2 times (x 74B)
Class org.objectweb.asm.Type                                                          : loaded 2 times (x 74B)
Class org.jetbrains.plugins.gradle.tooling.util.IntObjectMap$1                        : loaded 2 times (x 79B)
Class org.gradle.tooling.model.internal.ImmutableDomainObjectSet                      : loaded 2 times (x 157B)
Class org.gradle.internal.classloader.VisitableURLClassLoader$InstrumentingVisitableURLClassLoader: loaded 2 times (x 124B)
Class com.android.builder.model.v2.ide.AndroidGradlePluginProjectFlags                : loaded 2 times (x 72B)
Class [Lcom.android.builder.model.v2.ide.AndroidGradlePluginProjectFlags$BooleanFlag; : loaded 2 times (x 71B)
Class com.android.builder.model.v2.ide.BasicVariant                                   : loaded 2 times (x 72B)
Class org.objectweb.asm.ByteVector                                                    : loaded 2 times (x 81B)
Class [Lcom.google.common.cache.CacheBuilder$NullListener;                            : loaded 2 times (x 71B)
Class com.google.common.math.IntMath$1                                                : loaded 2 times (x 73B)
Class [Lcom.amazon.ion.impl.bin.IonRawBinaryWriter$StreamFlushMode;                   : loaded 2 times (x 71B)
Class com.amazon.ion.UnsupportedIonVersionException                                   : loaded 2 times (x 87B)
Class io.opentelemetry.api.trace.SpanId                                               : loaded 2 times (x 73B)
Class kotlin.sequences.SequencesKt__SequencesKt$sequenceOf$1$1                        : loaded 2 times (x 81B)
Class kotlin.comparisons.ComparisonsKt__ComparisonsKt                                 : loaded 2 times (x 73B)
Class kotlin.ranges.RangesKt__RangesKt                                                : loaded 2 times (x 73B)
Class kotlin.collections.SetsKt___SetsKt                                              : loaded 2 times (x 73B)
Class kotlin.sequences.SequencesKt__SequencesKt                                       : loaded 2 times (x 73B)
Class kotlin.coroutines.Continuation                                                  : loaded 2 times (x 72B)
Class org.gradle.internal.classloader.VisitableURLClassLoader$Spec                    : loaded 2 times (x 76B)
Class org.gradle.internal.classpath.DefaultClassPath                                  : loaded 2 times (x 92B)
Class com.android.builder.model.v2.ide.BundleInfo                                     : loaded 2 times (x 72B)
Class com.android.builder.model.v2.ide.SourceProvider                                 : loaded 2 times (x 72B)
Class org.objectweb.asm.Symbol                                                        : loaded 2 times (x 75B)
Class com.google.common.base.AbstractIterator                                         : loaded 2 times (x 82B)
Class com.amazon.ion.impl.bin.IonManagedBinaryWriter$SymbolState                      : loaded 2 times (x 82B)
Class com.amazon.ion.IonStruct                                                        : loaded 2 times (x 72B)
Class org.jetbrains.plugins.gradle.model.GradleBuildScriptClasspathModel              : loaded 2 times (x 72B)
Class kotlin.sequences.FilteringSequence                                              : loaded 2 times (x 77B)
Class kotlin.text.CharsKt__CharJVMKt                                                  : loaded 2 times (x 73B)
Class kotlin.comparisons.ComparisonsKt                                                : loaded 2 times (x 73B)
Class kotlin.comparisons.ComparisonsKt___ComparisonsKt                                : loaded 2 times (x 73B)
Class kotlin.coroutines.jvm.internal.BaseContinuationImpl                             : loaded 2 times (x 89B)
Class kotlin.Result$Companion                                                         : loaded 2 times (x 73B)
Class org.gradle.util.internal.DefaultGradleVersion                                   : loaded 2 times (x 84B)
Class com.google.common.io.Closer                                                     : loaded 2 times (x 80B)
Class com.google.common.collect.RegularImmutableMap$Values                            : loaded 2 times (x 209B)
Class com.amazon.ion.IonException                                                     : loaded 2 times (x 86B)
Class com.amazon.ion.util.GzipStreamInterceptor                                       : loaded 2 times (x 87B)
Class [Lio.opentelemetry.context.ThreadLocalContextStorage;                           : loaded 2 times (x 71B)
Class org.gradle.internal.classloader.ClassLoaderSpec                                 : loaded 2 times (x 73B)
Class org.objectweb.asm.AnnotationWriter                                              : loaded 2 times (x 80B)
Class com.google.common.cache.CacheStats                                              : loaded 2 times (x 73B)
Class com.amazon.ion.impl.IonWriterSystemTextMarkup                                   : loaded 2 times (x 193B)
Class com.amazon.ion.impl.bin.BlockAllocator                                          : loaded 2 times (x 82B)
Class kotlin.jvm.internal.FunctionReferenceImpl                                       : loaded 2 times (x 128B)
Class kotlin.collections.CollectionsKt___CollectionsJvmKt                             : loaded 2 times (x 73B)
Class com.google.common.io.Closer$Suppressor                                          : loaded 2 times (x 72B)
Class com.google.common.collect.ImmutableMultisetGwtSerializationDependencies         : loaded 2 times (x 127B)
Class org.objectweb.asm.RecordComponentWriter                                         : loaded 2 times (x 79B)
Class [Lcom.android.builder.model.v2.ide.ProjectType;                                 : loaded 2 times (x 71B)
Class com.google.common.util.concurrent.AbstractFuture$Listener                       : loaded 2 times (x 74B)
Class com.amazon.ion.impl.bin.IonManagedBinaryWriter$UserState$3                      : loaded 2 times (x 87B)
Class Settings_gradle$1$1                                                             : loaded 2 times (x 76B)
Class com.amazon.ion.system.IonWriterBuilderBase                                      : loaded 2 times (x 85B)
Class io.opentelemetry.api.trace.Tracer                                               : loaded 2 times (x 72B)
Class kotlin.TuplesKt                                                                 : loaded 2 times (x 73B)
Class kotlin.jvm.internal.markers.KMutableIterable                                    : loaded 2 times (x 72B)
Class kotlin.Unit                                                                     : loaded 2 times (x 73B)
Class kotlin.sequences.SequencesKt___SequencesJvmKt                                   : loaded 2 times (x 73B)
Class org.gradle.tooling.internal.adapter.ProtocolToModelAdapter$DefaultViewBuilder   : loaded 2 times (x 82B)
Class [Lcom.android.builder.model.v2.ide.AaptOptions$Namespacing;                     : loaded 2 times (x 71B)
Class com.android.ide.common.gradle.Version$Companion$ParseState                      : loaded 2 times (x 72B)
Class org.objectweb.asm.Attribute                                                     : loaded 2 times (x 79B)
Class com.google.common.base.Supplier                                                 : loaded 2 times (x 72B)
Class io.opentelemetry.api.trace.ArrayBasedTraceState                                 : loaded 2 times (x 88B)
Class io.opentelemetry.context.ContextKey                                             : loaded 2 times (x 72B)
Class io.opentelemetry.context.propagation.TextMapSetter                              : loaded 2 times (x 72B)
Class kotlin.ranges.RangesKt                                                          : loaded 2 times (x 73B)
Class org.gradle.tooling.internal.adapter.ProtocolToModelAdapter$ViewGraphDetails$1   : loaded 2 times (x 79B)
Class org.gradle.internal.classloader.VisitableURLClassLoader                         : loaded 2 times (x 118B)
Class Settings_gradle                                                                 : loaded 2 times (x 126B)
Class [Lcom.amazon.ion.SymbolTable;                                                   : loaded 2 times (x 71B)
Class com.amazon.ion.impl.bin.IonBinaryWriterAdapter$Factory                          : loaded 2 times (x 72B)
Class com.amazon.ion.impl.BlockedBuffer$BufferedOutputStream                          : loaded 2 times (x 92B)
Class org.jetbrains.plugins.gradle.tooling.serialization.ExternalTestsSerializationService$ReadContext: loaded 2 times (x 74B)
Class kotlin.sequences.FlatteningSequence$iterator$1                                  : loaded 2 times (x 81B)
Class kotlin.jvm.functions.Function0                                                  : loaded 2 times (x 72B)
Class kotlin.collections.ArraysUtilJVM                                                : loaded 2 times (x 73B)
Class com.google.common.util.concurrent.ExecutionError                                : loaded 2 times (x 84B)
Class com.google.common.collect.ImmutableEnumSet                                      : loaded 2 times (x 148B)
Class org.gradle.tooling.model.idea.IdeaDependency                                    : loaded 2 times (x 72B)
Class com.android.builder.model.v2.ide.AaptOptions                                    : loaded 2 times (x 72B)
Class [Lcom.android.builder.model.v2.ide.BytecodeTransformation;                      : loaded 2 times (x 71B)
Class com.android.ide.common.gradle.Version$Companion                                 : loaded 2 times (x 73B)
Class com.google.common.collect.Sets                                                  : loaded 2 times (x 73B)
Class org.objectweb.asm.Handler                                                       : loaded 2 times (x 74B)
Class com.google.common.base.Ticker                                                   : loaded 2 times (x 74B)
Class com.google.common.base.Strings                                                  : loaded 2 times (x 73B)
Class com.android.builder.model.v2.models.VariantDependenciesAdjacencyList            : loaded 2 times (x 72B)
Class com.amazon.ion.impl.bin.AbstractIonWriter$WriteValueOptimization                : loaded 2 times (x 81B)
Class kotlin.collections.AbstractMutableList                                          : loaded 2 times (x 208B)
Class kotlin.jvm.functions.Function1                                                  : loaded 2 times (x 72B)
Class com.android.builder.model.v2.models.ndk.NativeModelBuilderParameter             : loaded 2 times (x 72B)
Class [Lcom.google.common.cache.LocalCache$Segment;                                   : loaded 2 times (x 71B)
Class [Lcom.google.common.cache.LocalCache$Strength;                                  : loaded 2 times (x 71B)
Class com.google.common.cache.CacheBuilder$1                                          : loaded 2 times (x 87B)
Class com.google.common.collect.ImmutableMap                                          : loaded 2 times (x 122B)
Class org.gradle.internal.classloader.ClassLoaderHierarchy                            : loaded 2 times (x 72B)
Class com.amazon.ion.impl.bin.BlockAllocatorProvider                                  : loaded 2 times (x 74B)
Class io.opentelemetry.api.trace.ArrayBasedTraceStateBuilder                          : loaded 2 times (x 79B)
Class org.jetbrains.plugins.gradle.tooling.serialization.internal.IdeaProjectSerializationService$WriteContext: loaded 2 times (x 74B)
Class com.intellij.gradle.toolingExtension.impl.model.sourceSetDependencyModel.GradleSourceSetDependencySerialisationService: loaded 2 times (x 79B)
Class org.jetbrains.plugins.gradle.model.GradleSourceSetModel                         : loaded 2 times (x 72B)
Class kotlin.KotlinNothingValueException                                              : loaded 2 times (x 84B)
Class kotlin.jvm.functions.Function2                                                  : loaded 2 times (x 72B)
Class org.gradle.internal.classpath.DefaultClassPath$ImmutableUniqueList$Builder      : loaded 2 times (x 77B)
Class kotlin.collections.CollectionsKt__ReversedViewsKt                               : loaded 2 times (x 73B)
Class com.google.common.cache.LocalCache                                              : loaded 2 times (x 188B)
Class com.google.common.cache.CacheBuilder$2                                          : loaded 2 times (x 74B)
Class kotlin.sequences.SequencesKt__SequenceBuilderKt                                 : loaded 2 times (x 73B)
Class com.amazon.ion.impl.lite.IonSequenceLite                                        : loaded 2 times (x 434B)
Class com.amazon.ion.impl._Private_Utils$1                                            : loaded 2 times (x 100B)
Class com.amazon.ion.impl.SymbolTableAsStruct                                         : loaded 2 times (x 72B)
Class io.opentelemetry.api.trace.TracerProvider                                       : loaded 2 times (x 72B)
Class com.android.ide.gradle.model.dependencies.Coordinates                           : loaded 2 times (x 72B)
Class kotlin.collections.MapsKt___MapsJvmKt                                           : loaded 2 times (x 73B)
Class org.gradle.tooling.internal.adapter.WeakIdentityHashMap$AbsentValueProvider     : loaded 2 times (x 72B)
Class [Lcom.google.common.collect.AbstractMapEntry;                                   : loaded 2 times (x 71B)
Class com.google.common.collect.ImmutableEntry                                        : loaded 2 times (x 84B)
Class com.google.common.collect.ArrayListMultimap                                     : loaded 2 times (x 173B)
Class com.amazon.ion.impl.bin.AbstractIonWriter                                       : loaded 2 times (x 162B)
Class io.opentelemetry.api.trace.AutoValue_ArrayBasedTraceState                       : loaded 2 times (x 89B)
Class gnu.trove.TObjectHash                                                           : loaded 2 times (x 96B)
Class org.jetbrains.plugins.gradle.tooling.util.ObjectCollector$Processor             : loaded 2 times (x 72B)
Class kotlin.jvm.functions.Function4                                                  : loaded 2 times (x 72B)
Class kotlin.collections.EmptySet                                                     : loaded 2 times (x 124B)
Class kotlin.annotation.Target                                                        : loaded 2 times (x 72B)
Class kotlin.collections.CollectionsKt___CollectionsKt                                : loaded 2 times (x 73B)
Class kotlin.io.FilesKt__FileTreeWalkKt                                               : loaded 2 times (x 73B)
Class org.gradle.internal.exceptions.NonGradleCauseExceptionsHolder                   : loaded 2 times (x 72B)
Class org.gradle.tooling.model.idea.IdeaModuleDependency                              : loaded 2 times (x 72B)
Class org.gradle.tooling.internal.adapter.ViewBuilder                                 : loaded 2 times (x 72B)
Class com.google.common.base.Suppliers$MemoizingSupplier                              : loaded 2 times (x 81B)
Class com.android.builder.model.v2.ide.AndroidLibraryData                             : loaded 2 times (x 72B)
Class com.android.builder.model.v2.ide.ApiVersion                                     : loaded 2 times (x 72B)
Class com.android.ide.common.gradle.Version                                           : loaded 2 times (x 77B)
Class com.google.common.collect.CollectPreconditions                                  : loaded 2 times (x 73B)
Class com.amazon.ion.system.IonReaderBuilder                                          : loaded 2 times (x 97B)
Class io.opentelemetry.api.trace.TraceState                                           : loaded 2 times (x 72B)
Class org.jetbrains.plugins.gradle.model.AnnotationProcessingConfig                   : loaded 2 times (x 72B)
Class com.amazon.ion.IonReader                                                        : loaded 2 times (x 72B)
Class gnu.trove.Equality                                                              : loaded 2 times (x 72B)
Class kotlin.text.StringsKt___StringsJvmKt                                            : loaded 2 times (x 73B)
Class kotlin.reflect.KDeclarationContainer                                            : loaded 2 times (x 72B)
Class kotlin.annotation.Retention                                                     : loaded 2 times (x 72B)
Class com.android.builder.model.v2.models.Versions$Version                            : loaded 2 times (x 72B)
Class com.google.common.collect.SortedMapDifference                                   : loaded 2 times (x 72B)
Class com.amazon.ion.IonClob                                                          : loaded 2 times (x 72B)
Class io.opentelemetry.context.LazyStorage                                            : loaded 2 times (x 73B)
Class org.jetbrains.plugins.gradle.tooling.ModelBuilderService$Parameter              : loaded 2 times (x 72B)
Class kotlin.io.FilesKt                                                               : loaded 2 times (x 73B)
Class kotlin.collections.MapsKt___MapsKt                                              : loaded 2 times (x 73B)
Class kotlin.collections.ArraysKt___ArraysKt                                          : loaded 2 times (x 73B)
Class com.google.common.cache.LocalCache$WriteThroughEntry                            : loaded 2 times (x 81B)
Class com.google.common.cache.LocalCache$HashIterator                                 : loaded 2 times (x 88B)
Class com.google.common.cache.LocalCache$EntryFactory                                 : loaded 2 times (x 85B)
Class com.amazon.ion.impl.lite.IonLobLite                                             : loaded 2 times (x 187B)
Class com.amazon.ion.impl.lite.IonTextLite                                            : loaded 2 times (x 184B)
Class com.amazon.ion.IonNumber                                                        : loaded 2 times (x 72B)
Class gnu.trove.TObjectHashingStrategy                                                : loaded 2 times (x 72B)
Class kotlin.collections.MapsKt__MapWithDefaultKt                                     : loaded 2 times (x 73B)
Class org.gradle.tooling.internal.adapter.ProtocolToModelAdapter$ReflectionMethodInvoker: loaded 2 times (x 78B)
Class [Lcom.android.ide.common.gradle.Separator;                                      : loaded 2 times (x 71B)
Class org.jetbrains.kotlin.tooling.core.HasMutableExtras                              : loaded 2 times (x 72B)
Class com.google.common.cache.LocalCache$AbstractReferenceEntry                       : loaded 2 times (x 109B)
Class [Lcom.amazon.ion.impl.bin.IonManagedBinaryWriter$UserState;                     : loaded 2 times (x 71B)
Class com.amazon.ion.impl.bin.utf8.Utf8StringEncoder                                  : loaded 2 times (x 82B)
Class com.amazon.ion.IonBool                                                          : loaded 2 times (x 72B)
Class kotlin.text.StringsKt___StringsKt                                               : loaded 2 times (x 73B)
Class com.google.common.collect.NullsLastOrdering                                     : loaded 2 times (x 117B)
Class kotlin.collections.CollectionsKt__MutableCollectionsJVMKt                       : loaded 2 times (x 73B)
Class kotlin.jvm.internal.CollectionToArray                                           : loaded 2 times (x 73B)
Class kotlin.enums.EnumEntriesKt                                                      : loaded 2 times (x 73B)
Class com.android.builder.model.v2.models.VariantDependencies                         : loaded 2 times (x 72B)
Class kotlin.sequences.FilteringSequence$iterator$1                                   : loaded 2 times (x 81B)
Class org.objectweb.asm.SymbolTable                                                   : loaded 2 times (x 74B)
Class com.google.common.cache.CacheLoader$InvalidCacheLoadException                   : loaded 2 times (x 84B)
Class com.intellij.gradle.toolingExtension.impl.model.sourceSetModel.GradleSourceSetSerialisationService$Companion: loaded 2 times (x 73B)
Class com.amazon.ion.IonLoader                                                        : loaded 2 times (x 72B)
Class io.opentelemetry.context.propagation.NoopTextMapPropagator                      : loaded 2 times (x 78B)
Class com.intellij.gradle.toolingExtension.model.repositoryModel.ProjectRepositoriesModel: loaded 2 times (x 72B)
Class org.jetbrains.plugins.gradle.model.GradleProperty                               : loaded 2 times (x 72B)
Class gnu.trove.TObjectCanonicalHashingStrategy                                       : loaded 2 times (x 80B)
Class org.gradle.internal.classloader.SystemClassLoaderSpec                           : loaded 2 times (x 73B)
Class com.android.builder.model.v2.ide.TestedTargetVariant                            : loaded 2 times (x 72B)
Class com.google.common.cache.LocalCache$StrongEntry                                  : loaded 2 times (x 110B)
Class com.google.common.util.concurrent.AbstractFuture$TrustedFuture                  : loaded 2 times (x 116B)
Class com.google.common.cache.LoadingCache                                            : loaded 2 times (x 72B)
Class com.amazon.ion.impl._Private_Utils                                              : loaded 2 times (x 73B)
Class kotlin.ranges.IntRange$Companion                                                : loaded 2 times (x 73B)
Class kotlin.text.MatcherMatchResult$groups$1                                         : loaded 2 times (x 153B)
Class kotlin.collections.EmptyMap                                                     : loaded 2 times (x 110B)
Class kotlin.reflect.KAnnotatedElement                                                : loaded 2 times (x 72B)
Class kotlin.jvm.internal.markers.KMutableCollection                                  : loaded 2 times (x 72B)
Class kotlin.coroutines.intrinsics.IntrinsicsKt                                       : loaded 2 times (x 73B)
Class org.gradle.internal.exceptions.MultiCauseException                              : loaded 2 times (x 72B)
Class org.gradle.internal.time.CountdownTimer                                         : loaded 2 times (x 72B)
Class kotlin.jvm.internal.Intrinsics                                                  : loaded 2 times (x 73B)
Class com.google.common.io.ByteStreams$LimitedInputStream                             : loaded 2 times (x 94B)
Class com.google.common.base.Suppliers$NonSerializableMemoizingSupplier               : loaded 2 times (x 81B)
Class org.objectweb.asm.MethodWriter                                                  : loaded 2 times (x 107B)
Class [Lcom.google.common.cache.Weigher;                                              : loaded 2 times (x 71B)
Class com.google.common.collect.RegularImmutableMap$BucketOverflowException           : loaded 2 times (x 84B)
Class io.opentelemetry.api.trace.Span                                                 : loaded 2 times (x 72B)
Class com.intellij.gradle.toolingExtension.impl.model.projectModel.GradleExternalProjectSerializationService$ReadContext: loaded 2 times (x 75B)
Class com.intellij.gradle.toolingExtension.impl.model.dependencyModel.DependencyWriteContext: loaded 2 times (x 74B)
Class kotlin.collections.MapsKt                                                       : loaded 2 times (x 73B)
Class kotlin.coroutines.intrinsics.CoroutineSingletons                                : loaded 2 times (x 81B)
Class kotlin.collections.CollectionsKt__IterablesKt                                   : loaded 2 times (x 73B)
Class org.gradle.tooling.model.ProjectModel                                           : loaded 2 times (x 72B)
Class com.google.common.collect.ImmutableMultimap$1                                   : loaded 2 times (x 84B)
Class com.android.ide.common.gradle.Version$Companion$ParseState$EMPTY                : loaded 2 times (x 76B)
Class org.jetbrains.plugins.gradle.model.GradleConfiguration                          : loaded 2 times (x 72B)
Class com.amazon.ion.impl.bin.utf8.Utf8StringEncoderPool                              : loaded 2 times (x 76B)
Class com.amazon.ion.impl._Private_IonSystem                                          : loaded 2 times (x 72B)
Class com.amazon.ion.BufferConfiguration$OversizedValueHandler                        : loaded 2 times (x 72B)
Class kotlin.ranges.OpenEndRange                                                      : loaded 2 times (x 72B)
Class kotlin.sequences.SequenceBuilderIterator                                        : loaded 2 times (x 87B)
Class kotlin.KotlinNullPointerException                                               : loaded 2 times (x 84B)
Class com.google.common.collect.ImmutableMultimap$2                                   : loaded 2 times (x 83B)
Class com.google.common.collect.RegularImmutableBiMap                                 : loaded 2 times (x 149B)
Class com.google.common.cache.LocalCache$ValueReference                               : loaded 2 times (x 72B)
Class com.amazon.ion.impl._Private_IonValue                                           : loaded 2 times (x 72B)
Class com.amazon.ion.impl.bin.IonManagedBinaryWriter$UserState$2                      : loaded 2 times (x 87B)
Class com.amazon.ion.IonDecimal                                                       : loaded 2 times (x 72B)
Class io.opentelemetry.api.OpenTelemetry                                              : loaded 2 times (x 72B)
Class org.jetbrains.plugins.gradle.model.tests.ExternalTestsModel                     : loaded 2 times (x 72B)
Class kotlin.ranges.RangesKt___RangesKt                                               : loaded 2 times (x 73B)
Class org.gradle.tooling.model.idea.IdeaLanguageLevel                                 : loaded 2 times (x 72B)
Class org.gradle.tooling.internal.adapter.ProtocolToModelAdapter$SafeMethodInvoker    : loaded 2 times (x 78B)
Class org.gradle.tooling.internal.adapter.WeakIdentityHashMap$WeakKey                 : loaded 2 times (x 82B)
Class org.gradle.internal.exceptions.DefaultMultiCauseException                       : loaded 2 times (x 97B)
Class com.google.common.hash.PrimitiveSink                                            : loaded 2 times (x 72B)
Class com.android.builder.model.v2.ide.ProjectInfo                                    : loaded 2 times (x 72B)
Class com.google.common.util.concurrent.AbstractFuture$Failure                        : loaded 2 times (x 74B)
Class com.google.common.base.Equivalence$Equals                                       : loaded 2 times (x 84B)
Class com.google.common.collect.Hashing                                               : loaded 2 times (x 73B)
Class com.google.common.base.PatternCompiler                                          : loaded 2 times (x 72B)
Class [Lcom.google.common.base.AbstractIterator$State;                                : loaded 2 times (x 71B)
Class com.amazon.ion.impl.bin.IonRawBinaryWriter$StreamCloseMode                      : loaded 2 times (x 81B)
Class com.amazon.ion.impl._Private_IonBinaryWriterBuilder$Mutable                     : loaded 2 times (x 117B)
Class io.opentelemetry.api.trace.PropagatedSpan                                       : loaded 2 times (x 114B)
Class com.intellij.gradle.toolingExtension.impl.model.projectModel.GradleExternalProjectSerializationService: loaded 2 times (x 79B)
Class kotlin.text.CharsKt__CharKt                                                     : loaded 2 times (x 73B)
Class kotlin.collections.ArrayDeque$Companion                                         : loaded 2 times (x 73B)
Class kotlin.collections.ArraysKt                                                     : loaded 2 times (x 73B)
Class org.gradle.tooling.model.HierarchicalElement                                    : loaded 2 times (x 72B)
Class com.android.builder.model.v2.dsl.DependenciesInfo                               : loaded 2 times (x 72B)
Class org.gradle.internal.classloader.FilteringClassLoader                            : loaded 2 times (x 106B)
Class org.objectweb.asm.Label                                                         : loaded 2 times (x 75B)
Class org.objectweb.asm.CurrentFrame                                                  : loaded 2 times (x 75B)
Class org.objectweb.asm.ClassTooLargeException                                        : loaded 2 times (x 84B)
Class kotlin.NotImplementedError                                                      : loaded 2 times (x 84B)
Class kotlin.sequences.FlatteningSequence                                             : loaded 2 times (x 77B)
Class com.amazon.ion.impl.bin.IonRawBinaryWriter$PatchPoint                           : loaded 2 times (x 74B)
Class com.amazon.ion.IonBlob                                                          : loaded 2 times (x 72B)
Class com.amazon.ion.IonLob                                                           : loaded 2 times (x 72B)
Class com.amazon.ion.IonSequence                                                      : loaded 2 times (x 72B)
Class io.opentelemetry.api.trace.TraceFlags                                           : loaded 2 times (x 72B)
Class org.jetbrains.plugins.gradle.tooling.serialization.ExternalTestsSerializationService: loaded 2 times (x 79B)
Class com.google.common.collect.ByFunctionOrdering                                    : loaded 2 times (x 117B)
Class kotlin.collections.SetsKt__SetsKt                                               : loaded 2 times (x 73B)
Class kotlin.coroutines.EmptyCoroutineContext                                         : loaded 2 times (x 79B)
Class org.gradle.internal.time.Time                                                   : loaded 2 times (x 73B)
Class com.android.builder.model.v2.models.ProjectGraph                                : loaded 2 times (x 72B)
Class com.google.common.collect.Maps$IteratorBasedAbstractMap                         : loaded 2 times (x 127B)
Class com.android.ide.common.gradle.Version$Companion$ParseState$NUMERIC              : loaded 2 times (x 76B)
Class com.google.common.collect.RangeGwtSerializationDependencies                     : loaded 2 times (x 73B)
Class kotlin.text.MatcherMatchResult                                                  : loaded 2 times (x 82B)
Class org.objectweb.asm.Frame                                                         : loaded 2 times (x 75B)
Class org.objectweb.asm.MethodVisitor                                                 : loaded 2 times (x 107B)
Class com.google.common.cache.LocalCache$EntryFactory$1                               : loaded 2 times (x 85B)
Class [Lcom.google.common.cache.RemovalListener;                                      : loaded 2 times (x 71B)
Class kotlin.text.MatchGroupCollection                                                : loaded 2 times (x 72B)
Class kotlin.text.StringsKt__StringsKt                                                : loaded 2 times (x 73B)
Class com.amazon.ion.system.IonTextWriterBuilder                                      : loaded 2 times (x 99B)
Class com.amazon.ion.impl.bin.IonManagedBinaryWriter$ImportedSymbolResolverMode$1$1$1 : loaded 2 times (x 78B)
Class com.amazon.ion.impl._Private_LocalSymbolTableFactory                            : loaded 2 times (x 72B)
Class org.jetbrains.plugins.gradle.tooling.serialization.AnnotationProcessingModelSerializationService: loaded 2 times (x 79B)
Class kotlin.collections.ArraysKt__ArraysJVMKt                                        : loaded 2 times (x 73B)
Class com.android.ide.gradle.model.dependencies.DeclaredDependencies                  : loaded 2 times (x 72B)
Class com.google.common.cache.LocalCache$EntryFactory$2                               : loaded 2 times (x 85B)
Class com.amazon.ion.impl.lite.IonNullLite                                            : loaded 2 times (x 178B)
Class org.jetbrains.plugins.gradle.model.DependencyAccessorsModel                     : loaded 2 times (x 72B)
Class [Lcom.intellij.openapi.externalSystem.model.project.dependencies.ResolutionState;: loaded 2 times (x 71B)
Class gnu.trove.TObjectIntHashMap                                                     : loaded 2 times (x 111B)
Class kotlin.text.StringsKt__StringBuilderKt                                          : loaded 2 times (x 73B)
Class kotlin.jvm.internal.CallableReference$NoReceiver                                : loaded 2 times (x 73B)
Class org.gradle.api.internal.classpath.GlobalCacheRootsProvider                      : loaded 2 times (x 72B)
Class com.google.common.collect.CollectCollectors                                     : loaded 2 times (x 73B)
Class org.objectweb.asm.ModuleWriter                                                  : loaded 2 times (x 83B)
Class com.google.common.cache.LocalCache$EntryFactory$3                               : loaded 2 times (x 85B)
Class com.google.common.base.Ticker$1                                                 : loaded 2 times (x 74B)
Class com.google.common.collect.ImmutableMapEntrySet$RegularEntrySet                  : loaded 2 times (x 153B)
Class com.google.common.collect.Maps$BiMapConverter                                   : loaded 2 times (x 92B)
Class com.amazon.ion.impl.lite.IonClobLite                                            : loaded 2 times (x 223B)
Class com.amazon.ion.impl._Private_ValueFactory                                       : loaded 2 times (x 72B)
Class com.amazon.ion.impl.bin.IonRawBinaryWriter$PreallocationMode$1                  : loaded 2 times (x 83B)
Class [Lcom.amazon.ion.impl.bin._Private_IonManagedBinaryWriterBuilder$AllocatorMode; : loaded 2 times (x 71B)
Class org.jetbrains.kotlin.idea.gradleTooling.KotlinMPPGradleModel                    : loaded 2 times (x 72B)
Class io.opentelemetry.context.propagation.ContextPropagators                         : loaded 2 times (x 72B)
Class com.intellij.gradle.toolingExtension.impl.model.dependencyDownloadPolicyModel.GradleDependencyDownloadPolicy: loaded 2 times (x 72B)
Class org.gradle.tooling.model.BuildIdentifier                                        : loaded 2 times (x 72B)
Class kotlin.NoWhenBranchMatchedException                                             : loaded 2 times (x 84B)
Class com.android.builder.model.v2.ide.VectorDrawablesOptions                         : loaded 2 times (x 72B)
Class com.google.common.cache.LocalCache$EntryFactory$4                               : loaded 2 times (x 85B)
Class com.google.common.collect.ImmutableSet$Builder                                  : loaded 2 times (x 87B)
Class org.jetbrains.plugins.gradle.tooling.serialization.internal.IdeaProjectSerializationService$ReadContext: loaded 2 times (x 74B)
Class com.amazon.ion.IonInt                                                           : loaded 2 times (x 72B)
Class com.amazon.ion.impl.bin.IonRawBinaryWriter$PreallocationMode$2                  : loaded 2 times (x 83B)
Class org.jetbrains.kotlin.idea.gradleTooling.PrepareKotlinIdeImportTaskModel         : loaded 2 times (x 72B)
Class com.google.common.io.ByteStreams$1                                              : loaded 2 times (x 87B)
Class com.android.builder.model.v2.ide.Edge                                           : loaded 2 times (x 72B)
Class com.android.builder.model.v2.models.VariantDependenciesFlatList                 : loaded 2 times (x 72B)
Class com.google.common.cache.LocalCache$EntryFactory$5                               : loaded 2 times (x 85B)
Class com.amazon.ion.impl.bin.IonRawBinaryWriter$PreallocationMode$3                  : loaded 2 times (x 83B)
Class com.android.ide.gradle.model.GradlePluginModel                                  : loaded 2 times (x 72B)
Class com.google.common.collect.ReverseOrdering                                       : loaded 2 times (x 117B)
Class org.gradle.tooling.model.build.JavaEnvironment                                  : loaded 2 times (x 72B)
Class com.android.builder.model.v2.ide.SourceSetContainer                             : loaded 2 times (x 72B)
Class com.google.common.cache.LocalCache$EntryFactory$6                               : loaded 2 times (x 85B)
Class org.jetbrains.plugins.gradle.model.GradleExtension                              : loaded 2 times (x 72B)
Class com.amazon.ion.impl.lite.IonDecimalLite                                         : loaded 2 times (x 191B)
Class com.amazon.ion.IonBufferConfiguration$Builder                                   : loaded 2 times (x 80B)
Class org.gradle.internal.time.Timer                                                  : loaded 2 times (x 72B)
Class kotlin.jvm.internal.markers.KMappedMarker                                       : loaded 2 times (x 72B)
Class org.gradle.internal.installation.CurrentGradleInstallationLocator               : loaded 2 times (x 73B)
Class com.google.common.collect.Maps$KeySet                                           : loaded 2 times (x 139B)
Class com.google.common.collect.ImmutableMultimap$Builder                             : loaded 2 times (x 85B)
Class com.android.builder.model.v2.ide.LintOptions                                    : loaded 2 times (x 72B)
Class com.google.common.cache.LocalCache$EntryFactory$7                               : loaded 2 times (x 85B)
Class com.google.common.collect.ImmutableSet$EmptySetBuilderImpl                      : loaded 2 times (x 78B)
Class com.amazon.ion.impl.bin.IonManagedBinaryWriter$UserState$1                      : loaded 2 times (x 87B)
Class [Lcom.amazon.ion.impl.bin.IonRawBinaryWriter$ContainerType;                     : loaded 2 times (x 71B)
Class kotlin.coroutines.jvm.internal.SpillingKt                                       : loaded 2 times (x 73B)
Class org.gradle.tooling.internal.adapter.ProtocolToModelAdapter$ViewGraphDetails     : loaded 2 times (x 74B)
Class org.gradle.tooling.model.idea.IdeaProject                                       : loaded 2 times (x 72B)
Class org.gradle.tooling.model.DomainObjectSet                                        : loaded 2 times (x 72B)
Class org.gradle.internal.service.DefaultServiceLocator                               : loaded 2 times (x 85B)
Class com.google.common.collect.ImmutableMultimap$EntryCollection                     : loaded 2 times (x 129B)
Class com.android.builder.model.v2.ide.BasicArtifact                                  : loaded 2 times (x 72B)
Class com.google.common.cache.LocalCache$EntryFactory$8                               : loaded 2 times (x 85B)
Class com.google.common.collect.RegularImmutableMap$KeySet                            : loaded 2 times (x 152B)
Class com.amazon.ion.impl.bin.utf8.Utf8StringEncoder$Result                           : loaded 2 times (x 76B)
Class com.amazon.ion.impl.bin.utf8.Pool$Allocator                                     : loaded 2 times (x 72B)
Class com.amazon.ion.IonText                                                          : loaded 2 times (x 72B)
Class com.amazon.ion.impl.SymbolTokenImpl                                             : loaded 2 times (x 83B)
Class com.amazon.ion.SubstituteSymbolTableException                                   : loaded 2 times (x 86B)
Class io.opentelemetry.api.trace.SpanContextKey                                       : loaded 2 times (x 73B)
Class kotlin.coroutines.jvm.internal.SuspendFunction                                  : loaded 2 times (x 72B)
Class org.gradle.util.GradleVersion                                                   : loaded 2 times (x 83B)
Class org.gradle.internal.installation.CurrentGradleInstallation                      : loaded 2 times (x 75B)
Class com.google.common.cache.CacheLoader$1                                           : loaded 2 times (x 77B)
Class com.google.common.base.Equivalence$Identity                                     : loaded 2 times (x 84B)
Class com.google.common.base.PairwiseEquivalence                                      : loaded 2 times (x 85B)
Class com.amazon.ion.impl.bin.IonManagedBinaryWriter$ImportDescriptor                 : loaded 2 times (x 78B)
Class com.amazon.ion.SymbolTable                                                      : loaded 2 times (x 72B)
Class org.jetbrains.plugins.gradle.javaModel.JavaGradleManifestModel                  : loaded 2 times (x 72B)
Class org.jetbrains.plugins.gradle.tooling.serialization.GradleExtensionsSerializationService$WriteContext: loaded 2 times (x 74B)
Class com.intellij.gradle.toolingExtension.impl.model.taskModel.GradleTaskSerialisationService$Companion: loaded 2 times (x 73B)
Class kotlin.jvm.internal.Ref$BooleanRef                                              : loaded 2 times (x 73B)
Class kotlin.jvm.internal.StringCompanionObject                                       : loaded 2 times (x 73B)
Class kotlin.coroutines.intrinsics.IntrinsicsKt__IntrinsicsJvmKt                      : loaded 2 times (x 73B)
Class kotlin.coroutines.jvm.internal.CoroutineStackFrame                              : loaded 2 times (x 72B)
Class org.gradle.tooling.internal.adapter.ProtocolToModelAdapter$MethodInvocationCache$MethodInvocationKey: loaded 2 times (x 75B)
Class org.gradle.util.internal.GUtil                                                  : loaded 2 times (x 73B)
Class com.android.utils.StringHelper                                                  : loaded 2 times (x 73B)
Class com.google.common.cache.AbstractCache$StatsCounter                              : loaded 2 times (x 72B)
Class [Lcom.amazon.ion.impl.bin.IonManagedBinaryWriter$SymbolState;                   : loaded 2 times (x 71B)
Class com.amazon.ion.impl._Private_IonWriterBase                                      : loaded 2 times (x 164B)
Class com.amazon.ion.system.IonSystemBuilder                                          : loaded 2 times (x 77B)
Class com.amazon.ion.IonCatalog                                                       : loaded 2 times (x 72B)
Class io.opentelemetry.api.trace.TraceId                                              : loaded 2 times (x 73B)
Class com.intellij.gradle.toolingExtension.impl.model.utilTurnOffDefaultTasksModel.TurnOffDefaultTasks: loaded 2 times (x 72B)
Class com.intellij.gradle.toolingExtension.impl.model.sourceSetModel.GradleSourceSetSerialisationService$SourceSetModelReadContext: loaded 2 times (x 74B)
Class kotlin.io.NoSuchFileException                                                   : loaded 2 times (x 84B)
Class kotlin.collections.CollectionsKt                                                : loaded 2 times (x 73B)
Class com.android.builder.model.v2.dsl.BuildType                                      : loaded 2 times (x 72B)
Class [Lcom.google.common.cache.LocalCache$EntryFactory;                              : loaded 2 times (x 71B)
Class com.android.builder.model.v2.ide.ViewBindingOptions                             : loaded 2 times (x 72B)
Class io.opentelemetry.api.internal.ImmutableSpanContext                              : loaded 2 times (x 93B)
Class com.intellij.gradle.toolingExtension.impl.model.sourceSetModel.GradleSourceSetSerialisationService$SourceSetModelWriteContext: loaded 2 times (x 74B)
Class kotlin.ranges.IntProgressionIterator                                            : loaded 2 times (x 84B)
Class kotlin.coroutines.CoroutineContext                                              : loaded 2 times (x 72B)
Class kotlin.coroutines.jvm.internal.DebugProbesKt                                    : loaded 2 times (x 73B)
Class org.gradle.tooling.internal.adapter.WeakIdentityHashMap                         : loaded 2 times (x 78B)
Class org.gradle.tooling.GradleConnectionException                                    : loaded 2 times (x 85B)
Class org.gradle.tooling.internal.adapter.ProtocolToModelAdapter$1                    : loaded 2 times (x 77B)
Class org.gradle.tooling.internal.adapter.ProtocolToModelAdapter$ViewDecoration       : loaded 2 times (x 72B)
Class org.gradle.internal.installation.GradleInstallation                             : loaded 2 times (x 77B)
Class com.google.common.collect.Iterables                                             : loaded 2 times (x 73B)
Class com.google.common.base.Splitter$Strategy                                        : loaded 2 times (x 72B)
Class com.amazon.ion.impl.lite.ContainerlessContext                                   : loaded 2 times (x 82B)
Class io.opentelemetry.api.trace.DefaultTracer                                        : loaded 2 times (x 76B)
Class org.jetbrains.plugins.gradle.tooling.serialization.GradleExtensionsSerializationService$ReadContext: loaded 2 times (x 74B)
Class com.google.common.collect.ForwardingCollection                                  : loaded 2 times (x 132B)
Class com.google.common.collect.LexicographicalOrdering                               : loaded 2 times (x 117B)
Class org.gradle.tooling.internal.adapter.MethodInvoker                               : loaded 2 times (x 72B)
Class com.android.ide.common.gradle.Part                                              : loaded 2 times (x 79B)
Class com.google.common.collect.Lists$RandomAccessReverseList                         : loaded 2 times (x 202B)
Class gnu.trove.PrimeFinder                                                           : loaded 2 times (x 73B)
Class com.amazon.ion.UnexpectedEofException                                           : loaded 2 times (x 86B)
Class com.amazon.ion.IonSexp                                                          : loaded 2 times (x 72B)
Class com.amazon.ion.ReadOnlyValueException                                           : loaded 2 times (x 86B)
Class com.amazon.ion.impl._Private_LocalSymbolTable                                   : loaded 2 times (x 72B)
Class com.amazon.ion.BufferConfiguration$DataHandler                                  : loaded 2 times (x 72B)
Class com.amazon.ion.impl._Private_IonBinaryWriterBuilder                             : loaded 2 times (x 117B)
Class org.jetbrains.plugins.gradle.tooling.serialization.RepositoriesModelSerializationService$WriteContext: loaded 2 times (x 74B)
Class com.android.ide.gradle.model.LegacyAndroidGradlePluginProperties                : loaded 2 times (x 72B)
Class kotlin.ranges.IntProgression                                                    : loaded 2 times (x 83B)
Class kotlin.jvm.KotlinReflectionNotSupportedError                                    : loaded 2 times (x 84B)
Class org.gradle.tooling.model.gradle.GradleScript                                    : loaded 2 times (x 72B)

---------------  S Y S T E M  ---------------

OS:
 Windows 11 , 64 bit Build 26100 (10.0.26100.8875)
OS uptime: 0 days 0:07 hours
Hyper-V role detected

CPU: total 32 (initial active 32) (16 cores per cpu, 2 threads per core) family 6 model 183 stepping 1 microcode 0x115, cx8, cmov, fxsr, ht, mmx, 3dnowpref, sse, sse2, sse3, ssse3, sse4.1, sse4.2, popcnt, lzcnt, tsc, tscinvbit, avx, avx2, aes, erms, clmul, bmi1, bmi2, adx, sha, fma, vzeroupper, clflush, clflushopt, clwb, hv, serialize, rdtscp, rdpid, fsrm, gfni, f16c, cet_ibt, cet_ss
Processor Information for the first 32 processors :
  Max Mhz: 3200, Current Mhz: 3200, Mhz Limit: 3200

Memory: 4k page, system-wide physical 65243M (49038M free)
TotalPageFile size 130779M (AvailPageFile size 115613M)
current process WorkingSet (physical memory assigned to process): 993M, peak: 997M
current process commit charge ("private bytes"): 1081M, peak: 1094M

vm_info: OpenJDK 64-Bit Server VM (25.0.2+-15348964-b329.117) for windows-amd64 JRE (25.0.2+-15348964-b329.117), built on 2026-05-05T18:25:19Z with MS VC++ 16.10 / 16.11 (VS2019)

END.
