#
# A fatal error has been detected by the Java Runtime Environment:
#
#  EXCEPTION_ACCESS_VIOLATION (0xc0000005) at pc=0x00007ff8a583c7a1, pid=19032, tid=10912
#
# JRE version: OpenJDK Runtime Environment (25.0.2) (build 25.0.2+-15348964-b329.117)
# Java VM: OpenJDK 64-Bit Server VM (25.0.2+-15348964-b329.117, mixed mode, tiered, compressed oops, compressed class ptrs, g1 gc, windows-amd64)
# Problematic frame:
# V  [jvm.dll+0x49c7a1]
#
# No core dump will be written. Minidumps are not enabled by default on client versions of Windows
#
# If you would like to submit a bug report, please visit:
#   https://youtrack.jetbrains.com/issues/JBR
#

---------------  S U M M A R Y ------------

Command Line: --add-opens=java.base/java.lang=ALL-UNNAMED --add-opens=java.base/java.lang.invoke=ALL-UNNAMED --add-opens=java.base/java.util=ALL-UNNAMED --add-opens=java.prefs/java.util.prefs=ALL-UNNAMED --add-exports=jdk.compiler/com.sun.tools.javac.api=ALL-UNNAMED --add-exports=jdk.compiler/com.sun.tools.javac.util=ALL-UNNAMED --add-opens=java.base/java.util=ALL-UNNAMED --add-opens=java.prefs/java.util.prefs=ALL-UNNAMED --add-opens=java.base/java.nio.charset=ALL-UNNAMED --add-opens=java.base/java.net=ALL-UNNAMED --add-opens=java.base/java.util.concurrent=ALL-UNNAMED --add-opens=java.base/java.util.concurrent.atomic=ALL-UNNAMED --add-opens=java.xml/javax.xml.namespace=ALL-UNNAMED --add-opens=java.base/java.time=ALL-UNNAMED --enable-native-access=ALL-UNNAMED -XX:MaxMetaspaceSize=384m -XX:+HeapDumpOnOutOfMemoryError -Xms256m -Xmx512m -Dfile.encoding=UTF-8 -Duser.country=BE -Duser.language=nl -Duser.variant -javaagent:C:\Users\Intel\.gradle\wrapper\dists\gradle-9.3.0-bin\79n14ral3mx1ozqr3csh2u872\gradle-9.3.0\lib\agents\gradle-instrumentation-agent-9.3.0.jar org.gradle.launcher.daemon.bootstrap.GradleDaemon 9.3.0

Host: Intel(R) Core(TM) i9-14900K, 32 cores, 63G,  Windows 11 , 64 bit Build 26100 (10.0.26100.8875)
Time: Sat Aug  8 12:49:15 2026 Romance (zomertijd) elapsed time: 156.355067 seconds (0d 0h 2m 36s)

---------------  T H R E A D  ---------------

Current thread (0x000001a2e4c78410):  JavaThread "Unconstrained build operations Thread 161"        [_thread_in_vm, id=10912, stack(0x0000000363f00000,0x0000000364000000) (1024K)]

Stack: [0x0000000363f00000,0x0000000364000000],  sp=0x0000000363ff8b40,  free space=994k
Native frames: (J=compiled Java code, j=interpreted, Vv=VM code, C=native code)
V  [jvm.dll+0x49c7a1]  (no source info available)
V  [jvm.dll+0x49c9c6]  (no source info available)
V  [jvm.dll+0x47f941]  (no source info available)
V  [jvm.dll+0x47f7fd]  (no source info available)
C  0x000001a2c0e9c13f  (no source info available)

The last pc belongs to method entry point (kind = zerolocals) (printed below).
Java frames: (J=compiled Java code, j=interpreted, Vv=VM code)
j  com.android.tools.r8.internal.Qk0$$Lambda+0x000000009c4af530.applyAsInt(Ljava/lang/Object;)I+0
J 69571 c1 java.util.Comparator$$Lambda+0x000000009c0d7c78.compare(Ljava/lang/Object;Ljava/lang/Object;)I java.base@25.0.2 (10 bytes) @ 0x000001a2baccff2c [0x000001a2baccfe80+0x00000000000000ac]
J 13098 c2 java.util.TimSort.binarySort([Ljava/lang/Object;IIILjava/util/Comparator;)V java.base@25.0.2 (223 bytes) @ 0x000001a2c1b8db70 [0x000001a2c1b8d780+0x00000000000003f0]
J 13449 c2 java.util.TimSort.sort([Ljava/lang/Object;IILjava/util/Comparator;[Ljava/lang/Object;II)V java.base@25.0.2 (229 bytes) @ 0x000001a2c1bc19a8 [0x000001a2c1bc0e80+0x0000000000000b28]
J 18044 c2 java.util.ArrayList.sortRange(Ljava/util/Comparator;II)V java.base@25.0.2 (34 bytes) @ 0x000001a2c196e18c [0x000001a2c196e100+0x000000000000008c]
J 68687 c1 java.util.stream.SortedOps$RefSortingSink.end()V java.base@25.0.2 (126 bytes) @ 0x000001a2bb82a48c [0x000001a2bb82a400+0x000000000000008c]
J 9514 c2 java.util.stream.Sink$ChainedReference.end()V java.base@25.0.2 (10 bytes) @ 0x000001a2c1a18740 [0x000001a2c1a18700+0x0000000000000040]
J 25690 c2 java.util.stream.ReferencePipeline.forEach(Ljava/util/function/Consumer;)V java.base@25.0.2 (11 bytes) @ 0x000001a2c2358280 [0x000001a2c2358080+0x0000000000000200]
J 69376 c1 com.android.tools.r8.internal.Qk0.b()Z (155 bytes) @ 0x000001a2bb7e5614 [0x000001a2bb7e5080+0x0000000000000594]
J 69826 c1 com.android.tools.r8.internal.Rk0.b(Lcom/android/tools/r8/internal/aA;)Lcom/android/tools/r8/internal/Xd; (19 bytes) @ 0x000001a2bb7ec8f4 [0x000001a2bb7ec800+0x00000000000000f4]
j  com.android.tools.r8.internal.Ud.b(Lcom/android/tools/r8/internal/aA;Lcom/android/tools/r8/internal/sV;Lcom/android/tools/r8/internal/ef;)Lcom/android/tools/r8/internal/Xd;+2
j  com.android.tools.r8.internal.Ud.c(Lcom/android/tools/r8/internal/aA;Lcom/android/tools/r8/internal/sV;Lcom/android/tools/r8/internal/ef;)Lcom/android/tools/r8/internal/Xd;+37
J 68061 c1 com.android.tools.r8.internal.Ud$$Lambda+0x000000009c4a1418.get()Ljava/lang/Object; (20 bytes) @ 0x000001a2bb80937c [0x000001a2bb809300+0x000000000000007c]
J 68036 c1 com.android.tools.r8.internal.Ud.a(Lcom/android/tools/r8/internal/aA;Lcom/android/tools/r8/internal/sV;Lcom/android/tools/r8/internal/ef;Lcom/android/tools/r8/internal/Gp0;)Lcom/android/tools/r8/internal/Xd; (25 bytes) @ 0x000001a2bb8097ec [0x000001a2bb809600+0x00000000000001ec]
J 69139 c1 com.android.tools.r8.internal.Vd.a(Lcom/android/tools/r8/internal/aA;Lcom/android/tools/r8/internal/sV;Lcom/android/tools/r8/internal/ef;Lcom/android/tools/r8/internal/Gp0;Ljava/lang/String;Lcom/android/tools/r8/utils/w;)Lcom/android/tools/r8/internal/o30; (94 bytes) @ 0x000001a2baceb56c [0x000001a2baceb400+0x000000000000016c]
J 69304 c1 com.android.tools.r8.internal.fA.a(Lcom/android/tools/r8/internal/aA;Lcom/android/tools/r8/internal/l20;Lcom/android/tools/r8/internal/UU$a;Lcom/android/tools/r8/internal/sV;Lcom/android/tools/r8/internal/ef;)Lcom/android/tools/r8/internal/Gp0; (2761 bytes) @ 0x000001a2bb7e76a4 [0x000001a2bb7e5d80+0x0000000000001924]
J 69176 c1 com.android.tools.r8.internal.fA.d(Lcom/android/tools/r8/graph/D5;Lcom/android/tools/r8/internal/l20;Lcom/android/tools/r8/internal/sV;Lcom/android/tools/r8/internal/ef;Lcom/android/tools/r8/internal/UU$a;)Lcom/android/tools/r8/internal/Gp0; (216 bytes) @ 0x000001a2bb7c7904 [0x000001a2bb7c7600+0x0000000000000304]
J 69212 c1 com.android.tools.r8.internal.s50.a(Lcom/android/tools/r8/graph/D5;Lcom/android/tools/r8/internal/M9;Lcom/android/tools/r8/internal/l20;Lcom/android/tools/r8/internal/sV;Lcom/android/tools/r8/internal/ef;)Lcom/android/tools/r8/internal/Gp0; (70 bytes) @ 0x000001a2bb7b1dc4 [0x000001a2bb7b1a80+0x0000000000000344]
J 69224 c1 com.android.tools.r8.internal.s50$$Lambda+0x000000009c44bde0.get()Ljava/lang/Object; (28 bytes) @ 0x000001a2bb7b2204 [0x000001a2bb7b2180+0x0000000000000084]
j  com.android.tools.r8.internal.yu.a(Lcom/android/tools/r8/origin/Origin;Lcom/android/tools/r8/position/Position;Ljava/util/function/Supplier;)Ljava/lang/Object;+1
J 69220 c1 com.android.tools.r8.internal.s50.a(Lcom/android/tools/r8/graph/D5;Lcom/android/tools/r8/internal/M9;Lcom/android/tools/r8/internal/l20;Lcom/android/tools/r8/internal/ei;Lcom/android/tools/r8/internal/ef;)V (48 bytes) @ 0x000001a2bb7b35bc [0x000001a2bb7b3380+0x000000000000023c]
J 69432 c1 com.android.tools.r8.internal.ei.b(Lcom/android/tools/r8/graph/D5;Lcom/android/tools/r8/internal/M9;)V (938 bytes) @ 0x000001a2bbadbe0c [0x000001a2bbada980+0x000000000000148c]
J 70682 c1 com.android.tools.r8.internal.s50.a(Lcom/android/tools/r8/graph/E2;Lcom/android/tools/r8/internal/M9;Lcom/android/tools/r8/internal/ei;Lcom/android/tools/r8/internal/sH;)V (138 bytes) @ 0x000001a2bb886344 [0x000001a2bb886080+0x00000000000002c4]
J 70110 c1 com.android.tools.r8.internal.ic.a(Lcom/android/tools/r8/internal/M9;Lcom/android/tools/r8/graph/E2;)V (22 bytes) @ 0x000001a2bb83c104 [0x000001a2bb83c080+0x0000000000000084]
J 70000 c1 com.android.tools.r8.internal.kc$$Lambda+0x000000009c449090.accept(Ljava/lang/Object;)V (16 bytes) @ 0x000001a2bb839324 [0x000001a2bb839280+0x00000000000000a4]
J 67603 c1 com.android.tools.r8.internal.ep0$$Lambda+0x000000009c3639b8.accept(Ljava/lang/Object;I)V (10 bytes) @ 0x000001a2bba614f4 [0x000001a2bba61480+0x0000000000000074]
j  com.android.tools.r8.internal.ep0$$Lambda+0x000000009c366518.accept(Ljava/lang/Object;I)V+6
J 67494 c1 com.android.tools.r8.internal.ep0$$Lambda+0x000000009c36c268.a(Ljava/lang/Object;I)Ljava/lang/Object; (10 bytes) @ 0x000001a2bba732f4 [0x000001a2bba73280+0x0000000000000074]
J 67626 c1 com.android.tools.r8.internal.ep0$$Lambda+0x000000009c36a4d0.call()Ljava/lang/Object; (16 bytes) @ 0x000001a2bba5be04 [0x000001a2bba5bd80+0x0000000000000084]
j  com.google.common.util.concurrent.TrustedListenableFutureTask$TrustedFutureInterruptibleTask.runInterruptibly()Ljava/lang/Object;+4
J 67116 c1 com.google.common.util.concurrent.InterruptibleTask.run()V (190 bytes) @ 0x000001a2babaa634 [0x000001a2babaa480+0x00000000000001b4]
J 67271 c1 com.google.common.util.concurrent.AbstractListeningExecutorService.submit(Ljava/util/concurrent/Callable;)Ljava/util/concurrent/Future; (6 bytes) @ 0x000001a2babade0c [0x000001a2babadd00+0x000000000000010c]
J 67206 c1 com.android.tools.r8.internal.Ro0.a(Ljava/util/concurrent/Callable;)V (25 bytes) @ 0x000001a2babae2a4 [0x000001a2babae200+0x00000000000000a4]
J 67628 c1 com.android.tools.r8.internal.ep0.a(Lcom/android/tools/r8/internal/Ro0;Lcom/android/tools/r8/internal/vp0;ILjava/lang/Object;)V (30 bytes) @ 0x000001a2bba5b71c [0x000001a2bba5b600+0x000000000000011c]
j  com.android.tools.r8.internal.ep0$$Lambda+0x000000009c36d0b0.a(ILjava/lang/Object;)V+10
J 67440 c1 com.android.tools.r8.internal.Yw$$Lambda+0x000000009c36eb48.accept(Ljava/lang/Object;)V (13 bytes) @ 0x000001a2bba7baac [0x000001a2bba7ba00+0x00000000000000ac]
J 17284 c2 java.util.ArrayList.forEach(Ljava/util/function/Consumer;)V java.base@25.0.2 (74 bytes) @ 0x000001a2c1dc90c8 [0x000001a2c1dc9000+0x00000000000000c8]
J 72914 c1 com.android.tools.r8.internal.ep0$$Lambda+0x000000009c365690.forEach(Ljava/util/function/Consumer;)V (11 bytes) @ 0x000001a2bb2f79f4 [0x000001a2bb2f7980+0x0000000000000074]
J 72661 c1 com.android.tools.r8.internal.Yw.a(Lcom/android/tools/r8/internal/OG;)V (20 bytes) @ 0x000001a2ba6fa8dc [0x000001a2ba6fa780+0x000000000000015c]
J 72659 c1 com.android.tools.r8.internal.ep0.a(Lcom/android/tools/r8/internal/Yw;Lcom/android/tools/r8/internal/vp0;Ljava/util/function/Predicate;Lcom/android/tools/r8/threading/ThreadingModule;Ljava/util/concurrent/ExecutorService;)Ljava/util/ArrayList; (38 bytes) @ 0x000001a2ba6ce0ec [0x000001a2ba6cdf80+0x000000000000016c]
J 72919 c1 com.android.tools.r8.internal.ep0.a(Lcom/android/tools/r8/internal/Yw;Lcom/android/tools/r8/internal/up0;Lcom/android/tools/r8/threading/ThreadingModule;Ljava/util/concurrent/ExecutorService;)V (15 bytes) @ 0x000001a2bb2fbbe4 [0x000001a2bb2fbb00+0x00000000000000e4]
j  com.android.tools.r8.internal.ep0.a(Ljava/util/Collection;Lcom/android/tools/r8/internal/QR$a;Lcom/android/tools/r8/threading/ThreadingModule;Ljava/util/concurrent/ExecutorService;Lcom/android/tools/r8/internal/ep0$a;)V+33
J 72809 c1 com.android.tools.r8.internal.ep0.a(Ljava/util/Collection;Ljava/util/function/Consumer;Lcom/android/tools/r8/threading/ThreadingModule;Ljava/util/concurrent/ExecutorService;)V (20 bytes) @ 0x000001a2bb19af64 [0x000001a2bb19ae80+0x00000000000000e4]
j  com.android.tools.r8.K.a(Lcom/android/tools/r8/graph/y;Ljava/util/Collection;Ljava/util/function/Consumer;Ljava/util/concurrent/ExecutorService;)V+10
j  com.android.tools.r8.internal.kc.a(Lcom/android/tools/r8/internal/lc;Ljava/util/concurrent/ExecutorService;)V+498
j  com.android.tools.r8.internal.s50.a(Lcom/android/tools/r8/internal/ei;Lcom/android/tools/r8/internal/sH;Ljava/util/concurrent/ExecutorService;)V+65
j  com.android.tools.r8.internal.s50.a(Lcom/android/tools/r8/graph/y;Ljava/util/concurrent/ExecutorService;)V+110
j  com.android.tools.r8.D8.d(Lcom/android/tools/r8/utils/j;Lcom/android/tools/r8/utils/w;Ljava/util/concurrent/ExecutorService;)V+284
j  com.android.tools.r8.D8.b(Lcom/android/tools/r8/utils/j;Lcom/android/tools/r8/utils/w;Ljava/util/concurrent/ExecutorService;)V+3
j  com.android.tools.r8.D8$$Lambda+0x000000009c2b2c18.run()V+12
j  com.android.tools.r8.internal.yu.a(Lcom/android/tools/r8/internal/bd0;Lcom/android/tools/r8/internal/yu$a;)V+2
j  com.android.tools.r8.internal.yu.b(Lcom/android/tools/r8/internal/bd0;Lcom/android/tools/r8/internal/yu$a;)V+2
j  com.android.tools.r8.D8.run(Lcom/android/tools/r8/D8Command;Ljava/util/concurrent/ExecutorService;)V+22
j  com.android.builder.dexing.D8DexArchiveBuilder.convert(Ljava/util/stream/Stream;Ljava/nio/file/Path;Ljava/nio/file/Path;Lcom/android/builder/dexing/DependencyGraphUpdater;)V+298
j  com.android.build.gradle.internal.dependency.BaseDexingTransform.process(Ljava/io/File;Lkotlin/jvm/functions/Function2;Ljava/util/List;Ljava/io/File;Ljava/io/File;ZLcom/android/build/gradle/internal/dependency/DesugarGraph;)V+790
j  com.android.build.gradle.internal.dependency.BaseDexingTransform.processNonIncrementally(Ljava/io/File;Ljava/util/List;Ljava/io/File;Ljava/io/File;ZLjava/io/File;)V+84
j  com.android.build.gradle.internal.dependency.BaseDexingTransform.transform(Lorg/gradle/api/artifacts/transform/TransformOutputs;)V+373
J 39105 c1 org.gradle.api.internal.artifacts.transform.DefaultTransform.transform(Lorg/gradle/api/provider/Provider;Ljava/io/File;Lorg/gradle/api/internal/artifacts/transform/TransformDependencies;Lorg/gradle/work/InputChanges;)Lorg/gradle/api/internal/artifacts/transform/TransformExecutionResult; (53 bytes) @ 0x000001a2b9a9ac0c [0x000001a2b9a9a800+0x000000000000040c]
J 39103 c1 org.gradle.api.internal.artifacts.transform.AbstractTransformExecution$2.call(Lorg/gradle/internal/operations/BuildOperationContext;)Lorg/gradle/api/internal/artifacts/transform/TransformExecutionResult; (153 bytes) @ 0x000001a2b9bac834 [0x000001a2b9baba00+0x0000000000000e34]
J 39102 c1 org.gradle.api.internal.artifacts.transform.AbstractTransformExecution$2.call(Lorg/gradle/internal/operations/BuildOperationContext;)Ljava/lang/Object; (6 bytes) @ 0x000001a2b9ae6b14 [0x000001a2b9ae6a80+0x0000000000000094]
J 9381 c1 org.gradle.internal.operations.DefaultBuildOperationRunner$CallableBuildOperationWorker.execute(Lorg/gradle/internal/operations/BuildOperation;Lorg/gradle/internal/operations/BuildOperationContext;)V (10 bytes) @ 0x000001a2ba6eb314 [0x000001a2ba6eb100+0x0000000000000214]
J 50591 c1 org.gradle.internal.operations.DefaultBuildOperationRunner$2.execute(Lorg/gradle/internal/operations/BuildOperationDescriptor;Lorg/gradle/internal/operations/BuildOperationState;Lorg/gradle/internal/operations/BuildOperationState;Lorg/gradle/internal/operations/DefaultBuildOperationRunner$ReadableBuildOperationContext;Lorg/gradle/internal/operations/DefaultBuildOperationRunner$BuildOperationExecutionListener;)Lorg/gradle/internal/operations/BuildOperation; (110 bytes) @ 0x000001a2bb1785e4 [0x000001a2bb178400+0x00000000000001e4]
J 50893 c1 org.gradle.internal.operations.DefaultBuildOperationRunner$2.execute(Lorg/gradle/internal/operations/BuildOperationDescriptor;Lorg/gradle/internal/operations/BuildOperationState;Lorg/gradle/internal/operations/BuildOperationState;Lorg/gradle/internal/operations/DefaultBuildOperationRunner$ReadableBuildOperationContext;Lorg/gradle/internal/operations/DefaultBuildOperationRunner$BuildOperationExecutionListener;)Ljava/lang/Object; (12 bytes) @ 0x000001a2bb4357fc [0x000001a2bb435780+0x000000000000007c]
J 37451 c1 org.gradle.internal.operations.DefaultBuildOperationRunner.execute(Lorg/gradle/internal/operations/BuildOperationDescriptor$Builder;Lorg/gradle/internal/operations/DefaultBuildOperationRunner$BuildOperationExecution;)Ljava/lang/Object; (147 bytes) @ 0x000001a2ba77798c [0x000001a2ba776a80+0x0000000000000f0c]
J 37433 c1 org.gradle.internal.operations.DefaultBuildOperationRunner.execute(Lorg/gradle/internal/operations/BuildOperation;Lorg/gradle/internal/operations/BuildOperationWorker;)V (22 bytes) @ 0x000001a2bb83848c [0x000001a2bb838200+0x000000000000028c]
J 37629 c1 org.gradle.api.internal.artifacts.transform.AbstractTransformExecution.executeWithinTransformerListener(Lorg/gradle/internal/execution/ExecutionContext;)Lorg/gradle/internal/execution/WorkOutput; (32 bytes) @ 0x000001a2baf0c60c [0x000001a2baf0c300+0x000000000000030c]
J 37625 c1 org.gradle.api.internal.artifacts.transform.AbstractTransformExecution.execute(Lorg/gradle/internal/execution/ExecutionContext;)Lorg/gradle/internal/execution/WorkOutput; (62 bytes) @ 0x000001a2bae11fcc [0x000001a2bae11e80+0x000000000000014c]
J 38851 c1 org.gradle.internal.execution.steps.ExecuteStep.executeInternal(Lorg/gradle/internal/execution/UnitOfWork;Lorg/gradle/internal/execution/steps/InputChangesContext;)Lorg/gradle/internal/execution/steps/Result; (78 bytes) @ 0x000001a2bb328844 [0x000001a2bb328400+0x0000000000000444]
J 38848 c1 org.gradle.internal.execution.steps.ExecuteStep$1.call(Lorg/gradle/internal/operations/BuildOperationContext;)Ljava/lang/Object; (6 bytes) @ 0x000001a2ba1f7694 [0x000001a2ba1f7580+0x0000000000000114]
J 9381 c1 org.gradle.internal.operations.DefaultBuildOperationRunner$CallableBuildOperationWorker.execute(Lorg/gradle/internal/operations/BuildOperation;Lorg/gradle/internal/operations/BuildOperationContext;)V (10 bytes) @ 0x000001a2ba6eb314 [0x000001a2ba6eb100+0x0000000000000214]
J 50591 c1 org.gradle.internal.operations.DefaultBuildOperationRunner$2.execute(Lorg/gradle/internal/operations/BuildOperationDescriptor;Lorg/gradle/internal/operations/BuildOperationState;Lorg/gradle/internal/operations/BuildOperationState;Lorg/gradle/internal/operations/DefaultBuildOperationRunner$ReadableBuildOperationContext;Lorg/gradle/internal/operations/DefaultBuildOperationRunner$BuildOperationExecutionListener;)Lorg/gradle/internal/operations/BuildOperation; (110 bytes) @ 0x000001a2bb1785e4 [0x000001a2bb178400+0x00000000000001e4]
J 50893 c1 org.gradle.internal.operations.DefaultBuildOperationRunner$2.execute(Lorg/gradle/internal/operations/BuildOperationDescriptor;Lorg/gradle/internal/operations/BuildOperationState;Lorg/gradle/internal/operations/BuildOperationState;Lorg/gradle/internal/operations/DefaultBuildOperationRunner$ReadableBuildOperationContext;Lorg/gradle/internal/operations/DefaultBuildOperationRunner$BuildOperationExecutionListener;)Ljava/lang/Object; (12 bytes) @ 0x000001a2bb4357fc [0x000001a2bb435780+0x000000000000007c]
J 37451 c1 org.gradle.internal.operations.DefaultBuildOperationRunner.execute(Lorg/gradle/internal/operations/BuildOperationDescriptor$Builder;Lorg/gradle/internal/operations/DefaultBuildOperationRunner$BuildOperationExecution;)Ljava/lang/Object; (147 bytes) @ 0x000001a2ba77798c [0x000001a2ba776a80+0x0000000000000f0c]
J 37433 c1 org.gradle.internal.operations.DefaultBuildOperationRunner.execute(Lorg/gradle/internal/operations/BuildOperation;Lorg/gradle/internal/operations/BuildOperationWorker;)V (22 bytes) @ 0x000001a2bb83848c [0x000001a2bb838200+0x000000000000028c]
J 38844 c1 org.gradle.internal.execution.steps.ExecuteStep.execute(Lorg/gradle/internal/execution/UnitOfWork;Lorg/gradle/internal/execution/steps/ChangingOutputsContext;)Lorg/gradle/internal/execution/steps/Result; (37 bytes) @ 0x000001a2b9e47cb4 [0x000001a2b9e47800+0x00000000000004b4]
J 38843 c1 org.gradle.internal.execution.steps.ExecuteStep.execute(Lorg/gradle/internal/execution/UnitOfWork;Lorg/gradle/internal/execution/steps/Context;)Lorg/gradle/internal/execution/steps/Result; (10 bytes) @ 0x000001a2b9bdadc4 [0x000001a2b9bdac80+0x0000000000000144]
J 38841 c1 org.gradle.internal.execution.steps.CancelExecutionStep.execute(Lorg/gradle/internal/execution/UnitOfWork;Lorg/gradle/internal/execution/steps/Context;)Lorg/gradle/internal/execution/steps/Result; (168 bytes) @ 0x000001a2ba502e74 [0x000001a2ba502900+0x0000000000000574]
J 37545 c1 org.gradle.internal.execution.steps.TimeoutStep.execute(Lorg/gradle/internal/execution/UnitOfWork;Lorg/gradle/internal/execution/steps/Context;)Lorg/gradle/internal/execution/steps/Result; (96 bytes) @ 0x000001a2bae80b14 [0x000001a2bae7fa00+0x0000000000001114]
J 37529 c1 org.gradle.internal.execution.steps.PreCreateOutputParentsStep.execute(Lorg/gradle/internal/execution/UnitOfWork;Lorg/gradle/internal/execution/steps/ChangingOutputsContext;)Lorg/gradle/internal/execution/steps/Result; (30 bytes) @ 0x000001a2bb3f38bc [0x000001a2bb3f3580+0x000000000000033c]
J 37528 c1 org.gradle.internal.execution.steps.PreCreateOutputParentsStep.execute(Lorg/gradle/internal/execution/UnitOfWork;Lorg/gradle/internal/execution/steps/Context;)Lorg/gradle/internal/execution/steps/Result; (10 bytes) @ 0x000001a2bb1b1d44 [0x000001a2bb1b1c00+0x0000000000000144]
j  org.gradle.internal.execution.steps.BroadcastChangingOutputsStep.execute(Lorg/gradle/internal/execution/UnitOfWork;Lorg/gradle/internal/execution/steps/InputChangesContext;)Lorg/gradle/internal/execution/steps/Result;+53
J 39036 c1 org.gradle.internal.execution.steps.BroadcastChangingOutputsStep.execute(Lorg/gradle/internal/execution/UnitOfWork;Lorg/gradle/internal/execution/steps/Context;)Lorg/gradle/internal/execution/steps/Result; (10 bytes) @ 0x000001a2ba640a44 [0x000001a2ba640900+0x0000000000000144]
J 37533 c1 org.gradle.internal.execution.steps.CaptureOutputsAfterExecutionStep.execute(Lorg/gradle/internal/execution/UnitOfWork;Lorg/gradle/internal/execution/steps/WorkspaceContext;)Lorg/gradle/internal/execution/steps/AfterExecutionResult; (56 bytes) @ 0x000001a2bae84c2c [0x000001a2bae84b00+0x000000000000012c]
J 38912 c1 org.gradle.internal.execution.steps.CaptureOutputsAfterExecutionStep.execute(Lorg/gradle/internal/execution/UnitOfWork;Lorg/gradle/internal/execution/steps/Context;)Lorg/gradle/internal/execution/steps/Result; (10 bytes) @ 0x000001a2ba337d44 [0x000001a2ba337c00+0x0000000000000144]
J 37612 c1 org.gradle.internal.execution.steps.NoInputChangesStep.execute(Lorg/gradle/internal/execution/UnitOfWork;Lorg/gradle/internal/execution/steps/ValidationFinishedContext;)Lorg/gradle/internal/execution/steps/Result; (29 bytes) @ 0x000001a2ba842cdc [0x000001a2ba842100+0x0000000000000bdc]
J 39110 c1 org.gradle.internal.execution.steps.NoInputChangesStep.execute(Lorg/gradle/internal/execution/UnitOfWork;Lorg/gradle/internal/execution/steps/Context;)Lorg/gradle/internal/execution/steps/Result; (10 bytes) @ 0x000001a2b9b033c4 [0x000001a2b9b03280+0x0000000000000144]
J 37532 c1 org.gradle.internal.execution.steps.BuildCacheStep$$Lambda+0x000000009c1ed318.apply(Ljava/lang/Object;)Ljava/lang/Object; (20 bytes) @ 0x000001a2bb4045c4 [0x000001a2bb404380+0x0000000000000244]
J 39035 c1 org.gradle.internal.execution.steps.BuildCacheStep.execute(Lorg/gradle/internal/execution/UnitOfWork;Lorg/gradle/internal/execution/steps/WorkspaceContext;)Lorg/gradle/internal/execution/steps/AfterExecutionResult; (32 bytes) @ 0x000001a2b9abb7a4 [0x000001a2b9abac80+0x0000000000000b24]
J 39056 c1 org.gradle.internal.execution.steps.BuildCacheStep.execute(Lorg/gradle/internal/execution/UnitOfWork;Lorg/gradle/internal/execution/steps/Context;)Lorg/gradle/internal/execution/steps/Result; (10 bytes) @ 0x000001a2b9ac3444 [0x000001a2b9ac3300+0x0000000000000144]
J 37614 c1 org.gradle.internal.execution.steps.NeverUpToDateStep.execute(Lorg/gradle/internal/execution/UnitOfWork;Lorg/gradle/internal/execution/steps/NonIncrementalCachingContext;)Lorg/gradle/internal/execution/steps/UpToDateResult; (27 bytes) @ 0x000001a2baafc904 [0x000001a2baafc800+0x0000000000000104]
J 37609 c1 org.gradle.internal.execution.steps.NeverUpToDateStep.execute(Lorg/gradle/internal/execution/UnitOfWork;Lorg/gradle/internal/execution/steps/Context;)Lorg/gradle/internal/execution/steps/Result; (10 bytes) @ 0x000001a2bada6644 [0x000001a2bada6500+0x0000000000000144]
J 38549 c1 org.gradle.internal.execution.steps.legacy.MarkSnapshottingInputsFinishedStep.execute(Lorg/gradle/internal/execution/UnitOfWork;Lorg/gradle/internal/execution/steps/Context;)Lorg/gradle/internal/execution/steps/Result; (10 bytes) @ 0x000001a2ba901f14 [0x000001a2ba901b80+0x0000000000000394]
J 37618 c1 org.gradle.internal.execution.steps.ResolveNonIncrementalCachingStateStep.executeDelegate(Lorg/gradle/internal/execution/UnitOfWork;Lorg/gradle/internal/execution/steps/ValidationFinishedContext;Lorg/gradle/internal/execution/caching/CachingState;)Lorg/gradle/internal/execution/steps/UpToDateResult; (23 bytes) @ 0x000001a2baa97bb4 [0x000001a2baa97180+0x0000000000000a34]
J 38570 c1 org.gradle.internal.execution.steps.AbstractResolveCachingStateStep.execute(Lorg/gradle/internal/execution/UnitOfWork;Lorg/gradle/internal/execution/steps/ValidationFinishedContext;)Lorg/gradle/internal/execution/steps/CachingResult; (67 bytes) @ 0x000001a2ba8546ac [0x000001a2ba852e80+0x000000000000182c]
J 36677 c1 org.gradle.internal.execution.steps.AbstractResolveCachingStateStep.execute(Lorg/gradle/internal/execution/UnitOfWork;Lorg/gradle/internal/execution/steps/Context;)Lorg/gradle/internal/execution/steps/Result; (10 bytes) @ 0x000001a2baad0624 [0x000001a2baad0480+0x00000000000001a4]
J 36674 c1 org.gradle.internal.execution.steps.ValidateStep.execute(Lorg/gradle/internal/execution/UnitOfWork;Lorg/gradle/internal/execution/steps/BeforeExecutionContext;)Lorg/gradle/internal/execution/steps/Result; (73 bytes) @ 0x000001a2bae50bdc [0x000001a2bae4f600+0x00000000000015dc]
J 36667 c1 org.gradle.internal.execution.steps.ValidateStep.execute(Lorg/gradle/internal/execution/UnitOfWork;Lorg/gradle/internal/execution/steps/Context;)Lorg/gradle/internal/execution/steps/Result; (10 bytes) @ 0x000001a2baaac2c4 [0x000001a2baaac180+0x0000000000000144]
J 36653 c1 org.gradle.internal.execution.steps.AbstractCaptureStateBeforeExecutionStep.execute(Lorg/gradle/internal/execution/UnitOfWork;Lorg/gradle/internal/execution/steps/PreviousExecutionContext;)Lorg/gradle/internal/execution/steps/CachingResult; (58 bytes) @ 0x000001a2ba53e3a4 [0x000001a2ba53da80+0x0000000000000924]
J 36652 c1 org.gradle.internal.execution.steps.AbstractCaptureStateBeforeExecutionStep.execute(Lorg/gradle/internal/execution/UnitOfWork;Lorg/gradle/internal/execution/steps/Context;)Lorg/gradle/internal/execution/steps/Result; (10 bytes) @ 0x000001a2baa36924 [0x000001a2baa36780+0x00000000000001a4]
J 36609 c1 org.gradle.internal.execution.steps.legacy.MarkSnapshottingInputsStartedStep.execute(Lorg/gradle/internal/execution/UnitOfWork;Lorg/gradle/internal/execution/steps/Context;)Lorg/gradle/internal/execution/steps/Result; (37 bytes) @ 0x000001a2ba6e7c44 [0x000001a2ba6e7a80+0x00000000000001c4]
J 39093 c1 org.gradle.internal.execution.steps.AssignImmutableWorkspaceStep.executeInWorkspace(Lorg/gradle/internal/execution/UnitOfWork;Lorg/gradle/internal/execution/steps/IdentityContext;Ljava/io/File;)Lorg/gradle/internal/execution/steps/WorkspaceResult; (146 bytes) @ 0x000001a2ba015da4 [0x000001a2ba014980+0x0000000000001424]
J 37597 c1 org.gradle.internal.execution.steps.AssignImmutableWorkspaceStep$$Lambda+0x000000009b6fe2a0.get()Ljava/lang/Object; (20 bytes) @ 0x000001a2bb9a21bc [0x000001a2bb9a1f00+0x00000000000002bc]
J 9160 c1 org.gradle.internal.execution.steps.AssignImmutableWorkspaceStep.lambda$execute$1(Lorg/gradle/internal/execution/UnitOfWork;Lorg/gradle/internal/execution/workspace/ImmutableWorkspaceProvider$LockingImmutableWorkspace;Lorg/gradle/internal/execution/steps/IdentityContext;)Lorg/gradle/internal/execution/steps/WorkspaceResult; (22 bytes) @ 0x000001a2ba68097c [0x000001a2ba680300+0x000000000000067c]
J 9159 c1 org.gradle.internal.execution.steps.AssignImmutableWorkspaceStep$$Lambda+0x000000009b6de5f8.get()Ljava/lang/Object; (20 bytes) @ 0x000001a2ba67e71c [0x000001a2ba67e680+0x000000000000009c]
J 9156 c1 org.gradle.internal.execution.workspace.impl.CacheBasedImmutableWorkspaceProvider$CacheContainer.lambda$withFileLock$0(Ljava/util/function/Supplier;)Ljava/lang/Object; (33 bytes) @ 0x000001a2ba67ed6c [0x000001a2ba67e980+0x00000000000003ec]
J 27621 c2 org.gradle.cache.internal.LockOnDemandCrossProcessCacheAccess.withFileLock(Ljava/util/function/Supplier;)Ljava/lang/Object; (24 bytes) @ 0x000001a2c255624c [0x000001a2c2555e00+0x000000000000044c]
J 9388 c1 org.gradle.cache.internal.DefaultCacheFactory$ReferenceTrackingCache.withFileLock(Ljava/util/function/Supplier;)Ljava/lang/Object; (14 bytes) @ 0x000001a2ba6ed134 [0x000001a2ba6ecf00+0x0000000000000234]
J 35030 c1 org.gradle.internal.execution.workspace.impl.CacheBasedImmutableWorkspaceProvider$2.withWorkspaceLock(Ljava/util/function/Supplier;)Ljava/lang/Object; (36 bytes) @ 0x000001a2ba3fefa4 [0x000001a2ba3fe600+0x00000000000009a4]
J 9291 c1 org.gradle.internal.execution.steps.AssignImmutableWorkspaceStep.execute(Lorg/gradle/internal/execution/UnitOfWork;Lorg/gradle/internal/execution/steps/IdentityContext;)Lorg/gradle/internal/execution/steps/WorkspaceResult; (96 bytes) @ 0x000001a2ba6c2cbc [0x000001a2ba6c2080+0x0000000000000c3c]
J 9290 c1 org.gradle.internal.execution.steps.AssignImmutableWorkspaceStep.execute(Lorg/gradle/internal/execution/UnitOfWork;Lorg/gradle/internal/execution/steps/Context;)Lorg/gradle/internal/execution/steps/Result; (10 bytes) @ 0x000001a2ba6bc144 [0x000001a2ba6bc000+0x0000000000000144]
J 9289 c1 org.gradle.internal.execution.steps.ChoosePipelineStep.execute(Lorg/gradle/internal/execution/UnitOfWork;Lorg/gradle/internal/execution/steps/IdentityContext;)Lorg/gradle/internal/execution/steps/Result; (71 bytes) @ 0x000001a2ba6be91c [0x000001a2ba6bdf00+0x0000000000000a1c]
J 9288 c1 org.gradle.internal.execution.steps.ChoosePipelineStep.execute(Lorg/gradle/internal/execution/UnitOfWork;Lorg/gradle/internal/execution/steps/Context;)Lorg/gradle/internal/execution/steps/Result; (10 bytes) @ 0x000001a2ba6bbac4 [0x000001a2ba6bb980+0x0000000000000144]
J 14873 c1 org.gradle.internal.execution.steps.ExecuteWorkBuildOperationFiringStep.lambda$execute$0(Lorg/gradle/internal/execution/UnitOfWork;Lorg/gradle/internal/execution/steps/IdentityContext;Lorg/gradle/internal/operations/BuildOperationContext;)Lorg/gradle/internal/execution/steps/CachingResult; (78 bytes) @ 0x000001a2bae8300c [0x000001a2bae82f00+0x000000000000010c]
J 9307 c1 org.gradle.internal.execution.steps.ExecuteWorkBuildOperationFiringStep$$Lambda+0x000000009b87b5f0.apply(Ljava/lang/Object;)Ljava/lang/Object; (20 bytes) @ 0x000001a2ba6cc4ec [0x000001a2ba6cc380+0x000000000000016c]
J 9312 c1 org.gradle.internal.execution.steps.BuildOperationStep$1.call(Lorg/gradle/internal/operations/BuildOperationContext;)Ljava/lang/Object; (11 bytes) @ 0x000001a2ba6cc804 [0x000001a2ba6cc700+0x0000000000000104]
J 9381 c1 org.gradle.internal.operations.DefaultBuildOperationRunner$CallableBuildOperationWorker.execute(Lorg/gradle/internal/operations/BuildOperation;Lorg/gradle/internal/operations/BuildOperationContext;)V (10 bytes) @ 0x000001a2ba6eb314 [0x000001a2ba6eb100+0x0000000000000214]
J 50591 c1 org.gradle.internal.operations.DefaultBuildOperationRunner$2.execute(Lorg/gradle/internal/operations/BuildOperationDescriptor;Lorg/gradle/internal/operations/BuildOperationState;Lorg/gradle/internal/operations/BuildOperationState;Lorg/gradle/internal/operations/DefaultBuildOperationRunner$ReadableBuildOperationContext;Lorg/gradle/internal/operations/DefaultBuildOperationRunner$BuildOperationExecutionListener;)Lorg/gradle/internal/operations/BuildOperation; (110 bytes) @ 0x000001a2bb1785e4 [0x000001a2bb178400+0x00000000000001e4]
J 50893 c1 org.gradle.internal.operations.DefaultBuildOperationRunner$2.execute(Lorg/gradle/internal/operations/BuildOperationDescriptor;Lorg/gradle/internal/operations/BuildOperationState;Lorg/gradle/internal/operations/BuildOperationState;Lorg/gradle/internal/operations/DefaultBuildOperationRunner$ReadableBuildOperationContext;Lorg/gradle/internal/operations/DefaultBuildOperationRunner$BuildOperationExecutionListener;)Ljava/lang/Object; (12 bytes) @ 0x000001a2bb4357fc [0x000001a2bb435780+0x000000000000007c]
J 37451 c1 org.gradle.internal.operations.DefaultBuildOperationRunner.execute(Lorg/gradle/internal/operations/BuildOperationDescriptor$Builder;Lorg/gradle/internal/operations/DefaultBuildOperationRunner$BuildOperationExecution;)Ljava/lang/Object; (147 bytes) @ 0x000001a2ba77798c [0x000001a2ba776a80+0x0000000000000f0c]
J 37433 c1 org.gradle.internal.operations.DefaultBuildOperationRunner.execute(Lorg/gradle/internal/operations/BuildOperation;Lorg/gradle/internal/operations/BuildOperationWorker;)V (22 bytes) @ 0x000001a2bb83848c [0x000001a2bb838200+0x000000000000028c]
J 9329 c1 org.gradle.internal.execution.steps.BuildOperationStep.operation(Ljava/util/function/Function;Lorg/gradle/internal/operations/BuildOperationDescriptor$Builder;)Ljava/lang/Object; (20 bytes) @ 0x000001a2ba6d4a3c [0x000001a2ba6d4700+0x000000000000033c]
J 9150 c1 org.gradle.internal.execution.steps.ExecuteWorkBuildOperationFiringStep.lambda$execute$1(Lorg/gradle/internal/execution/UnitOfWork;Lorg/gradle/internal/execution/steps/IdentityContext;Ljava/lang/String;)Lorg/gradle/internal/execution/steps/CachingResult; (41 bytes) @ 0x000001a2ba67d7cc [0x000001a2ba67cd80+0x0000000000000a4c]
J 9149 c1 org.gradle.internal.execution.steps.ExecuteWorkBuildOperationFiringStep$$Lambda+0x000000009b6dd9a8.apply(Ljava/lang/Object;)Ljava/lang/Object; (20 bytes) @ 0x000001a2ba67bc4c [0x000001a2ba67bb00+0x000000000000014c]
J 9109 c1 org.gradle.internal.execution.steps.ExecuteWorkBuildOperationFiringStep.execute(Lorg/gradle/internal/execution/UnitOfWork;Lorg/gradle/internal/execution/steps/Context;)Lorg/gradle/internal/execution/steps/Result; (10 bytes) @ 0x000001a2ba671a1c [0x000001a2ba671100+0x000000000000091c]
J 9327 c1 org.gradle.internal.execution.steps.IdentityCacheStep.executeInCache(Lorg/gradle/internal/execution/UnitOfWork;Lorg/gradle/internal/execution/steps/IdentityContext;)Lorg/gradle/internal/execution/DeferredResult; (45 bytes) @ 0x000001a2ba6d8944 [0x000001a2ba6d8800+0x0000000000000144]
J 9147 c1 org.gradle.internal.execution.steps.IdentityCacheStep$$Lambda+0x000000009b87b388.get()Ljava/lang/Object; (16 bytes) @ 0x000001a2ba67b8d4 [0x000001a2ba67b800+0x00000000000000d4]
J 8819 c1 org.gradle.cache.Cache$$Lambda+0x000000009b21ed68.apply(Ljava/lang/Object;)Ljava/lang/Object; (9 bytes) @ 0x000001a2ba5eb83c [0x000001a2ba5eb700+0x000000000000013c]
J 20724 c2 java.util.concurrent.ConcurrentHashMap.computeIfAbsent(Ljava/lang/Object;Ljava/util/function/Function;)Ljava/lang/Object; java.base@25.0.2 (576 bytes) @ 0x000001a2c16c11bc [0x000001a2c16c0d00+0x00000000000004bc]
J 9225 c1 org.gradle.cache.internal.DefaultCrossBuildInMemoryCacheFactory$CrossBuildCacheRetainingDataFromPreviousBuild.get(Ljava/lang/Object;Ljava/util/function/Function;)Ljava/lang/Object; (18 bytes) @ 0x000001a2ba6a1c64 [0x000001a2ba6a1b00+0x0000000000000164]
J 28041 c2 org.gradle.cache.Cache.get(Ljava/lang/Object;Ljava/util/function/Supplier;)Ljava/lang/Object; (14 bytes) @ 0x000001a2c25948a4 [0x000001a2c2594800+0x00000000000000a4]
J 9224 c1 org.gradle.internal.execution.steps.IdentityCacheStep.lambda$executeDeferred$1(Lorg/gradle/cache/Cache;Lorg/gradle/internal/execution/Identity;Lorg/gradle/internal/execution/UnitOfWork;Lorg/gradle/internal/execution/steps/IdentityContext;)Lorg/gradle/internal/Try; (41 bytes) @ 0x000001a2ba6a29a4 [0x000001a2ba6a2480+0x0000000000000524]
J 9223 c1 org.gradle.internal.execution.steps.IdentityCacheStep$$Lambda+0x000000009b87a488.get()Ljava/lang/Object; (24 bytes) @ 0x000001a2ba6a121c [0x000001a2ba6a1180+0x000000000000009c]
J 8839 c1 org.gradle.internal.Deferrable$3.completeAndGet()Ljava/lang/Object; (46 bytes) @ 0x000001a2ba5edf44 [0x000001a2ba5edd80+0x00000000000001c4]
J 34846 c2 org.gradle.internal.Deferrable$1.completeAndGet()Ljava/lang/Object; (18 bytes) @ 0x000001a2c1b35144 [0x000001a2c1b35100+0x0000000000000044]
J 34846 c2 org.gradle.internal.Deferrable$1.completeAndGet()Ljava/lang/Object; (18 bytes) @ 0x000001a2c1b35144 [0x000001a2c1b35100+0x0000000000000044]
J 57254 c1 org.gradle.internal.Deferrable$$Lambda+0x000000009b8909f0.get()Ljava/lang/Object; (14 bytes) @ 0x000001a2b9dfc374 [0x000001a2b9dfc180+0x00000000000001f4]
J 38521 c2 org.gradle.api.internal.artifacts.transform.TransformingAsyncArtifactListener$TransformedArtifact.finalizeValue()Lorg/gradle/internal/Try; (168 bytes) @ 0x000001a2c28a6a5c [0x000001a2c28a6500+0x000000000000055c]
J 9422 c1 org.gradle.api.internal.artifacts.transform.TransformingAsyncArtifactListener$TransformedArtifact.run(Lorg/gradle/internal/operations/BuildOperationContext;)V (6 bytes) @ 0x000001a2ba6fbb7c [0x000001a2ba6fbb00+0x000000000000007c]
J 8795 c1 org.gradle.internal.operations.DefaultBuildOperationExecutor$$Lambda+0x000000009b865478.execute(Lorg/gradle/internal/operations/BuildOperation;Lorg/gradle/internal/operations/BuildOperationContext;)V (11 bytes) @ 0x000001a2ba5e4e54 [0x000001a2ba5e4c80+0x00000000000001d4]
J 50591 c1 org.gradle.internal.operations.DefaultBuildOperationRunner$2.execute(Lorg/gradle/internal/operations/BuildOperationDescriptor;Lorg/gradle/internal/operations/BuildOperationState;Lorg/gradle/internal/operations/BuildOperationState;Lorg/gradle/internal/operations/DefaultBuildOperationRunner$ReadableBuildOperationContext;Lorg/gradle/internal/operations/DefaultBuildOperationRunner$BuildOperationExecutionListener;)Lorg/gradle/internal/operations/BuildOperation; (110 bytes) @ 0x000001a2bb1785e4 [0x000001a2bb178400+0x00000000000001e4]
J 50893 c1 org.gradle.internal.operations.DefaultBuildOperationRunner$2.execute(Lorg/gradle/internal/operations/BuildOperationDescriptor;Lorg/gradle/internal/operations/BuildOperationState;Lorg/gradle/internal/operations/BuildOperationState;Lorg/gradle/internal/operations/DefaultBuildOperationRunner$ReadableBuildOperationContext;Lorg/gradle/internal/operations/DefaultBuildOperationRunner$BuildOperationExecutionListener;)Ljava/lang/Object; (12 bytes) @ 0x000001a2bb4357fc [0x000001a2bb435780+0x000000000000007c]
J 37451 c1 org.gradle.internal.operations.DefaultBuildOperationRunner.execute(Lorg/gradle/internal/operations/BuildOperationDescriptor$Builder;Lorg/gradle/internal/operations/DefaultBuildOperationRunner$BuildOperationExecution;)Ljava/lang/Object; (147 bytes) @ 0x000001a2ba77798c [0x000001a2ba776a80+0x0000000000000f0c]
J 37433 c1 org.gradle.internal.operations.DefaultBuildOperationRunner.execute(Lorg/gradle/internal/operations/BuildOperation;Lorg/gradle/internal/operations/BuildOperationWorker;)V (22 bytes) @ 0x000001a2bb83848c [0x000001a2bb838200+0x000000000000028c]
J 14891 c1 org.gradle.internal.operations.DefaultBuildOperationQueue$WorkerRunnable.doRunBatch(Lorg/gradle/internal/operations/BuildOperation;)I (44 bytes) @ 0x000001a2bae89d3c [0x000001a2bae89b00+0x000000000000023c]
J 14889 c1 org.gradle.internal.operations.DefaultBuildOperationQueue$WorkerRunnable$$Lambda+0x000000009b87b120.create()Ljava/lang/Object; (12 bytes) @ 0x000001a2bae8a74c [0x000001a2bae8a680+0x00000000000000cc]
J 14888 c1 org.gradle.internal.resources.AbstractResourceLockRegistry.whileDisallowingLockChanges(Lorg/gradle/internal/Factory;)Ljava/lang/Object; (44 bytes) @ 0x000001a2bae8a30c [0x000001a2bae8a180+0x000000000000018c]
J 27954 c1 org.gradle.internal.operations.DefaultBuildOperationQueue$WorkerRunnable.lambda$runBatch$1(Lorg/gradle/internal/operations/BuildOperation;)Ljava/lang/Integer; (42 bytes) @ 0x000001a2bb1e5dcc [0x000001a2bb1e5500+0x00000000000008cc]
J 14885 c1 org.gradle.internal.operations.DefaultBuildOperationQueue$WorkerRunnable$$Lambda+0x000000009b87aeb8.create()Ljava/lang/Object; (12 bytes) @ 0x000001a2bae8900c [0x000001a2bae88f80+0x000000000000008c]
J 14860 c1 org.gradle.internal.work.DefaultWorkerLeaseService$$Lambda+0x000000009b3c79b8.create()Ljava/lang/Object; (16 bytes) @ 0x000001a2bae7a0dc [0x000001a2bae79f80+0x000000000000015c]
J 14858 c1 org.gradle.internal.work.DefaultWorkerLeaseService.withLocksAcquired(Ljava/util/Collection;Lorg/gradle/internal/Factory;)Ljava/lang/Object; (27 bytes) @ 0x000001a2bae7b09c [0x000001a2bae7a900+0x000000000000079c]
J 14862 c1 org.gradle.internal.work.DefaultWorkerLeaseService.runAsWorkerThread(Lorg/gradle/internal/Factory;)Ljava/lang/Object; (37 bytes) @ 0x000001a2bae7bc5c [0x000001a2bae7b580+0x00000000000006dc]
J 15763 c1 org.gradle.internal.operations.DefaultBuildOperationQueue$WorkerRunnable.runOperations()V (48 bytes) @ 0x000001a2bb029074 [0x000001a2bb028c00+0x0000000000000474]
J 15765 c1 org.gradle.internal.operations.DefaultBuildOperationQueue$WorkerRunnable$$Lambda+0x000000009b867b18.run()V (8 bytes) @ 0x000001a2bb028984 [0x000001a2bb028900+0x0000000000000084]
J 15762 c1 org.gradle.internal.operations.DefaultBuildOperationQueue$WorkerRunnable.run()V (17 bytes) @ 0x000001a2bb02a124 [0x000001a2bb029880+0x00000000000008a4]
J 11669 c2 org.gradle.internal.concurrent.ExecutorPolicy$CatchAndRecordFailures.onExecute(Ljava/lang/Runnable;)V (29 bytes) @ 0x000001a2c1b476c4 [0x000001a2c1b47680+0x0000000000000044]
J 15119 c1 org.gradle.internal.concurrent.AbstractManagedExecutor$1.run()V (57 bytes) @ 0x000001a2baecfd2c [0x000001a2baecfb80+0x00000000000001ac]
J 65136 c1 java.util.concurrent.ThreadPoolExecutor.runWorker(Ljava/util/concurrent/ThreadPoolExecutor$Worker;)V java.base@25.0.2 (187 bytes) @ 0x000001a2ba72122c [0x000001a2ba720580+0x0000000000000cac]
J 15185 c1 java.util.concurrent.ThreadPoolExecutor$Worker.run()V java.base@25.0.2 (9 bytes) @ 0x000001a2baee207c [0x000001a2baee1f80+0x00000000000000fc]
J 15172 c1 java.lang.Thread.run()V java.base@25.0.2 (23 bytes) @ 0x000001a2baede6e4 [0x000001a2baede480+0x0000000000000264]
v  ~StubRoutines::call_stub 0x000001a2c0e912ed

siginfo: EXCEPTION_ACCESS_VIOLATION (0xc0000005), reading address 0xffffffffffffffd8


Registers:
RAX=0x0000000000000000, RBX=0x0000000363ff8c28, RCX=0x000001a2c0eb0910, RDX=0x000001a2c0e9c0ea
RSP=0x0000000363ff8b40, RBP=0x0000000000000001, RSI=0x000001a2e4c78410, RDI=0x0000000000000000
R8 =0x000001a2c0e98400, R9 =0x000001a2b4360000, R10=0x000001a2c0e90000, R11=0x000000009c4af778
R12=0x0000000000000000, R13=0x000001a2de085eb8, R14=0x0000000363ff8da8, R15=0x000001a2e4c78410
RIP=0x00007ff8a583c7a1, EFLAGS=0x0000000000010283

XMM[0]=0x000000000000000b 0x00000000fcac49f0
XMM[1]=0x0000000000000000 0x4111f80000000000
XMM[2]=0x0000000000000000 0x3ff0000000000000
XMM[3]=0x0000000000000000 0x00000000e0701ff0
XMM[4]=0x0000000000000000 0x000000000000011f
XMM[5]=0x0000000000000000 0x0000000000000000
XMM[6]=0x0000000000000000 0x9f1b22ef20baf888
XMM[7]=0x0000000000000000 0xe890d36cce3f33b1
XMM[8]=0x0000000000000000 0xded560a59b5b6777
XMM[9]=0x0000000000000000 0x341d9c1abb86d648
XMM[10]=0x0000000000000000 0x0000000087693a2e
XMM[11]=0x0000000000000000 0x48058cc5038c630d
XMM[12]=0x0000000000000000 0x00000000bb86d648
XMM[13]=0x0000000000000000 0x00000000d6f46f8e
XMM[14]=0x0000000000000000 0x0ec6215345f3d012
XMM[15]=0x0000000000000000 0x00000000372daebf
  MXCSR=0x00001fa0


Register to memory mapping:

RAX=0x0 is null
RBX=0x0000000363ff8c28 is pointing into the stack for thread: 0x000001a2e4c78410
RCX=0x000001a2c0eb0910 points into unknown readable memory: 0x0000000000000000 | 00 00 00 00 00 00 00 00
RDX=0x000001a2c0e9c0ea is at code_begin+682 in an Interpreter codelet
method entry point (kind = zerolocals)  [0x000001a2c0e9be40, 0x000001a2c0e9c190]  848 bytes
RSP=0x0000000363ff8b40 is pointing into the stack for thread: 0x000001a2e4c78410
RBP=0x0000000000000001 is an unknown value
RSI=0x000001a2e4c78410 is a thread
RDI=0x0 is null
R8 =0x000001a2c0e98400 points into unknown readable memory: 0x000000010000030b | 0b 03 00 00 01 00 00 00
R9 =0x000001a2b4360000 points into unknown readable memory: 0x0100050403020100 | 00 01 02 03 04 05 00 01
R10=0x000001a2c0e90000 points into unknown readable memory: 0x0000000100000006 | 06 00 00 00 01 00 00 00
R11=0x000000009c4af778 is pointing into metadata
R12=0x0 is null
R13=0x000001a2de085eb8 is pointing into metadata
R14=0x0000000363ff8da8 is pointing into the stack for thread: 0x000001a2e4c78410
R15=0x000001a2e4c78410 is a thread

Top of Stack: (sp=0x0000000363ff8b40)
0x0000000363ff8b40:   000001a2e4c78410 0000000000000001   ................
0x0000000363ff8b50:   0000000000000000 00000000ffffffff   ................
0x0000000363ff8b60:   0000000000000000 00007ff8a583c9c6   ................
0x0000000363ff8b70:   0000000363ff8c28 0000000000000000   (..c............
0x0000000363ff8b80:   000001a2de077f30 000001a2e4c78410   0...............
0x0000000363ff8b90:   000001a2e4c78410 00007ff8a581f941   ........A.......
0x0000000363ff8ba0:   000001a2c0e98408 0000000000000000   ................
0x0000000363ff8bb0:   0000010000000000 0000000363ff8d30   ........0..c....
0x0000000363ff8bc0:   0000000363ff8ce8 0000000363ff8ce8   ...c.......c....
0x0000000363ff8bd0:   000001a2c0e9c0ea 000001a2c0e98408   ................
0x0000000363ff8be0:   0000000000000000 0000010000000000   ................
0x0000000363ff8bf0:   0000000363ff8d30 0000000363ff8ce8   0..c.......c....
0x0000000363ff8c00:   000000009b2481e0 00007ff8a581f7fd   ..$.............
0x0000000363ff8c10:   000001a2de077f30 0000000000000000   0...............
0x0000000363ff8c20:   0000000363ff8d30 0000000363ff8d48   0..c....H..c....
0x0000000363ff8c30:   000001a2c0e9c0ea 000001a2c0e98408   ................
0x0000000363ff8c40:   0000000000000000 0000000000000000   ................
0x0000000363ff8c50:   0000000363ff8d90 0000000363ff8d48   ...c....H..c....
0x0000000363ff8c60:   000000009c3b9be8 00007ff8a581f7fd   ..;.............
0x0000000363ff8c70:   000001a2de085ec0 0000000000000000   .^..............
0x0000000363ff8c80:   0000000363ff8d90 000001a2e4c78410   ...c............
0x0000000363ff8c90:   00000000fcac49e8 0000000000000001   .I..............
0x0000000363ff8ca0:   00000000fcac5224 00007ff8a575f163   $R......c.u.....
0x0000000363ff8cb0:   000000009b2481e0 000001a2c0e9c13f   ..$.....?.......
0x0000000363ff8cc0:   000001a2de077f30 00000000e575bac8   0.........u.....
0x0000000363ff8cd0:   0000000363ff8d30 000001a2c0e98c4e   0..c....N.......
0x0000000363ff8ce0:   00000000fd4613d8 fffffffffffffff7   ..F.............
0x0000000363ff8cf0:   000001a2de077f21 0000000000000002   !...............
0x0000000363ff8d00:   000001a2de07dcf0 000001a2de2aa3d0   ..........*.....
0x0000000363ff8d10:   000000009c3b9be8 000001a2c0e9c13f   ..;.....?.......
0x0000000363ff8d20:   000001a2de085ec0 00000000e575bac8   .^........u.....
0x0000000363ff8d30:   0000000363ff8d90 000001a2c0e98c4e   ...c....N.......

Instructions: (pc=0x00007ff8a583c7a1)
  0x00007ff8a583c6a1:   48 8b 45 d8 49 8b 7d 28 48 89 7d 58 48 85 c0 74
  0x00007ff8a583c6b1:   5a 48 8b 5d d0 48 2b c3 48 83 f8 09 73 1e 48 2b
  0x00007ff8a583c6c1:   5d c8 48 8d 4d c8 48 8b d3 41 b8 09 00 00 00 e8
  0x00007ff8a583c6d1:   eb 56 c5 ff 84 c0 74 33 48 8b 5d d0 48 85 db 74
  0x00007ff8a583c6e1:   2a 80 7d f0 00 74 16 4c 8b c3 48 8d 4d 58 ba 01
  0x00007ff8a583c6f1:   00 00 00 e8 07 53 c5 ff 48 03 c3 eb 0a 48 0f cf
  0x00007ff8a583c701:   48 89 3b 48 8d 43 08 48 89 45 d0 0f b6 55 70 48
  0x00007ff8a583c711:   8d 4d c8 e8 27 57 c5 ff 48 85 c0 0f 9f c0 48 83
  0x00007ff8a583c721:   c4 68 41 5f 41 5e 41 5d 41 5c 5f 5e 5b 5d c3 48
  0x00007ff8a583c731:   8d 0d fd 8c 90 00 e8 cc 54 5a 00 83 3d f1 8c 90
  0x00007ff8a583c741:   00 ff 0f 85 b3 f9 ff ff e8 f2 64 b7 ff 48 8d 0d
  0x00007ff8a583c751:   df 8c 90 00 88 05 d5 8c 90 00 e8 48 54 5a 00 e9
  0x00007ff8a583c761:   97 f9 ff ff cc cc cc cc cc cc cc cc cc cc cc 48
  0x00007ff8a583c771:   89 5c 24 08 57 48 83 ec 20 33 ff 48 89 11 48 89
  0x00007ff8a583c781:   79 18 48 8b d9 40 88 79 24 48 89 51 30 4c 89 41
  0x00007ff8a583c791:   28 4c 89 49 08 49 8b c9 e8 a2 6e e1 ff 48 89 43
=>0x00007ff8a583c7a1:   10 48 85 c0 74 5a 80 78 38 01 8b cf 48 0f 44 c8
  0x00007ff8a583c7b1:   48 85 c9 74 4b 48 63 81 b0 00 00 00 48 8b 53 08
  0x00007ff8a583c7c1:   48 03 c1 48 3b d0 74 0f 48 63 81 b4 00 00 00 48
  0x00007ff8a583c7d1:   03 c1 48 3b d0 75 29 48 8b d3 e8 20 0a 2f 00 48
  0x00007ff8a583c7e1:   8b 08 48 85 c9 74 19 48 89 4b 08 48 8b c3 c7 43
  0x00007ff8a583c7f1:   20 01 00 00 00 48 8b 5c 24 30 48 83 c4 20 5f c3
  0x00007ff8a583c801:   48 8b 05 a8 e2 94 00 48 39 43 10 48 8b c3 40 0f
  0x00007ff8a583c811:   94 c7 89 7b 20 48 8b 5c 24 30 48 83 c4 20 5f c3
  0x00007ff8a583c821:   cc cc cc cc cc cc cc cc cc cc cc cc cc cc cc 48
  0x00007ff8a583c831:   89 5c 24 08 57 48 81 ec 90 00 00 00 48 8b 81 28
  0x00007ff8a583c841:   04 00 00 48 8b fa 48 8b d9 48 85 c0 74 72 48 8b
  0x00007ff8a583c851:   81 28 04 00 00 48 85 c0 74 66 48 8b 81 30 04 00
  0x00007ff8a583c861:   00 48 85 c0 74 5a 4c 8b 89 30 04 00 00 4c 8b 81
  0x00007ff8a583c871:   38 04 00 00 48 8b 91 28 04 00 00 48 8d 4c 24 58
  0x00007ff8a583c881:   e8 ea fe ff ff 0f 10 44 24 58 b0 01 0f 10 4c 24
  0x00007ff8a583c891:   68 0f 11 07 0f 10 44 24 78 0f 11 4f 10 f2 0f 10


Stack slot to memory mapping:

stack at sp + 0 slots: 0x000001a2e4c78410 is a thread
stack at sp + 1 slots: 0x0000000000000001 is an unknown value
stack at sp + 2 slots: 0x0 is null
stack at sp + 3 slots: 
[error occurred during error reporting (inspecting top of stack), id 0xc0000005, EXCEPTION_ACCESS_VIOLATION (0xc0000005) at pc=0x00007ff8a56a9160]
stack at sp + 4 slots: 0x0 is null
stack at sp + 5 slots: 0x00007ff8a583c9c6 jvm.dll
stack at sp + 6 slots: 0x0000000363ff8c28 is pointing into the stack for thread: 0x000001a2e4c78410
stack at sp + 7 slots: 0x0 is null

Lock stack of current Java thread (top to bottom):
LockStack[1]: java.util.concurrent.ConcurrentHashMap$Node 
{0x00000000e6f28d48} - klass: 'java/util/concurrent/ConcurrentHashMap$Node' - flags: 

 - ---- fields (total size 4 words):
 - final 'hash' 'I' @12  634333235 (0x25cf2833)
 - final 'key' 'Ljava/lang/Object;' @16  a 'org/gradle/api/internal/artifacts/transform/TransformWorkspaceIdentity'{0x00000000e6a0bed8} (0xe6a0bed8)
 - volatile 'val' 'Ljava/lang/Object;' @20  a 'org/gradle/internal/execution/steps/IdentityCacheStep$DefaultIdentityCacheResult'{0x00000000e3ac3528} (0xe3ac3528)
 - volatile 'next' 'Ljava/util/concurrent/ConcurrentHashMap$Node;' @24  null (0x00000000)
LockStack[0]: org.gradle.internal.Deferrable$3 
{0x00000000eb9a0ec8} - klass: 'org/gradle/internal/Deferrable$3' - flags: 

 - ---- fields (total size 3 words):
 - private volatile 'value' 'Ljava/lang/Object;' @12  null (0x00000000)
 - final synthetic 'val$result' 'Ljava/util/function/Supplier;' @16  a 'org/gradle/internal/execution/steps/IdentityCacheStep$$Lambda+0x000000009b87a488'{0x00000000eb9a0ee0} (0xeb9a0ee0)


Compiled method (c1) 156414 69571       2       java.util.Comparator$$Lambda/0x000000009c0d7c78::compare (10 bytes)
 total in heap  [0x000001a2baccfd88,0x000001a2bacd0048] = 704
 main code      [0x000001a2baccfe80,0x000001a2baccfff0] = 368
 stub code      [0x000001a2baccfff0,0x000001a2bacd0048] = 88
 mutable data [0x000001a2e3c17920,0x000001a2e3c17988] = 104
 relocation     [0x000001a2e3c17920,0x000001a2e3c17970] = 80
 metadata       [0x000001a2e3c17970,0x000001a2e3c17988] = 24
 immutable data [0x000001a2e3d96290,0x000001a2e3d96320] = 144
 dependencies   [0x000001a2e3d96290,0x000001a2e3d96298] = 8
 scopes pcs     [0x000001a2e3d96298,0x000001a2e3d962e8] = 80
 scopes data    [0x000001a2e3d962e8,0x000001a2e3d96320] = 56

[Constant Pool (empty)]

[MachCode]
[Instructions begin]
  0x000001a2baccfe80: 6666 660f | 1f84 0000 | 0000 0066 | 6666 9066 | 6690 448b | 5208 443b 

  0x000001a2baccfe98: ;   {runtime_call Shared Runtime ic_miss_blob}
  0x000001a2baccfe98: 5008 0f85 | 40ec 2006 
[Verified Entry Point]
  0x000001a2baccfea0: 8984 2400 | 80ff ff55 | 4881 ec80 | 0000 0090 | 4181 7f20 | 6100 0000 

  0x000001a2baccfeb8: ;   {runtime_call Stub::method_entry_barrier}
  0x000001a2baccfeb8: 7405 e8a1 | 911f 0648 | be00 fa54 | dda2 0100 | 008b 7e08 | 83c7 0289 | 7e08 81e7 | fe0f 0000 
  0x000001a2baccfed8: 85ff 0f84 | 9900 0000 | 4c89 4c24 | 588b 720c | 488b d648 | 8974 2460 | 0f1f 4400 | 0048 b800 
  0x000001a2baccfef8: 38a6 eca2 

  0x000001a2baccfefc: ;   {virtual_call}
  0x000001a2baccfefc: 0100 00e8 

  0x000001a2baccff00: ; ImmutableOopMap {[88]=Oop [96]=Oop }
                      ;*invokeinterface applyAsInt {reexecute=0 rethrow=0 return_oop=0}
                      ; - java.util.Comparator::lambda$comparingInt$7b0bb60$1@2
                      ; - java.util.Comparator$$Lambda/0x000000009c0d7c78::compare@6
  0x000001a2baccff00: 5c10 2e06 

  0x000001a2baccff04: ;   {post_call_nop}
  0x000001a2baccff04: 0f1f 8400 | 7c01 0000 | 4c8b 4424 | 5848 8b54 | 2460 8944 | 2468 6666 | 9048 b828 | 38a6 eca2 
  0x000001a2baccff24: ;   {virtual_call}
  0x000001a2baccff24: 0100 00e8 

  0x000001a2baccff28: ; ImmutableOopMap {}
                      ;*invokeinterface applyAsInt {reexecute=0 rethrow=0 return_oop=0}
                      ; - java.util.Comparator::lambda$comparingInt$7b0bb60$1@9
                      ; - java.util.Comparator$$Lambda/0x000000009c0d7c78::compare@6
  0x000001a2baccff28: 3410 2e06 

  0x000001a2baccff2c: ;   {post_call_nop}
  0x000001a2baccff2c: 0f1f 8400 | a401 0001 | 8b74 2468 | 3bf0 0f8d | 1800 0000 | b8ff ffff | ff48 81c4 | 8000 0000 
  0x000001a2baccff4c: ;   {poll_return}
  0x000001a2baccff4c: 5d49 3b67 | 280f 8743 | 0000 00c3 | 3bf0 b801 | 0000 0075 | 05b8 0000 | 0000 4881 | c480 0000 
  0x000001a2baccff6c: ;   {poll_return}
  0x000001a2baccff6c: 005d 493b | 6728 0f87 | 3800 0000 

  0x000001a2baccff78: ;   {metadata({method} {0x000001a2dd54da50} 'compare' '(Ljava/lang/Object;Ljava/lang/Object;)I' in 'java/util/Comparator$$Lambda+0x000000009c0d7c78')}
  0x000001a2baccff78: c349 ba48 | da54 dda2 | 0100 004c | 8954 2408 | 48c7 0424 | ffff ffff 

  0x000001a2baccff90: ;   {runtime_call C1 Runtime counter_overflow_blob}
  0x000001a2baccff90: e84b 702d 

  0x000001a2baccff94: ; ImmutableOopMap {rdx=Oop r8=Oop r9=Oop }
                      ;*synchronization entry
                      ; - java.util.Comparator$$Lambda/0x000000009c0d7c78::compare@-1
  0x000001a2baccff94: 06e9 46ff 

  0x000001a2baccff98: ;   {internal_word}
  0x000001a2baccff98: ffff 49ba | 4dff ccba | a201 0000 | 4d89 97e0 

  0x000001a2baccffa8: ;   {runtime_call SafepointBlob}
  0x000001a2baccffa8: 0400 00e9 | b00f 2106 

  0x000001a2baccffb0: ;   {internal_word}
  0x000001a2baccffb0: 49ba 6eff | ccba a201 | 0000 4d89 | 97e0 0400 

  0x000001a2baccffc0: ;   {runtime_call SafepointBlob}
  0x000001a2baccffc0: 00e9 9a0f | 2106 498b | 8788 0500 | 0049 c787 | 8805 0000 | 0000 0000 | 49c7 8790 | 0500 0000 
  0x000001a2baccffe0: 0000 0048 | 81c4 8000 

  0x000001a2baccffe8: ;   {runtime_call C1 Runtime unwind_exception_blob}
  0x000001a2baccffe8: 0000 5de9 | f00c 2d06 
[Stub Code]
  0x000001a2baccfff0: ;   {other}
  0x000001a2baccfff0: 0f1f 4400 

  0x000001a2baccfff4: ;   {static_stub}
  0x000001a2baccfff4: 0048 bb00 | 0000 0000 

  0x000001a2baccfffc: ;   {runtime_call nmethod}
  0x000001a2baccfffc: 0000 00e9 | fbff ffff 

  0x000001a2bacd0004: ;   {static_stub}
  0x000001a2bacd0004: 9048 bb00 | 0000 0000 

  0x000001a2bacd000c: ;   {runtime_call nmethod}
  0x000001a2bacd000c: 0000 00e9 | fbff ffff 
[Exception Handler]
  0x000001a2bacd0014: ;   {runtime_call C1 Runtime handle_exception_from_callee_blob}
  0x000001a2bacd0014: e8c7 392d 

  0x000001a2bacd0018: ;   {external_word}
  0x000001a2bacd0018: 0648 b9b8 | a1ea a5f8 | 7f00 0048 

  0x000001a2bacd0024: ;   {runtime_call}
  0x000001a2bacd0024: 83e4 f048 | b800 dca9 | a5f8 7f00 | 00ff d0f4 
[Deopt Handler Code]
  0x000001a2bacd0034: ;   {section_word}
  0x000001a2bacd0034: 49ba 3400 | cdba a201 | 0000 4152 

  0x000001a2bacd0040: ;   {runtime_call DeoptimizationBlob}
  0x000001a2bacd0040: e91b 1221 | 06f4 f4f4 
[/MachCode]


Compiled method (c2) 156416 13098       4       java.util.TimSort::binarySort (223 bytes)
 total in heap  [0x000001a2c1b8d688,0x000001a2c1b8e528] = 3744
 main code      [0x000001a2c1b8d780,0x000001a2c1b8e510] = 3472
 stub code      [0x000001a2c1b8e510,0x000001a2c1b8e528] = 24
 mutable data [0x000001a2df32afe0,0x000001a2df32b058] = 120
 relocation     [0x000001a2df32afe0,0x000001a2df32b050] = 112
 metadata       [0x000001a2df32b050,0x000001a2df32b058] = 8
 immutable data [0x000001a2d998c270,0x000001a2d998c610] = 928
 dependencies   [0x000001a2d998c270,0x000001a2d998c278] = 8
 nul chk table  [0x000001a2d998c278,0x000001a2d998c2a0] = 40
 handler table  [0x000001a2d998c2a0,0x000001a2d998c2b8] = 24
 scopes pcs     [0x000001a2d998c2b8,0x000001a2d998c3c8] = 272
 scopes data    [0x000001a2d998c3c8,0x000001a2d998c610] = 584

[Constant Pool (empty)]

[MachCode]
[Verified Entry Point]
  # {method} {0x000001a2cf9860f0} 'binarySort' '([Ljava/lang/Object;IIILjava/util/Comparator;)V' in 'java/util/TimSort'
  # parm0:    rdx:rdx   = '[Ljava/lang/Object;'
  # parm1:    r8        = int
  # parm2:    r9        = int
  # parm3:    rdi       = int
  # parm4:    rsi:rsi   = 'java/util/Comparator'
  #           [sp+0x80]  (sp of caller)
  0x000001a2c1b8d780: 8984 2400 | 80ff ff55 | 4883 ec70 | 4181 7f20 | 6100 0000 | 0f85 670d | 0000 4889 | 7424 4844 
  0x000001a2c1b8d7a0: 894c 2430 | 488b ca44 | 8944 2438 | 413b f80f | 84eb 0600 | 0041 3bf9 | 0f8c dd02 | 0000 c5f8 
  0x000001a2c1b8d7c0: 7748 83c4 

  0x000001a2c1b8d7c4: ;   {poll_return}
  0x000001a2c1b8d7c4: 705d 493b | 6728 0f87 | 1b0d 0000 | c389 6c24 | 208b 6c24 | 544d 8b57 

  0x000001a2c1b8d7dc: ; ImmutableOopMap {[40]=Oop [64]=Oop [72]=Oop [80]=NarrowOop [88]=Oop }
                      ;*goto {reexecute=1 rethrow=0 return_oop=0}
                      ; - (reexecute) java.util.TimSort::binarySort@114
                      ;   {poll}
  0x000001a2c1b8d7dc: 3041 8502 | 3b6c 2420 | 0f8c 8a02 | 0000 4c8b | 4424 2889 | 6c24 5445 | 8b58 088b | 5c24 342b 
  0x000001a2c1b8d7fc: 5c24 5444 | 8b54 2434 | 41ff c244 | 8954 2420 | 4c63 5424 | 544f 8d14 | 904d 8bca | 4983 c114 
  0x000001a2c1b8d81c: 4c89 4424 | 5844 8b44 | 2454 41ff | c0c4 c179 | 6ec0 458b | c34d 8b98 | 1801 0000 | 458b 7314 
  0x000001a2c1b8d83c: 4c89 5c24 | 284d 63ee | 83fb 010f | 840f 0100 | 0044 8d5b | ff41 83fb | 0272 7d44 | 8b54 2454 
  0x000001a2c1b8d85c: 4585 d20f | 8c5f 0600 | 00c5 f97e | c185 c90f | 8c5c 0600 | 008b 7c24 | 243b 7c24 | 340f 8253 
  0x000001a2c1b8d87c: 0600 003b | 7c24 200f | 82b3 0600 | 0044 8bc3 | 85db 0f8c | 4106 0000 | 8b5c 2434 | 3b5c 2454 
  0x000001a2c1b8d89c: 0f84 4b01 | 0000 4c8b | 5c24 584b | 8d4c 9310 | 4d63 c049 | 8bd1 c5f8 

  0x000001a2c1b8d8b4: ;   {runtime_call Stub::oop_arraycopy}
  0x000001a2c1b8d8b4: 7749 ba20 | 7aec c0a2 | 0100 0041 

  0x000001a2c1b8d8c0: ;   {post_call_nop}
  0x000001a2c1b8d8c0: ffd2 0f1f | 8400 0000 | 0000 448b | 5424 54e9 | 1901 0000 | 448b 5c24 | 5441 83c3 | 0241 8bcb 
  0x000001a2c1b8d8e0: c4c1 797e | c344 3b5c | 2424 0f83 | ec06 0000 | 418b 2944 | 8bd9 443b | 5c24 240f | 8333 0700 
  0x000001a2c1b8d900: 0044 8b45 | 0841 8bf0 | 4e8b 1c2e | 4c8b 4424 | 284d 3bc3 | 0f85 1604 | 0000 4d8d | 4218 4180 
  0x000001a2c1b8d920: 7f48 000f | 852b 0800 | 0041 8928 | 8bcd 4d8b | d84c 33d9 | 49c1 eb14 | 0f84 1e00 | 0000 4d8b 
  0x000001a2c1b8d940: d849 c1eb | 0948 b900 | 008b c9a2 | 0100 004c | 03d9 4180 | 3b02 0f85 | 6508 0000 | 448b 4424 
  0x000001a2c1b8d960: 5444 3b44 | 2424 0f83 | d505 0000 | 488b 4c24 | 5842 8b6c | 8110 c4c1 | 797e c244 | 3b54 2424 
  0x000001a2c1b8d980: 0f83 0e06 | 0000 448b | 5d08 418b | f34e 8b14 | 2e4c 8b5c | 2428 4d3b | da0f 85b7 | 0200 004d 
  0x000001a2c1b8d9a0: 8d19 4180 | 7f48 000f | 8581 0800 | 0041 892b | 8bcd 4d8b | d34c 33d1 | 49c1 ea14 | 0f84 1e00 
  0x000001a2c1b8d9c0: ;   {other}
  0x000001a2c1b8d9c0: 0000 4d8b | d349 c1ea | 0948 b900 | 008b c9a2 | 0100 004c | 03d1 4180 | 3a02 0f85 | a508 0000 
  0x000001a2c1b8d9e0: 8b5c 2434 | 8b7c 2424 | 448b 5424 | 5444 3bd7 | 0f83 7204 | 0000 448b | 4c24 5045 | 8b59 0841 
  0x000001a2c1b8da00: 8bf3 4e8b | 1c2e 4c8b | 4424 284d | 3bc3 0f85 | 7301 0000 | 488b 4c24 | 584a 8d5c | 9110 4180 
  0x000001a2c1b8da20: 7f48 000f | 85b3 0800 | 0044 890b | 458b c14c | 8bdb 4d33 | d849 c1eb | 140f 841e | 0000 004c 
  0x000001a2c1b8da40: 8bdb 49c1 | eb09 49b8 | 0000 8bc9 | a201 0000 | 4d03 d841 | 803b 020f | 85e3 0800 | 0044 8b5c 
  0x000001a2c1b8da60: 2420 443b | 5c24 300f | 8d51 fdff | ff48 8b7c | 2440 eb35 | 448b 5c24 | 384c 8b44 | 2428 488b 
  0x000001a2c1b8da80: 7c24 408b | 5c24 348b | 4c24 2444 | 8b4c 2450 | 4c8b 5424 | 5889 6c24 | 54eb 7d89 

  0x000001a2c1b8da9c: ;   {oop(a 'java/lang/ArrayStoreException'{0x00000000e0701ff0})}
  0x000001a2c1b8da9c: 7c24 2048 | bff0 1f70 | e000 0000 | 004c 8bc1 

  0x000001a2c1b8daac: ; implicit exception: dispatches to 0x000001a2c1b8e088
  0x000001a2c1b8daac: 8b49 0c8b | 5c24 203b | d90f 8379 | 0300 0045 | 8b4c 9810 | 448b 5c24 | 3844 3b5c | 2420 7c37 
  0x000001a2c1b8dacc: 4889 4424 | f88b 4424 | 3889 4424 | 5448 8b44 | 24f8 4889 | 7c24 4048 | 8944 24f8 | 8b44 2420 
  0x000001a2c1b8daec: 8944 2434 | 488b 4424 | f889 4c24 | 2444 894c | 2450 e9f0 | fcff ff4d | 8bd1 4889 | 4424 f88b 
  0x000001a2c1b8db0c: 4424 3889 | 4424 5448 | 8b44 24f8 | 8b6c 2454 | 036c 2420 | d1ed 3be9 | 0f83 d802 | 0000 4c89 
  0x000001a2c1b8db2c: 5424 5844 | 894c 2450 | 894c 2424 | 895c 2434 | 4889 7c24 | 4044 895c | 2438 458b | 5ca8 104c 
  0x000001a2c1b8db4c: 8944 2428 | 4d8b cb48 | 8b54 2448 | 4d8b c266 | 6690 c5f8 | 7748 b850 | 5494 d9a2 

  0x000001a2c1b8db68: ;   {virtual_call}
  0x000001a2c1b8db68: 0100 00e8 

  0x000001a2c1b8db6c: ; ImmutableOopMap {[40]=Oop [64]=Oop [72]=Oop [80]=NarrowOop [88]=Oop }
                      ;*invokeinterface compare {reexecute=0 rethrow=0 return_oop=0}
                      ; - java.util.TimSort::binarySort@93
  0x000001a2c1b8db6c: f033 42ff 

  0x000001a2c1b8db70: ;   {post_call_nop}
  0x000001a2c1b8db70: 0f1f 8400 | e804 0001 | 85c0 0f8c | 51fc ffff | ffc5 e952 | fcff ff41 | 83fe 200f | 85a6 0000 
  0x000001a2c1b8db90: 0049 3bf0 | 0f84 7afe | ffff 498b | c048 8b9e | a800 0000 | 488b d38a | 88b0 0000 | 0083 f13f 
  0x000001a2c1b8dbb0: 48d3 e248 | 85d2 0f89 | 6600 0000 | f348 0fb8 | d24c 8b5e | 2849 3b04 | d374 608a | 88b0 0000 
  0x000001a2c1b8dbd0: 0048 d3cb | 480f bae3 | 0173 4741 | 8b3b 4983 | c308 83ff | 3e0f 8f24 | 0000 0033 | c93b d70f 
  0x000001a2c1b8dbf0: 4dd1 493b | 04d3 0f84 | 2f00 0000 | 480f bae3 | 020f 831b | 0000 0048 | d1cb 83c2 | 01eb de33 
  0x000001a2c1b8dc10: d249 3b04 | d30f 8410 | 0000 0083 | c201 3bd7 | 7cef 48c7 | c701 0000 | 00eb 0348 | 33ff 4885 
  0x000001a2c1b8dc30: ff0f 84dd | fdff ff48 | 8b54 2440 | 4833 c94c | 8d5a 1441 | 807f 4800 | 0f85 5307 | 0000 4189 
  0x000001a2c1b8dc50: 0be9 cd00 | 0000 4183 | fe20 0f85 | a900 0000 | 4d8b d349 | 3bf3 0f84 | 33fd ffff 

  0x000001a2c1b8dc6c: ;   {other}
  0x000001a2c1b8dc6c: 498b c248 | 8b9e a800 | 0000 488b | d38a 88b0 | 0000 0083 | f13f 48d3 | e248 85d2 | 0f89 6600 
  0x000001a2c1b8dc8c: 0000 f348 | 0fb8 d24c | 8b5e 2849 | 3b04 d374 | 608a 88b0 | 0000 0048 | d3cb 480f | bae3 0173 
  0x000001a2c1b8dcac: 4741 8b3b | 4983 c308 | 83ff 3e0f | 8f24 0000 | 0033 c93b | d70f 4dd1 | 493b 04d3 | 0f84 2f00 
  0x000001a2c1b8dccc: 0000 480f | bae3 020f | 831b 0000 | 0048 d1cb | 83c2 01eb | de33 d249 | 3b04 d30f | 8410 0000 
  0x000001a2c1b8dcec: 0083 c201 | 3bd7 7cef | 48c7 c701 | 0000 00eb | 0348 33ff | 4885 ff0f | 8496 fcff | ff48 8b54 
  0x000001a2c1b8dd0c: 2440 4833 | c94c 8d5a | 1441 807f | 4800 0f85 | ef06 0000 | 4189 0bc5 | f877 4883 

  0x000001a2c1b8dd28: ;   {runtime_call C2 Runtime rethrow}
  0x000001a2c1b8dd28: c470 5de9 | 30d3 41ff | 4183 fe20 | 0f85 a900 | 0000 4d8b | d849 3bf3 | 0f84 d4fb | ffff 498b 
  0x000001a2c1b8dd48: c048 8b9e | a800 0000 | 488b d38a | 88b0 0000 | 0083 f13f | 48d3 e248 | 85d2 0f89 | 6600 0000 
  0x000001a2c1b8dd68: f348 0fb8 | d24c 8b5e | 2849 3b04 | d374 608a | 88b0 0000 | 0048 d3cb | 480f bae3 | 0173 4741 
  0x000001a2c1b8dd88: 8b3b 4983 | c308 83ff | 3e0f 8f24 | 0000 0033 | c93b d70f | 4dd1 493b | 04d3 0f84 | 2f00 0000 
  0x000001a2c1b8dda8: 480f bae3 | 020f 831b | 0000 0048 | d1cb 83c2 | 01eb de33 | d249 3b04 | d30f 8410 | 0000 0083 
  0x000001a2c1b8ddc8: c201 3bd7 | 7cef 48c7 | c701 0000 | 00eb 0348 | 33ff 4885 | ff0f 8437 | fbff ff48 | 8b54 2440 
  0x000001a2c1b8dde8: 4833 c94c | 8d5a 1441 | 807f 4800 | 0f85 8306 | 0000 4189 | 0be9 21ff | ffff bae4 | ffff ff44 
  0x000001a2c1b8de08: 895c 2424 | 895c 2434 | 448b 5c24 | 5444 895c | 2444 4489 | 4c24 504c | 8944 2458 

  0x000001a2c1b8de24: ;   {runtime_call UncommonTrapBlob}
  0x000001a2c1b8de24: c5f8 77e8 

  0x000001a2c1b8de28: ; ImmutableOopMap {[72]=Oop [80]=NarrowOop [88]=Oop }
                      ;*aaload {reexecute=0 rethrow=0 return_oop=0}
                      ; - java.util.TimSort::binarySort@92
  0x000001a2c1b8de28: b4a6 41ff 

  0x000001a2c1b8de2c: ;   {post_call_nop}
  0x000001a2c1b8de2c: 0f1f 8400 | a407 0002 | bae4 ffff | ff44 8b54 | 2438 4489 | 5424 2044 | 8b5c 2430 | 4489 5c24 
  0x000001a2c1b8de4c: 244c 8944 | 2438 895c | 242c 6690 

  0x000001a2c1b8de58: ;   {runtime_call UncommonTrapBlob}
  0x000001a2c1b8de58: c5f8 77e8 

  0x000001a2c1b8de5c: ; ImmutableOopMap {[56]=Oop [72]=Oop }
                      ;*aaload {reexecute=0 rethrow=0 return_oop=0}
                      ; - java.util.TimSort::binarySort@39
  0x000001a2c1b8de5c: 80a6 41ff 

  0x000001a2c1b8de60: ;   {post_call_nop}
  0x000001a2c1b8de60: 0f1f 8400 | d807 0003 | bae4 ffff | ff48 8b6c | 2458 448b | 5c24 3844 | 895c 2420 | 448b 4424 
  0x000001a2c1b8de80: 3044 8944 | 2424 895c | 2428 4489 | 5424 2c90 

  0x000001a2c1b8de90: ;   {runtime_call UncommonTrapBlob}
  0x000001a2c1b8de90: c5f8 77e8 

  0x000001a2c1b8de94: ; ImmutableOopMap {rbp=Oop [72]=Oop [80]=NarrowOop }
                      ;*aastore {reexecute=1 rethrow=0 return_oop=0}
                      ; - (reexecute) java.util.TimSort::binarySort@215
  0x000001a2c1b8de94: 48a6 41ff 

  0x000001a2c1b8de98: ;   {post_call_nop}
  0x000001a2c1b8de98: 0f1f 8400 | 1008 0004 | ba45 ffff | ff48 8be9 | 4489 4c24 | 2489 7c24 | 2c66 6690 

  0x000001a2c1b8deb4: ;   {runtime_call UncommonTrapBlob}
  0x000001a2c1b8deb4: c5f8 77e8 

  0x000001a2c1b8deb8: ; ImmutableOopMap {rbp=Oop [72]=Oop }
                      ;*if_icmpne {reexecute=1 rethrow=0 return_oop=0}
                      ; - (reexecute) java.util.TimSort::binarySort@26
  0x000001a2c1b8deb8: 24a6 41ff 

  0x000001a2c1b8debc: ;   {post_call_nop}
  0x000001a2c1b8debc: 0f1f 8400 | 3408 0005 | 448b c3c5 | f97e c1eb | 0844 8bc3 | eb03 448b | c3ba ccff | ffff 488b 
  0x000001a2c1b8dedc: 6c24 5844 | 8b5c 2438 | 4489 5c24 | 2044 8b4c | 2430 4489 | 4c24 2444 | 8b5c 2434 | 4489 5c24 
  0x000001a2c1b8defc: 284c 8b5c | 2448 4c89 | 5c24 3044 | 8b5c 2450 | 4489 5c24 | 2c48 8944 | 24f8 8b44 | 2454 8944 
  0x000001a2c1b8df1c: 243c 488b | 4424 f889 | 4c24 5044 | 8944 2454 

  0x000001a2c1b8df2c: ;   {runtime_call UncommonTrapBlob}
  0x000001a2c1b8df2c: c5f8 77e8 

  0x000001a2c1b8df30: ; ImmutableOopMap {rbp=Oop [44]=NarrowOop [48]=Oop }
                      ;*invokestatic arraycopy {reexecute=0 rethrow=0 return_oop=0}
                      ; - java.util.TimSort::binarySort@207
  0x000001a2c1b8df30: aca5 41ff 

  0x000001a2c1b8df34: ;   {post_call_nop}
  0x000001a2c1b8df34: 0f1f 8400 | ac08 0006 | 448b c3eb | 94ba e4ff | ffff 488b | 6c24 5844 | 8b54 2438 | 4489 5424 
  0x000001a2c1b8df54: 2044 8b5c | 2430 4489 | 5c24 2444 | 8b54 2434 | 4489 5424 | 284c 8b54 | 2448 4c89 | 5424 3044 
  0x000001a2c1b8df74: 8b5c 2450 | 4489 5c24 | 2cc5 fa11 | 4424 5090 

  0x000001a2c1b8df84: ;   {runtime_call UncommonTrapBlob}
  0x000001a2c1b8df84: c5f8 77e8 

  0x000001a2c1b8df88: ; ImmutableOopMap {rbp=Oop [44]=NarrowOop [48]=Oop }
                      ;*aaload {reexecute=0 rethrow=0 return_oop=0}
                      ; - java.util.TimSort::binarySort@192
  0x000001a2c1b8df88: 54a5 41ff 

  0x000001a2c1b8df8c: ;   {post_call_nop}
  0x000001a2c1b8df8c: 0f1f 8400 | 0409 0007 | bae4 ffff | ff44 8b4c | 2438 4489 | 4c24 2844 | 8b5c 2430 | 4489 5c24 
  0x000001a2c1b8dfac: 2c44 8b4c | 2434 4489 | 4c24 304c | 8b5c 2448 | 4c89 5c24 | 3848 894c | 2448 4489 | 5424 4490 
  0x000001a2c1b8dfcc: ;   {runtime_call UncommonTrapBlob}
  0x000001a2c1b8dfcc: c5f8 77e8 

  0x000001a2c1b8dfd0: ; ImmutableOopMap {rbp=NarrowOop [56]=Oop [72]=Oop [80]=NarrowOop [88]=Oop }
                      ;*aastore {reexecute=1 rethrow=0 return_oop=0}
                      ; - (reexecute) java.util.TimSort::binarySort@193
  0x000001a2c1b8dfd0: 0ca5 41ff 

  0x000001a2c1b8dfd4: ;   {post_call_nop}
  0x000001a2c1b8dfd4: 0f1f 8400 | 4c09 0008 | bae4 ffff | ff48 8b6c | 2458 448b | 5c24 3844 | 895c 2420 | 448b 5424 
  0x000001a2c1b8dff4: 3044 8954 | 2424 448b | 5c24 3444 | 895c 2428 | 4c8b 5424 | 484c 8954 | 2430 448b | 5c24 5044 
  0x000001a2c1b8e014: 895c 242c | 894c 243c | c5fa 1144 | 2450 6690 

  0x000001a2c1b8e024: ;   {runtime_call UncommonTrapBlob}
  0x000001a2c1b8e024: c5f8 77e8 

  0x000001a2c1b8e028: ; ImmutableOopMap {rbp=Oop [44]=NarrowOop [48]=Oop }
                      ;*aaload {reexecute=0 rethrow=0 return_oop=0}
                      ; - java.util.TimSort::binarySort@182
  0x000001a2c1b8e028: b4a4 41ff 

  0x000001a2c1b8e02c: ;   {post_call_nop}
  0x000001a2c1b8e02c: 0f1f 8400 | a409 0009 | bae4 ffff | ff4c 8b54 | 2458 4c89 | 5424 2044 | 8b54 2438 | 4489 5424 
  0x000001a2c1b8e04c: 2844 8b5c | 2430 4489 | 5c24 2c44 | 8b54 2434 | 4489 5424 | 304c 8b54 | 2448 4c89 | 5424 3889 
  0x000001a2c1b8e06c: 4c24 4490 

  0x000001a2c1b8e070: ;   {runtime_call UncommonTrapBlob}
  0x000001a2c1b8e070: c5f8 77e8 

  0x000001a2c1b8e074: ; ImmutableOopMap {rbp=NarrowOop [32]=Oop [56]=Oop [80]=NarrowOop }
                      ;*aastore {reexecute=1 rethrow=0 return_oop=0}
                      ; - (reexecute) java.util.TimSort::binarySort@183
  0x000001a2c1b8e074: 68a4 41ff 

  0x000001a2c1b8e078: ;   {post_call_nop}
  0x000001a2c1b8e078: 0f1f 8400 | f009 000a | 488b d0e9 | 9bfc ffff | baf6 ffff | ff66 6690 

  0x000001a2c1b8e090: ;   {runtime_call UncommonTrapBlob}
  0x000001a2c1b8e090: c5f8 77e8 

  0x000001a2c1b8e094: ; ImmutableOopMap {}
                      ;*aaload {reexecute=0 rethrow=0 return_oop=0}
                      ; - java.util.TimSort::binarySort@39
  0x000001a2c1b8e094: 48a4 41ff 

  0x000001a2c1b8e098: ;   {post_call_nop}
  0x000001a2c1b8e098: 0f1f 8400 | 100a 000b | baf4 ffff | ff48 8b6c | 2458 448b | 5c24 3844 | 895c 2420 | 448b 4424 
  0x000001a2c1b8e0b8: 3044 8944 | 2424 895c | 2428 4489 | 5424 2c90 

  0x000001a2c1b8e0c8: ;   {runtime_call UncommonTrapBlob}
  0x000001a2c1b8e0c8: c5f8 77e8 

  0x000001a2c1b8e0cc: ; ImmutableOopMap {rbp=Oop [72]=Oop }
                      ;*aastore {reexecute=1 rethrow=0 return_oop=0}
                      ; - (reexecute) java.util.TimSort::binarySort@215
  0x000001a2c1b8e0cc: 10a4 41ff 

  0x000001a2c1b8e0d0: ;   {post_call_nop}
  0x000001a2c1b8e0d0: 0f1f 8400 | 480a 000c | baf4 ffff | ff44 8b4c | 2438 4489 | 4c24 2044 | 8b5c 2430 | 4489 5c24 
  0x000001a2c1b8e0f0: 2444 8b4c | 2434 4489 | 4c24 2848 | 894c 2440 | 4489 5424 | 3c66 6690 

  0x000001a2c1b8e108: ;   {runtime_call UncommonTrapBlob}
  0x000001a2c1b8e108: c5f8 77e8 

  0x000001a2c1b8e10c: ; ImmutableOopMap {[64]=Oop [72]=Oop [80]=NarrowOop [88]=Oop }
                      ;*aastore {reexecute=1 rethrow=0 return_oop=0}
                      ; - (reexecute) java.util.TimSort::binarySort@193
  0x000001a2c1b8e10c: d0a3 41ff 

  0x000001a2c1b8e110: ;   {post_call_nop}
  0x000001a2c1b8e110: 0f1f 8400 | 880a 000d | baf4 ffff | ff48 8b6c | 2458 448b | 5c24 3844 | 895c 2420 | 448b 5424 
  0x000001a2c1b8e130: 3044 8954 | 2424 448b | 5c24 3444 | 895c 2428 | 894c 243c 

  0x000001a2c1b8e144: ;   {runtime_call UncommonTrapBlob}
  0x000001a2c1b8e144: c5f8 77e8 

  0x000001a2c1b8e148: ; ImmutableOopMap {rbp=Oop [72]=Oop [80]=NarrowOop }
                      ;*aastore {reexecute=1 rethrow=0 return_oop=0}
                      ; - (reexecute) java.util.TimSort::binarySort@183
  0x000001a2c1b8e148: 94a3 41ff 

  0x000001a2c1b8e14c: ;   {post_call_nop}
  0x000001a2c1b8e14c: 0f1f 8400 | c40a 000e | 418b 0848 | 83f9 000f | 84c8 f7ff | ff4d 8b5f | 384d 85db | 0f84 1400 
  0x000001a2c1b8e16c: 0000 4983 | eb08 4d89 | 5f38 4d03 | 5f40 4989 | 0be9 a7f7 | ffff 4883 | ec40 c5f9 | d644 2438 
  0x000001a2c1b8e18c: 4c89 4424 | 304c 894c | 2428 498b 

  0x000001a2c1b8e198: ;   {runtime_call}
  0x000001a2c1b8e198: d748 b8d0 | f175 a5f8 | 7f00 00ff | d04c 8b4c | 2428 4c8b | 4424 30c5 | f877 c5fa | 7e44 2438 
  0x000001a2c1b8e1b8: 4883 c440 | e968 f7ff | fff0 8344 | 24c0 0041 | 803b 000f | 848b f7ff | ff41 c603 | 0049 8b4f 
  0x000001a2c1b8e1d8: 5048 85c9 | 0f84 1400 | 0000 4883 | e908 4989 | 4f50 4903 | 4f58 4c89 | 19e9 66f7 | ffff 4883 
  0x000001a2c1b8e1f8: ec30 c5f9 | d644 2428 | 4c89 4c24 | 2049 8bcb 

  0x000001a2c1b8e208: ;   {runtime_call}
  0x000001a2c1b8e208: 498b d748 | b8b0 f175 | a5f8 7f00 | 00ff d04c | 8b4c 2420 | c5f8 77c5 | fa7e 4424 | 2848 83c4 
  0x000001a2c1b8e228: 30e9 2ef7 | ffff 418b | 0b48 83f9 | 000f 8472 | f7ff ff4d | 8b57 384d | 85d2 0f84 | 1400 0000 
  0x000001a2c1b8e248: 4983 ea08 | 4d89 5738 | 4d03 5740 | 4989 0ae9 | 51f7 ffff | 4883 ec30 | 4c89 5c24 | 2849 8bd7 
  0x000001a2c1b8e268: ;   {runtime_call}
  0x000001a2c1b8e268: 48b8 d0f1 | 75a5 f87f | 0000 ffd0 | 4c8b 5c24 | 28c5 f877 | 4883 c430 | e928 f7ff | fff0 8344 
  0x000001a2c1b8e288: 24c0 0041 | 803a 000f | 844b f7ff | ff41 c602 | 0049 8b4f | 5048 85c9 | 0f84 1400 | 0000 4883 
  0x000001a2c1b8e2a8: e908 4989 | 4f50 4903 | 4f58 4c89 | 11e9 26f7 | ffff 4883 | ec20 498b | ca49 8bd7 

  0x000001a2c1b8e2c4: ;   {runtime_call}
  0x000001a2c1b8e2c4: 48b8 b0f1 | 75a5 f87f | 0000 ffd0 | c5f8 7748 | 83c4 20e9 | 04f7 ffff | 448b 0349 | 83f8 000f 
  0x000001a2c1b8e2e4: 8440 f7ff | ff4d 8b5f | 384d 85db | 0f84 1400 | 0000 4983 | eb08 4d89 | 5f38 4d03 | 5f40 4d89 
  0x000001a2c1b8e304: 03e9 1ff7 | ffff 4883 | ec30 4c89 | 4c24 2848 | 894c 2420 | 498b c849 

  0x000001a2c1b8e31c: ;   {runtime_call}
  0x000001a2c1b8e31c: 8bd7 48b8 | d0f1 75a5 | f87f 0000 | ffd0 488b | 4c24 204c | 8b4c 2428 | c5f8 7748 | 83c4 30e9 
  0x000001a2c1b8e33c: e9f6 ffff | f083 4424 | c000 4180 | 3b00 0f84 | 0df7 ffff | 41c6 0300 | 4d8b 4750 | 4d85 c00f 
  0x000001a2c1b8e35c: 8414 0000 | 0049 83e8 | 084d 8947 | 504d 0347 | 584d 8918 | e9e8 f6ff | ff48 83ec | 3048 894c 
  0x000001a2c1b8e37c: 2428 498b | cb49 8bd7 

  0x000001a2c1b8e384: ;   {runtime_call}
  0x000001a2c1b8e384: 48b8 b0f1 | 75a5 f87f | 0000 ffd0 | 488b 4c24 | 28c5 f877 | 4883 c430 | e9bc f6ff | ff45 8b03 
  0x000001a2c1b8e3a4: 4983 f800 | 0f84 a0f8 | ffff 4d8b | 5738 4d85 | d20f 8414 | 0000 0049 | 83ea 084d | 8957 384d 
  0x000001a2c1b8e3c4: 0357 404d | 8902 e97f | f8ff ff48 | 83ec 404c | 895c 2438 | 4889 4c24 | 3048 8954 | 2428 498b 
  0x000001a2c1b8e3e4: c849 8bd7 

  0x000001a2c1b8e3e8: ;   {runtime_call}
  0x000001a2c1b8e3e8: 48b8 d0f1 | 75a5 f87f | 0000 ffd0 | 488b 5424 | 2848 8b4c | 2430 4c8b | 5c24 38c5 | f877 4883 
  0x000001a2c1b8e408: c440 e93f | f8ff ff45 | 8b03 4983 | f800 0f84 | 04f9 ffff | 4d8b 5738 | 4d85 d20f | 8414 0000 
  0x000001a2c1b8e428: 0049 83ea | 084d 8957 | 384d 0357 | 404d 8902 | e9e3 f8ff | ff48 83ec | 404c 895c | 2438 4889 
  0x000001a2c1b8e448: 4c24 3048 | 8954 2428 | 498b c849 

  0x000001a2c1b8e454: ;   {runtime_call}
  0x000001a2c1b8e454: 8bd7 48b8 | d0f1 75a5 | f87f 0000 | ffd0 488b | 5424 2848 | 8b4c 2430 | 4c8b 5c24 | 38c5 f877 
  0x000001a2c1b8e474: 4883 c440 | e9a3 f8ff | ff45 8b03 | 4983 f800 | 0f84 70f9 | ffff 4d8b | 5738 4d85 | d20f 8414 
  0x000001a2c1b8e494: 0000 0049 | 83ea 084d | 8957 384d | 0357 404d | 8902 e94f | f9ff ff48 | 83ec 404c | 895c 2438 
  0x000001a2c1b8e4b4: 4889 4c24 | 3048 8954 | 2428 498b | c849 8bd7 

  0x000001a2c1b8e4c4: ;   {runtime_call}
  0x000001a2c1b8e4c4: 48b8 d0f1 | 75a5 f87f | 0000 ffd0 | 488b 5424 | 2848 8b4c | 2430 4c8b | 5c24 38c5 | f877 4883 
  0x000001a2c1b8e4e4: c440 e90f 

  0x000001a2c1b8e4e8: ;   {internal_word}
  0x000001a2c1b8e4e8: f9ff ff49 | bac6 d7b8 | c1a2 0100 | 004d 8997 | e004 0000 

  0x000001a2c1b8e4fc: ;   {runtime_call SafepointBlob}
  0x000001a2c1b8e4fc: e95f 2a35 

  0x000001a2c1b8e500: ;   {runtime_call Stub::method_entry_barrier}
  0x000001a2c1b8e500: ffe8 5aab | 33ff e98f | f2ff fff4 | f4f4 f4f4 
[Exception Handler]
  0x000001a2c1b8e510: ;   {runtime_call ExceptionBlob}
  0x000001a2c1b8e510: e9cb a241 | ffe8 0000 | 0000 4883 

  0x000001a2c1b8e51c: ;   {runtime_call DeoptimizationBlob}
  0x000001a2c1b8e51c: 2c24 05e9 | 3c2d 35ff | f4f4 f4f4 
[/MachCode]


Compiled method (c2) 156427 13449       4       java.util.TimSort::sort (229 bytes)
 total in heap  [0x000001a2c1bc0d88,0x000001a2c1bc23e0] = 5720
 main code      [0x000001a2c1bc0e80,0x000001a2c1bc2380] = 5376
 stub code      [0x000001a2c1bc2380,0x000001a2c1bc23e0] = 96
 mutable data [0x000001a2df3c3590,0x000001a2df3c36e0] = 336
 relocation     [0x000001a2df3c3590,0x000001a2df3c3690] = 256
 metadata       [0x000001a2df3c3690,0x000001a2df3c36e0] = 80
 immutable data [0x000001a2df1a2a00,0x000001a2df1a3388] = 2440
 dependencies   [0x000001a2df1a2a00,0x000001a2df1a2a18] = 24
 nul chk table  [0x000001a2df1a2a18,0x000001a2df1a2a60] = 72
 handler table  [0x000001a2df1a2a60,0x000001a2df1a2b98] = 312
 scopes pcs     [0x000001a2df1a2b98,0x000001a2df1a2dc8] = 560
 scopes data    [0x000001a2df1a2dc8,0x000001a2df1a3388] = 1472

[Constant Pool (empty)]

[MachCode]
[Verified Entry Point]
  # {method} {0x000001a2cf985f38} 'sort' '([Ljava/lang/Object;IILjava/util/Comparator;[Ljava/lang/Object;II)V' in 'java/util/TimSort'
  # parm0:    rdx:rdx   = '[Ljava/lang/Object;'
  # parm1:    r8        = int
  # parm2:    r9        = int
  # parm3:    rdi:rdi   = 'java/util/Comparator'
  # parm4:    rsi:rsi   = '[Ljava/lang/Object;'
  # parm5:    rcx       = int
  # parm6:    [sp+0x80]   = int  (sp of caller)
  0x000001a2c1bc0e80: 8984 2400 | 80ff ff55 | 4883 ec70 | 4181 7f20 | 6100 0000 | 0f85 d714 | 0000 894c | 2408 4889 
  0x000001a2c1bc0ea0: 3424 4889 | 7c24 2848 | 8bea 4489 | 4424 1844 | 894c 2420 | 458b d145 | 2bd0 4489 | 5424 3041 
  0x000001a2c1bc0ec0: 83fa 020f | 8c27 0300 | 0041 83fa | 200f 8d7c | 0500 0045 | 8d50 0145 | 3bd1 0f84 | 750b 0000 
  0x000001a2c1bc0ee0: 488b ca44 | 8b4a 0c41 | 83c0 0245 | 3bd1 0f83 | 6c0c 0000 | 4c63 5424 | 1842 8b6c | 9214 448b 
  0x000001a2c1bc0f00: 5c24 1845 | 3bd9 0f83 | 880c 0000 | 4489 4424 | 0444 890c | 2448 8954 | 2418 4489 | 9c24 8000 
  0x000001a2c1bc0f20: 0000 468b | 5c9a 104c | 8bc5 4d8b | cb48 8bd7 | 448b 5424 | 2044 8954 | 240c 488b | ef48 b8e0 
  0x000001a2c1bc0f40: b133 dfa2 

  0x000001a2c1bc0f44: ;   {virtual_call}
  0x000001a2c1bc0f44: 0100 00e8 

  0x000001a2c1bc0f48: ; ImmutableOopMap {rbp=Oop [24]=Oop [40]=Oop }
                      ;*invokeinterface compare {reexecute=0 rethrow=0 return_oop=0}
                      ; - java.util.TimSort::countRunAndMakeAscending@43
                      ; - java.util.TimSort::sort@60
  0x000001a2c1bc0f48: 1400 3fff 

  0x000001a2c1bc0f4c: ;   {post_call_nop}
  0x000001a2c1bc0f4c: 0f1f 8400 | c401 0000 | 4c63 1424 | 4c63 5c24 | 0c4c 6344 | 2404 4d8d | 4bfe 49ff | c849 ffcb 
  0x000001a2c1bc0f6c: 85c0 0f8d | b601 0000 | 8b6c 2404 | 3b6c 240c | 0f8c 7e02 | 0000 448d | 5dff 8bbc | 2480 0000 
  0x000001a2c1bc0f8c: 0041 3bfb | 0f8d 3202 | 0000 3b3c | 240f 8d3d | 0c00 0048 | 8b74 2418 | 448b 5608 | 458b c249 
  0x000001a2c1bc0fac: 8b80 1801 | 0000 448b | 7014 4d63 

  0x000001a2c1bc0fb8: ;   {oop(a 'java/lang/ArrayStoreException'{0x00000000e0701ff0})}
  0x000001a2c1bc0fb8: ee8b df49 | baf0 1f70 | e000 0000 | 0066 6666 | 0f1f 8400 | 0000 0000 | 3b1c 240f | 831d 0c00 
  0x000001a2c1bc0fd8: 008b 4c9e | 1044 8d4b | 0144 3b1c | 240f 8349 | 0c00 00c4 | c1f9 6eea | 468b 549e | 1045 8b42 
  0x000001a2c1bc0ff8: 08c4 c179 | 6ed9 c5f9 | 6ee1 c5f9 | 6ec3 c4c1 | 796e d3c5 | f96e cd48 | 8974 2418 | 448b cf41 
  0x000001a2c1bc1018: 8bf0 4e8b | 1c2e 493b | c30f 8552 | 0200 00c4 | c179 7ed3 | 41ff cb44 | 895c 2414 | 488b 7c24 
  0x000001a2c1bc1038: 18c4 c179 | 7ec3 4a8d | 5c9f 1041 | 807f 4800 | 0f85 6e0e | 0000 4489 | 1341 8bca | 4c8b c34c 
  0x000001a2c1bc1058: 33c1 49c1 | e814 0f84 | 1e00 0000 | 4c8b c349 | c1e8 0948 | b900 008b | c9a2 0100 | 004c 03c1 
  0x000001a2c1bc1078: 4180 3802 | 0f85 ea0e | 0000 c4c1 | 797e e345 | 8b53 0841 | 8bf2 4e8b | 142e 493b | c20f 85aa 
  0x000001a2c1bc1098: 0200 004d | 8b47 3048 | 8b54 2418 | c4c1 797e | d2c4 c179 | 7ee3 4a8d | 5c92 1041 | 807f 4800 
  0x000001a2c1bc10b8: ;   {other}
  0x000001a2c1bc10b8: 0f85 5f0f | 0000 4489 | 1b41 8bfb | 488b cb48 | 33cf 48c1 | e914 0f84 | 1d00 0000 | 488b cb48 
  0x000001a2c1bc10d8: c1e9 0948 | bf00 008b | c9a2 0100 | 0048 03cf | 8039 020f | 85c5 0f00 

  0x000001a2c1bc10f0: ; ImmutableOopMap {rdx=Oop xmm5=Oop [24]=Oop [40]=Oop }
                      ;*goto {reexecute=1 rethrow=0 return_oop=0}
                      ; - (reexecute) java.util.TimSort::reverseRange@28
                      ; - java.util.TimSort::countRunAndMakeAscending@86
                      ; - java.util.TimSort::sort@60
                      ;   {poll}
  0x000001a2c1bc10f0: 0041 8500 | c4c1 797e | da44 3b54 | 2414 7c08 | 418b f9e9 | c000 0000 | 443b 1424 | 0f8d d40a 
  0x000001a2c1bc1110: 0000 418b | da44 8b5c | 2414 418b | f948 8bf2 | c4c1 f97e | eae9 a6fe | ffff 8b6c | 2404 3b6c 
  0x000001a2c1bc1130: 240c 0f8d | 8900 0000 | 3b2c 240f | 837f 0a00 | 004d 3bda | 0f83 760a | 0000 4d3b | c20f 836d 
  0x000001a2c1bc1150: 0a00 004d | 3bca 0f83 | 640a 0000 | 0f1f 4000 | 4c8b 5424 | 1845 8b54 | aa10 4c8b | 5c24 1845 
  0x000001a2c1bc1170: 8b4c ab0c | 4d8b c248 | 8b54 2428 | 4c89 1c24 | 448b 5c24 | 2044 895c | 240c 4889 | 5424 1066 
  0x000001a2c1bc1190: 9048 b808 | b233 dfa2 

  0x000001a2c1bc1198: ;   {virtual_call}
  0x000001a2c1bc1198: 0100 00e8 

  0x000001a2c1bc119c: ; ImmutableOopMap {[0]=Oop [16]=Oop [24]=Oop [40]=Oop }
                      ;*invokeinterface compare {reexecute=0 rethrow=0 return_oop=0}
                      ; - java.util.TimSort::countRunAndMakeAscending@109
                      ; - java.util.TimSort::sort@60
  0x000001a2c1bc119c: c0fd 3eff 

  0x000001a2c1bc11a0: ;   {post_call_nop}
  0x000001a2c1bc11a0: 0f1f 8400 | 1804 0002 | 85c0 0f8c | 6902 0000 | ffc5 3b6c | 240c 7ca8 | 8bbc 2480 | 0000 00eb 
  0x000001a2c1bc11c0: 078b bc24 | 8000 0000 | 448b d548 | 8b54 2418 | 448b c744 | 8b4c 2420 | 418b fa48 | 8b74 2428 
  0x000001a2c1bc11e0: ;   {static_call}
  0x000001a2c1bc11e0: 6666 90e8 

  0x000001a2c1bc11e4: ; ImmutableOopMap {}
                      ;*invokestatic binarySort {reexecute=0 rethrow=0 return_oop=0}
                      ; - java.util.TimSort::sort@73
  0x000001a2c1bc11e4: 98c5 fcff 

  0x000001a2c1bc11e8: ;   {post_call_nop}
  0x000001a2c1bc11e8: 0f1f 8400 | 6004 0003 | 4883 c470 

  0x000001a2c1bc11f4: ;   {poll_return}
  0x000001a2c1bc11f4: 5d49 3b67 | 280f 875c | 1100 00c3 | 3b2c 240f | 8373 0a00 | 004d 3bda | 0f83 6a0a | 0000 4d3b 
  0x000001a2c1bc1214: c20f 8361 | 0a00 004d | 3bca 0f83 | 580a 0000 | 0f1f 8400 | 0000 0000 | 6666 6690 | 4c8b 5424 
  0x000001a2c1bc1234: 1845 8b5c | aa10 458b | 54aa 0c4d | 8bc3 4d8b | ca48 8b54 | 2428 6666 | 9048 b830 | b233 dfa2 
  0x000001a2c1bc1254: ;   {virtual_call}
  0x000001a2c1bc1254: 0100 00e8 

  0x000001a2c1bc1258: ; ImmutableOopMap {[24]=Oop [40]=Oop }
                      ;*invokeinterface compare {reexecute=0 rethrow=0 return_oop=0}
                      ; - java.util.TimSort::countRunAndMakeAscending@68
                      ; - java.util.TimSort::sort@60
  0x000001a2c1bc1258: 04fd 3eff 

  0x000001a2c1bc125c: ;   {post_call_nop}
  0x000001a2c1bc125c: 0f1f 8400 | d404 0004 | 85c0 0f8d | 16fd ffff | ffc5 3b6c | 2420 7cbc | e909 fdff | ff41 83fe 
  0x000001a2c1bc127c: 200f 85a3 | 0000 0048 | 3bf0 0f84 | 9bfd ffff | 488b 9ea8 | 0000 0048 | 8bd3 8a88 | b000 0000 
  0x000001a2c1bc129c: 83f1 3f48 | d3e2 4885 | d20f 8966 | 0000 00f3 | 480f b8d2 | 4c8b 5e28 | 493b 04d3 | 7460 8a88 
  0x000001a2c1bc12bc: b000 0000 | 48d3 cb48 | 0fba e301 | 7347 418b | 3b49 83c3 | 0883 ff3e | 0f8f 2400 | 0000 33c9 
  0x000001a2c1bc12dc: 3bd7 0f4d | d149 3b04 | d30f 842f | 0000 0048 | 0fba e302 | 0f83 1b00 | 0000 48d1 | cb83 c201 
  0x000001a2c1bc12fc: ebde 33d2 | 493b 04d3 | 0f84 1000 | 0000 83c2 | 013b d77c | ef48 c7c7 | 0100 0000 | eb03 4833 
  0x000001a2c1bc131c: ff48 85ff | 0f84 01fd | ffff c4c1 | f97e e948 | 33c9 4d8d | 5914 4180 | 7f48 000f | 850b 0e00 
  0x000001a2c1bc133c: 0041 890b | e9c7 0000 | 0041 83fe | 200f 85a3 | 0000 0048 | 3bf0 0f84 | 43fd ffff 

  0x000001a2c1bc1358: ;   {other}
  0x000001a2c1bc1358: 488b 9ea8 | 0000 0048 | 8bd3 8a88 | b000 0000 | 83f1 3f48 | d3e2 4885 | d20f 8966 | 0000 00f3 
  0x000001a2c1bc1378: 480f b8d2 | 4c8b 5e28 | 493b 04d3 | 7460 8a88 | b000 0000 | 48d3 cb48 | 0fba e301 | 7347 418b 
  0x000001a2c1bc1398: 3b49 83c3 | 0883 ff3e | 0f8f 2400 | 0000 33c9 | 3bd7 0f4d | d149 3b04 | d30f 842f | 0000 0048 
  0x000001a2c1bc13b8: 0fba e302 | 0f83 1b00 | 0000 48d1 | cb83 c201 | ebde 33d2 | 493b 04d3 | 0f84 1000 | 0000 83c2 
  0x000001a2c1bc13d8: 013b d77c | ef48 c7c7 | 0100 0000 | eb03 4833 | ff48 85ff | 0f84 a9fc | ffff c4c1 | f97e e948 
  0x000001a2c1bc13f8: 33c9 4d8d | 5914 4180 | 7f48 000f | 85ad 0d00 | 0041 890b | 498b d148 | 83c4 705d 

  0x000001a2c1bc1414: ;   {runtime_call C2 Runtime rethrow}
  0x000001a2c1bc1414: e947 9c3e | ff8b bc24 | 8000 0000 | e9a3 fdff | ff66 6666 | 0f1f 8400 | 0000 0000 | 4489 4424 
  0x000001a2c1bc1434: 2444 895c | 2438 e9f9 | 0400 0041 | ba00 0100 | 0044 8954 | 2438 e997 | 0000 0049 | 8b87 c801 
  0x000001a2c1bc1454: 0000 4c8b | d049 83c2 | 304d 3b97 | d801 0000 | 0f83 f805 | 0000 4d89 | 97c8 0100 | 0041 0f0d 
  0x000001a2c1bc1474: 8ac0 0000 | 0048 c700 | 0100 0000 

  0x000001a2c1bc1480: ;   {metadata('java/util/TimSort')}
  0x000001a2c1bc1480: c740 08d0 | 9d0b 9b4c | 8960 1044 | 8960 1844 | 8960 244c | 8960 28c7 | 400c 0700 | 0000 48ff 
  0x000001a2c1bc14a0: 7424 2848 | 8f44 2450 | 4c8b 5424 | 2848 896c | 2458 4c8b | c544 8940 | 1c44 8950 | 204c 8bd0 
  0x000001a2c1bc14c0: 4c89 5424 | 4044 8b5d | 0c44 895c | 2434 4181 | fb00 0200 | 000f 8d64 | ffff ff45 | 8bd3 41d1 
  0x000001a2c1bc14e0: ea44 8954 | 2438 488b | 0c24 4885 | c974 4844 | 8b8c 2480 | 0000 0044 | 3b4c 2438 | 7c39 448b 
  0x000001a2c1bc1500: 5c24 0844 | 035c 2438 | 448b 410c | 453b d87f | 2644 8b5c | 2408 4c8b | 5424 4045 | 895a 1045 
  0x000001a2c1bc1520: 894a 144c | 8b4c 2440 | 4d8d 5924 | 4c8b c145 | 8903 e982 | 0100 0044 | 8b55 0845 | 8bda 4d8b 
  0x000001a2c1bc1540: 5370 4d8b | 1241 8b6a | 484c 8b55 | 184c 8954 | 2448 458b | 5208 4181 | fa02 0c10 | 800f 8595 
  0x000001a2c1bc1560: 0700 0044 | 8b5c 2438 | 4181 fb00 | 0004 000f | 87ba 0500 | 004d 8b87 | c801 0000 

  0x000001a2c1bc157c: ;   {other}
  0x000001a2c1bc157c: 4c63 5424 | 384a 8d0c | 9517 0000 | 004c 8bd1 | 4983 e2f8 | 4d8b d84d | 03da 4d3b | 9fd8 0100 
  0x000001a2c1bc159c: 000f 838c | 0500 004d | 899f c801 | 0000 410f | 0d8b c000 | 0000 49c7 | 0001 0000 | 0041 0f0d 
  0x000001a2c1bc15bc: 8b00 0100 | 0049 8bf8 | 4883 c710 | 410f 0d8b | 4001 0000 | 410f 0d8b | 8001 0000 | 48c1 e903 
  0x000001a2c1bc15dc: 4883 c1fe | 4c8b 5c24 | 484d 8bd3 | 4589 5008 | 448b 5c24 | 3845 8958 | 0c48 33c0 | 4883 f908 
  0x000001a2c1bc15fc: 7f10 48ff | c978 4f48 | 8904 cf48 | ffc9 7df7 | eb44 c5fd | efc0 e90d | 0000 00c5 | fe7f 07c5 
  0x000001a2c1bc161c: fe7f 4720 | 4883 c740 | 4883 e908 | 7ded 4883 | c104 7c0c | c5fe 7f07 | 4883 c720 | 4883 e904 
  0x000001a2c1bc163c: 4883 c104 | 7e10 48ff | c9c5 f9d6 | 0748 83c7 | 0848 ffc9 | 7df3 4c8b | 5424 484d 

  0x000001a2c1bc1658: ;   {metadata('java/lang/Object'[])}
  0x000001a2c1bc1658: 8b52 3849 | bbc0 bf01 | 9b00 0000 | 004d 3bd3 | 0f85 d206 | 0000 4c8b | 5424 4044 | 8b4c 2438 
  0x000001a2c1bc1678: 4589 4a14 | 488b 4c24 | 404c 8d59 | 244d 8bc8 | 4589 0b4d | 8bd3 4d33 | d049 c1ea | 140f 841e 
  0x000001a2c1bc1698: 0000 004d | 8bd3 49c1 | ea09 49b9 | 0000 8bc9 | a201 0000 | 4d03 d141 | 803a 020f | 856b 0b00 
  0x000001a2c1bc16b8: 0044 8b54 | 2434 4183 | fa78 7c2d | 458b da41 | 81fb 0606 | 0000 7c19 | 4181 fb6f | d101 007c 
  0x000001a2c1bc16d8: 0841 ba31 | 0000 00eb | 1641 ba18 | 0000 00eb | 0e41 ba0a | 0000 00eb | 0641 ba05 | 0000 0049 
  0x000001a2c1bc16f8: 8b9f c801 | 0000 4d63 | da4a 8d34 | 9d17 0000 | 0048 8bee | 4883 e5f8 | 4c8b db4c | 03dd 48c1 
  0x000001a2c1bc1718: ee03 4883 | c6fe 4d3b | 9fd8 0100 | 000f 8385 | 0300 004d | 899f c801 | 0000 488b | fb48 83c7 
  0x000001a2c1bc1738: 1048 c703 | 0100 0000 | 410f 0d8b | c000 0000 

  0x000001a2c1bc1748: ;   {metadata({type array int})}
  0x000001a2c1bc1748: c743 0888 | 0f00 9b44 | 8953 0c41 | 0f0d 8b00 | 0100 0041 | 0f0d 8b40 | 0100 0041 | 0f0d 8b80 
  0x000001a2c1bc1768: 0100 0048 | 8bce 4833 | c048 83f9 | 087f 1048 | ffc9 784f | 4889 04cf | 48ff c97d | f7eb 44c5 
  0x000001a2c1bc1788: fdef c0e9 | 0d00 0000 | c5fe 7f07 | c5fe 7f47 | 2048 83c7 | 4048 83e9 | 087d ed48 | 83c1 047c 
  0x000001a2c1bc17a8: 0cc5 fe7f | 0748 83c7 | 2048 83e9 | 0448 83c1 | 047e 1048 | ffc9 c5f9 | d607 4883 | c708 48ff 
  0x000001a2c1bc17c8: c97d f349 | 8b97 c801 | 0000 4c8b | da4c 03dd | 488b 7c24 | 404c 8d47 | 2848 8bcb | 4189 084d 
  0x000001a2c1bc17e8: 8bc8 4c33 | cb49 c1e9 | 140f 841e | 0000 004d | 8bc8 49c1 | e909 48b9 | 0000 8bc9 | a201 0000 
  0x000001a2c1bc1808: 4c03 c941 | 8039 020f | 8566 0a00 | 004d 3b9f | d801 0000 | 0f83 5f02 | 0000 4d89 | 9fc8 0100 
  0x000001a2c1bc1828: 0048 8bfa | 4883 c710 | 48c7 0201 | 0000 0041 | 0f0d 8bc0 

  0x000001a2c1bc183c: ;   {metadata({type array int})}
  0x000001a2c1bc183c: 0000 00c7 | 4208 880f | 009b 4489 | 520c 410f | 0d8b 0001 | 0000 410f | 0d8b 4001 | 0000 410f 
  0x000001a2c1bc185c: 0d8b 8001 | 0000 488b | ce48 33c0 | 4883 f908 | 7f10 48ff | c978 4f48 | 8904 cf48 | ffc9 7df7 
  0x000001a2c1bc187c: eb44 c5fd | efc0 e90d | 0000 00c5 | fe7f 07c5 | fe7f 4720 | 4883 c740 | 4883 e908 | 7ded 4883 
  0x000001a2c1bc189c: c104 7c0c | c5fe 7f07 | 4883 c720 | 4883 e904 | 4883 c104 | 7e10 48ff | c9c5 f9d6 | 0748 83c7 
  0x000001a2c1bc18bc: 0848 ffc9 | 7df3 4c8b | 4c24 404d | 8d51 2c4c | 8bda 4589 | 1a4d 8bc2 | 4c33 c249 | c1e8 140f 
  0x000001a2c1bc18dc: 841e 0000 | 004d 8bc2 | 49c1 e809 | 49bb 0000 | 8bc9 a201 | 0000 4d03 | c341 8038 | 020f 8505 
  0x000001a2c1bc18fc: 0a00 008b | 5424 3048 | 8b6c 2458 

  0x000001a2c1bc1908: ;   {static_call}
  0x000001a2c1bc1908: 6666 90e8 

  0x000001a2c1bc190c: ; ImmutableOopMap {rbp=Oop [64]=Oop [80]=Oop [88]=Oop }
                      ;*invokestatic minRunLength {reexecute=0 rethrow=0 return_oop=0}
                      ; - java.util.TimSort::sort@96
  0x000001a2c1bc190c: 70ab 13f9 

  0x000001a2c1bc1910: ;   {post_call_nop}
  0x000001a2c1bc1910: 0f1f 8400 | 880b 0005 | 8944 2410 | 4889 4424 | f88b 4424 | 3089 4424 | 2448 8b44 | 24f8 448b 
  0x000001a2c1bc1930: 5c24 1844 | 895c 2438 | 488b 5424 | 5844 8b44 | 2438 448b | 4c24 2048 | 8b7c 2450 

  0x000001a2c1bc194c: ;   {static_call}
  0x000001a2c1bc194c: 6666 90e8 

  0x000001a2c1bc1950: ; ImmutableOopMap {[64]=Oop [80]=Oop [88]=Oop }
                      ;*invokestatic countRunAndMakeAscending {reexecute=0 rethrow=0 return_oop=0}
                      ; - java.util.TimSort::sort@105
  0x000001a2c1bc1950: 2c54 0100 

  0x000001a2c1bc1954: ;   {post_call_nop}
  0x000001a2c1bc1954: 0f1f 8400 | cc0b 0006 | 3b44 2410 | 7c06 8944 | 2414 eb48 | 8b7c 2438 | 03f8 448b | 5424 2444 
  0x000001a2c1bc1974: 3b54 2410 | 448b 5c24 | 2444 8b54 | 2410 450f | 4fda 448b | 4c24 3844 | 895c 2414 | 4503 cb48 
  0x000001a2c1bc1994: 8b54 2458 | 448b 4424 | 3848 8b74 

  0x000001a2c1bc19a0: ;   {static_call}
  0x000001a2c1bc19a0: 2450 90e8 

  0x000001a2c1bc19a4: ; ImmutableOopMap {[64]=Oop [80]=Oop [88]=Oop }
                      ;*invokestatic binarySort {reexecute=0 rethrow=0 return_oop=0}
                      ; - java.util.TimSort::sort@144
  0x000001a2c1bc19a4: d8bd fcff 

  0x000001a2c1bc19a8: ;   {post_call_nop}
  0x000001a2c1bc19a8: 0f1f 8400 | 200c 0007 | 4c8b 5424 | 4045 8b4a | 1841 8b6a | 2844 8b5d | 0c45 3bcb | 0f83 ce02 
  0x000001a2c1bc19c8: 0000 448b | 4424 3846 | 8944 8d10 | 418b 6a2c 

  0x000001a2c1bc19d8: ; implicit exception: dispatches to 0x000001a2c1bc1e14
  0x000001a2c1bc19d8: 448b 5d0c | 453b cb0f | 83e3 0200 | 0044 8b54 | 2414 4689 | 548d 1041 | ffc1 4c8b | 5424 4045 
  0x000001a2c1bc19f8: 894a 1848 | 8b54 2440 

  0x000001a2c1bc1a00: ;   {optimized virtual_call}
  0x000001a2c1bc1a00: 6666 90e8 

  0x000001a2c1bc1a04: ; ImmutableOopMap {[64]=Oop [80]=Oop [88]=Oop }
                      ;*invokevirtual mergeCollapse {reexecute=0 rethrow=0 return_oop=0}
                      ; - java.util.TimSort::sort@161
  0x000001a2c1bc1a04: 88d9 7600 

  0x000001a2c1bc1a08: ;   {post_call_nop}
  0x000001a2c1bc1a08: 0f1f 8400 | 800c 0008 | 4d8b 5730 | 448b 5c24 | 3844 035c | 2414 448b | 4424 2444 

  0x000001a2c1bc1a24: ; ImmutableOopMap {[64]=Oop [80]=Oop [88]=Oop }
                      ;*ifne {reexecute=1 rethrow=0 return_oop=0}
                      ; - (reexecute) java.util.TimSort::sort@178
  0x000001a2c1bc1a24: 2b44 2414 

  0x000001a2c1bc1a28: ;   {poll}
  0x000001a2c1bc1a28: 4185 0244 | 8b4c 2424 | 443b 4c24 | 140f 85f5 | f9ff ff48 | 8b54 2440 

  0x000001a2c1bc1a40: ;   {optimized virtual_call}
  0x000001a2c1bc1a40: 6666 90e8 

  0x000001a2c1bc1a44: ; ImmutableOopMap {[64]=Oop }
                      ;*invokevirtual mergeForceCollapse {reexecute=0 rethrow=0 return_oop=0}
                      ; - java.util.TimSort::sort@202
  0x000001a2c1bc1a44: 58ad 13f9 

  0x000001a2c1bc1a48: ;   {post_call_nop}
  0x000001a2c1bc1a48: 0f1f 8400 | c00c 000a | e99b f7ff | ff41 8bf8 | 4889 5424 | 18e9 69f7 

  0x000001a2c1bc1a60: ;   {metadata('java/util/TimSort')}
  0x000001a2c1bc1a60: ffff 48ba | d09d 0b9b | 0000 0000 

  0x000001a2c1bc1a6c: ;   {runtime_call C2 Runtime new_instance}
  0x000001a2c1bc1a6c: 6666 90e8 

  0x000001a2c1bc1a70: ; ImmutableOopMap {rbp=Oop [0]=Oop [40]=Oop }
                      ;*new {reexecute=0 rethrow=0 return_oop=1}
                      ; - java.util.TimSort::sort@77
  0x000001a2c1bc1a70: eca5 3eff 

  0x000001a2c1bc1a74: ;   {post_call_nop}
  0x000001a2c1bc1a74: 0f1f 8400 | ec0c 000b | e916 faff 

  0x000001a2c1bc1a80: ;   {metadata({type array int})}
  0x000001a2c1bc1a80: ff48 ba88 | 0f00 9b00 | 0000 0045 | 8bc2 488b | 6c24 5848 | 897c 2428 

  0x000001a2c1bc1a98: ;   {runtime_call C2 Runtime new_array}
  0x000001a2c1bc1a98: 6666 90e8 

  0x000001a2c1bc1a9c: ; ImmutableOopMap {rbp=Oop [40]=Oop [64]=Oop [80]=Oop [88]=Oop }
                      ;*newarray {reexecute=0 rethrow=0 return_oop=1}
                      ; - java.util.TimSort::<init>@175
                      ; - java.util.TimSort::sort@89
  0x000001a2c1bc1a9c: c0a8 3eff 

  0x000001a2c1bc1aa0: ;   {post_call_nop}
  0x000001a2c1bc1aa0: 0f1f 8400 | 180d 000c | 488b d0e9 | 12fe ffff | 4889 7424 | 2844 8954 | 241c 48ff | 7424 4048 
  0x000001a2c1bc1ac0: 8f44 2410 | 4889 4424 | f88b 4424 | 3089 8424 | 8000 0000 | 488b 4424 | f848 ff74 | 2450 488f 
  0x000001a2c1bc1ae0: 4424 0848 | ff74 2458 | 488f 0424 

  0x000001a2c1bc1aec: ;   {metadata({type array int})}
  0x000001a2c1bc1aec: 48ba 880f | 009b 0000 | 0000 458b 

  0x000001a2c1bc1af8: ;   {runtime_call C2 Runtime new_array}
  0x000001a2c1bc1af8: c266 90e8 

  0x000001a2c1bc1afc: ; ImmutableOopMap {[0]=Oop [8]=Oop [16]=Oop [64]=Oop [80]=Oop [88]=Oop }
                      ;*newarray {reexecute=0 rethrow=0 return_oop=1}
                      ; - java.util.TimSort::<init>@167
                      ; - java.util.TimSort::sort@89
  0x000001a2c1bc1afc: 60a8 3eff 

  0x000001a2c1bc1b00: ;   {post_call_nop}
  0x000001a2c1bc1b00: 0f1f 8400 | 780d 000d | 4889 4424 | f88b 8424 | 8000 0000 | 8944 2430 | 488b 4424 | f844 8b54 
  0x000001a2c1bc1b20: 241c 488b | d848 8b74 | 2428 e99c | fcff ff48 | 8b54 2448 | 448b 4424 | 3848 8b6c | 2458 48ff 
  0x000001a2c1bc1b40: 7424 4048 | 8f44 2410 

  0x000001a2c1bc1b48: ;   {runtime_call C2 Runtime new_array}
  0x000001a2c1bc1b48: 6666 90e8 

  0x000001a2c1bc1b4c: ; ImmutableOopMap {rbp=Oop [16]=Oop [64]=Oop [80]=Oop [88]=Oop }
                      ;*invokestatic newArray {reexecute=0 rethrow=0 return_oop=1}
                      ; - java.lang.reflect.Array::newInstance@2
                      ; - java.util.TimSort::<init>@79
                      ; - java.util.TimSort::sort@89
  0x000001a2c1bc1b4c: 10a8 3eff 

  0x000001a2c1bc1b50: ;   {post_call_nop}
  0x000001a2c1bc1b50: 0f1f 8400 | c80d 000e | 4c8b c0e9 | f2fa ffff | bae4 ffff | ff44 8b4c | 2418 448b | 5c24 2044 
  0x000001a2c1bc1b70: 891c 2444 | 894c 2404 | 4889 7c24 | 2044 8944 | 241c 4489 

  0x000001a2c1bc1b84: ;   {runtime_call UncommonTrapBlob}
  0x000001a2c1bc1b84: 5424 38e8 

  0x000001a2c1bc1b88: ; ImmutableOopMap {rbp=Oop [32]=Oop [40]=Oop }
                      ;*aaload {reexecute=0 rethrow=0 return_oop=0}
                      ; - java.util.TimSort::countRunAndMakeAscending@39
                      ; - java.util.TimSort::sort@60
  0x000001a2c1bc1b88: 5469 3eff 

  0x000001a2c1bc1b8c: ;   {post_call_nop}
  0x000001a2c1bc1b8c: 0f1f 8400 | 040e 000f | bae4 ffff | ff48 894c | 2418 4489 | 5c24 0c44 | 8944 2424 | 4889 4c24 
  0x000001a2c1bc1bac: 3844 895c 

  0x000001a2c1bc1bb0: ;   {runtime_call UncommonTrapBlob}
  0x000001a2c1bc1bb0: 2440 90e8 

  0x000001a2c1bc1bb4: ; ImmutableOopMap {rbp=NarrowOop [24]=Oop [40]=Oop [56]=Oop }
                      ;*aaload {reexecute=0 rethrow=0 return_oop=0}
                      ; - java.util.TimSort::countRunAndMakeAscending@42
                      ; - java.util.TimSort::sort@60
  0x000001a2c1bc1bb4: 2869 3eff 

  0x000001a2c1bc1bb8: ;   {post_call_nop}
  0x000001a2c1bc1bb8: 0f1f 8400 | 300e 0010 | ba6e ffff | ff44 8b54 | 240c 4489 

  0x000001a2c1bc1bcc: ;   {runtime_call UncommonTrapBlob}
  0x000001a2c1bc1bcc: 5424 08e8 

  0x000001a2c1bc1bd0: ; ImmutableOopMap {[24]=Oop [40]=Oop }
                      ;*if_icmpge {reexecute=1 rethrow=0 return_oop=0}
                      ; - (reexecute) java.util.TimSort::countRunAndMakeAscending@95
                      ; - java.util.TimSort::sort@60
  0x000001a2c1bc1bd0: 0c69 3eff 

  0x000001a2c1bc1bd4: ;   {post_call_nop}
  0x000001a2c1bc1bd4: 0f1f 8400 | 4c0e 0011 | 4489 5c24 | 1444 8bd7 | eb03 418b | f948 8b74 | 2418 448b | 5c24 1441 
  0x000001a2c1bc1bf4: 8bda bae4 | ffff ff44 | 8b44 2420 | 4489 4424 | 084c 8b54 | 2428 4c89 | 5424 1089 | 7c24 0c48 
  0x000001a2c1bc1c14: 8974 2418 | 4889 7424 | 2044 895c | 242c 895c 

  0x000001a2c1bc1c24: ;   {runtime_call UncommonTrapBlob}
  0x000001a2c1bc1c24: 2430 90e8 

  0x000001a2c1bc1c28: ; ImmutableOopMap {[16]=Oop [24]=Oop [32]=Oop }
                      ;*aaload {reexecute=0 rethrow=0 return_oop=0}
                      ; - java.util.TimSort::reverseRange@10
                      ; - java.util.TimSort::countRunAndMakeAscending@86
                      ; - java.util.TimSort::sort@60
  0x000001a2c1bc1c28: b468 3eff 

  0x000001a2c1bc1c2c: ;   {post_call_nop}
  0x000001a2c1bc1c2c: 0f1f 8400 | a40e 0012 | bae4 ffff | ff44 8b54 | 2420 4489 | 5424 084c | 8b54 2428 | 4c89 5424 
  0x000001a2c1bc1c4c: 1089 7c24 | 0c48 8974 | 2418 4889 | 7424 2044 | 894c 2430 | 894c 2438 | 895c 243c | 4489 5c24 
  0x000001a2c1bc1c6c: ;   {runtime_call UncommonTrapBlob}
  0x000001a2c1bc1c6c: 4066 90e8 

  0x000001a2c1bc1c70: ; ImmutableOopMap {[16]=Oop [24]=Oop [32]=Oop [56]=NarrowOop }
                      ;*aaload {reexecute=0 rethrow=0 return_oop=0}
                      ; - java.util.TimSort::reverseRange@19
                      ; - java.util.TimSort::countRunAndMakeAscending@86
                      ; - java.util.TimSort::sort@60
  0x000001a2c1bc1c70: 6c68 3eff 

  0x000001a2c1bc1c74: ;   {post_call_nop}
  0x000001a2c1bc1c74: 0f1f 8400 | ec0e 0013 | ba6e ffff | ff44 8b54 | 240c 4489 

  0x000001a2c1bc1c88: ;   {runtime_call UncommonTrapBlob}
  0x000001a2c1bc1c88: 5424 08e8 

  0x000001a2c1bc1c8c: ; ImmutableOopMap {[24]=Oop [40]=Oop }
                      ;*if_icmpge {reexecute=1 rethrow=0 return_oop=0}
                      ; - (reexecute) java.util.TimSort::countRunAndMakeAscending@54
                      ; - java.util.TimSort::sort@60
  0x000001a2c1bc1c8c: 5068 3eff 

  0x000001a2c1bc1c90: ;   {post_call_nop}
  0x000001a2c1bc1c90: 0f1f 8400 | 080f 0014 | bae4 ffff | ff44 8b5c | 2420 4489 | 9c24 8000 | 0000 448b | 5c24 2444 
  0x000001a2c1bc1cb0: 895c 241c | 4489 4c24 

  0x000001a2c1bc1cb8: ;   {runtime_call UncommonTrapBlob}
  0x000001a2c1bc1cb8: 3466 90e8 

  0x000001a2c1bc1cbc: ; ImmutableOopMap {rbp=NarrowOop [64]=Oop [80]=Oop [88]=Oop }
                      ;*iastore {reexecute=0 rethrow=0 return_oop=0}
                      ; - java.util.TimSort::pushRun@9
                      ; - java.util.TimSort::sort@156
  0x000001a2c1bc1cbc: 2068 3eff 

  0x000001a2c1bc1cc0: ;   {post_call_nop}
  0x000001a2c1bc1cc0: 0f1f 8400 | 380f 0015 | bae4 ffff | ff44 8b54 | 2420 4489 | 9424 8000 | 0000 448b | 5c24 2444 
  0x000001a2c1bc1ce0: 895c 241c | 4489 4c24 

  0x000001a2c1bc1ce8: ;   {runtime_call UncommonTrapBlob}
  0x000001a2c1bc1ce8: 3066 90e8 

  0x000001a2c1bc1cec: ; ImmutableOopMap {rbp=NarrowOop [64]=Oop [80]=Oop [88]=Oop }
                      ;*iastore {reexecute=0 rethrow=0 return_oop=0}
                      ; - java.util.TimSort::pushRun@19
                      ; - java.util.TimSort::sort@156
  0x000001a2c1bc1cec: f067 3eff 

  0x000001a2c1bc1cf0: ;   {post_call_nop}
  0x000001a2c1bc1cf0: 0f1f 8400 | 680f 0016 | bade ffff | ff44 8b54 | 2418 4489 | 9424 8000 | 0000 448b | 5c24 2044 
  0x000001a2c1bc1d10: 895c 2408 | 4889 4424 | f88b 4424 | 3089 4424 | 0c48 8b44 | 24f8 48ff | 7424 4048 | 8f44 2418 
  0x000001a2c1bc1d30: ;   {runtime_call UncommonTrapBlob}
  0x000001a2c1bc1d30: 6666 90e8 

  0x000001a2c1bc1d34: ; ImmutableOopMap {rbp=NarrowOop [24]=Oop [80]=Oop [88]=Oop }
                      ;*invokestatic newArray {reexecute=0 rethrow=0 return_oop=0}
                      ; - java.lang.reflect.Array::newInstance@2
                      ; - java.util.TimSort::<init>@79
                      ; - java.util.TimSort::sort@89
  0x000001a2c1bc1d34: a867 3eff 

  0x000001a2c1bc1d38: ;   {post_call_nop}
  0x000001a2c1bc1d38: 0f1f 8400 | b00f 0017 | bade ffff | ff49 8be8 

  0x000001a2c1bc1d48: ;   {runtime_call UncommonTrapBlob}
  0x000001a2c1bc1d48: 6666 90e8 

  0x000001a2c1bc1d4c: ; ImmutableOopMap {rbp=Oop }
                      ;*checkcast {reexecute=0 rethrow=0 return_oop=0}
                      ; - java.util.TimSort::<init>@82
                      ; - java.util.TimSort::sort@89
  0x000001a2c1bc1d4c: 9067 3eff 

  0x000001a2c1bc1d50: ;   {post_call_nop}
  0x000001a2c1bc1d50: 0f1f 8400 | c80f 0018 | baf6 ffff | ff41 8bea 

  0x000001a2c1bc1d60: ;   {runtime_call UncommonTrapBlob}
  0x000001a2c1bc1d60: 6666 90e8 

  0x000001a2c1bc1d64: ; ImmutableOopMap {}
                      ;*aaload {reexecute=0 rethrow=0 return_oop=0}
                      ; - java.util.TimSort::countRunAndMakeAscending@39
                      ; - java.util.TimSort::sort@60
  0x000001a2c1bc1d64: 7867 3eff 

  0x000001a2c1bc1d68: ;   {post_call_nop}
  0x000001a2c1bc1d68: 0f1f 8400 | e00f 0019 | baf4 ffff | ff44 8b44 | 2420 4489 | 4424 084c | 8b54 2428 | 4c89 5424 
  0x000001a2c1bc1d88: 1089 7c24 | 0c48 8974 | 2418 4889 | 7424 2044 | 894c 2428 | 4489 5c24 | 2c89 4c24 | 3089 5c24 
  0x000001a2c1bc1da8: ;   {runtime_call UncommonTrapBlob}
  0x000001a2c1bc1da8: 3466 90e8 

  0x000001a2c1bc1dac: ; ImmutableOopMap {[16]=Oop [24]=Oop [32]=Oop [48]=NarrowOop }
                      ;*aastore {reexecute=1 rethrow=0 return_oop=0}
                      ; - (reexecute) java.util.TimSort::reverseRange@20
                      ; - java.util.TimSort::countRunAndMakeAscending@86
                      ; - java.util.TimSort::sort@60
  0x000001a2c1bc1dac: 3067 3eff 

  0x000001a2c1bc1db0: ;   {post_call_nop}
  0x000001a2c1bc1db0: 0f1f 8400 | 2810 001a | baf4 ffff | ff44 8b54 | 2420 4489 | 1424 4c8b | 5424 284c | 8954 2408 
  0x000001a2c1bc1dd0: 4489 4c24 | 04c5 fa11 | 4c24 1048 | 897c 2420 | c5fa 115c | 2428 c5fa | 1154 242c 

  0x000001a2c1bc1dec: ;   {runtime_call UncommonTrapBlob}
  0x000001a2c1bc1dec: 6666 90e8 

  0x000001a2c1bc1df0: ; ImmutableOopMap {[8]=Oop [24]=Oop [32]=Oop }
                      ;*aastore {reexecute=1 rethrow=0 return_oop=0}
                      ; - (reexecute) java.util.TimSort::reverseRange@27
                      ; - java.util.TimSort::countRunAndMakeAscending@86
                      ; - java.util.TimSort::sort@60
  0x000001a2c1bc1df0: ec66 3eff 

  0x000001a2c1bc1df4: ;   {post_call_nop}
  0x000001a2c1bc1df4: 0f1f 8400 | 6c10 001b | baf6 ffff | ff41 8be9 

  0x000001a2c1bc1e04: ;   {runtime_call UncommonTrapBlob}
  0x000001a2c1bc1e04: 6666 90e8 

  0x000001a2c1bc1e08: ; ImmutableOopMap {}
                      ;*iastore {reexecute=0 rethrow=0 return_oop=0}
                      ; - java.util.TimSort::pushRun@9
                      ; - java.util.TimSort::sort@156
  0x000001a2c1bc1e08: d466 3eff 

  0x000001a2c1bc1e0c: ;   {post_call_nop}
  0x000001a2c1bc1e0c: 0f1f 8400 | 8410 001c | baf6 ffff | ff41 8be9 

  0x000001a2c1bc1e1c: ;   {runtime_call UncommonTrapBlob}
  0x000001a2c1bc1e1c: 6666 90e8 

  0x000001a2c1bc1e20: ; ImmutableOopMap {}
                      ;*iastore {reexecute=0 rethrow=0 return_oop=0}
                      ; - java.util.TimSort::pushRun@19
                      ; - java.util.TimSort::sort@156
  0x000001a2c1bc1e20: bc66 3eff 

  0x000001a2c1bc1e24: ;   {post_call_nop}
  0x000001a2c1bc1e24: 0f1f 8400 | 9c10 001d | baf6 ffff 

  0x000001a2c1bc1e30: ;   {runtime_call UncommonTrapBlob}
  0x000001a2c1bc1e30: ff66 90e8 

  0x000001a2c1bc1e34: ; ImmutableOopMap {}
                      ;*arraylength {reexecute=0 rethrow=0 return_oop=0}
                      ; - java.util.TimSort::<init>@26
                      ; - java.util.TimSort::sort@89
  0x000001a2c1bc1e34: a866 3eff 

  0x000001a2c1bc1e38: ;   {post_call_nop}
  0x000001a2c1bc1e38: 0f1f 8400 | b010 001e | baf6 ffff 

  0x000001a2c1bc1e44: ;   {runtime_call UncommonTrapBlob}
  0x000001a2c1bc1e44: ff66 90e8 

  0x000001a2c1bc1e48: ; ImmutableOopMap {}
                      ;*invokestatic newArray {reexecute=0 rethrow=0 return_oop=0}
                      ; - java.lang.reflect.Array::newInstance@2
                      ; - java.util.TimSort::<init>@79
                      ; - java.util.TimSort::sort@89
  0x000001a2c1bc1e48: 9466 3eff 

  0x000001a2c1bc1e4c: ;   {post_call_nop}
  0x000001a2c1bc1e4c: 0f1f 8400 | c410 001f | baf4 ffff | ff44 8b5c | 2418 4489 | 9c24 8000 | 0000 448b | 5424 2044 
  0x000001a2c1bc1e6c: 8954 2408 | 4889 4424 | f88b 4424 | 3089 4424 | 0c48 8b44 | 24f8 48ff | 7424 4048 | 8f44 2418 
  0x000001a2c1bc1e8c: ;   {runtime_call UncommonTrapBlob}
  0x000001a2c1bc1e8c: 6666 90e8 

  0x000001a2c1bc1e90: ; ImmutableOopMap {rbp=NarrowOop [24]=Oop [80]=Oop [88]=Oop }
                      ;*invokestatic newArray {reexecute=0 rethrow=0 return_oop=0}
                      ; - java.lang.reflect.Array::newInstance@2
                      ; - java.util.TimSort::<init>@79
                      ; - java.util.TimSort::sort@89
  0x000001a2c1bc1e90: 4c66 3eff 

  0x000001a2c1bc1e94: ;   {post_call_nop}
  0x000001a2c1bc1e94: 0f1f 8400 | 0c11 0020 | eb16 eb14 | eb12 eb10 | eb0e eb0c | eb0a eb08 | eb06 eb04 | eb02 eb00 
  0x000001a2c1bc1eb4: 4c8b c8e9 | 50f5 ffff | 8b0b 4883 | f900 0f84 | 86f1 ffff | 4d8b 4738 | 4d85 c00f | 8414 0000 
  0x000001a2c1bc1ed4: 0049 83e8 | 084d 8947 | 384d 0347 | 4049 8908 | e965 f1ff | ff48 83ec | 70c5 f9d6 | 5424 68c5 
  0x000001a2c1bc1ef4: f9d6 5c24 | 60c5 f9d6 | 6424 58c5 | f9d6 6c24 | 50c5 f9d6 | 4c24 484c | 8954 2440 | 4c89 4c24 
  0x000001a2c1bc1f14: 3848 897c | 2430 4889 | 4424 2849 

  0x000001a2c1bc1f20: ;   {runtime_call}
  0x000001a2c1bc1f20: 8bd7 48b8 | d0f1 75a5 | f87f 0000 | ffd0 488b | 4424 2848 | 8b7c 2430 | 4c8b 4c24 | 384c 8b54 
  0x000001a2c1bc1f40: 2440 c5f8 | 77c5 fa7e | 4c24 48c5 | fa7e 6c24 | 50c5 fa7e | 6424 58c5 | fa7e 5c24 | 60c5 fa7e 
  0x000001a2c1bc1f60: 5424 6848 | 83c4 70e9 | e2f0 ffff | f083 4424 | c000 4180 | 3800 0f84 | 06f1 ffff | 41c6 0000 
  0x000001a2c1bc1f80: 498b 4f50 | 4885 c90f | 8414 0000 | 0048 83e9 | 0849 894f | 5049 034f | 584c 8901 | e9e1 f0ff 
  0x000001a2c1bc1fa0: ff48 83ec | 60c5 f9d6 | 5424 58c5 | f9d6 5c24 | 50c5 f9d6 | 6424 48c5 | f9d6 6c24 | 40c5 f9d6 
  0x000001a2c1bc1fc0: 4c24 384c | 894c 2430 | 4889 7c24 | 2848 8944 | 2420 498b | c849 8bd7 

  0x000001a2c1bc1fd8: ;   {runtime_call}
  0x000001a2c1bc1fd8: 48b8 b0f1 | 75a5 f87f | 0000 ffd0 | 488b 4424 | 2048 8b7c | 2428 4c8b | 4c24 30c5 | f877 c5fa 
  0x000001a2c1bc1ff8: 7e4c 2438 | c5fa 7e6c | 2440 c5fa | 7e64 2448 | c5fa 7e5c | 2450 c5fa | 7e54 2458 | 4883 c460 
  0x000001a2c1bc2018: e965 f0ff | ff8b 3b48 | 83ff 000f | 8495 f0ff | ff49 8b4f | 3848 85c9 | 0f84 1400 | 0000 4883 
  0x000001a2c1bc2038: e908 4989 | 4f38 4903 | 4f40 4889 | 39e9 74f0 | ffff 4883 | ec60 c5f9 | d66c 2458 | c5f9 d65c 
  0x000001a2c1bc2058: 2450 4c89 | 5c24 484c | 8944 2440 | 4c89 4c24 | 3848 8954 | 2430 4889 | 4424 2848 | 8bcf 498b 
  0x000001a2c1bc2078: ;   {runtime_call}
  0x000001a2c1bc2078: d748 b8d0 | f175 a5f8 | 7f00 00ff | d048 8b44 | 2428 488b | 5424 304c | 8b4c 2438 | 4c8b 4424 
  0x000001a2c1bc2098: 404c 8b5c | 2448 c5f8 | 77c5 fa7e | 5c24 50c5 | fa7e 6c24 | 5848 83c4 | 60e9 08f0 | ffff f083 
  0x000001a2c1bc20b8: 4424 c000 | 8039 000f | 842c f0ff | ffc6 0100 | 498b 7f50 | 4885 ff0f | 8414 0000 | 0048 83ef 
  0x000001a2c1bc20d8: 0849 897f | 5049 037f | 5848 890f | e908 f0ff | ff48 83ec | 50c5 f9d6 | 6c24 48c5 | f9d6 5c24 
  0x000001a2c1bc20f8: 404c 8944 | 2438 4c89 | 4c24 3048 | 8954 2428 | 4889 4424 | 2049 8bd7 

  0x000001a2c1bc2110: ;   {runtime_call}
  0x000001a2c1bc2110: 48b8 b0f1 | 75a5 f87f | 0000 ffd0 | 488b 4424 | 2048 8b54 | 2428 4c8b | 4c24 304c | 8b44 2438 
  0x000001a2c1bc2130: c5f8 77c5 | fa7e 5c24 | 40c5 fa7e | 6c24 4848 | 83c4 50e9 | a9ef ffff | 458b 0349 | 83f8 000f 
  0x000001a2c1bc2150: 84e8 f1ff | ff4d 8b57 | 384d 85d2 | 0f84 1400 | 0000 4983 | ea08 4d89 | 5738 4d03 | 5740 4d89 
  0x000001a2c1bc2170: 02e9 c7f1 | ffff 4883 | ec40 4c89 | 5c24 384c | 894c 2430 | 4889 4c24 | 2849 8bc8 

  0x000001a2c1bc218c: ;   {runtime_call}
  0x000001a2c1bc218c: 498b d748 | b8d0 f175 | a5f8 7f00 | 00ff d048 | 8b4c 2428 | 4c8b 4c24 | 304c 8b5c | 2438 c5f8 
  0x000001a2c1bc21ac: 7748 83c4 | 40e9 87f1 | ffff 458b | 0349 83f8 | 000f 8446 | f2ff ff4d | 8b57 384d | 85d2 0f84 
  0x000001a2c1bc21cc: 1400 0000 | 4983 ea08 | 4d89 5738 | 4d03 5740 | 4d89 02e9 | 25f2 ffff | 4883 ec40 | 4c89 5c24 
  0x000001a2c1bc21ec: 384c 894c | 2430 4889 | 4c24 2849 | 8bc8 498b 

  0x000001a2c1bc21fc: ;   {runtime_call}
  0x000001a2c1bc21fc: d748 b8d0 | f175 a5f8 | 7f00 00ff | d048 8b4c | 2428 4c8b | 4c24 304c | 8b5c 2438 | c5f8 7748 
  0x000001a2c1bc221c: 83c4 40e9 | e5f1 ffff | f083 4424 | c000 4180 | 3a00 0f84 | 85f4 ffff | 41c6 0200 | 4d8b 4f50 
  0x000001a2c1bc223c: 4d85 c90f | 8414 0000 | 0049 83e9 | 084d 894f | 504d 034f | 584d 8911 | e960 f4ff | ff48 83ec 
  0x000001a2c1bc225c: 2049 8bca 

  0x000001a2c1bc2260: ;   {runtime_call}
  0x000001a2c1bc2260: 498b d748 | b8b0 f175 | a5f8 7f00 | 00ff d0c5 | f877 4883 | c420 e93e | f4ff fff0 | 8344 24c0 
  0x000001a2c1bc2280: 0041 8039 | 000f 848a | f5ff ff41 | c601 0049 | 8b4f 5048 | 85c9 0f84 | 1400 0000 | 4883 e908 
  0x000001a2c1bc22a0: 4989 4f50 | 4903 4f58 | 4c89 09e9 | 65f5 ffff | 4883 ec50 | 4c89 5424 | 484c 895c | 2440 4889 
  0x000001a2c1bc22c0: 7c24 3848 | 8954 2430 | 4889 7424 | 2849 8bc9 

  0x000001a2c1bc22d0: ;   {runtime_call}
  0x000001a2c1bc22d0: 498b d748 | b8b0 f175 | a5f8 7f00 | 00ff d048 | 8b74 2428 | 488b 5424 | 3048 8b7c | 2438 4c8b 
  0x000001a2c1bc22f0: 5c24 404c | 8b54 2448 | c5f8 7748 | 83c4 50e9 | 11f5 ffff | f083 4424 | c000 4180 | 3800 0f84 
  0x000001a2c1bc2310: ebf5 ffff | 41c6 0000 | 4d8b 5f50 | 4d85 db0f | 8414 0000 | 0049 83eb | 084d 895f | 504d 035f 
  0x000001a2c1bc2330: 584d 8903 | e9c6 f5ff | ff48 83ec | 2049 8bc8 

  0x000001a2c1bc2340: ;   {runtime_call}
  0x000001a2c1bc2340: 498b d748 | b8b0 f175 | a5f8 7f00 | 00ff d0c5 | f877 4883 | c420 e9a4 

  0x000001a2c1bc2358: ;   {internal_word}
  0x000001a2c1bc2358: f5ff ff49 | baf5 11bc | c1a2 0100 | 004d 8997 | e004 0000 

  0x000001a2c1bc236c: ;   {runtime_call SafepointBlob}
  0x000001a2c1bc236c: e9ef eb31 

  0x000001a2c1bc2370: ;   {runtime_call Stub::method_entry_barrier}
  0x000001a2c1bc2370: ffe8 ea6c | 30ff e91f | ebff fff4 | f4f4 f4f4 
[Stub Code]
  0x000001a2c1bc2380: ;   {static_stub}
  0x000001a2c1bc2380: 48bb 1864 | 98cf a201 

  0x000001a2c1bc2388: ;   {runtime_call I2C/C2I adapters}
  0x000001a2c1bc2388: 0000 e9a2 

  0x000001a2c1bc238c: ;   {static_stub}
  0x000001a2c1bc238c: dc31 ff48 | bb50 6298 | cfa2 0100 

  0x000001a2c1bc2398: ;   {runtime_call I2C/C2I adapters}
  0x000001a2c1bc2398: 00e9 a0ef 

  0x000001a2c1bc239c: ;   {static_stub}
  0x000001a2c1bc239c: 2eff 48bb | 0000 0000 | 0000 0000 

  0x000001a2c1bc23a8: ;   {runtime_call nmethod}
  0x000001a2c1bc23a8: e9fb ffff 

  0x000001a2c1bc23ac: ;   {static_stub}
  0x000001a2c1bc23ac: ff48 bb18 | 6798 cfa2 

  0x000001a2c1bc23b4: ;   {runtime_call I2C/C2I adapters}
  0x000001a2c1bc23b4: 0100 00e9 | 76e0 31ff 

  0x000001a2c1bc23bc: ;   {static_stub}
  0x000001a2c1bc23bc: 48bb 0000 | 0000 0000 

  0x000001a2c1bc23c4: ;   {runtime_call nmethod}
  0x000001a2c1bc23c4: 0000 e9fb 

  0x000001a2c1bc23c8: ;   {runtime_call ExceptionBlob}
  0x000001a2c1bc23c8: ffff ffe9 | 1064 3eff 
[Deopt Handler Code]
  0x000001a2c1bc23d0: e800 0000 | 0048 832c 

  0x000001a2c1bc23d8: ;   {runtime_call DeoptimizationBlob}
  0x000001a2c1bc23d8: 2405 e981 | ee31 fff4 
[/MachCode]


---------------  P R O C E S S  ---------------

Threads class SMR info:
_java_thread_list=0x000001a2d87f8450, length=290, elements={
0x000001a2b6590d30, 0x000001a2cdddb850, 0x000001a2cdddec30, 0x000001a2cdddf3f0,
0x000001a2ce4b38b0, 0x000001a2ce4b4070, 0x000001a2ce49f6b0, 0x000001a2ce4a09e0,
0x000001a2cddea560, 0x000001a2ce49bc10, 0x000001a2d303fb20, 0x000001a2d55b8560,
0x000001a2d5481660, 0x000001a2d54c06e0, 0x000001a2d5aeef70, 0x000001a2d5aee7a0,
0x000001a2d5aedfd0, 0x000001a2d5944570, 0x000001a2d5945510, 0x000001a2d3583490,
0x000001a2d74261c0, 0x000001a2d7426990, 0x000001a2d648aee0, 0x000001a2d7f53980,
0x000001a2d7f54920, 0x000001a2d78dbcd0, 0x000001a2d78e0320, 0x000001a2d78e0af0,
0x000001a2d939bea0, 0x000001a2d98bab40, 0x000001a2d50ad480, 0x000001a2e7cc9320,
0x000001a2df4944b0, 0x000001a2e001bdd0, 0x000001a2d7e2a660, 0x000001a2d7e2ae30,
0x000001a2d4e88c80, 0x000001a2d4e89450, 0x000001a2d4e86d40, 0x000001a2d4e87ce0,
0x000001a2d4e884b0, 0x000001a2d4e86570, 0x000001a2d4e89c20, 0x000001a2d4e87510,
0x000001a2e4b5f020, 0x000001a2e4b5e850, 0x000001a2e4b60790, 0x000001a2e4b5f7f0,
0x000001a2e4b5ffc0, 0x000001a2e4b5e080, 0x000001a2e4b61730, 0x000001a2e4b60f60,
0x000001a2e9660660, 0x000001a2e965eef0, 0x000001a2e965fe90, 0x000001a2e965cfb0,
0x000001a2edc69fa0, 0x000001a2eac88250, 0x000001a2d78de3e0, 0x000001a2e6d1e050,
0x000001a2e6d1d0b0, 0x000001a2e6d1d880, 0x000001a2d44ce7c0, 0x000001a2d44caf50,
0x000001a2d78dd440, 0x000001a2ea0f2fe0, 0x000001a2ea0f2040, 0x000001a2d8730e70,
0x000001a2d78df380, 0x000001a2d78dcc70, 0x000001a2d78e1a90, 0x000001a2d78e4970,
0x000001a2d86657f0, 0x000001a2d44cbf70, 0x000001a2e99745b0, 0x000001a2e99716d0,
0x000001a2e9972670, 0x000001a2e9972e40, 0x000001a2d99c6a20, 0x000001a2d99c71f0,
0x000001a2d99c9130, 0x000001a2d99c79c0, 0x000001a2d99c5a80, 0x000001a2d99c8960,
0x000001a2d3641de0, 0x000001a2d880d880, 0x000001a2d880e050, 0x000001a2d880e820,
0x000001a2d880eff0, 0x000001a2d880f7c0, 0x000001a2d880ff90, 0x000001a2d880d0b0,
0x000001a2e3f67a60, 0x000001a2e3f67290, 0x000001a2e3f66ac0, 0x000001a2e3f6a170,
0x000001a2e5e8d060, 0x000001a2e5e8e000, 0x000001a2d3288bd0, 0x000001a2d328ab10,
0x000001a2d32893a0, 0x000001a2d3289b70, 0x000001a2d328a340, 0x000001a2d328c280,
0x000001a2d328b2e0, 0x000001a2d328bab0, 0x000001a2d30756c0, 0x000001a2d3077dd0,
0x000001a2d3077600, 0x000001a2d30785a0, 0x000001a2d3075e90, 0x000001a2d3078d70,
0x000001a2d3076e30, 0x000001a2d3076660, 0x000001a2e671f660, 0x000001a2e6720dd0,
0x000001a2e671fe30, 0x000001a2e671d720, 0x000001a2e6720600, 0x000001a2e671ee90,
0x000001a2e671def0, 0x000001a2e671e6c0, 0x000001a2e8691000, 0x000001a2e8691fa0,
0x000001a2e86917d0, 0x000001a2e86946b0, 0x000001a2e8692f40, 0x000001a2e8692770,
0x000001a2e8693710, 0x000001a2e8693ee0, 0x000001a2d30dc030, 0x000001a2d30ddf70,
0x000001a2d30dc800, 0x000001a2d30dcfd0, 0x000001a2d30dd7a0, 0x000001a2d30de740,
0x000001a2d30def10, 0x000001a2d30db860, 0x000001a2e7885670, 0x000001a2e78846d0,
0x000001a2e7884ea0, 0x000001a2e7885e40, 0x000001a2e7886610, 0x000001a2e7886de0,
0x000001a2e7883730, 0x000001a2e7883f00, 0x000001a2e76aea70, 0x000001a2e76afa10,
0x000001a2e76b1950, 0x000001a2e76b1180, 0x000001a2e76b09b0, 0x000001a2e76b2120,
0x000001a2e76af240, 0x000001a2e76b01e0, 0x000001a2e5d75d00, 0x000001a2e5d764d0,
0x000001a2e5d76ca0, 0x000001a2e5d77470, 0x000001a2d4f87810, 0x000001a2e0c92330,
0x000001a2e5d75530, 0x000001a2e6812b90, 0x000001a2d87a2700, 0x000001a2d879ee90,
0x000001a2d4749ca0, 0x000001a2e401ca00, 0x000001a2d7b97fd0, 0x000001a2e6939c70,
0x000001a2e81eb400, 0x000001a2d6006970, 0x000001a2d45eaff0, 0x000001a2d45eb7c0,
0x000001a2d45ebf90, 0x000001a2d8c29e80, 0x000001a2d8c2a650, 0x000001a2d8241280,
0x000001a2d823fb10, 0x000001a2d8241a50, 0x000001a2d8242220, 0x000001a2d823f340,
0x000001a2e402d5a0, 0x000001a2e402f4e0, 0x000001a2e402dd70, 0x000001a2e402fcb0,
0x000001a2e402c600, 0x000001a2e402e540, 0x000001a2e402cdd0, 0x000001a2e6b74220,
0x000001a2e2e85a00, 0x000001a2e2e82b20, 0x000001a2e2e82350, 0x000001a2e2e832f0,
0x000001a2e2e83ac0, 0x000001a2e2e84290, 0x000001a2e2e84a60, 0x000001a2e2e85230,
0x000001a2ee30cf10, 0x000001a2ee30f620, 0x000001a2ee30d6e0, 0x000001a2ee30deb0,
0x000001a2ee30e680, 0x000001a2ee30ee50, 0x000001a2ee30fdf0, 0x000001a2ee3105c0,
0x000001a2e0b57eb0, 0x000001a2d3641610, 0x000001a2d3642d80, 0x000001a2eb88c3d0,
0x000001a2eb88ac60, 0x000001a2eb88e310, 0x000001a2eb88d370, 0x000001a2eb88b430,
0x000001a2e6b749f0, 0x000001a2e6b722e0, 0x000001a2e6b71b10, 0x000001a2e6b73a50,
0x000001a2d3156170, 0x000001a2d3156940, 0x000001a2d3154a00, 0x000001a2d3153a60,
0x000001a2d3153290, 0x000001a2d31551d0, 0x000001a2d31559a0, 0x000001a2f03805a0,
0x000001a2f037e660, 0x000001a2f0380d70, 0x000001a2f0381540, 0x000001a2f037de90,
0x000001a2f037f600, 0x000001a2f037ee30, 0x000001a2f037fdd0, 0x000001a2d8636c70,
0x000001a2d86383e0, 0x000001a2d8637440, 0x000001a2d8637c10, 0x000001a2d8635500,
0x000001a2d6a84eb0, 0x000001a2ea853a20, 0x000001a2d45ecf30, 0x000001a2e9973de0,
0x000001a2e9974d80, 0x000001a2ea158200, 0x000001a2ea157a30, 0x000001a2ea1562c0,
0x000001a2ea155af0, 0x000001a2ea1591a0, 0x000001a2ea157260, 0x000001a2ea156a90,
0x000001a2eb4fb670, 0x000001a2eb4faea0, 0x000001a2eb4fc610, 0x000001a2eb4fe550,
0x000001a2eb4fbe40, 0x000001a2eb4fcde0, 0x000001a2eb4fd5b0, 0x000001a2f0dc77f0,
0x000001a2efa3d300, 0x000001a2efa3cb30, 0x000001a2efa3dad0, 0x000001a2efa3c360,
0x000001a2ed8dfe70, 0x000001a2ed8e0640, 0x000001a2ed8de700, 0x000001a2ed8deed0,
0x000001a2ed8dcf90, 0x000001a2ed8df6a0, 0x000001a2ed8dd760, 0x000001a2ed8ddf30,
0x000001a2f0406d10, 0x000001a2f04074e0, 0x000001a2f040a3c0, 0x000001a2f0409bf0,
0x000001a2f0408c50, 0x000001a2f0407cb0, 0x000001a2f0408480, 0x000001a2e4c76ca0,
0x000001a2e4c764d0, 0x000001a2e4c78be0, 0x000001a2e4c77470, 0x000001a2e4c793b0,
0x000001a2e4c79b80, 0x000001a2e4c77c40, 0x000001a2e4c78410, 0x000001a2d88c79d0,
0x000001a2d88c81a0, 0x000001a2d88ca0e0, 0x000001a2d88c9140, 0x000001a2d88c9910,
0x000001a2d88ca8b0, 0x000001a2d88cb080
}

Java Threads: ( => current thread )
  0x000001a2b6590d30 JavaThread "main"                              [_thread_blocked, id=4092, stack(0x0000000350300000,0x0000000350400000) (1024K)]
  0x000001a2cdddb850 JavaThread "Common-Cleaner"             daemon [_thread_blocked, id=13828, stack(0x0000000350b00000,0x0000000350c00000) (1024K)]
  0x000001a2cdddec30 JavaThread "Reference Handler"          daemon [_thread_blocked, id=17976, stack(0x0000000350c00000,0x0000000350d00000) (1024K)]
  0x000001a2cdddf3f0 JavaThread "Finalizer"                  daemon [_thread_blocked, id=10660, stack(0x0000000350d00000,0x0000000350e00000) (1024K)]
  0x000001a2ce4b38b0 JavaThread "Signal Dispatcher"          daemon [_thread_blocked, id=4944, stack(0x0000000350e00000,0x0000000350f00000) (1024K)]
  0x000001a2ce4b4070 JavaThread "Attach Listener"            daemon [_thread_blocked, id=10016, stack(0x0000000350f00000,0x0000000351000000) (1024K)]
  0x000001a2ce49f6b0 JavaThread "Service Thread"             daemon [_thread_blocked, id=2180, stack(0x0000000351000000,0x0000000351100000) (1024K)]
  0x000001a2ce4a09e0 JavaThread "Monitor Deflation Thread"   daemon [_thread_blocked, id=3488, stack(0x0000000351100000,0x0000000351200000) (1024K)]
  0x000001a2cddea560 JavaThread "C2 CompilerThread0"         daemon [_thread_blocked, id=15564, stack(0x0000000351200000,0x0000000351300000) (1024K)]
  0x000001a2ce49bc10 JavaThread "C1 CompilerThread0"         daemon [_thread_blocked, id=10452, stack(0x0000000351300000,0x0000000351400000) (1024K)]
  0x000001a2d303fb20 JavaThread "Notification Thread"        daemon [_thread_blocked, id=17396, stack(0x0000000351500000,0x0000000351600000) (1024K)]
  0x000001a2d55b8560 JavaThread "Daemon health stats"               [_thread_blocked, id=18912, stack(0x0000000352100000,0x0000000352200000) (1024K)]
  0x000001a2d5481660 JavaThread "Incoming local TCP Connector on port 51829"        [_thread_in_native, id=8868, stack(0x0000000352200000,0x0000000352300000) (1024K)]
  0x000001a2d54c06e0 JavaThread "Daemon periodic checks"            [_thread_blocked, id=7152, stack(0x0000000352300000,0x0000000352400000) (1024K)]
  0x000001a2d5aeef70 JavaThread "Cache worker for journal cache (C:\Users\Intel\.gradle\caches\journal-1)"        [_thread_blocked, id=6736, stack(0x0000000353a00000,0x0000000353b00000) (1024K)]
  0x000001a2d5aee7a0 JavaThread "File lock request listener"        [_thread_in_native, id=5888, stack(0x0000000353b00000,0x0000000353c00000) (1024K)]
  0x000001a2d5aedfd0 JavaThread "Cache worker for file hash cache (C:\Users\Intel\.gradle\caches\9.3.0\fileHashes)"        [_thread_blocked, id=21688, stack(0x0000000353c00000,0x0000000353d00000) (1024K)]
  0x000001a2d5944570 JavaThread "File watcher server"        daemon [_thread_in_native, id=3404, stack(0x0000000354600000,0x0000000354700000) (1024K)]
  0x000001a2d5945510 JavaThread "File watcher consumer"      daemon [_thread_blocked, id=9180, stack(0x0000000354700000,0x0000000354800000) (1024K)]
  0x000001a2d3583490 JavaThread "Cache worker for file content cache (C:\Users\Intel\.gradle\caches\9.3.0\fileContent)"        [_thread_blocked, id=12508, stack(0x0000000354900000,0x0000000354a00000) (1024K)]
  0x000001a2d74261c0 JavaThread "jar transforms"                    [_thread_blocked, id=19172, stack(0x0000000354c00000,0x0000000354d00000) (1024K)]
  0x000001a2d7426990 JavaThread "jar transforms Thread 2"           [_thread_blocked, id=18224, stack(0x0000000354d00000,0x0000000354e00000) (1024K)]
  0x000001a2d648aee0 JavaThread "jar transforms Thread 3"           [_thread_blocked, id=15728, stack(0x0000000354e00000,0x0000000354f00000) (1024K)]
  0x000001a2d7f53980 JavaThread "jar transforms Thread 4"           [_thread_blocked, id=21692, stack(0x0000000356500000,0x0000000356600000) (1024K)]
  0x000001a2d7f54920 JavaThread "jar transforms Thread 5"           [_thread_blocked, id=16952, stack(0x0000000356600000,0x0000000356700000) (1024K)]
  0x000001a2d78dbcd0 JavaThread "jar transforms Thread 6"           [_thread_blocked, id=11112, stack(0x0000000357200000,0x0000000357300000) (1024K)]
  0x000001a2d78e0320 JavaThread "jar transforms Thread 7"           [_thread_blocked, id=17720, stack(0x0000000357300000,0x0000000357400000) (1024K)]
  0x000001a2d78e0af0 JavaThread "jar transforms Thread 8"           [_thread_blocked, id=2404, stack(0x0000000357400000,0x0000000357500000) (1024K)]
  0x000001a2d939bea0 JavaThread "Memory manager"                    [_thread_blocked, id=4284, stack(0x000000035d700000,0x000000035d800000) (1024K)]
  0x000001a2d98bab40 JavaThread "pool-3-thread-1"                   [_thread_blocked, id=15620, stack(0x000000035d400000,0x000000035d500000) (1024K)]
  0x000001a2d50ad480 JavaThread "pool-6-thread-1"                   [_thread_blocked, id=6264, stack(0x000000035b000000,0x000000035b100000) (1024K)]
  0x000001a2e7cc9320 JavaThread "jar transforms Thread 9"           [_thread_blocked, id=14444, stack(0x0000000355100000,0x0000000355200000) (1024K)]
  0x000001a2df4944b0 JavaThread "jar transforms Thread 10"          [_thread_blocked, id=21156, stack(0x0000000355200000,0x0000000355300000) (1024K)]
  0x000001a2e001bdd0 JavaThread "pool-9-thread-1"                   [_thread_blocked, id=15688, stack(0x000000035af00000,0x000000035b000000) (1024K)]
  0x000001a2d7e2a660 JavaThread "jar transforms Thread 11"          [_thread_blocked, id=16808, stack(0x0000000352600000,0x0000000352700000) (1024K)]
  0x000001a2d7e2ae30 JavaThread "jar transforms Thread 12"          [_thread_blocked, id=18892, stack(0x0000000353800000,0x0000000353900000) (1024K)]
  0x000001a2d4e88c80 JavaThread "jar transforms Thread 13"          [_thread_blocked, id=16704, stack(0x0000000353900000,0x0000000353a00000) (1024K)]
  0x000001a2d4e89450 JavaThread "jar transforms Thread 14"          [_thread_blocked, id=3784, stack(0x0000000354400000,0x0000000354500000) (1024K)]
  0x000001a2d4e86d40 JavaThread "jar transforms Thread 15"          [_thread_blocked, id=16576, stack(0x0000000354500000,0x0000000354600000) (1024K)]
  0x000001a2d4e87ce0 JavaThread "jar transforms Thread 16"          [_thread_blocked, id=6084, stack(0x0000000354800000,0x0000000354900000) (1024K)]
  0x000001a2d4e884b0 JavaThread "jar transforms Thread 17"          [_thread_blocked, id=4916, stack(0x0000000354a00000,0x0000000354b00000) (1024K)]
  0x000001a2d4e86570 JavaThread "jar transforms Thread 18"          [_thread_blocked, id=12140, stack(0x0000000354b00000,0x0000000354c00000) (1024K)]
  0x000001a2d4e89c20 JavaThread "jar transforms Thread 19"          [_thread_blocked, id=17936, stack(0x0000000354f00000,0x0000000355000000) (1024K)]
  0x000001a2d4e87510 JavaThread "jar transforms Thread 20"          [_thread_blocked, id=12004, stack(0x0000000355000000,0x0000000355100000) (1024K)]
  0x000001a2e4b5f020 JavaThread "jar transforms Thread 21"          [_thread_blocked, id=8660, stack(0x0000000355300000,0x0000000355400000) (1024K)]
  0x000001a2e4b5e850 JavaThread "jar transforms Thread 22"          [_thread_blocked, id=1672, stack(0x0000000355400000,0x0000000355500000) (1024K)]
  0x000001a2e4b60790 JavaThread "jar transforms Thread 23"          [_thread_blocked, id=21876, stack(0x0000000355500000,0x0000000355600000) (1024K)]
  0x000001a2e4b5f7f0 JavaThread "jar transforms Thread 24"          [_thread_blocked, id=11304, stack(0x0000000355600000,0x0000000355700000) (1024K)]
  0x000001a2e4b5ffc0 JavaThread "jar transforms Thread 25"          [_thread_blocked, id=9120, stack(0x0000000355700000,0x0000000355800000) (1024K)]
  0x000001a2e4b5e080 JavaThread "jar transforms Thread 26"          [_thread_blocked, id=21072, stack(0x0000000355800000,0x0000000355900000) (1024K)]
  0x000001a2e4b61730 JavaThread "jar transforms Thread 27"          [_thread_blocked, id=21448, stack(0x0000000355900000,0x0000000355a00000) (1024K)]
  0x000001a2e4b60f60 JavaThread "jar transforms Thread 28"          [_thread_blocked, id=13232, stack(0x0000000355a00000,0x0000000355b00000) (1024K)]
  0x000001a2e9660660 JavaThread "jar transforms Thread 29"          [_thread_blocked, id=15636, stack(0x0000000355b00000,0x0000000355c00000) (1024K)]
  0x000001a2e965eef0 JavaThread "jar transforms Thread 30"          [_thread_blocked, id=10688, stack(0x0000000355c00000,0x0000000355d00000) (1024K)]
  0x000001a2e965fe90 JavaThread "jar transforms Thread 31"          [_thread_blocked, id=19120, stack(0x0000000355d00000,0x0000000355e00000) (1024K)]
  0x000001a2e965cfb0 JavaThread "jar transforms Thread 32"          [_thread_blocked, id=9984, stack(0x0000000355e00000,0x0000000355f00000) (1024K)]
  0x000001a2edc69fa0 JavaThread "pool-12-thread-1"                  [_thread_blocked, id=10840, stack(0x000000035bf00000,0x000000035c000000) (1024K)]
  0x000001a2eac88250 JavaThread "pool-15-thread-1"                  [_thread_blocked, id=23184, stack(0x000000035c500000,0x000000035c600000) (1024K)]
  0x000001a2d78de3e0 JavaThread "Daemon Thread 3"                   [_thread_blocked, id=23404, stack(0x0000000350000000,0x0000000350100000) (1024K)]
  0x000001a2e6d1e050 JavaThread "Handler for socket connection from /127.0.0.1:51829 to /127.0.0.1:52001"        [_thread_in_native, id=23396, stack(0x0000000350100000,0x0000000350200000) (1024K)]
  0x000001a2e6d1d0b0 JavaThread "Cancel handler"                    [_thread_blocked, id=23400, stack(0x0000000351400000,0x0000000351500000) (1024K)]
  0x000001a2e6d1d880 JavaThread "Daemon worker Thread 2"            [_thread_blocked, id=23412, stack(0x0000000351600000,0x0000000351700000) (1024K)]
  0x000001a2d44ce7c0 JavaThread "C1 CompilerThread1"         daemon [_thread_blocked, id=13968, stack(0x0000000351700000,0x0000000351800000) (1024K)]
  0x000001a2d44caf50 JavaThread "C1 CompilerThread2"         daemon [_thread_blocked, id=14308, stack(0x0000000351800000,0x0000000351900000) (1024K)]
  0x000001a2d78dd440 JavaThread "Asynchronous log dispatcher for DefaultDaemonConnection: socket connection from /127.0.0.1:51829 to /127.0.0.1:52001"        [_thread_blocked, id=10000, stack(0x0000000351900000,0x0000000351a00000) (1024K)]
  0x000001a2ea0f2fe0 JavaThread "Stdin handler"                     [_thread_blocked, id=21220, stack(0x0000000351f00000,0x0000000352000000) (1024K)]
  0x000001a2ea0f2040 JavaThread "Daemon client event forwarder"        [_thread_blocked, id=18708, stack(0x0000000352000000,0x0000000352100000) (1024K)]
  0x000001a2d8730e70 JavaThread "C1 CompilerThread3"         daemon [_thread_blocked, id=1984, stack(0x0000000352400000,0x0000000352500000) (1024K)]
  0x000001a2d78df380 JavaThread "Cache worker for file hash cache (C:\Users\Intel\Downloads\CRIAndroidSimple\.gradle\9.3.0\fileHashes)"        [_thread_blocked, id=20092, stack(0x0000000356000000,0x0000000356100000) (1024K)]
  0x000001a2d78dcc70 JavaThread "Cache worker for Build Output Cleanup Cache (C:\Users\Intel\Downloads\CRIAndroidSimple\.gradle\buildOutputCleanup)"        [_thread_blocked, id=23176, stack(0x0000000356100000,0x0000000356200000) (1024K)]
  0x000001a2d78e1a90 JavaThread "Cache worker for checksums cache (C:\Users\Intel\Downloads\CRIAndroidSimple\.gradle\9.3.0\checksums)"        [_thread_blocked, id=10844, stack(0x0000000356200000,0x0000000356300000) (1024K)]
  0x000001a2d78e4970 JavaThread "Cache worker for cache directory md-supplier (C:\Users\Intel\.gradle\caches\9.3.0\md-supplier)"        [_thread_blocked, id=9072, stack(0x0000000356300000,0x0000000356400000) (1024K)]
  0x000001a2d86657f0 JavaThread "Cache worker for cache directory md-rule (C:\Users\Intel\.gradle\caches\9.3.0\md-rule)"        [_thread_blocked, id=23180, stack(0x0000000356400000,0x0000000356500000) (1024K)]
  0x000001a2d44cbf70 JavaThread "C1 CompilerThread4"         daemon [_thread_blocked, id=9152, stack(0x0000000356a00000,0x0000000356b00000) (1024K)]
  0x000001a2e99745b0 JavaThread "Unconstrained build operations"        [_thread_blocked, id=22612, stack(0x0000000356b00000,0x0000000356c00000) (1024K)]
  0x000001a2e99716d0 JavaThread "Unconstrained build operations Thread 2"        [_thread_blocked, id=21596, stack(0x0000000356c00000,0x0000000356d00000) (1024K)]
  0x000001a2e9972670 JavaThread "Unconstrained build operations Thread 3"        [_thread_blocked, id=7380, stack(0x0000000356d00000,0x0000000356e00000) (1024K)]
  0x000001a2e9972e40 JavaThread "Unconstrained build operations Thread 4"        [_thread_blocked, id=21928, stack(0x0000000356e00000,0x0000000356f00000) (1024K)]
  0x000001a2d99c6a20 JavaThread "Unconstrained build operations Thread 5"        [_thread_blocked, id=19188, stack(0x0000000356f00000,0x0000000357000000) (1024K)]
  0x000001a2d99c71f0 JavaThread "Unconstrained build operations Thread 6"        [_thread_blocked, id=17824, stack(0x0000000357000000,0x0000000357100000) (1024K)]
  0x000001a2d99c9130 JavaThread "Unconstrained build operations Thread 7"        [_thread_blocked, id=2284, stack(0x0000000357100000,0x0000000357200000) (1024K)]
  0x000001a2d99c79c0 JavaThread "Unconstrained build operations Thread 8"        [_thread_blocked, id=6984, stack(0x0000000357500000,0x0000000357600000) (1024K)]
  0x000001a2d99c5a80 JavaThread "Unconstrained build operations Thread 9"        [_thread_blocked, id=19064, stack(0x0000000357600000,0x0000000357700000) (1024K)]
  0x000001a2d99c8960 JavaThread "Unconstrained build operations Thread 10"        [_thread_blocked, id=16144, stack(0x0000000357700000,0x0000000357800000) (1024K)]
  0x000001a2d3641de0 JavaThread "Unconstrained build operations Thread 11"        [_thread_blocked, id=3172, stack(0x0000000357800000,0x0000000357900000) (1024K)]
  0x000001a2d880d880 JavaThread "Unconstrained build operations Thread 12"        [_thread_blocked, id=11720, stack(0x0000000357a00000,0x0000000357b00000) (1024K)]
  0x000001a2d880e050 JavaThread "Unconstrained build operations Thread 13"        [_thread_blocked, id=22628, stack(0x0000000357b00000,0x0000000357c00000) (1024K)]
  0x000001a2d880e820 JavaThread "Unconstrained build operations Thread 14"        [_thread_blocked, id=23172, stack(0x0000000357c00000,0x0000000357d00000) (1024K)]
  0x000001a2d880eff0 JavaThread "Unconstrained build operations Thread 15"        [_thread_blocked, id=22816, stack(0x0000000357d00000,0x0000000357e00000) (1024K)]
  0x000001a2d880f7c0 JavaThread "Unconstrained build operations Thread 16"        [_thread_blocked, id=16232, stack(0x0000000357e00000,0x0000000357f00000) (1024K)]
  0x000001a2d880ff90 JavaThread "Unconstrained build operations Thread 17"        [_thread_blocked, id=3044, stack(0x0000000357f00000,0x0000000358000000) (1024K)]
  0x000001a2d880d0b0 JavaThread "Unconstrained build operations Thread 18"        [_thread_blocked, id=19752, stack(0x0000000358000000,0x0000000358100000) (1024K)]
  0x000001a2e3f67a60 JavaThread "Unconstrained build operations Thread 19"        [_thread_blocked, id=19284, stack(0x0000000358100000,0x0000000358200000) (1024K)]
  0x000001a2e3f67290 JavaThread "Unconstrained build operations Thread 20"        [_thread_blocked, id=22572, stack(0x0000000358200000,0x0000000358300000) (1024K)]
  0x000001a2e3f66ac0 JavaThread "Unconstrained build operations Thread 21"        [_thread_blocked, id=1972, stack(0x0000000358300000,0x0000000358400000) (1024K)]
  0x000001a2e3f6a170 JavaThread "Unconstrained build operations Thread 22"        [_thread_blocked, id=18956, stack(0x0000000358400000,0x0000000358500000) (1024K)]
  0x000001a2e5e8d060 JavaThread "Unconstrained build operations Thread 23"        [_thread_blocked, id=12324, stack(0x0000000358500000,0x0000000358600000) (1024K)]
  0x000001a2e5e8e000 JavaThread "Unconstrained build operations Thread 24"        [_thread_blocked, id=21560, stack(0x0000000358600000,0x0000000358700000) (1024K)]
  0x000001a2d3288bd0 JavaThread "Unconstrained build operations Thread 25"        [_thread_blocked, id=2148, stack(0x0000000358700000,0x0000000358800000) (1024K)]
  0x000001a2d328ab10 JavaThread "Unconstrained build operations Thread 26"        [_thread_blocked, id=15220, stack(0x0000000358800000,0x0000000358900000) (1024K)]
  0x000001a2d32893a0 JavaThread "Unconstrained build operations Thread 27"        [_thread_blocked, id=4580, stack(0x0000000358900000,0x0000000358a00000) (1024K)]
  0x000001a2d3289b70 JavaThread "Unconstrained build operations Thread 28"        [_thread_blocked, id=18696, stack(0x0000000358a00000,0x0000000358b00000) (1024K)]
  0x000001a2d328a340 JavaThread "Unconstrained build operations Thread 29"        [_thread_blocked, id=4604, stack(0x0000000358b00000,0x0000000358c00000) (1024K)]
  0x000001a2d328c280 JavaThread "Unconstrained build operations Thread 30"        [_thread_blocked, id=14852, stack(0x0000000358c00000,0x0000000358d00000) (1024K)]
  0x000001a2d328b2e0 JavaThread "Unconstrained build operations Thread 31"        [_thread_blocked, id=9708, stack(0x0000000358d00000,0x0000000358e00000) (1024K)]
  0x000001a2d328bab0 JavaThread "Unconstrained build operations Thread 32"        [_thread_blocked, id=21616, stack(0x0000000358e00000,0x0000000358f00000) (1024K)]
  0x000001a2d30756c0 JavaThread "Unconstrained build operations Thread 33"        [_thread_blocked, id=7040, stack(0x0000000358f00000,0x0000000359000000) (1024K)]
  0x000001a2d3077dd0 JavaThread "Unconstrained build operations Thread 34"        [_thread_blocked, id=23316, stack(0x0000000359000000,0x0000000359100000) (1024K)]
  0x000001a2d3077600 JavaThread "Unconstrained build operations Thread 35"        [_thread_blocked, id=22828, stack(0x0000000359100000,0x0000000359200000) (1024K)]
  0x000001a2d30785a0 JavaThread "Unconstrained build operations Thread 36"        [_thread_blocked, id=14844, stack(0x0000000359200000,0x0000000359300000) (1024K)]
  0x000001a2d3075e90 JavaThread "Unconstrained build operations Thread 37"        [_thread_blocked, id=23256, stack(0x0000000359300000,0x0000000359400000) (1024K)]
  0x000001a2d3078d70 JavaThread "Unconstrained build operations Thread 38"        [_thread_blocked, id=23208, stack(0x0000000359400000,0x0000000359500000) (1024K)]
  0x000001a2d3076e30 JavaThread "Unconstrained build operations Thread 39"        [_thread_blocked, id=23220, stack(0x0000000359500000,0x0000000359600000) (1024K)]
  0x000001a2d3076660 JavaThread "Unconstrained build operations Thread 40"        [_thread_blocked, id=14836, stack(0x0000000359600000,0x0000000359700000) (1024K)]
  0x000001a2e671f660 JavaThread "Unconstrained build operations Thread 41"        [_thread_blocked, id=13896, stack(0x0000000359700000,0x0000000359800000) (1024K)]
  0x000001a2e6720dd0 JavaThread "Unconstrained build operations Thread 42"        [_thread_blocked, id=8588, stack(0x0000000359800000,0x0000000359900000) (1024K)]
  0x000001a2e671fe30 JavaThread "Unconstrained build operations Thread 43"        [_thread_blocked, id=13536, stack(0x0000000359900000,0x0000000359a00000) (1024K)]
  0x000001a2e671d720 JavaThread "Unconstrained build operations Thread 44"        [_thread_blocked, id=3532, stack(0x0000000359a00000,0x0000000359b00000) (1024K)]
  0x000001a2e6720600 JavaThread "Unconstrained build operations Thread 45"        [_thread_blocked, id=1656, stack(0x0000000359b00000,0x0000000359c00000) (1024K)]
  0x000001a2e671ee90 JavaThread "Unconstrained build operations Thread 46"        [_thread_blocked, id=7024, stack(0x0000000359c00000,0x0000000359d00000) (1024K)]
  0x000001a2e671def0 JavaThread "Unconstrained build operations Thread 47"        [_thread_blocked, id=5308, stack(0x0000000359d00000,0x0000000359e00000) (1024K)]
  0x000001a2e671e6c0 JavaThread "Unconstrained build operations Thread 48"        [_thread_blocked, id=16528, stack(0x0000000359e00000,0x0000000359f00000) (1024K)]
  0x000001a2e8691000 JavaThread "Unconstrained build operations Thread 49"        [_thread_blocked, id=9280, stack(0x0000000359f00000,0x000000035a000000) (1024K)]
  0x000001a2e8691fa0 JavaThread "Unconstrained build operations Thread 50"        [_thread_blocked, id=22100, stack(0x000000035a000000,0x000000035a100000) (1024K)]
  0x000001a2e86917d0 JavaThread "Unconstrained build operations Thread 51"        [_thread_blocked, id=1560, stack(0x000000035a100000,0x000000035a200000) (1024K)]
  0x000001a2e86946b0 JavaThread "Unconstrained build operations Thread 52"        [_thread_blocked, id=18456, stack(0x000000035a200000,0x000000035a300000) (1024K)]
  0x000001a2e8692f40 JavaThread "Unconstrained build operations Thread 53"        [_thread_blocked, id=7340, stack(0x000000035a300000,0x000000035a400000) (1024K)]
  0x000001a2e8692770 JavaThread "Unconstrained build operations Thread 54"        [_thread_blocked, id=2592, stack(0x000000035a400000,0x000000035a500000) (1024K)]
  0x000001a2e8693710 JavaThread "Unconstrained build operations Thread 55"        [_thread_blocked, id=2348, stack(0x000000035a500000,0x000000035a600000) (1024K)]
  0x000001a2e8693ee0 JavaThread "Unconstrained build operations Thread 56"        [_thread_blocked, id=22092, stack(0x000000035a600000,0x000000035a700000) (1024K)]
  0x000001a2d30dc030 JavaThread "Unconstrained build operations Thread 57"        [_thread_blocked, id=2040, stack(0x000000035a700000,0x000000035a800000) (1024K)]
  0x000001a2d30ddf70 JavaThread "Unconstrained build operations Thread 58"        [_thread_blocked, id=5080, stack(0x000000035a800000,0x000000035a900000) (1024K)]
  0x000001a2d30dc800 JavaThread "Unconstrained build operations Thread 59"        [_thread_blocked, id=22236, stack(0x000000035a900000,0x000000035aa00000) (1024K)]
  0x000001a2d30dcfd0 JavaThread "Unconstrained build operations Thread 60"        [_thread_blocked, id=23212, stack(0x000000035aa00000,0x000000035ab00000) (1024K)]
  0x000001a2d30dd7a0 JavaThread "Unconstrained build operations Thread 61"        [_thread_blocked, id=15444, stack(0x000000035ab00000,0x000000035ac00000) (1024K)]
  0x000001a2d30de740 JavaThread "Unconstrained build operations Thread 62"        [_thread_blocked, id=15432, stack(0x000000035ac00000,0x000000035ad00000) (1024K)]
  0x000001a2d30def10 JavaThread "Unconstrained build operations Thread 63"        [_thread_blocked, id=22592, stack(0x000000035ad00000,0x000000035ae00000) (1024K)]
  0x000001a2d30db860 JavaThread "Unconstrained build operations Thread 64"        [_thread_blocked, id=23268, stack(0x000000035ae00000,0x000000035af00000) (1024K)]
  0x000001a2e7885670 JavaThread "Unconstrained build operations Thread 65"        [_thread_blocked, id=23196, stack(0x000000035b100000,0x000000035b200000) (1024K)]
  0x000001a2e78846d0 JavaThread "Unconstrained build operations Thread 66"        [_thread_blocked, id=23240, stack(0x000000035b200000,0x000000035b300000) (1024K)]
  0x000001a2e7884ea0 JavaThread "Unconstrained build operations Thread 67"        [_thread_blocked, id=23312, stack(0x000000035b300000,0x000000035b400000) (1024K)]
  0x000001a2e7885e40 JavaThread "Unconstrained build operations Thread 68"        [_thread_blocked, id=18480, stack(0x000000035b400000,0x000000035b500000) (1024K)]
  0x000001a2e7886610 JavaThread "Unconstrained build operations Thread 69"        [_thread_blocked, id=23264, stack(0x000000035b500000,0x000000035b600000) (1024K)]
  0x000001a2e7886de0 JavaThread "Unconstrained build operations Thread 70"        [_thread_blocked, id=23200, stack(0x000000035b600000,0x000000035b700000) (1024K)]
  0x000001a2e7883730 JavaThread "Unconstrained build operations Thread 71"        [_thread_blocked, id=5988, stack(0x000000035b700000,0x000000035b800000) (1024K)]
  0x000001a2e7883f00 JavaThread "Unconstrained build operations Thread 72"        [_thread_blocked, id=19660, stack(0x000000035b800000,0x000000035b900000) (1024K)]
  0x000001a2e76aea70 JavaThread "Unconstrained build operations Thread 73"        [_thread_blocked, id=2308, stack(0x000000035b900000,0x000000035ba00000) (1024K)]
  0x000001a2e76afa10 JavaThread "Unconstrained build operations Thread 74"        [_thread_blocked, id=19856, stack(0x000000035ba00000,0x000000035bb00000) (1024K)]
  0x000001a2e76b1950 JavaThread "Unconstrained build operations Thread 75"        [_thread_blocked, id=4528, stack(0x000000035bb00000,0x000000035bc00000) (1024K)]
  0x000001a2e76b1180 JavaThread "Unconstrained build operations Thread 76"        [_thread_blocked, id=21624, stack(0x000000035bc00000,0x000000035bd00000) (1024K)]
  0x000001a2e76b09b0 JavaThread "Unconstrained build operations Thread 77"        [_thread_blocked, id=4572, stack(0x000000035bd00000,0x000000035be00000) (1024K)]
  0x000001a2e76b2120 JavaThread "Unconstrained build operations Thread 78"        [_thread_blocked, id=16468, stack(0x000000035be00000,0x000000035bf00000) (1024K)]
  0x000001a2e76af240 JavaThread "Unconstrained build operations Thread 79"        [_thread_blocked, id=2420, stack(0x000000035c000000,0x000000035c100000) (1024K)]
  0x000001a2e76b01e0 JavaThread "Unconstrained build operations Thread 80"        [_thread_blocked, id=22056, stack(0x000000035c100000,0x000000035c200000) (1024K)]
  0x000001a2e5d75d00 JavaThread "Unconstrained build operations Thread 81"        [_thread_blocked, id=11876, stack(0x000000035c200000,0x000000035c300000) (1024K)]
  0x000001a2e5d764d0 JavaThread "Unconstrained build operations Thread 82"        [_thread_blocked, id=20872, stack(0x000000035c300000,0x000000035c400000) (1024K)]
  0x000001a2e5d76ca0 JavaThread "Unconstrained build operations Thread 83"        [_thread_blocked, id=21152, stack(0x000000035c400000,0x000000035c500000) (1024K)]
  0x000001a2e5d77470 JavaThread "Unconstrained build operations Thread 84"        [_thread_blocked, id=17404, stack(0x000000035c600000,0x000000035c700000) (1024K)]
  0x000001a2d4f87810 JavaThread "Problems report writer"            [_thread_blocked, id=16152, stack(0x000000035c700000,0x000000035c800000) (1024K)]
  0x000001a2e0c92330 JavaThread "build event listener"              [_thread_blocked, id=23236, stack(0x000000035c800000,0x000000035c900000) (1024K)]
  0x000001a2e5d75530 JavaThread "build event listener"              [_thread_blocked, id=18488, stack(0x000000035c900000,0x000000035ca00000) (1024K)]
  0x000001a2e6812b90 JavaThread "C2 CompilerThread1"         daemon [_thread_blocked, id=18280, stack(0x0000000350200000,0x0000000350300000) (1024K)]
  0x000001a2d87a2700 JavaThread "C2 CompilerThread2"         daemon [_thread_blocked, id=17564, stack(0x0000000352500000,0x0000000352600000) (1024K)]
  0x000001a2d879ee90 JavaThread "C2 CompilerThread3"         daemon [_thread_in_native, id=20804, stack(0x0000000352700000,0x0000000352800000) (1024K)]
  0x000001a2d4749ca0 JavaThread "C2 CompilerThread4"         daemon [_thread_blocked, id=14832, stack(0x0000000353700000,0x0000000353800000) (1024K)]
  0x000001a2e401ca00 JavaThread "C2 CompilerThread5"         daemon [_thread_blocked, id=19888, stack(0x0000000355f00000,0x0000000356000000) (1024K)]
  0x000001a2d7b97fd0 JavaThread "C2 CompilerThread6"         daemon [_thread_blocked, id=21420, stack(0x0000000356700000,0x0000000356800000) (1024K)]
  0x000001a2e6939c70 JavaThread "C2 CompilerThread7"         daemon [_thread_blocked, id=2544, stack(0x0000000356800000,0x0000000356900000) (1024K)]
  0x000001a2e81eb400 JavaThread "C2 CompilerThread8"         daemon [_thread_blocked, id=13012, stack(0x0000000356900000,0x0000000356a00000) (1024K)]
  0x000001a2d6006970 JavaThread "C2 CompilerThread9"         daemon [_thread_blocked, id=21016, stack(0x0000000357900000,0x0000000357a00000) (1024K)]
  0x000001a2d45eaff0 JavaThread "pool-19-thread-1"                  [_thread_blocked, id=4016, stack(0x000000035ca00000,0x000000035cb00000) (1024K)]
  0x000001a2d45eb7c0 JavaThread "build event listener"              [_thread_blocked, id=21464, stack(0x000000035cb00000,0x000000035cc00000) (1024K)]
  0x000001a2d45ebf90 JavaThread "included builds"                   [_thread_blocked, id=6104, stack(0x000000035cc00000,0x000000035cd00000) (1024K)]
  0x000001a2d8c29e80 JavaThread "Execution worker"                  [_thread_blocked, id=22148, stack(0x000000035cd00000,0x000000035ce00000) (1024K)]
  0x000001a2d8c2a650 JavaThread "Execution worker Thread 2"         [_thread_blocked, id=8668, stack(0x000000035ce00000,0x000000035cf00000) (1024K)]
  0x000001a2d8241280 JavaThread "Execution worker Thread 3"         [_thread_blocked, id=20940, stack(0x000000035cf00000,0x000000035d000000) (1024K)]
  0x000001a2d823fb10 JavaThread "Execution worker Thread 4"         [_thread_blocked, id=15372, stack(0x000000035d000000,0x000000035d100000) (1024K)]
  0x000001a2d8241a50 JavaThread "Execution worker Thread 5"         [_thread_blocked, id=18472, stack(0x000000035d100000,0x000000035d200000) (1024K)]
  0x000001a2d8242220 JavaThread "Execution worker Thread 6"         [_thread_blocked, id=15216, stack(0x000000035d200000,0x000000035d300000) (1024K)]
  0x000001a2d823f340 JavaThread "Execution worker Thread 7"         [_thread_blocked, id=13112, stack(0x000000035d300000,0x000000035d400000) (1024K)]
  0x000001a2e402d5a0 JavaThread "Execution worker Thread 8"         [_thread_blocked, id=14968, stack(0x000000035d500000,0x000000035d600000) (1024K)]
  0x000001a2e402f4e0 JavaThread "Execution worker Thread 9"         [_thread_blocked, id=6000, stack(0x000000035d600000,0x000000035d700000) (1024K)]
  0x000001a2e402dd70 JavaThread "Execution worker Thread 10"        [_thread_blocked, id=14952, stack(0x000000035d800000,0x000000035d900000) (1024K)]
  0x000001a2e402fcb0 JavaThread "Execution worker Thread 11"        [_thread_blocked, id=15844, stack(0x000000035d900000,0x000000035da00000) (1024K)]
  0x000001a2e402c600 JavaThread "Execution worker Thread 12"        [_thread_blocked, id=23284, stack(0x000000035da00000,0x000000035db00000) (1024K)]
  0x000001a2e402e540 JavaThread "Execution worker Thread 13"        [_thread_blocked, id=4228, stack(0x000000035db00000,0x000000035dc00000) (1024K)]
  0x000001a2e402cdd0 JavaThread "Execution worker Thread 14"        [_thread_blocked, id=21800, stack(0x000000035dc00000,0x000000035dd00000) (1024K)]
  0x000001a2e6b74220 JavaThread "Cache worker for execution history cache (C:\Users\Intel\Downloads\CRIAndroidSimple\.gradle\9.3.0\executionHistory)"        [_thread_blocked, id=19468, stack(0x000000035dd00000,0x000000035de00000) (1024K)]
  0x000001a2e2e85a00 JavaThread "Execution worker Thread 15"        [_thread_blocked, id=12076, stack(0x000000035de00000,0x000000035df00000) (1024K)]
  0x000001a2e2e82b20 JavaThread "Execution worker Thread 16"        [_thread_blocked, id=21432, stack(0x000000035df00000,0x000000035e000000) (1024K)]
  0x000001a2e2e82350 JavaThread "Execution worker Thread 17"        [_thread_blocked, id=11384, stack(0x000000035e000000,0x000000035e100000) (1024K)]
  0x000001a2e2e832f0 JavaThread "Execution worker Thread 18"        [_thread_blocked, id=17796, stack(0x000000035e100000,0x000000035e200000) (1024K)]
  0x000001a2e2e83ac0 JavaThread "Execution worker Thread 19"        [_thread_blocked, id=20840, stack(0x000000035e200000,0x000000035e300000) (1024K)]
  0x000001a2e2e84290 JavaThread "Execution worker Thread 20"        [_thread_blocked, id=18896, stack(0x000000035e300000,0x000000035e400000) (1024K)]
  0x000001a2e2e84a60 JavaThread "Execution worker Thread 21"        [_thread_blocked, id=10828, stack(0x000000035e400000,0x000000035e500000) (1024K)]
  0x000001a2e2e85230 JavaThread "Execution worker Thread 22"        [_thread_blocked, id=14364, stack(0x000000035e500000,0x000000035e600000) (1024K)]
  0x000001a2ee30cf10 JavaThread "Execution worker Thread 23"        [_thread_blocked, id=20428, stack(0x000000035e600000,0x000000035e700000) (1024K)]
  0x000001a2ee30f620 JavaThread "Execution worker Thread 24"        [_thread_blocked, id=3996, stack(0x000000035e700000,0x000000035e800000) (1024K)]
  0x000001a2ee30d6e0 JavaThread "Execution worker Thread 25"        [_thread_blocked, id=14228, stack(0x000000035e800000,0x000000035e900000) (1024K)]
  0x000001a2ee30deb0 JavaThread "Execution worker Thread 26"        [_thread_blocked, id=5244, stack(0x000000035e900000,0x000000035ea00000) (1024K)]
  0x000001a2ee30e680 JavaThread "Execution worker Thread 27"        [_thread_blocked, id=15068, stack(0x000000035ea00000,0x000000035eb00000) (1024K)]
  0x000001a2ee30ee50 JavaThread "Execution worker Thread 28"        [_thread_blocked, id=11840, stack(0x000000035eb00000,0x000000035ec00000) (1024K)]
  0x000001a2ee30fdf0 JavaThread "Execution worker Thread 29"        [_thread_blocked, id=15764, stack(0x000000035ec00000,0x000000035ed00000) (1024K)]
  0x000001a2ee3105c0 JavaThread "Execution worker Thread 30"        [_thread_blocked, id=20060, stack(0x000000035ed00000,0x000000035ee00000) (1024K)]
  0x000001a2e0b57eb0 JavaThread "Execution worker Thread 31"        [_thread_blocked, id=11352, stack(0x000000035ee00000,0x000000035ef00000) (1024K)]
  0x000001a2d3641610 JavaThread "Unconstrained build operations Thread 85"        [_thread_blocked, id=20472, stack(0x000000035ef00000,0x000000035f000000) (1024K)]
  0x000001a2d3642d80 JavaThread "Unconstrained build operations Thread 86"        [_thread_blocked, id=8552, stack(0x000000035f000000,0x000000035f100000) (1024K)]
  0x000001a2eb88c3d0 JavaThread "Unconstrained build operations Thread 87"        [_thread_blocked, id=13940, stack(0x000000035f100000,0x000000035f200000) (1024K)]
  0x000001a2eb88ac60 JavaThread "Unconstrained build operations Thread 88"        [_thread_blocked, id=14936, stack(0x000000035f200000,0x000000035f300000) (1024K)]
  0x000001a2eb88e310 JavaThread "Unconstrained build operations Thread 89"        [_thread_blocked, id=17948, stack(0x000000035f300000,0x000000035f400000) (1024K)]
  0x000001a2eb88d370 JavaThread "Unconstrained build operations Thread 90"        [_thread_blocked, id=13028, stack(0x000000035f400000,0x000000035f500000) (1024K)]
  0x000001a2eb88b430 JavaThread "Unconstrained build operations Thread 91"        [_thread_blocked, id=13728, stack(0x000000035f500000,0x000000035f600000) (1024K)]
  0x000001a2e6b749f0 JavaThread "Unconstrained build operations Thread 92"        [_thread_blocked, id=3380, stack(0x000000035f600000,0x000000035f700000) (1024K)]
  0x000001a2e6b722e0 JavaThread "Unconstrained build operations Thread 93"        [_thread_blocked, id=20036, stack(0x000000035f700000,0x000000035f800000) (1024K)]
  0x000001a2e6b71b10 JavaThread "Unconstrained build operations Thread 94"        [_thread_blocked, id=15652, stack(0x000000035f800000,0x000000035f900000) (1024K)]
  0x000001a2e6b73a50 JavaThread "Unconstrained build operations Thread 95"        [_thread_blocked, id=12932, stack(0x000000035f900000,0x000000035fa00000) (1024K)]
  0x000001a2d3156170 JavaThread "Unconstrained build operations Thread 96"        [_thread_blocked, id=8144, stack(0x000000035fa00000,0x000000035fb00000) (1024K)]
  0x000001a2d3156940 JavaThread "Unconstrained build operations Thread 97"        [_thread_blocked, id=4548, stack(0x000000035fb00000,0x000000035fc00000) (1024K)]
  0x000001a2d3154a00 JavaThread "Unconstrained build operations Thread 98"        [_thread_blocked, id=12836, stack(0x000000035fc00000,0x000000035fd00000) (1024K)]
  0x000001a2d3153a60 JavaThread "Unconstrained build operations Thread 99"        [_thread_blocked, id=4188, stack(0x000000035fd00000,0x000000035fe00000) (1024K)]
  0x000001a2d3153290 JavaThread "Unconstrained build operations Thread 100"        [_thread_blocked, id=23224, stack(0x000000035fe00000,0x000000035ff00000) (1024K)]
  0x000001a2d31551d0 JavaThread "Unconstrained build operations Thread 101"        [_thread_blocked, id=23288, stack(0x000000035ff00000,0x0000000360000000) (1024K)]
  0x000001a2d31559a0 JavaThread "Unconstrained build operations Thread 102"        [_thread_blocked, id=23292, stack(0x0000000360200000,0x0000000360300000) (1024K)]
  0x000001a2f03805a0 JavaThread "Unconstrained build operations Thread 103"        [_thread_blocked, id=16228, stack(0x0000000360300000,0x0000000360400000) (1024K)]
  0x000001a2f037e660 JavaThread "Unconstrained build operations Thread 104"        [_thread_blocked, id=23244, stack(0x0000000360400000,0x0000000360500000) (1024K)]
  0x000001a2f0380d70 JavaThread "Unconstrained build operations Thread 105"        [_thread_blocked, id=17692, stack(0x0000000360500000,0x0000000360600000) (1024K)]
  0x000001a2f0381540 JavaThread "Unconstrained build operations Thread 106"        [_thread_blocked, id=3892, stack(0x0000000360600000,0x0000000360700000) (1024K)]
  0x000001a2f037de90 JavaThread "Unconstrained build operations Thread 107"        [_thread_blocked, id=16112, stack(0x0000000360700000,0x0000000360800000) (1024K)]
  0x000001a2f037f600 JavaThread "Unconstrained build operations Thread 108"        [_thread_blocked, id=20816, stack(0x0000000360800000,0x0000000360900000) (1024K)]
  0x000001a2f037ee30 JavaThread "Unconstrained build operations Thread 109"        [_thread_blocked, id=19948, stack(0x0000000360900000,0x0000000360a00000) (1024K)]
  0x000001a2f037fdd0 JavaThread "Unconstrained build operations Thread 110"        [_thread_blocked, id=8648, stack(0x0000000360a00000,0x0000000360b00000) (1024K)]
  0x000001a2d8636c70 JavaThread "Unconstrained build operations Thread 111"        [_thread_blocked, id=17932, stack(0x0000000360b00000,0x0000000360c00000) (1024K)]
  0x000001a2d86383e0 JavaThread "Unconstrained build operations Thread 112"        [_thread_blocked, id=16132, stack(0x0000000360c00000,0x0000000360d00000) (1024K)]
  0x000001a2d8637440 JavaThread "Unconstrained build operations Thread 113"        [_thread_blocked, id=18404, stack(0x0000000360d00000,0x0000000360e00000) (1024K)]
  0x000001a2d8637c10 JavaThread "Unconstrained build operations Thread 114"        [_thread_blocked, id=18408, stack(0x0000000360e00000,0x0000000360f00000) (1024K)]
  0x000001a2d8635500 JavaThread "Unconstrained build operations Thread 115"        [_thread_blocked, id=21148, stack(0x0000000360f00000,0x0000000361000000) (1024K)]
  0x000001a2d6a84eb0 JavaThread "Unconstrained build operations Thread 116"        [_thread_blocked, id=23304, stack(0x0000000361000000,0x0000000361100000) (1024K)]
  0x000001a2ea853a20 JavaThread "Unconstrained build operations Thread 117"        [_thread_blocked, id=22072, stack(0x0000000361100000,0x0000000361200000) (1024K)]
  0x000001a2d45ecf30 JavaThread "Unconstrained build operations Thread 118"        [_thread_blocked, id=3804, stack(0x0000000361200000,0x0000000361300000) (1024K)]
  0x000001a2e9973de0 JavaThread "Unconstrained build operations Thread 119"        [_thread_blocked, id=18392, stack(0x0000000361300000,0x0000000361400000) (1024K)]
  0x000001a2e9974d80 JavaThread "Unconstrained build operations Thread 120"        [_thread_blocked, id=5720, stack(0x0000000361400000,0x0000000361500000) (1024K)]
  0x000001a2ea158200 JavaThread "Unconstrained build operations Thread 121"        [_thread_blocked, id=1008, stack(0x0000000361500000,0x0000000361600000) (1024K)]
  0x000001a2ea157a30 JavaThread "Unconstrained build operations Thread 122"        [_thread_blocked, id=21864, stack(0x0000000361600000,0x0000000361700000) (1024K)]
  0x000001a2ea1562c0 JavaThread "Unconstrained build operations Thread 123"        [_thread_blocked, id=23276, stack(0x0000000361700000,0x0000000361800000) (1024K)]
  0x000001a2ea155af0 JavaThread "Unconstrained build operations Thread 124"        [_thread_blocked, id=9092, stack(0x0000000361800000,0x0000000361900000) (1024K)]
  0x000001a2ea1591a0 JavaThread "Unconstrained build operations Thread 125"        [_thread_blocked, id=23308, stack(0x0000000361900000,0x0000000361a00000) (1024K)]
  0x000001a2ea157260 JavaThread "Unconstrained build operations Thread 126"        [_thread_blocked, id=21952, stack(0x0000000361a00000,0x0000000361b00000) (1024K)]
  0x000001a2ea156a90 JavaThread "Unconstrained build operations Thread 127"        [_thread_blocked, id=10164, stack(0x0000000361b00000,0x0000000361c00000) (1024K)]
  0x000001a2eb4fb670 JavaThread "Unconstrained build operations Thread 128"        [_thread_blocked, id=5848, stack(0x0000000361c00000,0x0000000361d00000) (1024K)]
  0x000001a2eb4faea0 JavaThread "Unconstrained build operations Thread 129"        [_thread_blocked, id=10848, stack(0x0000000361d00000,0x0000000361e00000) (1024K)]
  0x000001a2eb4fc610 JavaThread "Unconstrained build operations Thread 130"        [_thread_blocked, id=23016, stack(0x0000000361e00000,0x0000000361f00000) (1024K)]
  0x000001a2eb4fe550 JavaThread "Unconstrained build operations Thread 131"        [_thread_blocked, id=4564, stack(0x0000000361f00000,0x0000000362000000) (1024K)]
  0x000001a2eb4fbe40 JavaThread "Unconstrained build operations Thread 132"        [_thread_blocked, id=10132, stack(0x0000000362000000,0x0000000362100000) (1024K)]
  0x000001a2eb4fcde0 JavaThread "Unconstrained build operations Thread 133"        [_thread_blocked, id=17704, stack(0x0000000362100000,0x0000000362200000) (1024K)]
  0x000001a2eb4fd5b0 JavaThread "Unconstrained build operations Thread 134"        [_thread_blocked, id=22560, stack(0x0000000362200000,0x0000000362300000) (1024K)]
  0x000001a2f0dc77f0 JavaThread "WorkerExecutor Queue"              [_thread_in_native, id=20676, stack(0x0000000362300000,0x0000000362400000) (1024K)]
  0x000001a2efa3d300 JavaThread "Unconstrained build operations Thread 135"        [_thread_blocked, id=14768, stack(0x0000000362400000,0x0000000362500000) (1024K)]
  0x000001a2efa3cb30 JavaThread "Unconstrained build operations Thread 136"        [_thread_blocked, id=18524, stack(0x0000000362500000,0x0000000362600000) (1024K)]
  0x000001a2efa3dad0 JavaThread "Unconstrained build operations Thread 137"        [_thread_blocked, id=16260, stack(0x0000000362600000,0x0000000362700000) (1024K)]
  0x000001a2efa3c360 JavaThread "Unconstrained build operations Thread 138"        [_thread_blocked, id=21516, stack(0x0000000362700000,0x0000000362800000) (1024K)]
  0x000001a2ed8dfe70 JavaThread "Unconstrained build operations Thread 139"        [_thread_blocked, id=21336, stack(0x0000000362800000,0x0000000362900000) (1024K)]
  0x000001a2ed8e0640 JavaThread "Unconstrained build operations Thread 140"        [_thread_blocked, id=22328, stack(0x0000000362900000,0x0000000362a00000) (1024K)]
  0x000001a2ed8de700 JavaThread "Unconstrained build operations Thread 141"        [_thread_blocked, id=18584, stack(0x0000000362a00000,0x0000000362b00000) (1024K)]
  0x000001a2ed8deed0 JavaThread "Unconstrained build operations Thread 142"        [_thread_blocked, id=22948, stack(0x0000000362b00000,0x0000000362c00000) (1024K)]
  0x000001a2ed8dcf90 JavaThread "Unconstrained build operations Thread 143"        [_thread_blocked, id=10488, stack(0x0000000362c00000,0x0000000362d00000) (1024K)]
  0x000001a2ed8df6a0 JavaThread "Unconstrained build operations Thread 144"        [_thread_blocked, id=21440, stack(0x0000000362d00000,0x0000000362e00000) (1024K)]
  0x000001a2ed8dd760 JavaThread "Unconstrained build operations Thread 145"        [_thread_blocked, id=22920, stack(0x0000000362e00000,0x0000000362f00000) (1024K)]
  0x000001a2ed8ddf30 JavaThread "Unconstrained build operations Thread 146"        [_thread_blocked, id=23064, stack(0x0000000362f00000,0x0000000363000000) (1024K)]
  0x000001a2f0406d10 JavaThread "Unconstrained build operations Thread 147"        [_thread_blocked, id=20224, stack(0x0000000363000000,0x0000000363100000) (1024K)]
  0x000001a2f04074e0 JavaThread "Unconstrained build operations Thread 148"        [_thread_blocked, id=22116, stack(0x0000000363100000,0x0000000363200000) (1024K)]
  0x000001a2f040a3c0 JavaThread "Unconstrained build operations Thread 149"        [_thread_blocked, id=6432, stack(0x0000000363200000,0x0000000363300000) (1024K)]
  0x000001a2f0409bf0 JavaThread "Unconstrained build operations Thread 150"        [_thread_blocked, id=12040, stack(0x0000000363300000,0x0000000363400000) (1024K)]
  0x000001a2f0408c50 JavaThread "Unconstrained build operations Thread 151"        [_thread_blocked, id=21620, stack(0x0000000363400000,0x0000000363500000) (1024K)]
  0x000001a2f0407cb0 JavaThread "Unconstrained build operations Thread 152"        [_thread_blocked, id=8736, stack(0x0000000363500000,0x0000000363600000) (1024K)]
  0x000001a2f0408480 JavaThread "Unconstrained build operations Thread 153"        [_thread_blocked, id=22548, stack(0x0000000363600000,0x0000000363700000) (1024K)]
  0x000001a2e4c76ca0 JavaThread "Unconstrained build operations Thread 154"        [_thread_blocked, id=15692, stack(0x0000000363700000,0x0000000363800000) (1024K)]
  0x000001a2e4c764d0 JavaThread "Unconstrained build operations Thread 155"        [_thread_blocked, id=20896, stack(0x0000000363900000,0x0000000363a00000) (1024K)]
  0x000001a2e4c78be0 JavaThread "Unconstrained build operations Thread 156"        [_thread_blocked, id=14420, stack(0x0000000363a00000,0x0000000363b00000) (1024K)]
  0x000001a2e4c77470 JavaThread "Unconstrained build operations Thread 157"        [_thread_blocked, id=20780, stack(0x0000000363b00000,0x0000000363c00000) (1024K)]
  0x000001a2e4c793b0 JavaThread "Unconstrained build operations Thread 158"        [_thread_blocked, id=15912, stack(0x0000000363c00000,0x0000000363d00000) (1024K)]
  0x000001a2e4c79b80 JavaThread "Unconstrained build operations Thread 159"        [_thread_blocked, id=22540, stack(0x0000000363d00000,0x0000000363e00000) (1024K)]
  0x000001a2e4c77c40 JavaThread "Unconstrained build operations Thread 160"        [_thread_blocked, id=23136, stack(0x0000000363e00000,0x0000000363f00000) (1024K)]
=>0x000001a2e4c78410 JavaThread "Unconstrained build operations Thread 161"        [_thread_in_vm, id=10912, stack(0x0000000363f00000,0x0000000364000000) (1024K)]
  0x000001a2d88c79d0 JavaThread "Unconstrained build operations Thread 162"        [_thread_blocked, id=1876, stack(0x0000000364000000,0x0000000364100000) (1024K)]
  0x000001a2d88c81a0 JavaThread "Unconstrained build operations Thread 163"        [_thread_blocked, id=17568, stack(0x0000000364100000,0x0000000364200000) (1024K)]
  0x000001a2d88ca0e0 JavaThread "Unconstrained build operations Thread 164"        [_thread_blocked, id=7952, stack(0x0000000364200000,0x0000000364300000) (1024K)]
  0x000001a2d88c9140 JavaThread "Unconstrained build operations Thread 165"        [_thread_blocked, id=21232, stack(0x0000000364300000,0x0000000364400000) (1024K)]
  0x000001a2d88c9910 JavaThread "Unconstrained build operations Thread 166"        [_thread_blocked, id=2660, stack(0x0000000364400000,0x0000000364500000) (1024K)]
  0x000001a2d88ca8b0 JavaThread "Unconstrained build operations Thread 167"        [_thread_blocked, id=21900, stack(0x0000000364500000,0x0000000364600000) (1024K)]
  0x000001a2d88cb080 JavaThread "Unconstrained build operations Thread 168"        [_thread_blocked, id=23080, stack(0x0000000364600000,0x0000000364700000) (1024K)]
Total: 290

Other Threads:
  0x000001a2cddb2570 VMThread "VM Thread"                           [id=12800, stack(0x0000000350a00000,0x0000000350b00000) (1024K)] _threads_hazard_ptr=0x000001a2d87f8450
  0x000001a2cdd6f890 WatcherThread "VM Periodic Task Thread"        [id=22520, stack(0x0000000350900000,0x0000000350a00000) (1024K)]
  0x000001a2b65c1580 WorkerThread "GC Thread#0"                     [id=9248, stack(0x0000000350400000,0x0000000350500000) (1024K)]
  0x000001a2d37fea10 WorkerThread "GC Thread#1"                     [id=8084, stack(0x0000000351a00000,0x0000000351b00000) (1024K)]
  0x000001a2d39c8ae0 WorkerThread "GC Thread#2"                     [id=12504, stack(0x0000000351b00000,0x0000000351c00000) (1024K)]
  0x000001a2d3a6bb80 WorkerThread "GC Thread#3"                     [id=17592, stack(0x0000000351c00000,0x0000000351d00000) (1024K)]
  0x000001a2ce641480 WorkerThread "GC Thread#4"                     [id=10884, stack(0x0000000351d00000,0x0000000351e00000) (1024K)]
  0x000001a2ce642e60 WorkerThread "GC Thread#5"                     [id=14324, stack(0x0000000351e00000,0x0000000351f00000) (1024K)]
  0x000001a2d53e52b0 WorkerThread "GC Thread#6"                     [id=9292, stack(0x0000000352800000,0x0000000352900000) (1024K)]
  0x000001a2d53e5fa0 WorkerThread "GC Thread#7"                     [id=7228, stack(0x0000000352900000,0x0000000352a00000) (1024K)]
  0x000001a2d53e63f0 WorkerThread "GC Thread#8"                     [id=14380, stack(0x0000000352a00000,0x0000000352b00000) (1024K)]
  0x000001a2d53e6c90 WorkerThread "GC Thread#9"                     [id=2152, stack(0x0000000352b00000,0x0000000352c00000) (1024K)]
  0x000001a2d53e70e0 WorkerThread "GC Thread#10"                    [id=16492, stack(0x0000000352c00000,0x0000000352d00000) (1024K)]
  0x000001a2d53e7980 WorkerThread "GC Thread#11"                    [id=15664, stack(0x0000000352d00000,0x0000000352e00000) (1024K)]
  0x000001a2d53e8220 WorkerThread "GC Thread#12"                    [id=22112, stack(0x0000000352e00000,0x0000000352f00000) (1024K)]
  0x000001a2ce641030 WorkerThread "GC Thread#13"                    [id=1552, stack(0x0000000352f00000,0x0000000353000000) (1024K)]
  0x000001a2d586dad0 WorkerThread "GC Thread#14"                    [id=15340, stack(0x0000000353000000,0x0000000353100000) (1024K)]
  0x000001a2d586df20 WorkerThread "GC Thread#15"                    [id=20016, stack(0x0000000353100000,0x0000000353200000) (1024K)]
  0x000001a2d5871fd0 WorkerThread "GC Thread#16"                    [id=21288, stack(0x0000000353d00000,0x0000000353e00000) (1024K)]
  0x000001a2d586e370 WorkerThread "GC Thread#17"                    [id=19384, stack(0x0000000353e00000,0x0000000353f00000) (1024K)]
  0x000001a2d5875390 WorkerThread "GC Thread#18"                    [id=6044, stack(0x0000000353f00000,0x0000000354000000) (1024K)]
  0x000001a2d5872cc0 WorkerThread "GC Thread#19"                    [id=13020, stack(0x0000000354000000,0x0000000354100000) (1024K)]
  0x000001a2d5872420 WorkerThread "GC Thread#20"                    [id=4084, stack(0x0000000354100000,0x0000000354200000) (1024K)]
  0x000001a2d5874250 WorkerThread "GC Thread#21"                    [id=10076, stack(0x0000000354200000,0x0000000354300000) (1024K)]
  0x000001a2d5873e00 WorkerThread "GC Thread#22"                    [id=17880, stack(0x0000000354300000,0x0000000354400000) (1024K)]
  0x000001a2b65c86f0 ConcurrentGCThread "G1 Main Marker"            [id=12336, stack(0x0000000350500000,0x0000000350600000) (1024K)]
  0x000001a2b65cb0e0 WorkerThread "G1 Conc#0"                       [id=15436, stack(0x0000000350600000,0x0000000350700000) (1024K)]
  0x000001a2d586ec10 WorkerThread "G1 Conc#1"                       [id=22512, stack(0x0000000353200000,0x0000000353300000) (1024K)]
  0x000001a2d586fd50 WorkerThread "G1 Conc#2"                       [id=5724, stack(0x0000000353300000,0x0000000353400000) (1024K)]
  0x000001a2d586f060 WorkerThread "G1 Conc#3"                       [id=18672, stack(0x0000000353400000,0x0000000353500000) (1024K)]
  0x000001a2d586f4b0 WorkerThread "G1 Conc#4"                       [id=9964, stack(0x0000000353500000,0x0000000353600000) (1024K)]
  0x000001a2d586e7c0 WorkerThread "G1 Conc#5"                       [id=3712, stack(0x0000000353600000,0x0000000353700000) (1024K)]
  0x000001a2cdc47630 ConcurrentGCThread "G1 Refine#0"               [id=21384, stack(0x0000000350700000,0x0000000350800000) (1024K)]
  0x000001a2cdc48b00 ConcurrentGCThread "G1 Service"                [id=22120, stack(0x0000000350800000,0x0000000350900000) (1024K)]
Total: 34

Threads with active compile tasks:
C2 CompilerThread0  156451 70818 %     4       com.android.tools.r8.internal.Vz::a @ 205 (3948 bytes)
C1 CompilerThread3  156451 73214       2       com.google.common.reflect.TypeResolver$TypeTable::resolve (20 bytes)
C2 CompilerThread1  156451 70023       4       com.android.tools.r8.internal.y7::c (2193 bytes)
C2 CompilerThread2  156451 70143 %     4       com.android.tools.r8.internal.Bn::a @ 10 (1063 bytes)
C2 CompilerThread3  156451 69275 %     4       com.android.tools.r8.internal.CQ::a @ 389 (975 bytes)
C2 CompilerThread4  156451 70378 %     4       com.android.tools.r8.internal.Km::a @ 212 (631 bytes)
C2 CompilerThread5  156451 72960       4       com.android.tools.r8.internal.u9::a (1719 bytes)
C2 CompilerThread6  156451 72524       4       com.android.tools.r8.internal.Qk0::a (334 bytes)
C2 CompilerThread7  156451 73105       4       com.android.tools.r8.internal.Oa::a (391 bytes)
C2 CompilerThread8  156451 72872       4       com.android.tools.r8.internal.CQ::b (4448 bytes)
C2 CompilerThread9  156451 71802       4       com.android.tools.r8.internal.f40::a (496 bytes)
Total: 11

VM state: synchronizing (normal execution)

VM Mutex/Monitor currently owned by a thread:  ([mutex/lock_event])
[0x00007ff8a6184698] Threads_lock - owner thread: 0x000001a2cddb2570
[0x00007ff8a6184818] Heap_lock - owner thread: 0x000001a2d5aeef70

Heap address: 0x00000000e0000000, size: 512 MB, Compressed Oops mode: 32-bit

CDS archive(s) not mapped
Compressed class space mapped at: 0x000000009b000000-0x00000000af000000, reserved size: 335544320
UseCompressedClassPointers 1, UseCompactObjectHeaders 0
Narrow klass pointer bits 32, Max shift 3
Narrow klass base: 0x0000000000000000, Narrow klass shift: 0
Encoding Range: [0x0000000000000000 - 0x0000000100000000), (4294967296 bytes)
Klass Range:    [0x000000009b000000 - 0x00000000af000000), (335544320 bytes)
Klass ID Range:  [2600468480 - 2936012793) (335544313)
No protection zone.

GC Precious Log:
 CardTable entry size: 512
 Card Set container configuration: InlinePtr #cards 5 size 8 Array Of Cards #cards 10 size 36 Howl #buckets 4 coarsen threshold 1843 Howl Bitmap #cards 512 size 80 coarsen threshold 460 Card regions per heap region 1 cards per card region 2048
 CPUs: 32 total, 32 available
 Memory: 65243M
 Large Page Support: Disabled
 NUMA Support: Disabled
 Compressed Oops: Enabled (32-bit)
 Heap Region Size: 1M
 Heap Min Capacity: 256M
 Heap Initial Capacity: 256M
 Heap Max Capacity: 512M
 Pre-touch: Disabled
 Parallel Workers: 23
 Concurrent Workers: 6
 Concurrent Refinement Workers: 23
 Periodic GC: Disabled

Heap:
 garbage-first heap   total reserved 524288K, committed 524288K, used 492055K [0x00000000e0000000, 0x0000000100000000)
  region size 1024K, 182 young (186368K), 15 survivors (15360K)

Heap Regions: E=young(eden), S=young(survivor), O=old, HS=humongous(starts), HC=humongous(continues), CS=collection set, F=free, TAMS=top-at-mark-start, PB=parsable bottom
|   0|0x00000000e0000000, 0x00000000e0100000, 0x00000000e0100000|100%|HS|  |TAMS 0x00000000e0000000| PB 0x00000000e0000000| Complete |  0
|   1|0x00000000e0100000, 0x00000000e0200000, 0x00000000e0200000|100%|HC|  |TAMS 0x00000000e0100000| PB 0x00000000e0100000| Complete |  0
|   2|0x00000000e0200000, 0x00000000e0300000, 0x00000000e0300000|100%|HC|  |TAMS 0x00000000e0200000| PB 0x00000000e0200000| Complete |  0
|   3|0x00000000e0300000, 0x00000000e0400000, 0x00000000e0400000|100%|HC|  |TAMS 0x00000000e0300000| PB 0x00000000e0300000| Complete |  0
|   4|0x00000000e0400000, 0x00000000e0500000, 0x00000000e0500000|100%|HS|  |TAMS 0x00000000e0400000| PB 0x00000000e0400000| Complete |  0
|   5|0x00000000e0500000, 0x00000000e0600000, 0x00000000e0600000|100%| O|  |TAMS 0x00000000e0500000| PB 0x00000000e0500000| Untracked |  0
|   6|0x00000000e0600000, 0x00000000e06fffe0, 0x00000000e0700000| 99%| O|  |TAMS 0x00000000e0600000| PB 0x00000000e0600000| Untracked |  0
|   7|0x00000000e0700000, 0x00000000e0800000, 0x00000000e0800000|100%| O|  |TAMS 0x00000000e0700000| PB 0x00000000e0700000| Untracked |  0
|   8|0x00000000e0800000, 0x00000000e0900000, 0x00000000e0900000|100%| O|  |TAMS 0x00000000e0800000| PB 0x00000000e0800000| Untracked |  0
|   9|0x00000000e0900000, 0x00000000e0a00000, 0x00000000e0a00000|100%| O|  |TAMS 0x00000000e0900000| PB 0x00000000e0900000| Untracked |  0
|  10|0x00000000e0a00000, 0x00000000e0b00000, 0x00000000e0b00000|100%| O|  |TAMS 0x00000000e0a00000| PB 0x00000000e0a00000| Untracked |  0
|  11|0x00000000e0b00000, 0x00000000e0bfffe8, 0x00000000e0c00000| 99%| O|  |TAMS 0x00000000e0b00000| PB 0x00000000e0b00000| Untracked |  0
|  12|0x00000000e0c00000, 0x00000000e0cfffd8, 0x00000000e0d00000| 99%| O|  |TAMS 0x00000000e0c00000| PB 0x00000000e0c00000| Untracked |  0
|  13|0x00000000e0d00000, 0x00000000e0e00000, 0x00000000e0e00000|100%| O|  |TAMS 0x00000000e0d00000| PB 0x00000000e0d00000| Untracked |  0
|  14|0x00000000e0e00000, 0x00000000e0efff98, 0x00000000e0f00000| 99%| O|  |TAMS 0x00000000e0e00000| PB 0x00000000e0e00000| Untracked |  0
|  15|0x00000000e0f00000, 0x00000000e0ffffd8, 0x00000000e1000000| 99%| O|  |TAMS 0x00000000e0f00000| PB 0x00000000e0f00000| Untracked |  0
|  16|0x00000000e1000000, 0x00000000e1100000, 0x00000000e1100000|100%| O|  |TAMS 0x00000000e1000000| PB 0x00000000e1000000| Untracked |  0
|  17|0x00000000e1100000, 0x00000000e11fceb8, 0x00000000e1200000| 98%| O|  |TAMS 0x00000000e1100000| PB 0x00000000e1100000| Untracked |  0
|  18|0x00000000e1200000, 0x00000000e12fffe8, 0x00000000e1300000| 99%| O|  |TAMS 0x00000000e1200000| PB 0x00000000e1200000| Untracked |  0
|  19|0x00000000e1300000, 0x00000000e1400000, 0x00000000e1400000|100%| O|  |TAMS 0x00000000e1300000| PB 0x00000000e1300000| Untracked |  0
|  20|0x00000000e1400000, 0x00000000e14fe8e0, 0x00000000e1500000| 99%| O|  |TAMS 0x00000000e1400000| PB 0x00000000e1400000| Untracked |  0
|  21|0x00000000e1500000, 0x00000000e15fffc8, 0x00000000e1600000| 99%| O|  |TAMS 0x00000000e1500000| PB 0x00000000e1500000| Untracked |  0
|  22|0x00000000e1600000, 0x00000000e16ffff8, 0x00000000e1700000| 99%| O|  |TAMS 0x00000000e1600000| PB 0x00000000e1600000| Untracked |  0
|  23|0x00000000e1700000, 0x00000000e17ffff0, 0x00000000e1800000| 99%| O|  |TAMS 0x00000000e1700000| PB 0x00000000e1700000| Untracked |  0
|  24|0x00000000e1800000, 0x00000000e18fffb0, 0x00000000e1900000| 99%| O|  |TAMS 0x00000000e1800000| PB 0x00000000e1800000| Untracked |  0
|  25|0x00000000e1900000, 0x00000000e19fffe0, 0x00000000e1a00000| 99%| O|  |TAMS 0x00000000e1900000| PB 0x00000000e1900000| Untracked |  0
|  26|0x00000000e1a00000, 0x00000000e1b00000, 0x00000000e1b00000|100%| O|  |TAMS 0x00000000e1a00000| PB 0x00000000e1a00000| Untracked |  0
|  27|0x00000000e1b00000, 0x00000000e1bfffe8, 0x00000000e1c00000| 99%| O|  |TAMS 0x00000000e1b00000| PB 0x00000000e1b00000| Untracked |  0
|  28|0x00000000e1c00000, 0x00000000e1cfffa8, 0x00000000e1d00000| 99%| O|  |TAMS 0x00000000e1c00000| PB 0x00000000e1c00000| Untracked |  0
|  29|0x00000000e1d00000, 0x00000000e1dffff0, 0x00000000e1e00000| 99%| O|  |TAMS 0x00000000e1d00000| PB 0x00000000e1d00000| Untracked |  0
|  30|0x00000000e1e00000, 0x00000000e1f00000, 0x00000000e1f00000|100%| O|  |TAMS 0x00000000e1e00000| PB 0x00000000e1e00000| Untracked |  0
|  31|0x00000000e1f00000, 0x00000000e1ffffc0, 0x00000000e2000000| 99%| O|  |TAMS 0x00000000e1f00000| PB 0x00000000e1f00000| Untracked |  0
|  32|0x00000000e2000000, 0x00000000e20ffff0, 0x00000000e2100000| 99%| O|  |TAMS 0x00000000e2000000| PB 0x00000000e2000000| Untracked |  0
|  33|0x00000000e2100000, 0x00000000e21ffff0, 0x00000000e2200000| 99%| O|  |TAMS 0x00000000e2100000| PB 0x00000000e2100000| Untracked |  0
|  34|0x00000000e2200000, 0x00000000e22fffe8, 0x00000000e2300000| 99%| O|  |TAMS 0x00000000e2200000| PB 0x00000000e2200000| Untracked |  0
|  35|0x00000000e2300000, 0x00000000e23fffc8, 0x00000000e2400000| 99%| O|  |TAMS 0x00000000e2300000| PB 0x00000000e2300000| Untracked |  0
|  36|0x00000000e2400000, 0x00000000e24ffff0, 0x00000000e2500000| 99%| O|  |TAMS 0x00000000e2400000| PB 0x00000000e2400000| Untracked |  0
|  37|0x00000000e2500000, 0x00000000e2600000, 0x00000000e2600000|100%| O|  |TAMS 0x00000000e2500000| PB 0x00000000e2500000| Untracked |  0
|  38|0x00000000e2600000, 0x00000000e26ffff0, 0x00000000e2700000| 99%| O|  |TAMS 0x00000000e2600000| PB 0x00000000e2600000| Untracked |  0
|  39|0x00000000e2700000, 0x00000000e27fffe8, 0x00000000e2800000| 99%| O|  |TAMS 0x00000000e2700000| PB 0x00000000e2700000| Untracked |  0
|  40|0x00000000e2800000, 0x00000000e2900000, 0x00000000e2900000|100%| O|  |TAMS 0x00000000e2800000| PB 0x00000000e2800000| Untracked |  0
|  41|0x00000000e2900000, 0x00000000e2a00000, 0x00000000e2a00000|100%| O|  |TAMS 0x00000000e2900000| PB 0x00000000e2900000| Untracked |  0
|  42|0x00000000e2a00000, 0x00000000e2affff0, 0x00000000e2b00000| 99%| O|  |TAMS 0x00000000e2a00000| PB 0x00000000e2a00000| Untracked |  0
|  43|0x00000000e2b00000, 0x00000000e2bffff8, 0x00000000e2c00000| 99%| O|  |TAMS 0x00000000e2b00000| PB 0x00000000e2b00000| Untracked |  0
|  44|0x00000000e2c00000, 0x00000000e2cffff8, 0x00000000e2d00000| 99%| O|  |TAMS 0x00000000e2c00000| PB 0x00000000e2c00000| Untracked |  0
|  45|0x00000000e2d00000, 0x00000000e2dfffc8, 0x00000000e2e00000| 99%| O|  |TAMS 0x00000000e2d00000| PB 0x00000000e2d00000| Untracked |  0
|  46|0x00000000e2e00000, 0x00000000e2effff0, 0x00000000e2f00000| 99%| O|  |TAMS 0x00000000e2e00000| PB 0x00000000e2e00000| Untracked |  0
|  47|0x00000000e2f00000, 0x00000000e3000000, 0x00000000e3000000|100%|HS|  |TAMS 0x00000000e2f00000| PB 0x00000000e2f00000| Complete |  0
|  48|0x00000000e3000000, 0x00000000e3100000, 0x00000000e3100000|100%|HS|  |TAMS 0x00000000e3000000| PB 0x00000000e3000000| Complete |  0
|  49|0x00000000e3100000, 0x00000000e3200000, 0x00000000e3200000|100%|HS|  |TAMS 0x00000000e3100000| PB 0x00000000e3100000| Complete |  0
|  50|0x00000000e3200000, 0x00000000e3300000, 0x00000000e3300000|100%|HC|  |TAMS 0x00000000e3200000| PB 0x00000000e3200000| Complete |  0
|  51|0x00000000e3300000, 0x00000000e3400000, 0x00000000e3400000|100%|HS|  |TAMS 0x00000000e3300000| PB 0x00000000e3300000| Complete |  0
|  52|0x00000000e3400000, 0x00000000e3500000, 0x00000000e3500000|100%|HC|  |TAMS 0x00000000e3400000| PB 0x00000000e3400000| Complete |  0
|  53|0x00000000e3500000, 0x00000000e3600000, 0x00000000e3600000|100%|HS|  |TAMS 0x00000000e3500000| PB 0x00000000e3500000| Complete |  0
|  54|0x00000000e3600000, 0x00000000e3700000, 0x00000000e3700000|100%|HS|  |TAMS 0x00000000e3600000| PB 0x00000000e3600000| Complete |  0
|  55|0x00000000e3700000, 0x00000000e3800000, 0x00000000e3800000|100%|HC|  |TAMS 0x00000000e3700000| PB 0x00000000e3700000| Complete |  0
|  56|0x00000000e3800000, 0x00000000e3900000, 0x00000000e3900000|100%|HC|  |TAMS 0x00000000e3800000| PB 0x00000000e3800000| Complete |  0
|  57|0x00000000e3900000, 0x00000000e3a00000, 0x00000000e3a00000|100%|HS|  |TAMS 0x00000000e3900000| PB 0x00000000e3900000| Complete |  0
|  58|0x00000000e3a00000, 0x00000000e3b00000, 0x00000000e3b00000|100%| O|  |TAMS 0x00000000e3a00000| PB 0x00000000e3a00000| Untracked |  0
|  59|0x00000000e3b00000, 0x00000000e3c00000, 0x00000000e3c00000|100%|HS|  |TAMS 0x00000000e3b00000| PB 0x00000000e3b00000| Complete |  0
|  60|0x00000000e3c00000, 0x00000000e3d00000, 0x00000000e3d00000|100%|HS|  |TAMS 0x00000000e3c00000| PB 0x00000000e3c00000| Complete |  0
|  61|0x00000000e3d00000, 0x00000000e3e00000, 0x00000000e3e00000|100%|HS|  |TAMS 0x00000000e3d00000| PB 0x00000000e3d00000| Complete |  0
|  62|0x00000000e3e00000, 0x00000000e3f00000, 0x00000000e3f00000|100%|HC|  |TAMS 0x00000000e3e00000| PB 0x00000000e3e00000| Complete |  0
|  63|0x00000000e3f00000, 0x00000000e4000000, 0x00000000e4000000|100%|HC|  |TAMS 0x00000000e3f00000| PB 0x00000000e3f00000| Complete |  0
|  64|0x00000000e4000000, 0x00000000e4100000, 0x00000000e4100000|100%|HS|  |TAMS 0x00000000e4000000| PB 0x00000000e4000000| Complete |  0
|  65|0x00000000e4100000, 0x00000000e41fffe8, 0x00000000e4200000| 99%| O|  |TAMS 0x00000000e4100000| PB 0x00000000e4100000| Untracked |  0
|  66|0x00000000e4200000, 0x00000000e42ffff8, 0x00000000e4300000| 99%| O|  |TAMS 0x00000000e4200000| PB 0x00000000e4200000| Untracked |  0
|  67|0x00000000e4300000, 0x00000000e43ffff0, 0x00000000e4400000| 99%| O|  |TAMS 0x00000000e4300000| PB 0x00000000e4300000| Untracked |  0
|  68|0x00000000e4400000, 0x00000000e44fcbf8, 0x00000000e4500000| 98%| O|  |TAMS 0x00000000e4400000| PB 0x00000000e4400000| Untracked |  0
|  69|0x00000000e4500000, 0x00000000e45ffff0, 0x00000000e4600000| 99%| O|  |TAMS 0x00000000e4500000| PB 0x00000000e4500000| Untracked |  0
|  70|0x00000000e4600000, 0x00000000e46ffff8, 0x00000000e4700000| 99%| O|  |TAMS 0x00000000e4600000| PB 0x00000000e4600000| Untracked |  0
|  71|0x00000000e4700000, 0x00000000e47ffab0, 0x00000000e4800000| 99%| O|  |TAMS 0x00000000e4700000| PB 0x00000000e4700000| Untracked |  0
|  72|0x00000000e4800000, 0x00000000e4900000, 0x00000000e4900000|100%| O|  |TAMS 0x00000000e4800000| PB 0x00000000e4800000| Untracked |  0
|  73|0x00000000e4900000, 0x00000000e4a00000, 0x00000000e4a00000|100%| O|  |TAMS 0x00000000e4900000| PB 0x00000000e4900000| Untracked |  0
|  74|0x00000000e4a00000, 0x00000000e4b00000, 0x00000000e4b00000|100%| O|  |TAMS 0x00000000e4a00000| PB 0x00000000e4a00000| Untracked |  0
|  75|0x00000000e4b00000, 0x00000000e4c00000, 0x00000000e4c00000|100%| O|  |TAMS 0x00000000e4b00000| PB 0x00000000e4b00000| Untracked |  0
|  76|0x00000000e4c00000, 0x00000000e4d00000, 0x00000000e4d00000|100%| O|  |TAMS 0x00000000e4c00000| PB 0x00000000e4c00000| Untracked |  0
|  77|0x00000000e4d00000, 0x00000000e4dffd00, 0x00000000e4e00000| 99%| O|  |TAMS 0x00000000e4d00000| PB 0x00000000e4d00000| Untracked |  0
|  78|0x00000000e4e00000, 0x00000000e4f00000, 0x00000000e4f00000|100%| O|  |TAMS 0x00000000e4e00000| PB 0x00000000e4e00000| Untracked |  0
|  79|0x00000000e4f00000, 0x00000000e4fffe88, 0x00000000e5000000| 99%| O|  |TAMS 0x00000000e4f00000| PB 0x00000000e4f00000| Untracked |  0
|  80|0x00000000e5000000, 0x00000000e50fffe0, 0x00000000e5100000| 99%| O|  |TAMS 0x00000000e5000000| PB 0x00000000e5000000| Untracked |  0
|  81|0x00000000e5100000, 0x00000000e51fffd8, 0x00000000e5200000| 99%| O|  |TAMS 0x00000000e5100000| PB 0x00000000e5100000| Untracked |  0
|  82|0x00000000e5200000, 0x00000000e5300000, 0x00000000e5300000|100%| O|  |TAMS 0x00000000e5200000| PB 0x00000000e5200000| Untracked |  0
|  83|0x00000000e5300000, 0x00000000e53fffa8, 0x00000000e5400000| 99%| O|  |TAMS 0x00000000e5300000| PB 0x00000000e5300000| Untracked |  0
|  84|0x00000000e5400000, 0x00000000e54ffff0, 0x00000000e5500000| 99%| O|  |TAMS 0x00000000e5400000| PB 0x00000000e5400000| Untracked |  0
|  85|0x00000000e5500000, 0x00000000e55fffd8, 0x00000000e5600000| 99%| O|  |TAMS 0x00000000e5500000| PB 0x00000000e5500000| Untracked |  0
|  86|0x00000000e5600000, 0x00000000e56ffff0, 0x00000000e5700000| 99%| O|  |TAMS 0x00000000e5600000| PB 0x00000000e5600000| Untracked |  0
|  87|0x00000000e5700000, 0x00000000e57fffa0, 0x00000000e5800000| 99%| O|  |TAMS 0x00000000e5700000| PB 0x00000000e5700000| Untracked |  0
|  88|0x00000000e5800000, 0x00000000e58ffff8, 0x00000000e5900000| 99%| O|  |TAMS 0x00000000e5800000| PB 0x00000000e5800000| Untracked |  0
|  89|0x00000000e5900000, 0x00000000e59ffff8, 0x00000000e5a00000| 99%| O|  |TAMS 0x00000000e5900000| PB 0x00000000e5900000| Untracked |  0
|  90|0x00000000e5a00000, 0x00000000e5b00000, 0x00000000e5b00000|100%| O|  |TAMS 0x00000000e5a00000| PB 0x00000000e5a00000| Untracked |  0
|  91|0x00000000e5b00000, 0x00000000e5bfffd8, 0x00000000e5c00000| 99%| O|  |TAMS 0x00000000e5b00000| PB 0x00000000e5b00000| Untracked |  0
|  92|0x00000000e5c00000, 0x00000000e5cffff8, 0x00000000e5d00000| 99%| O|  |TAMS 0x00000000e5c00000| PB 0x00000000e5c00000| Untracked |  0
|  93|0x00000000e5d00000, 0x00000000e5dffff8, 0x00000000e5e00000| 99%| O|  |TAMS 0x00000000e5d00000| PB 0x00000000e5d00000| Untracked |  0
|  94|0x00000000e5e00000, 0x00000000e5efffd8, 0x00000000e5f00000| 99%| O|  |TAMS 0x00000000e5e00000| PB 0x00000000e5e00000| Untracked |  0
|  95|0x00000000e5f00000, 0x00000000e5ffffd0, 0x00000000e6000000| 99%| O|  |TAMS 0x00000000e5f00000| PB 0x00000000e5f00000| Untracked |  0
|  96|0x00000000e6000000, 0x00000000e60ffff8, 0x00000000e6100000| 99%| O|  |TAMS 0x00000000e6000000| PB 0x00000000e6000000| Untracked |  0
|  97|0x00000000e6100000, 0x00000000e61ffff8, 0x00000000e6200000| 99%| O|  |TAMS 0x00000000e6100000| PB 0x00000000e6100000| Untracked |  0
|  98|0x00000000e6200000, 0x00000000e62cc878, 0x00000000e6300000| 79%| O|  |TAMS 0x00000000e6200000| PB 0x00000000e6200000| Untracked |  0
|  99|0x00000000e6300000, 0x00000000e63fff78, 0x00000000e6400000| 99%| O|  |TAMS 0x00000000e6300000| PB 0x00000000e6300000| Untracked |  0
| 100|0x00000000e6400000, 0x00000000e64fffa0, 0x00000000e6500000| 99%| O|  |TAMS 0x00000000e6400000| PB 0x00000000e6400000| Untracked |  0
| 101|0x00000000e6500000, 0x00000000e65ffa98, 0x00000000e6600000| 99%| O|  |TAMS 0x00000000e6500000| PB 0x00000000e6500000| Untracked |  0
| 102|0x00000000e6600000, 0x00000000e6700000, 0x00000000e6700000|100%| O|  |TAMS 0x00000000e6600000| PB 0x00000000e6600000| Untracked |  0
| 103|0x00000000e6700000, 0x00000000e67ffff8, 0x00000000e6800000| 99%| O|  |TAMS 0x00000000e6700000| PB 0x00000000e6700000| Untracked |  0
| 104|0x00000000e6800000, 0x00000000e68ffff8, 0x00000000e6900000| 99%| O|  |TAMS 0x00000000e6800000| PB 0x00000000e6800000| Untracked |  0
| 105|0x00000000e6900000, 0x00000000e69fdba0, 0x00000000e6a00000| 99%| O|  |TAMS 0x00000000e6900000| PB 0x00000000e6900000| Untracked |  0
| 106|0x00000000e6a00000, 0x00000000e6afffa0, 0x00000000e6b00000| 99%| O|  |TAMS 0x00000000e6a00000| PB 0x00000000e6a00000| Untracked |  0
| 107|0x00000000e6b00000, 0x00000000e6bffff8, 0x00000000e6c00000| 99%| O|  |TAMS 0x00000000e6b00000| PB 0x00000000e6b00000| Untracked |  0
| 108|0x00000000e6c00000, 0x00000000e6cffff0, 0x00000000e6d00000| 99%| O|  |TAMS 0x00000000e6c00000| PB 0x00000000e6c00000| Untracked |  0
| 109|0x00000000e6d00000, 0x00000000e6e00000, 0x00000000e6e00000|100%| O|  |TAMS 0x00000000e6d00000| PB 0x00000000e6d00000| Untracked |  0
| 110|0x00000000e6e00000, 0x00000000e6f00000, 0x00000000e6f00000|100%| O|  |TAMS 0x00000000e6e00000| PB 0x00000000e6e00000| Untracked |  0
| 111|0x00000000e6f00000, 0x00000000e6ffffc8, 0x00000000e7000000| 99%| O|  |TAMS 0x00000000e6f00000| PB 0x00000000e6f00000| Untracked |  0
| 112|0x00000000e7000000, 0x00000000e70ffff0, 0x00000000e7100000| 99%| O|  |TAMS 0x00000000e7000000| PB 0x00000000e7000000| Untracked |  0
| 113|0x00000000e7100000, 0x00000000e71ffff0, 0x00000000e7200000| 99%| O|  |TAMS 0x00000000e7100000| PB 0x00000000e7100000| Untracked |  0
| 114|0x00000000e7200000, 0x00000000e72f7348, 0x00000000e7300000| 96%| O|  |TAMS 0x00000000e7200000| PB 0x00000000e7200000| Untracked |  0
| 115|0x00000000e7300000, 0x00000000e73fff90, 0x00000000e7400000| 99%| O|  |TAMS 0x00000000e7300000| PB 0x00000000e7300000| Untracked |  0
| 116|0x00000000e7400000, 0x00000000e7500000, 0x00000000e7500000|100%|HS|  |TAMS 0x00000000e7400000| PB 0x00000000e7400000| Complete |  0
| 117|0x00000000e7500000, 0x00000000e7600000, 0x00000000e7600000|100%|HS|  |TAMS 0x00000000e7500000| PB 0x00000000e7500000| Complete |  0
| 118|0x00000000e7600000, 0x00000000e7700000, 0x00000000e7700000|100%| O|  |TAMS 0x00000000e7600000| PB 0x00000000e7600000| Untracked |  0
| 119|0x00000000e7700000, 0x00000000e7800000, 0x00000000e7800000|100%| O|  |TAMS 0x00000000e7700000| PB 0x00000000e7700000| Untracked |  0
| 120|0x00000000e7800000, 0x00000000e7900000, 0x00000000e7900000|100%|HS|  |TAMS 0x00000000e7800000| PB 0x00000000e7800000| Complete |  0
| 121|0x00000000e7900000, 0x00000000e79fffe8, 0x00000000e7a00000| 99%| O|  |TAMS 0x00000000e7900000| PB 0x00000000e7900000| Untracked |  0
| 122|0x00000000e7a00000, 0x00000000e7ad65d8, 0x00000000e7b00000| 83%| O|  |TAMS 0x00000000e7a00000| PB 0x00000000e7a00000| Untracked |  0
| 123|0x00000000e7b00000, 0x00000000e7bfffe8, 0x00000000e7c00000| 99%| O|  |TAMS 0x00000000e7b00000| PB 0x00000000e7b00000| Untracked |  0
| 124|0x00000000e7c00000, 0x00000000e7cfffe8, 0x00000000e7d00000| 99%| O|  |TAMS 0x00000000e7c00000| PB 0x00000000e7c00000| Untracked |  0
| 125|0x00000000e7d00000, 0x00000000e7d88738, 0x00000000e7e00000| 53%| O|  |TAMS 0x00000000e7d00000| PB 0x00000000e7d00000| Untracked |  0
| 126|0x00000000e7e00000, 0x00000000e7effff8, 0x00000000e7f00000| 99%| O|  |TAMS 0x00000000e7e00000| PB 0x00000000e7e00000| Untracked |  0
| 127|0x00000000e7f00000, 0x00000000e7ffff48, 0x00000000e8000000| 99%| O|  |TAMS 0x00000000e7f00000| PB 0x00000000e7f00000| Untracked |  0
| 128|0x00000000e8000000, 0x00000000e80f4880, 0x00000000e8100000| 95%| O|  |TAMS 0x00000000e8000000| PB 0x00000000e8000000| Untracked |  0
| 129|0x00000000e8100000, 0x00000000e81fffe8, 0x00000000e8200000| 99%| O|Cm|TAMS 0x00000000e8100000| PB 0x00000000e8100000| Complete |  0
| 130|0x00000000e8200000, 0x00000000e82fffe8, 0x00000000e8300000| 99%| O|  |TAMS 0x00000000e8200000| PB 0x00000000e8200000| Untracked |  0
| 131|0x00000000e8300000, 0x00000000e83ffe38, 0x00000000e8400000| 99%| O|  |TAMS 0x00000000e8300000| PB 0x00000000e8300000| Untracked |  0
| 132|0x00000000e8400000, 0x00000000e8500000, 0x00000000e8500000|100%| O|  |TAMS 0x00000000e8400000| PB 0x00000000e8400000| Untracked |  0
| 133|0x00000000e8500000, 0x00000000e85ffff0, 0x00000000e8600000| 99%| O|  |TAMS 0x00000000e8500000| PB 0x00000000e8500000| Untracked |  0
| 134|0x00000000e8600000, 0x00000000e86fffb8, 0x00000000e8700000| 99%| O|  |TAMS 0x00000000e8600000| PB 0x00000000e8600000| Untracked |  0
| 135|0x00000000e8700000, 0x00000000e87e2740, 0x00000000e8800000| 88%| O|  |TAMS 0x00000000e8700000| PB 0x00000000e8700000| Untracked |  0
| 136|0x00000000e8800000, 0x00000000e88ffff0, 0x00000000e8900000| 99%| O|  |TAMS 0x00000000e8800000| PB 0x00000000e8800000| Untracked |  0
| 137|0x00000000e8900000, 0x00000000e89fffd8, 0x00000000e8a00000| 99%| O|  |TAMS 0x00000000e8900000| PB 0x00000000e8900000| Untracked |  0
| 138|0x00000000e8a00000, 0x00000000e8b00000, 0x00000000e8b00000|100%| O|  |TAMS 0x00000000e8a00000| PB 0x00000000e8a00000| Untracked |  0
| 139|0x00000000e8b00000, 0x00000000e8bd2e00, 0x00000000e8c00000| 82%| O|  |TAMS 0x00000000e8b00000| PB 0x00000000e8b00000| Untracked |  0
| 140|0x00000000e8c00000, 0x00000000e8cfffd8, 0x00000000e8d00000| 99%| O|  |TAMS 0x00000000e8c00000| PB 0x00000000e8c00000| Untracked |  0
| 141|0x00000000e8d00000, 0x00000000e8dffff0, 0x00000000e8e00000| 99%| O|  |TAMS 0x00000000e8d00000| PB 0x00000000e8d00000| Untracked |  0
| 142|0x00000000e8e00000, 0x00000000e8efff70, 0x00000000e8f00000| 99%| O|  |TAMS 0x00000000e8e00000| PB 0x00000000e8e00000| Untracked |  0
| 143|0x00000000e8f00000, 0x00000000e9000000, 0x00000000e9000000|100%| O|  |TAMS 0x00000000e8f00000| PB 0x00000000e8f00000| Untracked |  0
| 144|0x00000000e9000000, 0x00000000e90ffff8, 0x00000000e9100000| 99%| O|  |TAMS 0x00000000e9000000| PB 0x00000000e9000000| Untracked |  0
| 145|0x00000000e9100000, 0x00000000e91fffd0, 0x00000000e9200000| 99%| O|  |TAMS 0x00000000e9100000| PB 0x00000000e9100000| Untracked |  0
| 146|0x00000000e9200000, 0x00000000e9300000, 0x00000000e9300000|100%| O|  |TAMS 0x00000000e9200000| PB 0x00000000e9200000| Untracked |  0
| 147|0x00000000e9300000, 0x00000000e93ffff0, 0x00000000e9400000| 99%| O|  |TAMS 0x00000000e9300000| PB 0x00000000e9300000| Untracked |  0
| 148|0x00000000e9400000, 0x00000000e9500000, 0x00000000e9500000|100%| O|  |TAMS 0x00000000e9400000| PB 0x00000000e9400000| Untracked |  0
| 149|0x00000000e9500000, 0x00000000e95fffa8, 0x00000000e9600000| 99%| O|  |TAMS 0x00000000e9500000| PB 0x00000000e9500000| Untracked |  0
| 150|0x00000000e9600000, 0x00000000e96fff90, 0x00000000e9700000| 99%| O|  |TAMS 0x00000000e9600000| PB 0x00000000e9600000| Untracked |  0
| 151|0x00000000e9700000, 0x00000000e9800000, 0x00000000e9800000|100%| O|  |TAMS 0x00000000e9700000| PB 0x00000000e9700000| Untracked |  0
| 152|0x00000000e9800000, 0x00000000e98ffff0, 0x00000000e9900000| 99%| O|  |TAMS 0x00000000e9800000| PB 0x00000000e9800000| Untracked |  0
| 153|0x00000000e9900000, 0x00000000e99fffe0, 0x00000000e9a00000| 99%| O|  |TAMS 0x00000000e9900000| PB 0x00000000e9900000| Untracked |  0
| 154|0x00000000e9a00000, 0x00000000e9afffc0, 0x00000000e9b00000| 99%| O|  |TAMS 0x00000000e9a00000| PB 0x00000000e9a00000| Untracked |  0
| 155|0x00000000e9b00000, 0x00000000e9c00000, 0x00000000e9c00000|100%| O|  |TAMS 0x00000000e9b00000| PB 0x00000000e9b00000| Untracked |  0
| 156|0x00000000e9c00000, 0x00000000e9cffff8, 0x00000000e9d00000| 99%| O|  |TAMS 0x00000000e9c00000| PB 0x00000000e9c00000| Untracked |  0
| 157|0x00000000e9d00000, 0x00000000e9e00000, 0x00000000e9e00000|100%|HS|  |TAMS 0x00000000e9d00000| PB 0x00000000e9d00000| Complete |  0
| 158|0x00000000e9e00000, 0x00000000e9f00000, 0x00000000e9f00000|100%| O|  |TAMS 0x00000000e9e00000| PB 0x00000000e9e00000| Untracked |  0
| 159|0x00000000e9f00000, 0x00000000ea000000, 0x00000000ea000000|100%| O|  |TAMS 0x00000000e9f00000| PB 0x00000000e9f00000| Untracked |  0
| 160|0x00000000ea000000, 0x00000000ea0ffff8, 0x00000000ea100000| 99%| O|  |TAMS 0x00000000ea000000| PB 0x00000000ea000000| Untracked |  0
| 161|0x00000000ea100000, 0x00000000ea200000, 0x00000000ea200000|100%| O|  |TAMS 0x00000000ea100000| PB 0x00000000ea100000| Untracked |  0
| 162|0x00000000ea200000, 0x00000000ea2ffff0, 0x00000000ea300000| 99%| O|  |TAMS 0x00000000ea200000| PB 0x00000000ea200000| Untracked |  0
| 163|0x00000000ea300000, 0x00000000ea400000, 0x00000000ea400000|100%| O|  |TAMS 0x00000000ea300000| PB 0x00000000ea300000| Untracked |  0
| 164|0x00000000ea400000, 0x00000000ea500000, 0x00000000ea500000|100%| O|  |TAMS 0x00000000ea400000| PB 0x00000000ea400000| Untracked |  0
| 165|0x00000000ea500000, 0x00000000ea600000, 0x00000000ea600000|100%| O|  |TAMS 0x00000000ea500000| PB 0x00000000ea500000| Untracked |  0
| 166|0x00000000ea600000, 0x00000000ea700000, 0x00000000ea700000|100%| O|  |TAMS 0x00000000ea600000| PB 0x00000000ea600000| Untracked |  0
| 167|0x00000000ea700000, 0x00000000ea800000, 0x00000000ea800000|100%| O|  |TAMS 0x00000000ea700000| PB 0x00000000ea700000| Untracked |  0
| 168|0x00000000ea800000, 0x00000000ea8fffe0, 0x00000000ea900000| 99%| O|  |TAMS 0x00000000ea800000| PB 0x00000000ea800000| Untracked |  0
| 169|0x00000000ea900000, 0x00000000ea9fffc8, 0x00000000eaa00000| 99%| O|Cm|TAMS 0x00000000ea900000| PB 0x00000000ea900000| Complete |  0
| 170|0x00000000eaa00000, 0x00000000eaaffff0, 0x00000000eab00000| 99%| O|Cm|TAMS 0x00000000eaa00000| PB 0x00000000eaa00000| Complete |  0
| 171|0x00000000eab00000, 0x00000000eabfffd8, 0x00000000eac00000| 99%| O|Cm|TAMS 0x00000000eab00000| PB 0x00000000eab00000| Complete |  0
| 172|0x00000000eac00000, 0x00000000ead00000, 0x00000000ead00000|100%| O|  |TAMS 0x00000000eac00000| PB 0x00000000eac00000| Untracked |  0
| 173|0x00000000ead00000, 0x00000000eae00000, 0x00000000eae00000|100%| O|  |TAMS 0x00000000ead00000| PB 0x00000000ead00000| Untracked |  0
| 174|0x00000000eae00000, 0x00000000eaefffe8, 0x00000000eaf00000| 99%| O|  |TAMS 0x00000000eae00000| PB 0x00000000eae00000| Untracked |  0
| 175|0x00000000eaf00000, 0x00000000eafffff8, 0x00000000eb000000| 99%| O|  |TAMS 0x00000000eaf00000| PB 0x00000000eaf00000| Untracked |  0
| 176|0x00000000eb000000, 0x00000000eb100000, 0x00000000eb100000|100%| O|  |TAMS 0x00000000eb000000| PB 0x00000000eb000000| Untracked |  0
| 177|0x00000000eb100000, 0x00000000eb200000, 0x00000000eb200000|100%| O|  |TAMS 0x00000000eb100000| PB 0x00000000eb100000| Untracked |  0
| 178|0x00000000eb200000, 0x00000000eb300000, 0x00000000eb300000|100%| O|  |TAMS 0x00000000eb200000| PB 0x00000000eb200000| Untracked |  0
| 179|0x00000000eb300000, 0x00000000eb3ffff0, 0x00000000eb400000| 99%| O|Cm|TAMS 0x00000000eb300000| PB 0x00000000eb300000| Complete |  0
| 180|0x00000000eb400000, 0x00000000eb500000, 0x00000000eb500000|100%| O|  |TAMS 0x00000000eb400000| PB 0x00000000eb400000| Untracked |  0
| 181|0x00000000eb500000, 0x00000000eb600000, 0x00000000eb600000|100%| O|  |TAMS 0x00000000eb500000| PB 0x00000000eb500000| Untracked |  0
| 182|0x00000000eb600000, 0x00000000eb700000, 0x00000000eb700000|100%| O|  |TAMS 0x00000000eb600000| PB 0x00000000eb600000| Untracked |  0
| 183|0x00000000eb700000, 0x00000000eb800000, 0x00000000eb800000|100%| O|Cm|TAMS 0x00000000eb700000| PB 0x00000000eb700000| Complete |  0
| 184|0x00000000eb800000, 0x00000000eb900000, 0x00000000eb900000|100%| O|  |TAMS 0x00000000eb800000| PB 0x00000000eb800000| Untracked |  0
| 185|0x00000000eb900000, 0x00000000eba00000, 0x00000000eba00000|100%| O|  |TAMS 0x00000000eb900000| PB 0x00000000eb900000| Untracked |  0
| 186|0x00000000eba00000, 0x00000000ebb00000, 0x00000000ebb00000|100%| O|  |TAMS 0x00000000eba00000| PB 0x00000000eba00000| Untracked |  0
| 187|0x00000000ebb00000, 0x00000000ebc00000, 0x00000000ebc00000|100%| O|  |TAMS 0x00000000ebb00000| PB 0x00000000ebb00000| Untracked |  0
| 188|0x00000000ebc00000, 0x00000000ebcfffe8, 0x00000000ebd00000| 99%| O|  |TAMS 0x00000000ebc00000| PB 0x00000000ebc00000| Untracked |  0
| 189|0x00000000ebd00000, 0x00000000ebe00000, 0x00000000ebe00000|100%| O|  |TAMS 0x00000000ebd00000| PB 0x00000000ebd00000| Untracked |  0
| 190|0x00000000ebe00000, 0x00000000ebf00000, 0x00000000ebf00000|100%| O|  |TAMS 0x00000000ebe00000| PB 0x00000000ebe00000| Untracked |  0
| 191|0x00000000ebf00000, 0x00000000ec000000, 0x00000000ec000000|100%| O|  |TAMS 0x00000000ebf00000| PB 0x00000000ebf00000| Untracked |  0
| 192|0x00000000ec000000, 0x00000000ec100000, 0x00000000ec100000|100%| O|  |TAMS 0x00000000ec000000| PB 0x00000000ec000000| Untracked |  0
| 193|0x00000000ec100000, 0x00000000ec200000, 0x00000000ec200000|100%| O|  |TAMS 0x00000000ec100000| PB 0x00000000ec100000| Untracked |  0
| 194|0x00000000ec200000, 0x00000000ec300000, 0x00000000ec300000|100%| O|  |TAMS 0x00000000ec200000| PB 0x00000000ec200000| Untracked |  0
| 195|0x00000000ec300000, 0x00000000ec400000, 0x00000000ec400000|100%| O|  |TAMS 0x00000000ec300000| PB 0x00000000ec300000| Untracked |  0
| 196|0x00000000ec400000, 0x00000000ec500000, 0x00000000ec500000|100%| O|  |TAMS 0x00000000ec400000| PB 0x00000000ec400000| Untracked |  0
| 197|0x00000000ec500000, 0x00000000ec600000, 0x00000000ec600000|100%| O|  |TAMS 0x00000000ec500000| PB 0x00000000ec500000| Untracked |  0
| 198|0x00000000ec600000, 0x00000000ec700000, 0x00000000ec700000|100%| O|  |TAMS 0x00000000ec600000| PB 0x00000000ec600000| Untracked |  0
| 199|0x00000000ec700000, 0x00000000ec800000, 0x00000000ec800000|100%| O|  |TAMS 0x00000000ec700000| PB 0x00000000ec700000| Untracked |  0
| 200|0x00000000ec800000, 0x00000000ec900000, 0x00000000ec900000|100%| O|  |TAMS 0x00000000ec800000| PB 0x00000000ec800000| Untracked |  0
| 201|0x00000000ec900000, 0x00000000eca00000, 0x00000000eca00000|100%| O|  |TAMS 0x00000000ec900000| PB 0x00000000ec900000| Untracked |  0
| 202|0x00000000eca00000, 0x00000000ecb00000, 0x00000000ecb00000|100%| O|  |TAMS 0x00000000eca00000| PB 0x00000000eca00000| Untracked |  0
| 203|0x00000000ecb00000, 0x00000000ecc00000, 0x00000000ecc00000|100%| O|  |TAMS 0x00000000ecb00000| PB 0x00000000ecb00000| Untracked |  0
| 204|0x00000000ecc00000, 0x00000000ecd00000, 0x00000000ecd00000|100%| O|  |TAMS 0x00000000ecc00000| PB 0x00000000ecc00000| Untracked |  0
| 205|0x00000000ecd00000, 0x00000000ece00000, 0x00000000ece00000|100%| O|  |TAMS 0x00000000ecd00000| PB 0x00000000ecd00000| Untracked |  0
| 206|0x00000000ece00000, 0x00000000ecf00000, 0x00000000ecf00000|100%| O|  |TAMS 0x00000000ece00000| PB 0x00000000ece00000| Untracked |  0
| 207|0x00000000ecf00000, 0x00000000ed000000, 0x00000000ed000000|100%| O|  |TAMS 0x00000000ecf00000| PB 0x00000000ecf00000| Untracked |  0
| 208|0x00000000ed000000, 0x00000000ed100000, 0x00000000ed100000|100%| O|  |TAMS 0x00000000ed000000| PB 0x00000000ed000000| Untracked |  0
| 209|0x00000000ed100000, 0x00000000ed200000, 0x00000000ed200000|100%| O|  |TAMS 0x00000000ed100000| PB 0x00000000ed100000| Untracked |  0
| 210|0x00000000ed200000, 0x00000000ed300000, 0x00000000ed300000|100%| O|  |TAMS 0x00000000ed200000| PB 0x00000000ed200000| Untracked |  0
| 211|0x00000000ed300000, 0x00000000ed400000, 0x00000000ed400000|100%| O|  |TAMS 0x00000000ed300000| PB 0x00000000ed300000| Untracked |  0
| 212|0x00000000ed400000, 0x00000000ed500000, 0x00000000ed500000|100%| O|  |TAMS 0x00000000ed400000| PB 0x00000000ed400000| Untracked |  0
| 213|0x00000000ed500000, 0x00000000ed600000, 0x00000000ed600000|100%| O|  |TAMS 0x00000000ed500000| PB 0x00000000ed500000| Untracked |  0
| 214|0x00000000ed600000, 0x00000000ed700000, 0x00000000ed700000|100%| O|  |TAMS 0x00000000ed600000| PB 0x00000000ed600000| Untracked |  0
| 215|0x00000000ed700000, 0x00000000ed800000, 0x00000000ed800000|100%| O|  |TAMS 0x00000000ed700000| PB 0x00000000ed700000| Untracked |  0
| 216|0x00000000ed800000, 0x00000000ed900000, 0x00000000ed900000|100%| O|  |TAMS 0x00000000ed800000| PB 0x00000000ed800000| Untracked |  0
| 217|0x00000000ed900000, 0x00000000eda00000, 0x00000000eda00000|100%| O|  |TAMS 0x00000000ed900000| PB 0x00000000ed900000| Untracked |  0
| 218|0x00000000eda00000, 0x00000000edb00000, 0x00000000edb00000|100%| O|Cm|TAMS 0x00000000eda00000| PB 0x00000000eda00000| Complete |  0
| 219|0x00000000edb00000, 0x00000000edc00000, 0x00000000edc00000|100%| O|  |TAMS 0x00000000edb00000| PB 0x00000000edb00000| Untracked |  0
| 220|0x00000000edc00000, 0x00000000edd00000, 0x00000000edd00000|100%| O|  |TAMS 0x00000000edc00000| PB 0x00000000edc00000| Untracked |  0
| 221|0x00000000edd00000, 0x00000000ede00000, 0x00000000ede00000|100%| O|  |TAMS 0x00000000edd00000| PB 0x00000000edd00000| Untracked |  0
| 222|0x00000000ede00000, 0x00000000edf00000, 0x00000000edf00000|100%| O|  |TAMS 0x00000000ede00000| PB 0x00000000ede00000| Untracked |  0
| 223|0x00000000edf00000, 0x00000000ee000000, 0x00000000ee000000|100%| O|  |TAMS 0x00000000edf00000| PB 0x00000000edf00000| Untracked |  0
| 224|0x00000000ee000000, 0x00000000ee100000, 0x00000000ee100000|100%| O|  |TAMS 0x00000000ee000000| PB 0x00000000ee000000| Untracked |  0
| 225|0x00000000ee100000, 0x00000000ee200000, 0x00000000ee200000|100%| O|Cm|TAMS 0x00000000ee100000| PB 0x00000000ee100000| Complete |  0
| 226|0x00000000ee200000, 0x00000000ee300000, 0x00000000ee300000|100%| O|  |TAMS 0x00000000ee200000| PB 0x00000000ee200000| Untracked |  0
| 227|0x00000000ee300000, 0x00000000ee400000, 0x00000000ee400000|100%| O|  |TAMS 0x00000000ee300000| PB 0x00000000ee300000| Untracked |  0
| 228|0x00000000ee400000, 0x00000000ee500000, 0x00000000ee500000|100%| O|  |TAMS 0x00000000ee400000| PB 0x00000000ee400000| Untracked |  0
| 229|0x00000000ee500000, 0x00000000ee600000, 0x00000000ee600000|100%| O|  |TAMS 0x00000000ee500000| PB 0x00000000ee500000| Untracked |  0
| 230|0x00000000ee600000, 0x00000000ee700000, 0x00000000ee700000|100%| O|Cm|TAMS 0x00000000ee600000| PB 0x00000000ee600000| Complete |  0
| 231|0x00000000ee700000, 0x00000000ee800000, 0x00000000ee800000|100%| O|  |TAMS 0x00000000ee700000| PB 0x00000000ee700000| Untracked |  0
| 232|0x00000000ee800000, 0x00000000ee900000, 0x00000000ee900000|100%| O|  |TAMS 0x00000000ee800000| PB 0x00000000ee800000| Untracked |  0
| 233|0x00000000ee900000, 0x00000000eea00000, 0x00000000eea00000|100%| O|  |TAMS 0x00000000ee900000| PB 0x00000000ee900000| Untracked |  0
| 234|0x00000000eea00000, 0x00000000eeb00000, 0x00000000eeb00000|100%| O|  |TAMS 0x00000000eea00000| PB 0x00000000eea00000| Untracked |  0
| 235|0x00000000eeb00000, 0x00000000eec00000, 0x00000000eec00000|100%| O|Cm|TAMS 0x00000000eeb00000| PB 0x00000000eeb00000| Complete |  0
| 236|0x00000000eec00000, 0x00000000eed00000, 0x00000000eed00000|100%| O|Cm|TAMS 0x00000000eec00000| PB 0x00000000eec00000| Complete |  0
| 237|0x00000000eed00000, 0x00000000eee00000, 0x00000000eee00000|100%| O|  |TAMS 0x00000000eed00000| PB 0x00000000eed00000| Untracked |  0
| 238|0x00000000eee00000, 0x00000000eef00000, 0x00000000eef00000|100%| O|  |TAMS 0x00000000eee00000| PB 0x00000000eee00000| Untracked |  0
| 239|0x00000000eef00000, 0x00000000ef000000, 0x00000000ef000000|100%| O|  |TAMS 0x00000000eef00000| PB 0x00000000eef00000| Untracked |  0
| 240|0x00000000ef000000, 0x00000000ef100000, 0x00000000ef100000|100%| O|  |TAMS 0x00000000ef000000| PB 0x00000000ef000000| Untracked |  0
| 241|0x00000000ef100000, 0x00000000ef200000, 0x00000000ef200000|100%| O|  |TAMS 0x00000000ef100000| PB 0x00000000ef100000| Untracked |  0
| 242|0x00000000ef200000, 0x00000000ef300000, 0x00000000ef300000|100%| O|  |TAMS 0x00000000ef200000| PB 0x00000000ef200000| Untracked |  0
| 243|0x00000000ef300000, 0x00000000ef400000, 0x00000000ef400000|100%| O|  |TAMS 0x00000000ef300000| PB 0x00000000ef300000| Untracked |  0
| 244|0x00000000ef400000, 0x00000000ef500000, 0x00000000ef500000|100%| O|  |TAMS 0x00000000ef400000| PB 0x00000000ef400000| Untracked |  0
| 245|0x00000000ef500000, 0x00000000ef600000, 0x00000000ef600000|100%| O|  |TAMS 0x00000000ef500000| PB 0x00000000ef500000| Untracked |  0
| 246|0x00000000ef600000, 0x00000000ef700000, 0x00000000ef700000|100%| O|  |TAMS 0x00000000ef600000| PB 0x00000000ef600000| Untracked |  0
| 247|0x00000000ef700000, 0x00000000ef800000, 0x00000000ef800000|100%| O|  |TAMS 0x00000000ef700000| PB 0x00000000ef700000| Untracked |  0
| 248|0x00000000ef800000, 0x00000000ef900000, 0x00000000ef900000|100%| O|  |TAMS 0x00000000ef800000| PB 0x00000000ef800000| Untracked |  0
| 249|0x00000000ef900000, 0x00000000efa00000, 0x00000000efa00000|100%| O|  |TAMS 0x00000000ef900000| PB 0x00000000ef900000| Untracked |  0
| 250|0x00000000efa00000, 0x00000000efb00000, 0x00000000efb00000|100%|HS|  |TAMS 0x00000000efa00000| PB 0x00000000efa00000| Complete |  0
| 251|0x00000000efb00000, 0x00000000efc00000, 0x00000000efc00000|100%|HC|  |TAMS 0x00000000efb00000| PB 0x00000000efb00000| Complete |  0
| 252|0x00000000efc00000, 0x00000000efd00000, 0x00000000efd00000|100%|HC|  |TAMS 0x00000000efc00000| PB 0x00000000efc00000| Complete |  0
| 253|0x00000000efd00000, 0x00000000efe00000, 0x00000000efe00000|100%|HC|  |TAMS 0x00000000efd00000| PB 0x00000000efd00000| Complete |  0
| 254|0x00000000efe00000, 0x00000000eff00000, 0x00000000eff00000|100%|HC|  |TAMS 0x00000000efe00000| PB 0x00000000efe00000| Complete |  0
| 255|0x00000000eff00000, 0x00000000f0000000, 0x00000000f0000000|100%|HC|  |TAMS 0x00000000eff00000| PB 0x00000000eff00000| Complete |  0
| 256|0x00000000f0000000, 0x00000000f0100000, 0x00000000f0100000|100%| O|  |TAMS 0x00000000f0000000| PB 0x00000000f0000000| Untracked |  0
| 257|0x00000000f0100000, 0x00000000f0200000, 0x00000000f0200000|100%| O|  |TAMS 0x00000000f0100000| PB 0x00000000f0100000| Untracked |  0
| 258|0x00000000f0200000, 0x00000000f0300000, 0x00000000f0300000|100%| O|  |TAMS 0x00000000f0200000| PB 0x00000000f0200000| Untracked |  0
| 259|0x00000000f0300000, 0x00000000f0400000, 0x00000000f0400000|100%| O|  |TAMS 0x00000000f0300000| PB 0x00000000f0300000| Untracked |  0
| 260|0x00000000f0400000, 0x00000000f0500000, 0x00000000f0500000|100%| O|  |TAMS 0x00000000f0400000| PB 0x00000000f0400000| Untracked |  0
| 261|0x00000000f0500000, 0x00000000f0600000, 0x00000000f0600000|100%| O|  |TAMS 0x00000000f0500000| PB 0x00000000f0500000| Untracked |  0
| 262|0x00000000f0600000, 0x00000000f0700000, 0x00000000f0700000|100%| O|  |TAMS 0x00000000f0600000| PB 0x00000000f0600000| Untracked |  0
| 263|0x00000000f0700000, 0x00000000f0800000, 0x00000000f0800000|100%| O|  |TAMS 0x00000000f0700000| PB 0x00000000f0700000| Untracked |  0
| 264|0x00000000f0800000, 0x00000000f0900000, 0x00000000f0900000|100%| O|  |TAMS 0x00000000f0800000| PB 0x00000000f0800000| Untracked |  0
| 265|0x00000000f0900000, 0x00000000f0a00000, 0x00000000f0a00000|100%| O|  |TAMS 0x00000000f0900000| PB 0x00000000f0900000| Untracked |  0
| 266|0x00000000f0a00000, 0x00000000f0b00000, 0x00000000f0b00000|100%| O|  |TAMS 0x00000000f0a00000| PB 0x00000000f0a00000| Untracked |  0
| 267|0x00000000f0b00000, 0x00000000f0c00000, 0x00000000f0c00000|100%| O|  |TAMS 0x00000000f0b00000| PB 0x00000000f0b00000| Untracked |  0
| 268|0x00000000f0c00000, 0x00000000f0d00000, 0x00000000f0d00000|100%| O|  |TAMS 0x00000000f0c00000| PB 0x00000000f0c00000| Untracked |  0
| 269|0x00000000f0d00000, 0x00000000f0e00000, 0x00000000f0e00000|100%| O|  |TAMS 0x00000000f0d00000| PB 0x00000000f0d00000| Untracked |  0
| 270|0x00000000f0e00000, 0x00000000f0f00000, 0x00000000f0f00000|100%| O|  |TAMS 0x00000000f0e00000| PB 0x00000000f0e00000| Untracked |  0
| 271|0x00000000f0f00000, 0x00000000f1000000, 0x00000000f1000000|100%| O|  |TAMS 0x00000000f0f00000| PB 0x00000000f0f00000| Untracked |  0
| 272|0x00000000f1000000, 0x00000000f1100000, 0x00000000f1100000|100%| O|  |TAMS 0x00000000f1000000| PB 0x00000000f1000000| Untracked |  0
| 273|0x00000000f1100000, 0x00000000f1200000, 0x00000000f1200000|100%| O|  |TAMS 0x00000000f1100000| PB 0x00000000f1100000| Untracked |  0
| 274|0x00000000f1200000, 0x00000000f1300000, 0x00000000f1300000|100%| O|  |TAMS 0x00000000f1200000| PB 0x00000000f1200000| Untracked |  0
| 275|0x00000000f1300000, 0x00000000f1400000, 0x00000000f1400000|100%| O|  |TAMS 0x00000000f1300000| PB 0x00000000f1300000| Untracked |  0
| 276|0x00000000f1400000, 0x00000000f1500000, 0x00000000f1500000|100%| O|  |TAMS 0x00000000f1400000| PB 0x00000000f1400000| Untracked |  0
| 277|0x00000000f1500000, 0x00000000f1600000, 0x00000000f1600000|100%| O|  |TAMS 0x00000000f1500000| PB 0x00000000f1500000| Untracked |  0
| 278|0x00000000f1600000, 0x00000000f1700000, 0x00000000f1700000|100%| O|  |TAMS 0x00000000f1600000| PB 0x00000000f1600000| Untracked |  0
| 279|0x00000000f1700000, 0x00000000f1800000, 0x00000000f1800000|100%| O|  |TAMS 0x00000000f1700000| PB 0x00000000f1700000| Untracked |  0
| 280|0x00000000f1800000, 0x00000000f1900000, 0x00000000f1900000|100%| O|  |TAMS 0x00000000f1800000| PB 0x00000000f1800000| Untracked |  0
| 281|0x00000000f1900000, 0x00000000f1a00000, 0x00000000f1a00000|100%| O|  |TAMS 0x00000000f1900000| PB 0x00000000f1900000| Untracked |  0
| 282|0x00000000f1a00000, 0x00000000f1b00000, 0x00000000f1b00000|100%| O|  |TAMS 0x00000000f1a00000| PB 0x00000000f1a00000| Untracked |  0
| 283|0x00000000f1b00000, 0x00000000f1c00000, 0x00000000f1c00000|100%| O|  |TAMS 0x00000000f1b00000| PB 0x00000000f1b00000| Untracked |  0
| 284|0x00000000f1c00000, 0x00000000f1d00000, 0x00000000f1d00000|100%| O|  |TAMS 0x00000000f1c00000| PB 0x00000000f1c00000| Untracked |  0
| 285|0x00000000f1d00000, 0x00000000f1e00000, 0x00000000f1e00000|100%| O|  |TAMS 0x00000000f1d00000| PB 0x00000000f1d00000| Untracked |  0
| 286|0x00000000f1e00000, 0x00000000f1f00000, 0x00000000f1f00000|100%| O|  |TAMS 0x00000000f1e00000| PB 0x00000000f1e00000| Untracked |  0
| 287|0x00000000f1f00000, 0x00000000f2000000, 0x00000000f2000000|100%| O|  |TAMS 0x00000000f1f00000| PB 0x00000000f1f00000| Untracked |  0
| 288|0x00000000f2000000, 0x00000000f2100000, 0x00000000f2100000|100%| O|  |TAMS 0x00000000f2000000| PB 0x00000000f2000000| Untracked |  0
| 289|0x00000000f2100000, 0x00000000f2200000, 0x00000000f2200000|100%| O|  |TAMS 0x00000000f2100000| PB 0x00000000f2100000| Untracked |  0
| 290|0x00000000f2200000, 0x00000000f2300000, 0x00000000f2300000|100%| O|  |TAMS 0x00000000f2200000| PB 0x00000000f2200000| Untracked |  0
| 291|0x00000000f2300000, 0x00000000f2400000, 0x00000000f2400000|100%| O|  |TAMS 0x00000000f2300000| PB 0x00000000f2300000| Untracked |  0
| 292|0x00000000f2400000, 0x00000000f2500000, 0x00000000f2500000|100%| O|  |TAMS 0x00000000f2400000| PB 0x00000000f2400000| Untracked |  0
| 293|0x00000000f2500000, 0x00000000f2600000, 0x00000000f2600000|100%| O|  |TAMS 0x00000000f2500000| PB 0x00000000f2500000| Untracked |  0
| 294|0x00000000f2600000, 0x00000000f262f160, 0x00000000f2700000| 18%| O|  |TAMS 0x00000000f2600000| PB 0x00000000f2600000| Untracked |  0
| 295|0x00000000f2700000, 0x00000000f2700000, 0x00000000f2800000|  0%| F|  |TAMS 0x00000000f2700000| PB 0x00000000f2700000| Untracked |  0
| 296|0x00000000f2800000, 0x00000000f2800000, 0x00000000f2900000|  0%| F|  |TAMS 0x00000000f2800000| PB 0x00000000f2800000| Untracked |  0
| 297|0x00000000f2900000, 0x00000000f2900000, 0x00000000f2a00000|  0%| F|  |TAMS 0x00000000f2900000| PB 0x00000000f2900000| Untracked |  0
| 298|0x00000000f2a00000, 0x00000000f2a00000, 0x00000000f2b00000|  0%| F|  |TAMS 0x00000000f2a00000| PB 0x00000000f2a00000| Untracked |  0
| 299|0x00000000f2b00000, 0x00000000f2b00000, 0x00000000f2c00000|  0%| F|  |TAMS 0x00000000f2b00000| PB 0x00000000f2b00000| Untracked |  0
| 300|0x00000000f2c00000, 0x00000000f2c00000, 0x00000000f2d00000|  0%| F|  |TAMS 0x00000000f2c00000| PB 0x00000000f2c00000| Untracked |  0
| 301|0x00000000f2d00000, 0x00000000f2d00000, 0x00000000f2e00000|  0%| F|  |TAMS 0x00000000f2d00000| PB 0x00000000f2d00000| Untracked |  0
| 302|0x00000000f2e00000, 0x00000000f2e00000, 0x00000000f2f00000|  0%| F|  |TAMS 0x00000000f2e00000| PB 0x00000000f2e00000| Untracked |  0
| 303|0x00000000f2f00000, 0x00000000f2f00000, 0x00000000f3000000|  0%| F|  |TAMS 0x00000000f2f00000| PB 0x00000000f2f00000| Untracked |  0
| 304|0x00000000f3000000, 0x00000000f3000000, 0x00000000f3100000|  0%| F|  |TAMS 0x00000000f3000000| PB 0x00000000f3000000| Untracked |  0
| 305|0x00000000f3100000, 0x00000000f3100000, 0x00000000f3200000|  0%| F|  |TAMS 0x00000000f3100000| PB 0x00000000f3100000| Untracked |  0
| 306|0x00000000f3200000, 0x00000000f3200000, 0x00000000f3300000|  0%| F|  |TAMS 0x00000000f3200000| PB 0x00000000f3200000| Untracked |  0
| 307|0x00000000f3300000, 0x00000000f3300000, 0x00000000f3400000|  0%| F|  |TAMS 0x00000000f3300000| PB 0x00000000f3300000| Untracked |  0
| 308|0x00000000f3400000, 0x00000000f3400000, 0x00000000f3500000|  0%| F|  |TAMS 0x00000000f3400000| PB 0x00000000f3400000| Untracked |  0
| 309|0x00000000f3500000, 0x00000000f3500000, 0x00000000f3600000|  0%| F|  |TAMS 0x00000000f3500000| PB 0x00000000f3500000| Untracked |  0
| 310|0x00000000f3600000, 0x00000000f3600000, 0x00000000f3700000|  0%| F|  |TAMS 0x00000000f3600000| PB 0x00000000f3600000| Untracked |  0
| 311|0x00000000f3700000, 0x00000000f3700000, 0x00000000f3800000|  0%| F|  |TAMS 0x00000000f3700000| PB 0x00000000f3700000| Untracked |  0
| 312|0x00000000f3800000, 0x00000000f3896640, 0x00000000f3900000| 58%| S|CS|TAMS 0x00000000f3800000| PB 0x00000000f3800000| Complete |  0
| 313|0x00000000f3900000, 0x00000000f3a00000, 0x00000000f3a00000|100%| S|CS|TAMS 0x00000000f3900000| PB 0x00000000f3900000| Complete |  0
| 314|0x00000000f3a00000, 0x00000000f3b00000, 0x00000000f3b00000|100%| S|CS|TAMS 0x00000000f3a00000| PB 0x00000000f3a00000| Complete |  0
| 315|0x00000000f3b00000, 0x00000000f3c00000, 0x00000000f3c00000|100%| S|CS|TAMS 0x00000000f3b00000| PB 0x00000000f3b00000| Complete |  0
| 316|0x00000000f3c00000, 0x00000000f3d00000, 0x00000000f3d00000|100%| S|CS|TAMS 0x00000000f3c00000| PB 0x00000000f3c00000| Complete |  0
| 317|0x00000000f3d00000, 0x00000000f3e00000, 0x00000000f3e00000|100%| S|CS|TAMS 0x00000000f3d00000| PB 0x00000000f3d00000| Complete |  0
| 318|0x00000000f3e00000, 0x00000000f3f00000, 0x00000000f3f00000|100%| S|CS|TAMS 0x00000000f3e00000| PB 0x00000000f3e00000| Complete |  0
| 319|0x00000000f3f00000, 0x00000000f4000000, 0x00000000f4000000|100%| S|CS|TAMS 0x00000000f3f00000| PB 0x00000000f3f00000| Complete |  0
| 320|0x00000000f4000000, 0x00000000f4100000, 0x00000000f4100000|100%| S|CS|TAMS 0x00000000f4000000| PB 0x00000000f4000000| Complete |  0
| 321|0x00000000f4100000, 0x00000000f4200000, 0x00000000f4200000|100%| S|CS|TAMS 0x00000000f4100000| PB 0x00000000f4100000| Complete |  0
| 322|0x00000000f4200000, 0x00000000f4200000, 0x00000000f4300000|  0%| F|  |TAMS 0x00000000f4200000| PB 0x00000000f4200000| Untracked |  0
| 323|0x00000000f4300000, 0x00000000f4300000, 0x00000000f4400000|  0%| F|  |TAMS 0x00000000f4300000| PB 0x00000000f4300000| Untracked |  0
| 324|0x00000000f4400000, 0x00000000f4400000, 0x00000000f4500000|  0%| F|  |TAMS 0x00000000f4400000| PB 0x00000000f4400000| Untracked |  0
| 325|0x00000000f4500000, 0x00000000f4500000, 0x00000000f4600000|  0%| F|  |TAMS 0x00000000f4500000| PB 0x00000000f4500000| Untracked |  0
| 326|0x00000000f4600000, 0x00000000f4600000, 0x00000000f4700000|  0%| F|  |TAMS 0x00000000f4600000| PB 0x00000000f4600000| Untracked |  0
| 327|0x00000000f4700000, 0x00000000f4700000, 0x00000000f4800000|  0%| F|  |TAMS 0x00000000f4700000| PB 0x00000000f4700000| Untracked |  0
| 328|0x00000000f4800000, 0x00000000f4800000, 0x00000000f4900000|  0%| F|  |TAMS 0x00000000f4800000| PB 0x00000000f4800000| Untracked |  0
| 329|0x00000000f4900000, 0x00000000f4900000, 0x00000000f4a00000|  0%| F|  |TAMS 0x00000000f4900000| PB 0x00000000f4900000| Untracked |  0
| 330|0x00000000f4a00000, 0x00000000f4b00000, 0x00000000f4b00000|100%| S|CS|TAMS 0x00000000f4a00000| PB 0x00000000f4a00000| Complete |  0
| 331|0x00000000f4b00000, 0x00000000f4c00000, 0x00000000f4c00000|100%| S|CS|TAMS 0x00000000f4b00000| PB 0x00000000f4b00000| Complete |  0
| 332|0x00000000f4c00000, 0x00000000f4d00000, 0x00000000f4d00000|100%| S|CS|TAMS 0x00000000f4c00000| PB 0x00000000f4c00000| Complete |  0
| 333|0x00000000f4d00000, 0x00000000f4e00000, 0x00000000f4e00000|100%| S|CS|TAMS 0x00000000f4d00000| PB 0x00000000f4d00000| Complete |  0
| 334|0x00000000f4e00000, 0x00000000f4f00000, 0x00000000f4f00000|100%| S|CS|TAMS 0x00000000f4e00000| PB 0x00000000f4e00000| Complete |  0
| 335|0x00000000f4f00000, 0x00000000f4f00000, 0x00000000f5000000|  0%| F|  |TAMS 0x00000000f4f00000| PB 0x00000000f4f00000| Untracked |  0
| 336|0x00000000f5000000, 0x00000000f5000000, 0x00000000f5100000|  0%| F|  |TAMS 0x00000000f5000000| PB 0x00000000f5000000| Untracked |  0
| 337|0x00000000f5100000, 0x00000000f5100000, 0x00000000f5200000|  0%| F|  |TAMS 0x00000000f5100000| PB 0x00000000f5100000| Untracked |  0
| 338|0x00000000f5200000, 0x00000000f52ff778, 0x00000000f5300000| 99%| E|  |TAMS 0x00000000f5200000| PB 0x00000000f5200000| Complete |  0
| 339|0x00000000f5300000, 0x00000000f5400000, 0x00000000f5400000|100%| E|CS|TAMS 0x00000000f5300000| PB 0x00000000f5300000| Complete |  0
| 340|0x00000000f5400000, 0x00000000f5500000, 0x00000000f5500000|100%| E|CS|TAMS 0x00000000f5400000| PB 0x00000000f5400000| Complete |  0
| 341|0x00000000f5500000, 0x00000000f5600000, 0x00000000f5600000|100%| E|CS|TAMS 0x00000000f5500000| PB 0x00000000f5500000| Complete |  0
| 342|0x00000000f5600000, 0x00000000f5700000, 0x00000000f5700000|100%| E|CS|TAMS 0x00000000f5600000| PB 0x00000000f5600000| Complete |  0
| 343|0x00000000f5700000, 0x00000000f5800000, 0x00000000f5800000|100%| E|CS|TAMS 0x00000000f5700000| PB 0x00000000f5700000| Complete |  0
| 344|0x00000000f5800000, 0x00000000f5900000, 0x00000000f5900000|100%| E|CS|TAMS 0x00000000f5800000| PB 0x00000000f5800000| Complete |  0
| 345|0x00000000f5900000, 0x00000000f5a00000, 0x00000000f5a00000|100%| E|CS|TAMS 0x00000000f5900000| PB 0x00000000f5900000| Complete |  0
| 346|0x00000000f5a00000, 0x00000000f5b00000, 0x00000000f5b00000|100%| E|CS|TAMS 0x00000000f5a00000| PB 0x00000000f5a00000| Complete |  0
| 347|0x00000000f5b00000, 0x00000000f5c00000, 0x00000000f5c00000|100%| E|CS|TAMS 0x00000000f5b00000| PB 0x00000000f5b00000| Complete |  0
| 348|0x00000000f5c00000, 0x00000000f5d00000, 0x00000000f5d00000|100%| E|CS|TAMS 0x00000000f5c00000| PB 0x00000000f5c00000| Complete |  0
| 349|0x00000000f5d00000, 0x00000000f5e00000, 0x00000000f5e00000|100%| E|CS|TAMS 0x00000000f5d00000| PB 0x00000000f5d00000| Complete |  0
| 350|0x00000000f5e00000, 0x00000000f5f00000, 0x00000000f5f00000|100%| E|CS|TAMS 0x00000000f5e00000| PB 0x00000000f5e00000| Complete |  0
| 351|0x00000000f5f00000, 0x00000000f6000000, 0x00000000f6000000|100%| E|CS|TAMS 0x00000000f5f00000| PB 0x00000000f5f00000| Complete |  0
| 352|0x00000000f6000000, 0x00000000f6100000, 0x00000000f6100000|100%| E|CS|TAMS 0x00000000f6000000| PB 0x00000000f6000000| Complete |  0
| 353|0x00000000f6100000, 0x00000000f6200000, 0x00000000f6200000|100%| E|CS|TAMS 0x00000000f6100000| PB 0x00000000f6100000| Complete |  0
| 354|0x00000000f6200000, 0x00000000f6300000, 0x00000000f6300000|100%| E|CS|TAMS 0x00000000f6200000| PB 0x00000000f6200000| Complete |  0
| 355|0x00000000f6300000, 0x00000000f6400000, 0x00000000f6400000|100%| E|CS|TAMS 0x00000000f6300000| PB 0x00000000f6300000| Complete |  0
| 356|0x00000000f6400000, 0x00000000f6500000, 0x00000000f6500000|100%| E|CS|TAMS 0x00000000f6400000| PB 0x00000000f6400000| Complete |  0
| 357|0x00000000f6500000, 0x00000000f6600000, 0x00000000f6600000|100%| E|CS|TAMS 0x00000000f6500000| PB 0x00000000f6500000| Complete |  0
| 358|0x00000000f6600000, 0x00000000f6700000, 0x00000000f6700000|100%| E|CS|TAMS 0x00000000f6600000| PB 0x00000000f6600000| Complete |  0
| 359|0x00000000f6700000, 0x00000000f6800000, 0x00000000f6800000|100%| E|CS|TAMS 0x00000000f6700000| PB 0x00000000f6700000| Complete |  0
| 360|0x00000000f6800000, 0x00000000f6900000, 0x00000000f6900000|100%| E|CS|TAMS 0x00000000f6800000| PB 0x00000000f6800000| Complete |  0
| 361|0x00000000f6900000, 0x00000000f6a00000, 0x00000000f6a00000|100%| E|CS|TAMS 0x00000000f6900000| PB 0x00000000f6900000| Complete |  0
| 362|0x00000000f6a00000, 0x00000000f6b00000, 0x00000000f6b00000|100%| E|CS|TAMS 0x00000000f6a00000| PB 0x00000000f6a00000| Complete |  0
| 363|0x00000000f6b00000, 0x00000000f6c00000, 0x00000000f6c00000|100%| E|CS|TAMS 0x00000000f6b00000| PB 0x00000000f6b00000| Complete |  0
| 364|0x00000000f6c00000, 0x00000000f6d00000, 0x00000000f6d00000|100%| E|CS|TAMS 0x00000000f6c00000| PB 0x00000000f6c00000| Complete |  0
| 365|0x00000000f6d00000, 0x00000000f6e00000, 0x00000000f6e00000|100%| E|CS|TAMS 0x00000000f6d00000| PB 0x00000000f6d00000| Complete |  0
| 366|0x00000000f6e00000, 0x00000000f6f00000, 0x00000000f6f00000|100%| E|CS|TAMS 0x00000000f6e00000| PB 0x00000000f6e00000| Complete |  0
| 367|0x00000000f6f00000, 0x00000000f7000000, 0x00000000f7000000|100%| E|CS|TAMS 0x00000000f6f00000| PB 0x00000000f6f00000| Complete |  0
| 368|0x00000000f7000000, 0x00000000f7100000, 0x00000000f7100000|100%| E|CS|TAMS 0x00000000f7000000| PB 0x00000000f7000000| Complete |  0
| 369|0x00000000f7100000, 0x00000000f7200000, 0x00000000f7200000|100%| E|CS|TAMS 0x00000000f7100000| PB 0x00000000f7100000| Complete |  0
| 370|0x00000000f7200000, 0x00000000f7300000, 0x00000000f7300000|100%| E|CS|TAMS 0x00000000f7200000| PB 0x00000000f7200000| Complete |  0
| 371|0x00000000f7300000, 0x00000000f7400000, 0x00000000f7400000|100%| E|CS|TAMS 0x00000000f7300000| PB 0x00000000f7300000| Complete |  0
| 372|0x00000000f7400000, 0x00000000f7500000, 0x00000000f7500000|100%| E|CS|TAMS 0x00000000f7400000| PB 0x00000000f7400000| Complete |  0
| 373|0x00000000f7500000, 0x00000000f7600000, 0x00000000f7600000|100%| E|CS|TAMS 0x00000000f7500000| PB 0x00000000f7500000| Complete |  0
| 374|0x00000000f7600000, 0x00000000f7700000, 0x00000000f7700000|100%| E|CS|TAMS 0x00000000f7600000| PB 0x00000000f7600000| Complete |  0
| 375|0x00000000f7700000, 0x00000000f7800000, 0x00000000f7800000|100%| E|CS|TAMS 0x00000000f7700000| PB 0x00000000f7700000| Complete |  0
| 376|0x00000000f7800000, 0x00000000f7900000, 0x00000000f7900000|100%| E|CS|TAMS 0x00000000f7800000| PB 0x00000000f7800000| Complete |  0
| 377|0x00000000f7900000, 0x00000000f7a00000, 0x00000000f7a00000|100%| E|CS|TAMS 0x00000000f7900000| PB 0x00000000f7900000| Complete |  0
| 378|0x00000000f7a00000, 0x00000000f7b00000, 0x00000000f7b00000|100%| E|CS|TAMS 0x00000000f7a00000| PB 0x00000000f7a00000| Complete |  0
| 379|0x00000000f7b00000, 0x00000000f7c00000, 0x00000000f7c00000|100%| E|CS|TAMS 0x00000000f7b00000| PB 0x00000000f7b00000| Complete |  0
| 380|0x00000000f7c00000, 0x00000000f7d00000, 0x00000000f7d00000|100%| E|CS|TAMS 0x00000000f7c00000| PB 0x00000000f7c00000| Complete |  0
| 381|0x00000000f7d00000, 0x00000000f7e00000, 0x00000000f7e00000|100%| E|CS|TAMS 0x00000000f7d00000| PB 0x00000000f7d00000| Complete |  0
| 382|0x00000000f7e00000, 0x00000000f7f00000, 0x00000000f7f00000|100%| E|CS|TAMS 0x00000000f7e00000| PB 0x00000000f7e00000| Complete |  0
| 383|0x00000000f7f00000, 0x00000000f8000000, 0x00000000f8000000|100%| E|CS|TAMS 0x00000000f7f00000| PB 0x00000000f7f00000| Complete |  0
| 384|0x00000000f8000000, 0x00000000f8100000, 0x00000000f8100000|100%| E|CS|TAMS 0x00000000f8000000| PB 0x00000000f8000000| Complete |  0
| 385|0x00000000f8100000, 0x00000000f8200000, 0x00000000f8200000|100%| E|CS|TAMS 0x00000000f8100000| PB 0x00000000f8100000| Complete |  0
| 386|0x00000000f8200000, 0x00000000f8300000, 0x00000000f8300000|100%| E|CS|TAMS 0x00000000f8200000| PB 0x00000000f8200000| Complete |  0
| 387|0x00000000f8300000, 0x00000000f8400000, 0x00000000f8400000|100%| E|CS|TAMS 0x00000000f8300000| PB 0x00000000f8300000| Complete |  0
| 388|0x00000000f8400000, 0x00000000f8500000, 0x00000000f8500000|100%| E|CS|TAMS 0x00000000f8400000| PB 0x00000000f8400000| Complete |  0
| 389|0x00000000f8500000, 0x00000000f8600000, 0x00000000f8600000|100%| E|CS|TAMS 0x00000000f8500000| PB 0x00000000f8500000| Complete |  0
| 390|0x00000000f8600000, 0x00000000f8700000, 0x00000000f8700000|100%| E|CS|TAMS 0x00000000f8600000| PB 0x00000000f8600000| Complete |  0
| 391|0x00000000f8700000, 0x00000000f8800000, 0x00000000f8800000|100%| E|CS|TAMS 0x00000000f8700000| PB 0x00000000f8700000| Complete |  0
| 392|0x00000000f8800000, 0x00000000f8900000, 0x00000000f8900000|100%| E|CS|TAMS 0x00000000f8800000| PB 0x00000000f8800000| Complete |  0
| 393|0x00000000f8900000, 0x00000000f8a00000, 0x00000000f8a00000|100%| E|CS|TAMS 0x00000000f8900000| PB 0x00000000f8900000| Complete |  0
| 394|0x00000000f8a00000, 0x00000000f8b00000, 0x00000000f8b00000|100%| E|CS|TAMS 0x00000000f8a00000| PB 0x00000000f8a00000| Complete |  0
| 395|0x00000000f8b00000, 0x00000000f8c00000, 0x00000000f8c00000|100%| E|CS|TAMS 0x00000000f8b00000| PB 0x00000000f8b00000| Complete |  0
| 396|0x00000000f8c00000, 0x00000000f8d00000, 0x00000000f8d00000|100%| E|CS|TAMS 0x00000000f8c00000| PB 0x00000000f8c00000| Complete |  0
| 397|0x00000000f8d00000, 0x00000000f8e00000, 0x00000000f8e00000|100%| E|CS|TAMS 0x00000000f8d00000| PB 0x00000000f8d00000| Complete |  0
| 398|0x00000000f8e00000, 0x00000000f8f00000, 0x00000000f8f00000|100%| E|CS|TAMS 0x00000000f8e00000| PB 0x00000000f8e00000| Complete |  0
| 399|0x00000000f8f00000, 0x00000000f9000000, 0x00000000f9000000|100%| E|CS|TAMS 0x00000000f8f00000| PB 0x00000000f8f00000| Complete |  0
| 400|0x00000000f9000000, 0x00000000f9100000, 0x00000000f9100000|100%| E|CS|TAMS 0x00000000f9000000| PB 0x00000000f9000000| Complete |  0
| 401|0x00000000f9100000, 0x00000000f9200000, 0x00000000f9200000|100%| E|CS|TAMS 0x00000000f9100000| PB 0x00000000f9100000| Complete |  0
| 402|0x00000000f9200000, 0x00000000f9300000, 0x00000000f9300000|100%| E|CS|TAMS 0x00000000f9200000| PB 0x00000000f9200000| Complete |  0
| 403|0x00000000f9300000, 0x00000000f9400000, 0x00000000f9400000|100%| E|CS|TAMS 0x00000000f9300000| PB 0x00000000f9300000| Complete |  0
| 404|0x00000000f9400000, 0x00000000f9500000, 0x00000000f9500000|100%| E|CS|TAMS 0x00000000f9400000| PB 0x00000000f9400000| Complete |  0
| 405|0x00000000f9500000, 0x00000000f9600000, 0x00000000f9600000|100%| E|CS|TAMS 0x00000000f9500000| PB 0x00000000f9500000| Complete |  0
| 406|0x00000000f9600000, 0x00000000f9700000, 0x00000000f9700000|100%| E|CS|TAMS 0x00000000f9600000| PB 0x00000000f9600000| Complete |  0
| 407|0x00000000f9700000, 0x00000000f9800000, 0x00000000f9800000|100%| E|CS|TAMS 0x00000000f9700000| PB 0x00000000f9700000| Complete |  0
| 408|0x00000000f9800000, 0x00000000f9900000, 0x00000000f9900000|100%|HS|  |TAMS 0x00000000f9800000| PB 0x00000000f9800000| Complete |  0
| 409|0x00000000f9900000, 0x00000000f9a00000, 0x00000000f9a00000|100%|HC|  |TAMS 0x00000000f9900000| PB 0x00000000f9900000| Complete |  0
| 410|0x00000000f9a00000, 0x00000000f9b00000, 0x00000000f9b00000|100%|HC|  |TAMS 0x00000000f9a00000| PB 0x00000000f9a00000| Complete |  0
| 411|0x00000000f9b00000, 0x00000000f9c00000, 0x00000000f9c00000|100%|HC|  |TAMS 0x00000000f9b00000| PB 0x00000000f9b00000| Complete |  0
| 412|0x00000000f9c00000, 0x00000000f9d00000, 0x00000000f9d00000|100%|HC|  |TAMS 0x00000000f9c00000| PB 0x00000000f9c00000| Complete |  0
| 413|0x00000000f9d00000, 0x00000000f9e00000, 0x00000000f9e00000|100%|HC|  |TAMS 0x00000000f9d00000| PB 0x00000000f9d00000| Complete |  0
| 414|0x00000000f9e00000, 0x00000000f9f00000, 0x00000000f9f00000|100%| E|CS|TAMS 0x00000000f9e00000| PB 0x00000000f9e00000| Complete |  0
| 415|0x00000000f9f00000, 0x00000000fa000000, 0x00000000fa000000|100%| E|CS|TAMS 0x00000000f9f00000| PB 0x00000000f9f00000| Complete |  0
| 416|0x00000000fa000000, 0x00000000fa100000, 0x00000000fa100000|100%| E|CS|TAMS 0x00000000fa000000| PB 0x00000000fa000000| Complete |  0
| 417|0x00000000fa100000, 0x00000000fa200000, 0x00000000fa200000|100%| E|CS|TAMS 0x00000000fa100000| PB 0x00000000fa100000| Complete |  0
| 418|0x00000000fa200000, 0x00000000fa300000, 0x00000000fa300000|100%| E|CS|TAMS 0x00000000fa200000| PB 0x00000000fa200000| Complete |  0
| 419|0x00000000fa300000, 0x00000000fa400000, 0x00000000fa400000|100%| E|CS|TAMS 0x00000000fa300000| PB 0x00000000fa300000| Complete |  0
| 420|0x00000000fa400000, 0x00000000fa500000, 0x00000000fa500000|100%| E|CS|TAMS 0x00000000fa400000| PB 0x00000000fa400000| Complete |  0
| 421|0x00000000fa500000, 0x00000000fa600000, 0x00000000fa600000|100%| E|CS|TAMS 0x00000000fa500000| PB 0x00000000fa500000| Complete |  0
| 422|0x00000000fa600000, 0x00000000fa700000, 0x00000000fa700000|100%| E|CS|TAMS 0x00000000fa600000| PB 0x00000000fa600000| Complete |  0
| 423|0x00000000fa700000, 0x00000000fa800000, 0x00000000fa800000|100%| E|CS|TAMS 0x00000000fa700000| PB 0x00000000fa700000| Complete |  0
| 424|0x00000000fa800000, 0x00000000fa900000, 0x00000000fa900000|100%| E|CS|TAMS 0x00000000fa800000| PB 0x00000000fa800000| Complete |  0
| 425|0x00000000fa900000, 0x00000000faa00000, 0x00000000faa00000|100%| E|CS|TAMS 0x00000000fa900000| PB 0x00000000fa900000| Complete |  0
| 426|0x00000000faa00000, 0x00000000fab00000, 0x00000000fab00000|100%| E|CS|TAMS 0x00000000faa00000| PB 0x00000000faa00000| Complete |  0
| 427|0x00000000fab00000, 0x00000000fac00000, 0x00000000fac00000|100%| E|CS|TAMS 0x00000000fab00000| PB 0x00000000fab00000| Complete |  0
| 428|0x00000000fac00000, 0x00000000fad00000, 0x00000000fad00000|100%| E|CS|TAMS 0x00000000fac00000| PB 0x00000000fac00000| Complete |  0
| 429|0x00000000fad00000, 0x00000000fae00000, 0x00000000fae00000|100%| E|CS|TAMS 0x00000000fad00000| PB 0x00000000fad00000| Complete |  0
| 430|0x00000000fae00000, 0x00000000faf00000, 0x00000000faf00000|100%| E|CS|TAMS 0x00000000fae00000| PB 0x00000000fae00000| Complete |  0
| 431|0x00000000faf00000, 0x00000000fb000000, 0x00000000fb000000|100%| E|CS|TAMS 0x00000000faf00000| PB 0x00000000faf00000| Complete |  0
| 432|0x00000000fb000000, 0x00000000fb100000, 0x00000000fb100000|100%| E|CS|TAMS 0x00000000fb000000| PB 0x00000000fb000000| Complete |  0
| 433|0x00000000fb100000, 0x00000000fb200000, 0x00000000fb200000|100%| E|CS|TAMS 0x00000000fb100000| PB 0x00000000fb100000| Complete |  0
| 434|0x00000000fb200000, 0x00000000fb300000, 0x00000000fb300000|100%| E|CS|TAMS 0x00000000fb200000| PB 0x00000000fb200000| Complete |  0
| 435|0x00000000fb300000, 0x00000000fb400000, 0x00000000fb400000|100%| E|CS|TAMS 0x00000000fb300000| PB 0x00000000fb300000| Complete |  0
| 436|0x00000000fb400000, 0x00000000fb500000, 0x00000000fb500000|100%| E|CS|TAMS 0x00000000fb400000| PB 0x00000000fb400000| Complete |  0
| 437|0x00000000fb500000, 0x00000000fb600000, 0x00000000fb600000|100%| E|CS|TAMS 0x00000000fb500000| PB 0x00000000fb500000| Complete |  0
| 438|0x00000000fb600000, 0x00000000fb700000, 0x00000000fb700000|100%| E|CS|TAMS 0x00000000fb600000| PB 0x00000000fb600000| Complete |  0
| 439|0x00000000fb700000, 0x00000000fb800000, 0x00000000fb800000|100%| E|CS|TAMS 0x00000000fb700000| PB 0x00000000fb700000| Complete |  0
| 440|0x00000000fb800000, 0x00000000fb900000, 0x00000000fb900000|100%| E|CS|TAMS 0x00000000fb800000| PB 0x00000000fb800000| Complete |  0
| 441|0x00000000fb900000, 0x00000000fba00000, 0x00000000fba00000|100%| E|CS|TAMS 0x00000000fb900000| PB 0x00000000fb900000| Complete |  0
| 442|0x00000000fba00000, 0x00000000fbb00000, 0x00000000fbb00000|100%| E|CS|TAMS 0x00000000fba00000| PB 0x00000000fba00000| Complete |  0
| 443|0x00000000fbb00000, 0x00000000fbc00000, 0x00000000fbc00000|100%| E|CS|TAMS 0x00000000fbb00000| PB 0x00000000fbb00000| Complete |  0
| 444|0x00000000fbc00000, 0x00000000fbd00000, 0x00000000fbd00000|100%| E|CS|TAMS 0x00000000fbc00000| PB 0x00000000fbc00000| Complete |  0
| 445|0x00000000fbd00000, 0x00000000fbe00000, 0x00000000fbe00000|100%| E|CS|TAMS 0x00000000fbd00000| PB 0x00000000fbd00000| Complete |  0
| 446|0x00000000fbe00000, 0x00000000fbf00000, 0x00000000fbf00000|100%| E|CS|TAMS 0x00000000fbe00000| PB 0x00000000fbe00000| Complete |  0
| 447|0x00000000fbf00000, 0x00000000fc000000, 0x00000000fc000000|100%| E|CS|TAMS 0x00000000fbf00000| PB 0x00000000fbf00000| Complete |  0
| 448|0x00000000fc000000, 0x00000000fc100000, 0x00000000fc100000|100%| E|CS|TAMS 0x00000000fc000000| PB 0x00000000fc000000| Complete |  0
| 449|0x00000000fc100000, 0x00000000fc200000, 0x00000000fc200000|100%| E|CS|TAMS 0x00000000fc100000| PB 0x00000000fc100000| Complete |  0
| 450|0x00000000fc200000, 0x00000000fc300000, 0x00000000fc300000|100%| E|CS|TAMS 0x00000000fc200000| PB 0x00000000fc200000| Complete |  0
| 451|0x00000000fc300000, 0x00000000fc400000, 0x00000000fc400000|100%| E|CS|TAMS 0x00000000fc300000| PB 0x00000000fc300000| Complete |  0
| 452|0x00000000fc400000, 0x00000000fc500000, 0x00000000fc500000|100%| E|CS|TAMS 0x00000000fc400000| PB 0x00000000fc400000| Complete |  0
| 453|0x00000000fc500000, 0x00000000fc600000, 0x00000000fc600000|100%| E|CS|TAMS 0x00000000fc500000| PB 0x00000000fc500000| Complete |  0
| 454|0x00000000fc600000, 0x00000000fc700000, 0x00000000fc700000|100%| E|CS|TAMS 0x00000000fc600000| PB 0x00000000fc600000| Complete |  0
| 455|0x00000000fc700000, 0x00000000fc800000, 0x00000000fc800000|100%| E|CS|TAMS 0x00000000fc700000| PB 0x00000000fc700000| Complete |  0
| 456|0x00000000fc800000, 0x00000000fc900000, 0x00000000fc900000|100%| E|CS|TAMS 0x00000000fc800000| PB 0x00000000fc800000| Complete |  0
| 457|0x00000000fc900000, 0x00000000fca00000, 0x00000000fca00000|100%| E|CS|TAMS 0x00000000fc900000| PB 0x00000000fc900000| Complete |  0
| 458|0x00000000fca00000, 0x00000000fcb00000, 0x00000000fcb00000|100%| E|CS|TAMS 0x00000000fca00000| PB 0x00000000fca00000| Complete |  0
| 459|0x00000000fcb00000, 0x00000000fcc00000, 0x00000000fcc00000|100%| E|CS|TAMS 0x00000000fcb00000| PB 0x00000000fcb00000| Complete |  0
| 460|0x00000000fcc00000, 0x00000000fcd00000, 0x00000000fcd00000|100%| E|CS|TAMS 0x00000000fcc00000| PB 0x00000000fcc00000| Complete |  0
| 461|0x00000000fcd00000, 0x00000000fce00000, 0x00000000fce00000|100%| E|CS|TAMS 0x00000000fcd00000| PB 0x00000000fcd00000| Complete |  0
| 462|0x00000000fce00000, 0x00000000fcf00000, 0x00000000fcf00000|100%| E|CS|TAMS 0x00000000fce00000| PB 0x00000000fce00000| Complete |  0
| 463|0x00000000fcf00000, 0x00000000fd000000, 0x00000000fd000000|100%| E|CS|TAMS 0x00000000fcf00000| PB 0x00000000fcf00000| Complete |  0
| 464|0x00000000fd000000, 0x00000000fd100000, 0x00000000fd100000|100%| E|CS|TAMS 0x00000000fd000000| PB 0x00000000fd000000| Complete |  0
| 465|0x00000000fd100000, 0x00000000fd200000, 0x00000000fd200000|100%| E|CS|TAMS 0x00000000fd100000| PB 0x00000000fd100000| Complete |  0
| 466|0x00000000fd200000, 0x00000000fd300000, 0x00000000fd300000|100%| E|CS|TAMS 0x00000000fd200000| PB 0x00000000fd200000| Complete |  0
| 467|0x00000000fd300000, 0x00000000fd400000, 0x00000000fd400000|100%| E|CS|TAMS 0x00000000fd300000| PB 0x00000000fd300000| Complete |  0
| 468|0x00000000fd400000, 0x00000000fd500000, 0x00000000fd500000|100%| E|CS|TAMS 0x00000000fd400000| PB 0x00000000fd400000| Complete |  0
| 469|0x00000000fd500000, 0x00000000fd600000, 0x00000000fd600000|100%| E|CS|TAMS 0x00000000fd500000| PB 0x00000000fd500000| Complete |  0
| 470|0x00000000fd600000, 0x00000000fd700000, 0x00000000fd700000|100%| E|CS|TAMS 0x00000000fd600000| PB 0x00000000fd600000| Complete |  0
| 471|0x00000000fd700000, 0x00000000fd800000, 0x00000000fd800000|100%| E|CS|TAMS 0x00000000fd700000| PB 0x00000000fd700000| Complete |  0
| 472|0x00000000fd800000, 0x00000000fd900000, 0x00000000fd900000|100%| E|CS|TAMS 0x00000000fd800000| PB 0x00000000fd800000| Complete |  0
| 473|0x00000000fd900000, 0x00000000fda00000, 0x00000000fda00000|100%| E|CS|TAMS 0x00000000fd900000| PB 0x00000000fd900000| Complete |  0
| 474|0x00000000fda00000, 0x00000000fdb00000, 0x00000000fdb00000|100%| E|CS|TAMS 0x00000000fda00000| PB 0x00000000fda00000| Complete |  0
| 475|0x00000000fdb00000, 0x00000000fdc00000, 0x00000000fdc00000|100%| E|CS|TAMS 0x00000000fdb00000| PB 0x00000000fdb00000| Complete |  0
| 476|0x00000000fdc00000, 0x00000000fdd00000, 0x00000000fdd00000|100%| E|CS|TAMS 0x00000000fdc00000| PB 0x00000000fdc00000| Complete |  0
| 477|0x00000000fdd00000, 0x00000000fde00000, 0x00000000fde00000|100%| E|CS|TAMS 0x00000000fdd00000| PB 0x00000000fdd00000| Complete |  0
| 478|0x00000000fde00000, 0x00000000fdf00000, 0x00000000fdf00000|100%| E|CS|TAMS 0x00000000fde00000| PB 0x00000000fde00000| Complete |  0
| 479|0x00000000fdf00000, 0x00000000fe000000, 0x00000000fe000000|100%| E|CS|TAMS 0x00000000fdf00000| PB 0x00000000fdf00000| Complete |  0
| 480|0x00000000fe000000, 0x00000000fe100000, 0x00000000fe100000|100%| E|CS|TAMS 0x00000000fe000000| PB 0x00000000fe000000| Complete |  0
| 481|0x00000000fe100000, 0x00000000fe200000, 0x00000000fe200000|100%| E|CS|TAMS 0x00000000fe100000| PB 0x00000000fe100000| Complete |  0
| 482|0x00000000fe200000, 0x00000000fe300000, 0x00000000fe300000|100%| E|CS|TAMS 0x00000000fe200000| PB 0x00000000fe200000| Complete |  0
| 483|0x00000000fe300000, 0x00000000fe400000, 0x00000000fe400000|100%| E|CS|TAMS 0x00000000fe300000| PB 0x00000000fe300000| Complete |  0
| 484|0x00000000fe400000, 0x00000000fe500000, 0x00000000fe500000|100%| E|CS|TAMS 0x00000000fe400000| PB 0x00000000fe400000| Complete |  0
| 485|0x00000000fe500000, 0x00000000fe600000, 0x00000000fe600000|100%| E|CS|TAMS 0x00000000fe500000| PB 0x00000000fe500000| Complete |  0
| 486|0x00000000fe600000, 0x00000000fe700000, 0x00000000fe700000|100%| E|CS|TAMS 0x00000000fe600000| PB 0x00000000fe600000| Complete |  0
| 487|0x00000000fe700000, 0x00000000fe800000, 0x00000000fe800000|100%| E|CS|TAMS 0x00000000fe700000| PB 0x00000000fe700000| Complete |  0
| 488|0x00000000fe800000, 0x00000000fe900000, 0x00000000fe900000|100%| E|CS|TAMS 0x00000000fe800000| PB 0x00000000fe800000| Complete |  0
| 489|0x00000000fe900000, 0x00000000fea00000, 0x00000000fea00000|100%| E|CS|TAMS 0x00000000fe900000| PB 0x00000000fe900000| Complete |  0
| 490|0x00000000fea00000, 0x00000000feb00000, 0x00000000feb00000|100%| E|CS|TAMS 0x00000000fea00000| PB 0x00000000fea00000| Complete |  0
| 491|0x00000000feb00000, 0x00000000fec00000, 0x00000000fec00000|100%| E|CS|TAMS 0x00000000feb00000| PB 0x00000000feb00000| Complete |  0
| 492|0x00000000fec00000, 0x00000000fed00000, 0x00000000fed00000|100%| E|CS|TAMS 0x00000000fec00000| PB 0x00000000fec00000| Complete |  0
| 493|0x00000000fed00000, 0x00000000fee00000, 0x00000000fee00000|100%| E|CS|TAMS 0x00000000fed00000| PB 0x00000000fed00000| Complete |  0
| 494|0x00000000fee00000, 0x00000000fef00000, 0x00000000fef00000|100%| E|CS|TAMS 0x00000000fee00000| PB 0x00000000fee00000| Complete |  0
| 495|0x00000000fef00000, 0x00000000ff000000, 0x00000000ff000000|100%| E|CS|TAMS 0x00000000fef00000| PB 0x00000000fef00000| Complete |  0
| 496|0x00000000ff000000, 0x00000000ff100000, 0x00000000ff100000|100%| E|CS|TAMS 0x00000000ff000000| PB 0x00000000ff000000| Complete |  0
| 497|0x00000000ff100000, 0x00000000ff200000, 0x00000000ff200000|100%| E|CS|TAMS 0x00000000ff100000| PB 0x00000000ff100000| Complete |  0
| 498|0x00000000ff200000, 0x00000000ff300000, 0x00000000ff300000|100%| E|CS|TAMS 0x00000000ff200000| PB 0x00000000ff200000| Complete |  0
| 499|0x00000000ff300000, 0x00000000ff400000, 0x00000000ff400000|100%| E|CS|TAMS 0x00000000ff300000| PB 0x00000000ff300000| Complete |  0
| 500|0x00000000ff400000, 0x00000000ff500000, 0x00000000ff500000|100%| E|CS|TAMS 0x00000000ff400000| PB 0x00000000ff400000| Complete |  0
| 501|0x00000000ff500000, 0x00000000ff600000, 0x00000000ff600000|100%| E|CS|TAMS 0x00000000ff500000| PB 0x00000000ff500000| Complete |  0
| 502|0x00000000ff600000, 0x00000000ff700000, 0x00000000ff700000|100%| E|CS|TAMS 0x00000000ff600000| PB 0x00000000ff600000| Complete |  0
| 503|0x00000000ff700000, 0x00000000ff800000, 0x00000000ff800000|100%| E|CS|TAMS 0x00000000ff700000| PB 0x00000000ff700000| Complete |  0
| 504|0x00000000ff800000, 0x00000000ff900000, 0x00000000ff900000|100%| E|CS|TAMS 0x00000000ff800000| PB 0x00000000ff800000| Complete |  0
| 505|0x00000000ff900000, 0x00000000ffa00000, 0x00000000ffa00000|100%| E|CS|TAMS 0x00000000ff900000| PB 0x00000000ff900000| Complete |  0
| 506|0x00000000ffa00000, 0x00000000ffb00000, 0x00000000ffb00000|100%| O|  |TAMS 0x00000000ffa00000| PB 0x00000000ffa00000| Untracked |  0
| 507|0x00000000ffb00000, 0x00000000ffc00000, 0x00000000ffc00000|100%| E|CS|TAMS 0x00000000ffb00000| PB 0x00000000ffb00000| Complete |  0
| 508|0x00000000ffc00000, 0x00000000ffd00000, 0x00000000ffd00000|100%| E|CS|TAMS 0x00000000ffc00000| PB 0x00000000ffc00000| Complete |  0
| 509|0x00000000ffd00000, 0x00000000ffe00000, 0x00000000ffe00000|100%| E|CS|TAMS 0x00000000ffd00000| PB 0x00000000ffd00000| Complete |  0
| 510|0x00000000ffe00000, 0x00000000fff00000, 0x00000000fff00000|100%| E|CS|TAMS 0x00000000ffe00000| PB 0x00000000ffe00000| Complete |  0
| 511|0x00000000fff00000, 0x0000000100000000, 0x0000000100000000|100%| E|CS|TAMS 0x00000000fff00000| PB 0x00000000fff00000| Complete |  0

Card table byte_map: [0x000001a2c9fb0000,0x000001a2ca0b0000] _byte_map_base: 0x000001a2c98b0000

Marking Bits: (CMBitMap*) 0x000001a2b65c1d10
 Bits: [0x000001a2ca0b0000, 0x000001a2ca8b0000)

Polling page: 0x000001a2b4340000

Metaspace:
Metaspace        used 260189K, committed 261568K, reserved 589824K
 class space     used 35736K, committed 36352K, reserved 327680K

Usage:
  Non-class:    219.19 MB used.
      Class:     34.90 MB used.
       Both:    254.09 MB used.

Virtual space:
  Non-class space:      256.00 MB reserved,     219.94 MB ( 86%) committed,  4 nodes.
      Class space:      320.00 MB reserved,      35.50 MB ( 11%) committed,  1 nodes.
             Both:      576.00 MB reserved,     255.44 MB ( 44%) committed. 

Chunk freelists:
   Non-Class:  3.23 MB
       Class:  12.34 MB
        Both:  15.57 MB

MaxMetaspaceSize: 384.00 MB
CompressedClassSpaceSize: 320.00 MB
Initial GC threshold: 21.00 MB
Current GC threshold: 384.00 MB
CDS: off
 - commit_granule_bytes: 65536.
 - commit_granule_words: 8192.
 - virtual_space_node_default_size: 8388608.
 - enlarge_chunks_in_place: 1.
UseCompressedClassPointers 1, UseCompactObjectHeaders 0
Narrow klass pointer bits 32, Max shift 3
Narrow klass base: 0x0000000000000000, Narrow klass shift: 0
Encoding Range: [0x0000000000000000 - 0x0000000100000000), (4294967296 bytes)
Klass Range:    [0x000000009b000000 - 0x00000000af000000), (335544320 bytes)
Klass ID Range:  [2600468480 - 2936012793) (335544313)
No protection zone.


Internal statistics:

num_allocs_failed_limit: 12.
num_arena_births: 7188.
num_arena_deaths: 5016.
num_vsnodes_births: 5.
num_vsnodes_deaths: 0.
num_space_committed: 4095.
num_space_uncommitted: 8.
num_chunks_returned_to_freelist: 5945.
num_chunks_taken_from_freelist: 19480.
num_chunk_merges: 2206.
num_chunk_splits: 12137.
num_chunks_enlarged: 8527.
num_inconsistent_stats: 0.

CodeHeap 'non-profiled nmethods': size=118912Kb used=11444Kb max_used=19184Kb free=107467Kb
 bounds [0x000001a2c1660000, 0x000001a2c2920000, 0x000001a2c8a80000]
CodeHeap 'profiled nmethods': size=118848Kb used=26560Kb max_used=34065Kb free=92287Kb
 bounds [0x000001a2b9a80000, 0x000001a2bbbd0000, 0x000001a2c0e90000]
CodeHeap 'non-nmethods': size=8000Kb used=4819Kb max_used=5096Kb free=3180Kb
 bounds [0x000001a2c0e90000, 0x000001a2c13b0000, 0x000001a2c1660000]
CodeCache: size=245760Kb, used=42823Kb, max_used=58345Kb, free=202934Kb
 total_blobs=19407, nmethods=18038, adapters=1264, full_count=0
Compilation: enabled, stopped_count=0, restarted_count=0

Compilation events (20 events):
Event: 156.340 Thread 0x000001a2d44ce7c0 72965       2       com.android.tools.r8.internal.tX::a (165 bytes)
Event: 156.341 Thread 0x000001a2d44ce7c0 nmethod 72965 0x000001a2ba1d9808 code [0x000001a2ba1d9900, 0x000001a2ba1d9e40]
Event: 156.341 Thread 0x000001a2d8730e70 72966       3       com.android.tools.r8.internal.pI::a (9 bytes)
Event: 156.341 Thread 0x000001a2d8730e70 nmethod 72966 0x000001a2ba789188 code [0x000001a2ba789280, 0x000001a2ba7895e0]
Event: 156.343 Thread 0x000001a2d44caf50 72967       2       jdk.internal.util.ArraysSupport::hashCode (33 bytes)
Event: 156.343 Thread 0x000001a2d44caf50 nmethod 72967 0x000001a2bb34d908 code [0x000001a2bb34da00, 0x000001a2bb34db78]
Event: 156.344 Thread 0x000001a2d44ce7c0 72968       2       java.lang.invoke.StringConcatFactory$InlineHiddenClassStrategy::needStringOf (34 bytes)
Event: 156.344 Thread 0x000001a2d44ce7c0 nmethod 72968 0x000001a2bb34fb08 code [0x000001a2bb34fc00, 0x000001a2bb34fd48]
Event: 156.344 Thread 0x000001a2d8730e70 72969       3       jdk.internal.constant.ConstantUtils::classDesc (20 bytes)
Event: 156.344 Thread 0x000001a2d8730e70 nmethod 72969 0x000001a2ba2fea88 code [0x000001a2ba2feb80, 0x000001a2ba2ff578]
Event: 156.344 Thread 0x000001a2d44cbf70 72970       2       java.lang.invoke.LambdaForm::parameterType (9 bytes)
Event: 156.344 Thread 0x000001a2d44cbf70 nmethod 72970 0x000001a2bb357b08 code [0x000001a2bb357c00, 0x000001a2bb357d28]
Event: 156.346 Thread 0x000001a2d44ce7c0 72971       2       com.android.tools.r8.internal.ha::a (33 bytes)
Event: 156.347 Thread 0x000001a2d44ce7c0 nmethod 72971 0x000001a2baec3408 code [0x000001a2baec3500, 0x000001a2baec3720]
Event: 156.348 Thread 0x000001a2d44caf50 72972       2       com.android.tools.r8.internal.lW::<init> (12 bytes)
Event: 156.348 Thread 0x000001a2d44caf50 nmethod 72972 0x000001a2bb36d708 code [0x000001a2bb36d800, 0x000001a2bb36d990]
Event: 156.349 Thread 0x000001a2d8730e70 72975       1       com.android.tools.r8.utils.w::T (5 bytes)
Event: 156.349 Thread 0x000001a2d8730e70 nmethod 72975 0x000001a2c1b0a088 code [0x000001a2c1b0a180, 0x000001a2c1b0a248]
Event: 156.349 Thread 0x000001a2ce49bc10 72976       1       com.android.tools.r8.internal.T3::R (5 bytes)
Event: 156.349 Thread 0x000001a2ce49bc10 nmethod 72976 0x000001a2c1b61788 code [0x000001a2c1b61880, 0x000001a2c1b61948]

GC Heap Usage History (20 events):
Event: 155.592 {heap Before GC invocations=190 (full 3):
 garbage-first heap   total reserved 524288K, committed 524288K, used 457034K [0x00000000e0000000, 0x0000000100000000)
  region size 1024K, 223 young (228352K), 28 survivors (28672K)
}
Event: 155.597 {heap After GC invocations=191 (full 3):
 garbage-first heap   total reserved 524288K, committed 524288K, used 273136K [0x00000000e0000000, 0x0000000100000000)
  region size 1024K, 16 young (16384K), 16 survivors (16384K)
}
Event: 155.685 {heap Before GC invocations=191 (full 3):
 garbage-first heap   total reserved 524288K, committed 524288K, used 464624K [0x00000000e0000000, 0x0000000100000000)
  region size 1024K, 204 young (208896K), 16 survivors (16384K)
}
Event: 155.691 {heap After GC invocations=192 (full 3):
 garbage-first heap   total reserved 524288K, committed 524288K, used 306233K [0x00000000e0000000, 0x0000000100000000)
  region size 1024K, 26 young (26624K), 26 survivors (26624K)
}
Event: 155.794 {heap Before GC invocations=193 (full 3):
 garbage-first heap   total reserved 524288K, committed 524288K, used 426042K [0x00000000e0000000, 0x0000000100000000)
  region size 1024K, 177 young (181248K), 26 survivors (26624K)
}
Event: 155.801 {heap After GC invocations=194 (full 3):
 garbage-first heap   total reserved 524288K, committed 524288K, used 297686K [0x00000000e0000000, 0x0000000100000000)
  region size 1024K, 23 young (23552K), 23 survivors (23552K)
}
Event: 155.874 {heap Before GC invocations=194 (full 3):
 garbage-first heap   total reserved 524288K, committed 524288K, used 457430K [0x00000000e0000000, 0x0000000100000000)
  region size 1024K, 180 young (184320K), 23 survivors (23552K)
}
Event: 155.880 {heap After GC invocations=195 (full 3):
 garbage-first heap   total reserved 524288K, committed 524288K, used 290131K [0x00000000e0000000, 0x0000000100000000)
  region size 1024K, 14 young (14336K), 14 survivors (14336K)
}
Event: 155.956 {heap Before GC invocations=195 (full 3):
 garbage-first heap   total reserved 524288K, committed 524288K, used 464211K [0x00000000e0000000, 0x0000000100000000)
  region size 1024K, 185 young (189440K), 14 survivors (14336K)
}
Event: 155.960 {heap After GC invocations=196 (full 3):
 garbage-first heap   total reserved 524288K, committed 524288K, used 299985K [0x00000000e0000000, 0x0000000100000000)
  region size 1024K, 23 young (23552K), 23 survivors (23552K)
}
Event: 156.056 {heap Before GC invocations=197 (full 3):
 garbage-first heap   total reserved 524288K, committed 524288K, used 472017K [0x00000000e0000000, 0x0000000100000000)
  region size 1024K, 192 young (196608K), 23 survivors (23552K)
}
Event: 156.060 {heap After GC invocations=198 (full 3):
 garbage-first heap   total reserved 524288K, committed 524288K, used 305833K [0x00000000e0000000, 0x0000000100000000)
  region size 1024K, 18 young (18432K), 18 survivors (18432K)
}
Event: 156.129 {heap Before GC invocations=198 (full 3):
 garbage-first heap   total reserved 524288K, committed 524288K, used 478889K [0x00000000e0000000, 0x0000000100000000)
  region size 1024K, 188 young (192512K), 18 survivors (18432K)
}
Event: 156.134 {heap After GC invocations=199 (full 3):
 garbage-first heap   total reserved 524288K, committed 524288K, used 304641K [0x00000000e0000000, 0x0000000100000000)
  region size 1024K, 15 young (15360K), 15 survivors (15360K)
}
Event: 156.200 {heap Before GC invocations=199 (full 3):
 garbage-first heap   total reserved 524288K, committed 524288K, used 482817K [0x00000000e0000000, 0x0000000100000000)
  region size 1024K, 190 young (194560K), 15 survivors (15360K)
}
Event: 156.203 {heap After GC invocations=200 (full 3):
 garbage-first heap   total reserved 524288K, committed 524288K, used 310013K [0x00000000e0000000, 0x0000000100000000)
  region size 1024K, 13 young (13312K), 13 survivors (13312K)
}
Event: 156.275 {heap Before GC invocations=201 (full 3):
 garbage-first heap   total reserved 524288K, committed 524288K, used 489213K [0x00000000e0000000, 0x0000000100000000)
  region size 1024K, 188 young (192512K), 13 survivors (13312K)
}
Event: 156.279 {heap After GC invocations=202 (full 3):
 garbage-first heap   total reserved 524288K, committed 524288K, used 318205K [0x00000000e0000000, 0x0000000100000000)
  region size 1024K, 21 young (21504K), 21 survivors (21504K)
}
Event: 156.330 {heap Before GC invocations=202 (full 3):
 garbage-first heap   total reserved 524288K, committed 524288K, used 491261K [0x00000000e0000000, 0x0000000100000000)
  region size 1024K, 191 young (195584K), 21 survivors (21504K)
}
Event: 156.334 {heap After GC invocations=203 (full 3):
 garbage-first heap   total reserved 524288K, committed 524288K, used 322071K [0x00000000e0000000, 0x0000000100000000)
  region size 1024K, 15 young (15360K), 15 survivors (15360K)
}

Metaspace Usage History (20 events):
Event: 155.592 {metaspace Before GC invocations=190 (full 3):
 Metaspace       used 259793K, committed 261184K, reserved 589824K
  class space    used 35688K, committed 36288K, reserved 327680K
}
Event: 155.597 {metaspace After GC invocations=191 (full 3):
 Metaspace       used 259793K, committed 261184K, reserved 589824K
  class space    used 35688K, committed 36288K, reserved 327680K
}
Event: 155.685 {metaspace Before GC invocations=191 (full 3):
 Metaspace       used 259973K, committed 261376K, reserved 589824K
  class space    used 35731K, committed 36352K, reserved 327680K
}
Event: 155.691 {metaspace After GC invocations=192 (full 3):
 Metaspace       used 259973K, committed 261376K, reserved 589824K
  class space    used 35731K, committed 36352K, reserved 327680K
}
Event: 155.794 {metaspace Before GC invocations=193 (full 3):
 Metaspace       used 259979K, committed 261376K, reserved 589824K
  class space    used 35733K, committed 36352K, reserved 327680K
}
Event: 155.801 {metaspace After GC invocations=194 (full 3):
 Metaspace       used 259979K, committed 261376K, reserved 589824K
  class space    used 35733K, committed 36352K, reserved 327680K
}
Event: 155.874 {metaspace Before GC invocations=194 (full 3):
 Metaspace       used 259983K, committed 261376K, reserved 589824K
  class space    used 35734K, committed 36352K, reserved 327680K
}
Event: 155.880 {metaspace After GC invocations=195 (full 3):
 Metaspace       used 259983K, committed 261376K, reserved 589824K
  class space    used 35734K, committed 36352K, reserved 327680K
}
Event: 155.956 {metaspace Before GC invocations=195 (full 3):
 Metaspace       used 259984K, committed 261376K, reserved 589824K
  class space    used 35734K, committed 36352K, reserved 327680K
}
Event: 155.960 {metaspace After GC invocations=196 (full 3):
 Metaspace       used 259984K, committed 261376K, reserved 589824K
  class space    used 35734K, committed 36352K, reserved 327680K
}
Event: 156.056 {metaspace Before GC invocations=197 (full 3):
 Metaspace       used 259984K, committed 261376K, reserved 589824K
  class space    used 35734K, committed 36352K, reserved 327680K
}
Event: 156.060 {metaspace After GC invocations=198 (full 3):
 Metaspace       used 259984K, committed 261376K, reserved 589824K
  class space    used 35734K, committed 36352K, reserved 327680K
}
Event: 156.129 {metaspace Before GC invocations=198 (full 3):
 Metaspace       used 259988K, committed 261376K, reserved 589824K
  class space    used 35734K, committed 36352K, reserved 327680K
}
Event: 156.134 {metaspace After GC invocations=199 (full 3):
 Metaspace       used 259988K, committed 261376K, reserved 589824K
  class space    used 35734K, committed 36352K, reserved 327680K
}
Event: 156.200 {metaspace Before GC invocations=199 (full 3):
 Metaspace       used 259995K, committed 261376K, reserved 589824K
  class space    used 35734K, committed 36352K, reserved 327680K
}
Event: 156.203 {metaspace After GC invocations=200 (full 3):
 Metaspace       used 259995K, committed 261376K, reserved 589824K
  class space    used 35734K, committed 36352K, reserved 327680K
}
Event: 156.275 {metaspace Before GC invocations=201 (full 3):
 Metaspace       used 260011K, committed 261376K, reserved 589824K
  class space    used 35734K, committed 36352K, reserved 327680K
}
Event: 156.279 {metaspace After GC invocations=202 (full 3):
 Metaspace       used 260011K, committed 261376K, reserved 589824K
  class space    used 35734K, committed 36352K, reserved 327680K
}
Event: 156.330 {metaspace Before GC invocations=202 (full 3):
 Metaspace       used 260178K, committed 261568K, reserved 589824K
  class space    used 35735K, committed 36352K, reserved 327680K
}
Event: 156.334 {metaspace After GC invocations=203 (full 3):
 Metaspace       used 260178K, committed 261568K, reserved 589824K
  class space    used 35735K, committed 36352K, reserved 327680K
}

Dll operation events (3 events):
Event: 0.005 Loaded shared library C:\Program Files\Android\Android Studio\jbr\bin\java.dll
Event: 0.007 Loaded shared library C:\Program Files\Android\Android Studio\jbr\bin\zip.dll
Event: 0.243 Loaded shared library C:\Program Files\Android\Android Studio\jbr\bin\verify.dll

Deoptimization events (20 events):
Event: 156.319 Thread 0x000001a2ed8dd760 DEOPT PACKING pc=0x000001a2bb805ca8 sp=0x0000000362ef8b80
Event: 156.319 Thread 0x000001a2ed8dd760 DEOPT UNPACKING pc=0x000001a2c0ee1702 sp=0x0000000362ef80d8 mode 0
Event: 156.320 Thread 0x000001a2ed8dd760 DEOPT PACKING pc=0x000001a2bb805ca8 sp=0x0000000362ef8e20
Event: 156.320 Thread 0x000001a2ed8dd760 DEOPT UNPACKING pc=0x000001a2c0ee1702 sp=0x0000000362ef8378 mode 0
Event: 156.320 Thread 0x000001a2ed8dd760 DEOPT PACKING pc=0x000001a2bb805ca8 sp=0x0000000362ef8b80
Event: 156.320 Thread 0x000001a2ed8dd760 DEOPT UNPACKING pc=0x000001a2c0ee1702 sp=0x0000000362ef80d8 mode 0
Event: 156.320 Thread 0x000001a2ed8dd760 DEOPT PACKING pc=0x000001a2bb805ca8 sp=0x0000000362ef90c0
Event: 156.320 Thread 0x000001a2ed8dd760 DEOPT UNPACKING pc=0x000001a2c0ee1702 sp=0x0000000362ef8618 mode 0
Event: 156.328 Thread 0x000001a2ed8e0640 DEOPT PACKING pc=0x000001a2bb805ca8 sp=0x00000003629f8cb0
Event: 156.328 Thread 0x000001a2ed8e0640 DEOPT UNPACKING pc=0x000001a2c0ee1702 sp=0x00000003629f8208 mode 0
Event: 156.337 Thread 0x000001a2e4c78410 DEOPT PACKING pc=0x000001a2bb7af5f9 sp=0x0000000363ff9420
Event: 156.337 Thread 0x000001a2e4c78410 DEOPT UNPACKING pc=0x000001a2c0ee1702 sp=0x0000000363ff8ad0 mode 0
Event: 156.341 Thread 0x000001a2e4c79b80 DEOPT PACKING pc=0x000001a2bb88050e sp=0x0000000363df9700
Event: 156.341 Thread 0x000001a2e4c79b80 DEOPT UNPACKING pc=0x000001a2c0ee1702 sp=0x0000000363df8b90 mode 0
Event: 156.346 Thread 0x000001a2e4c793b0 DEOPT PACKING pc=0x000001a2bb805ca8 sp=0x0000000363cf9400
Event: 156.346 Thread 0x000001a2e4c793b0 DEOPT UNPACKING pc=0x000001a2c0ee1702 sp=0x0000000363cf8958 mode 0
Event: 156.350 Thread 0x000001a2d88cb080 DEOPT PACKING pc=0x000001a2bb88050e sp=0x00000003646f9a30
Event: 156.350 Thread 0x000001a2d88cb080 DEOPT UNPACKING pc=0x000001a2c0ee1702 sp=0x00000003646f8ec0 mode 0
Event: 156.350 Thread 0x000001a2d88cb080 DEOPT PACKING pc=0x000001a2bb88050e sp=0x00000003646f9a30
Event: 156.350 Thread 0x000001a2d88cb080 DEOPT UNPACKING pc=0x000001a2c0ee1702 sp=0x00000003646f8ec0 mode 0

Classes loaded (20 events):
Event: 155.535 Loading class java/nio/file/TempFileHelper
Event: 155.535 Loading class java/nio/file/TempFileHelper done
Event: 155.579 Loading class java/rmi/ConnectException
Event: 155.579 Loading class java/rmi/ConnectException done
Event: 155.579 Loading class java/rmi/ConnectIOException
Event: 155.579 Loading class java/rmi/ConnectIOException done
Event: 155.579 Loading class java/rmi/UnmarshalException
Event: 155.579 Loading class java/rmi/UnmarshalException done
Event: 155.582 Loading class java/rmi/server/RMIServerSocketFactory
Event: 155.582 Loading class java/rmi/server/RMIServerSocketFactory done
Event: 155.583 Loading class java/rmi/server/RMIClientSocketFactory
Event: 155.583 Loading class java/rmi/server/RMIClientSocketFactory done
Event: 155.601 Loading class java/lang/IllegalThreadStateException
Event: 155.602 Loading class java/lang/IllegalThreadStateException done
Event: 155.623 Loading class java/lang/ProcessBuilder$NullInputStream
Event: 155.623 Loading class java/lang/ProcessBuilder$NullInputStream done
Event: 155.623 Loading class java/util/concurrent/Semaphore$NonfairSync
Event: 155.623 Loading class java/util/concurrent/Semaphore$Sync
Event: 155.623 Loading class java/util/concurrent/Semaphore$Sync done
Event: 155.623 Loading class java/util/concurrent/Semaphore$NonfairSync done

Classes unloaded (20 events):
Event: 153.618 Thread 0x000001a2cddb2570 Unloading class 0x000000009b23d000 'java/lang/invoke/LambdaForm$MH+0x000000009b23d000'
Event: 153.618 Thread 0x000001a2cddb2570 Unloading class 0x000000009b2b1400 'java/lang/invoke/LambdaForm$MH+0x000000009b2b1400'
Event: 153.618 Thread 0x000001a2cddb2570 Unloading class 0x000000009b2b1c00 'java/lang/invoke/LambdaForm$MH+0x000000009b2b1c00'
Event: 153.618 Thread 0x000001a2cddb2570 Unloading class 0x000000009b3aac00 'java/lang/invoke/LambdaForm$MH+0x000000009b3aac00'
Event: 153.618 Thread 0x000001a2cddb2570 Unloading class 0x000000009b43e800 'java/lang/invoke/LambdaForm$MH+0x000000009b43e800'
Event: 153.618 Thread 0x000001a2cddb2570 Unloading class 0x000000009b499000 'java/lang/invoke/LambdaForm$MH+0x000000009b499000'
Event: 153.618 Thread 0x000001a2cddb2570 Unloading class 0x000000009b501000 'java/lang/invoke/LambdaForm$MH+0x000000009b501000'
Event: 153.618 Thread 0x000001a2cddb2570 Unloading class 0x000000009b501c00 'java/lang/invoke/LambdaForm$MH+0x000000009b501c00'
Event: 153.618 Thread 0x000001a2cddb2570 Unloading class 0x000000009b51b400 'java/lang/invoke/LambdaForm$MH+0x000000009b51b400'
Event: 153.618 Thread 0x000001a2cddb2570 Unloading class 0x000000009b522000 'java/lang/invoke/LambdaForm$MH+0x000000009b522000'
Event: 153.618 Thread 0x000001a2cddb2570 Unloading class 0x000000009b578000 'java/lang/invoke/LambdaForm$MH+0x000000009b578000'
Event: 153.618 Thread 0x000001a2cddb2570 Unloading class 0x000000009b578c00 'java/lang/invoke/LambdaForm$MH+0x000000009b578c00'
Event: 153.618 Thread 0x000001a2cddb2570 Unloading class 0x000000009b581000 'java/lang/invoke/LambdaForm$MH+0x000000009b581000'
Event: 153.618 Thread 0x000001a2cddb2570 Unloading class 0x000000009b581800 'java/lang/invoke/LambdaForm$MH+0x000000009b581800'
Event: 153.618 Thread 0x000001a2cddb2570 Unloading class 0x000000009bb2c800 'java/lang/invoke/LambdaForm$MH+0x000000009bb2c800'
Event: 153.618 Thread 0x000001a2cddb2570 Unloading class 0x000000009bc24000 'java/lang/invoke/LambdaForm$MH+0x000000009bc24000'
Event: 153.618 Thread 0x000001a2cddb2570 Unloading class 0x000000009bc2b400 'java/lang/invoke/LambdaForm$MH+0x000000009bc2b400'
Event: 153.618 Thread 0x000001a2cddb2570 Unloading class 0x000000009bc3c000 'java/lang/invoke/LambdaForm$MH+0x000000009bc3c000'
Event: 153.618 Thread 0x000001a2cddb2570 Unloading class 0x000000009bc3c800 'java/lang/invoke/LambdaForm$MH+0x000000009bc3c800'
Event: 153.618 Thread 0x000001a2cddb2570 Unloading class 0x000000009bff8000 'java/lang/invoke/LambdaForm$MH+0x000000009bff8000'

Classes redefined (0 events):
No events

Internal exceptions (20 events):
Event: 156.323 Thread 0x000001a2ed8df6a0 Exception <a 'sun/nio/fs/WindowsException'{0x00000000f68ef598}> (0x00000000f68ef598) 
thrown [s\src\hotspot\share\prims\jni.cpp, line 535]
Event: 156.323 Thread 0x000001a2ed8df6a0 Exception <a 'sun/nio/fs/WindowsException'{0x00000000f68fb9a0}> (0x00000000f68fb9a0) 
thrown [s\src\hotspot\share\prims\jni.cpp, line 535]
Event: 156.323 Thread 0x000001a2ed8df6a0 Exception <a 'sun/nio/fs/WindowsException'{0x00000000f68fc830}> (0x00000000f68fc830) 
thrown [s\src\hotspot\share\prims\jni.cpp, line 535]
Event: 156.323 Thread 0x000001a2ed8df6a0 Exception <a 'sun/nio/fs/WindowsException'{0x00000000f68fd8e8}> (0x00000000f68fd8e8) 
thrown [s\src\hotspot\share\prims\jni.cpp, line 535]
Event: 156.323 Thread 0x000001a2ed8df6a0 Exception <a 'sun/nio/fs/WindowsException'{0x00000000f68fec40}> (0x00000000f68fec40) 
thrown [s\src\hotspot\share\prims\jni.cpp, line 535]
Event: 156.325 Thread 0x000001a2ed8df6a0 Exception <a 'sun/nio/fs/WindowsException'{0x00000000f6677340}> (0x00000000f6677340) 
thrown [s\src\hotspot\share\prims\jni.cpp, line 535]
Event: 156.325 Thread 0x000001a2ed8df6a0 Exception <a 'sun/nio/fs/WindowsException'{0x00000000f667ba28}> (0x00000000f667ba28) 
thrown [s\src\hotspot\share\prims\jni.cpp, line 535]
Event: 156.329 Thread 0x000001a2ed8df6a0 Exception <a 'sun/nio/fs/WindowsException'{0x00000000f55868a8}> (0x00000000f55868a8) 
thrown [s\src\hotspot\share\prims\jni.cpp, line 535]
Event: 156.330 Thread 0x000001a2ed8df6a0 Exception <a 'sun/nio/fs/WindowsException'{0x00000000f5592aa8}> (0x00000000f5592aa8) 
thrown [s\src\hotspot\share\prims\jni.cpp, line 535]
Event: 156.330 Thread 0x000001a2ed8df6a0 Exception <a 'sun/nio/fs/WindowsException'{0x00000000f50000e0}> (0x00000000f50000e0) 
thrown [s\src\hotspot\share\prims\jni.cpp, line 535]
Event: 156.330 Thread 0x000001a2ed8df6a0 Exception <a 'sun/nio/fs/WindowsException'{0x00000000f5001198}> (0x00000000f5001198) 
thrown [s\src\hotspot\share\prims\jni.cpp, line 535]
Event: 156.330 Thread 0x000001a2ed8df6a0 Exception <a 'sun/nio/fs/WindowsException'{0x00000000f50024f0}> (0x00000000f50024f0) 
thrown [s\src\hotspot\share\prims\jni.cpp, line 535]
Event: 156.336 Thread 0x000001a2ed8df6a0 Exception <a 'sun/nio/fs/WindowsException'{0x00000000ffc2eb58}> (0x00000000ffc2eb58) 
thrown [s\src\hotspot\share\prims\jni.cpp, line 535]
Event: 156.336 Thread 0x000001a2ed8df6a0 Exception <a 'sun/nio/fs/WindowsException'{0x00000000ffc2fd58}> (0x00000000ffc2fd58) 
thrown [s\src\hotspot\share\prims\jni.cpp, line 535]
Event: 156.336 Thread 0x000001a2ed8df6a0 Exception <a 'sun/nio/fs/WindowsException'{0x00000000ffc32a70}> (0x00000000ffc32a70) 
thrown [s\src\hotspot\share\prims\jni.cpp, line 535]
Event: 156.336 Thread 0x000001a2ed8df6a0 Exception <a 'sun/nio/fs/WindowsException'{0x00000000ffc33d48}> (0x00000000ffc33d48) 
thrown [s\src\hotspot\share\prims\jni.cpp, line 535]
Event: 156.336 Thread 0x000001a2ed8df6a0 Exception <a 'sun/nio/fs/WindowsException'{0x00000000ffc35020}> (0x00000000ffc35020) 
thrown [s\src\hotspot\share\prims\jni.cpp, line 535]
Event: 156.336 Thread 0x000001a2ed8df6a0 Exception <a 'sun/nio/fs/WindowsException'{0x00000000ffc36a98}> (0x00000000ffc36a98) 
thrown [s\src\hotspot\share\prims\jni.cpp, line 535]
Event: 156.336 Thread 0x000001a2ed8df6a0 Exception <a 'sun/nio/fs/WindowsException'{0x00000000ffc37dc0}> (0x00000000ffc37dc0) 
thrown [s\src\hotspot\share\prims\jni.cpp, line 535]
Event: 156.336 Thread 0x000001a2ed8df6a0 Exception <a 'sun/nio/fs/WindowsException'{0x00000000ffc390e8}> (0x00000000ffc390e8) 
thrown [s\src\hotspot\share\prims\jni.cpp, line 535]

VM Operations (20 events):
Event: 155.956 Executing safepoint VM operation: G1CollectForAllocation (G1 Evacuation Pause)
Event: 155.960 Executing safepoint VM operation: G1CollectForAllocation (G1 Evacuation Pause) done
Event: 156.018 Executing safepoint VM operation: G1PauseRemark
Event: 156.027 Executing safepoint VM operation: G1PauseRemark done
Event: 156.044 Executing safepoint VM operation: G1PauseCleanup
Event: 156.045 Executing safepoint VM operation: G1PauseCleanup done
Event: 156.056 Executing safepoint VM operation: G1CollectForAllocation (G1 Evacuation Pause)
Event: 156.060 Executing safepoint VM operation: G1CollectForAllocation (G1 Evacuation Pause) done
Event: 156.129 Executing safepoint VM operation: G1CollectForAllocation (G1 Evacuation Pause)
Event: 156.134 Executing safepoint VM operation: G1CollectForAllocation (G1 Evacuation Pause) done
Event: 156.199 Executing safepoint VM operation: G1CollectForAllocation (G1 Evacuation Pause)
Event: 156.203 Executing safepoint VM operation: G1CollectForAllocation (G1 Evacuation Pause) done
Event: 156.262 Executing safepoint VM operation: G1PauseRemark
Event: 156.266 Executing safepoint VM operation: G1PauseRemark done
Event: 156.275 Executing safepoint VM operation: G1CollectForAllocation (G1 Evacuation Pause)
Event: 156.279 Executing safepoint VM operation: G1CollectForAllocation (G1 Evacuation Pause) done
Event: 156.289 Executing safepoint VM operation: G1PauseCleanup
Event: 156.289 Executing safepoint VM operation: G1PauseCleanup done
Event: 156.330 Executing safepoint VM operation: G1CollectForAllocation (G1 Evacuation Pause)
Event: 156.334 Executing safepoint VM operation: G1CollectForAllocation (G1 Evacuation Pause) done

Memory protections (0 events):
No events

Nmethod flushes (20 events):
Event: 156.025 Thread 0x000001a2cddb2570 flushing  nmethod 0x000001a2bb5a0088
Event: 156.025 Thread 0x000001a2cddb2570 flushing  nmethod 0x000001a2bb5a0b08
Event: 156.025 Thread 0x000001a2cddb2570 flushing  nmethod 0x000001a2bb5a0f88
Event: 156.025 Thread 0x000001a2cddb2570 flushing  nmethod 0x000001a2bb5a1b08
Event: 156.025 Thread 0x000001a2cddb2570 flushing  nmethod 0x000001a2bb5a1f08
Event: 156.025 Thread 0x000001a2cddb2570 flushing  nmethod 0x000001a2bb642708
Event: 156.025 Thread 0x000001a2cddb2570 flushing  nmethod 0x000001a2bb642b08
Event: 156.025 Thread 0x000001a2cddb2570 flushing  nmethod 0x000001a2bb643208
Event: 156.025 Thread 0x000001a2cddb2570 flushing  nmethod 0x000001a2bb7aac88
Event: 156.025 Thread 0x000001a2cddb2570 flushing  nmethod 0x000001a2bb7ac188
Event: 156.025 Thread 0x000001a2cddb2570 flushing osr nmethod 0x000001a2bb7ae888
Event: 156.265 Thread 0x000001a2cddb2570 flushing  nmethod 0x000001a2bab70908
Event: 156.265 Thread 0x000001a2cddb2570 flushing  nmethod 0x000001a2ba98a308
Event: 156.265 Thread 0x000001a2cddb2570 flushing  nmethod 0x000001a2bab7ef88
Event: 156.265 Thread 0x000001a2cddb2570 flushing  nmethod 0x000001a2ba9f9d08
Event: 156.265 Thread 0x000001a2cddb2570 flushing  nmethod 0x000001a2bab96488
Event: 156.265 Thread 0x000001a2cddb2570 flushing  nmethod 0x000001a2ba96db08
Event: 156.265 Thread 0x000001a2cddb2570 flushing  nmethod 0x000001a2ba96e808
Event: 156.265 Thread 0x000001a2cddb2570 flushing  nmethod 0x000001a2bab88b88
Event: 156.265 Thread 0x000001a2cddb2570 flushing  nmethod 0x000001a2bab7a488

Events (20 events):
Event: 155.580 Thread 0x000001a2ee30ee50 Thread added: 0x000001a2f0408c50
Event: 155.580 Thread 0x000001a2ee30ee50 Thread added: 0x000001a2f0407cb0
Event: 155.581 Thread 0x000001a2ee30ee50 Thread added: 0x000001a2f0408480
Event: 155.581 Thread 0x000001a2ee30ee50 Thread added: 0x000001a2e4c76ca0
Event: 155.581 Thread 0x000001a2ee30ee50 Thread added: 0x000001a2e4c764d0
Event: 155.582 Thread 0x000001a2ee30ee50 Thread added: 0x000001a2e4c78be0
Event: 155.582 Thread 0x000001a2ee30ee50 Thread added: 0x000001a2e4c77470
Event: 155.583 Thread 0x000001a2ee30ee50 Thread added: 0x000001a2e4c793b0
Event: 155.584 Thread 0x000001a2ee30ee50 Thread added: 0x000001a2e4c79b80
Event: 155.584 Thread 0x000001a2ee30ee50 Thread added: 0x000001a2e4c77c40
Event: 155.585 Thread 0x000001a2ee30ee50 Thread added: 0x000001a2e4c78410
Event: 155.586 Thread 0x000001a2ee30ee50 Thread added: 0x000001a2d88c79d0
Event: 155.587 Thread 0x000001a2ee30ee50 Thread added: 0x000001a2d88c81a0
Event: 155.588 Thread 0x000001a2ee30ee50 Thread added: 0x000001a2d88ca0e0
Event: 155.588 Thread 0x000001a2ee30ee50 Thread added: 0x000001a2d88c9140
Event: 155.589 Thread 0x000001a2ee30ee50 Thread added: 0x000001a2d88c9910
Event: 155.590 Thread 0x000001a2ee30ee50 Thread added: 0x000001a2d88ca8b0
Event: 155.591 Thread 0x000001a2ee30ee50 Thread added: 0x000001a2d88cb080
Event: 155.635 Thread 0x000001a2f0dc77f0 Thread added: 0x000001a2d6a87d90
Event: 156.120 Thread 0x000001a2d6a87d90 Thread exited: 0x000001a2d6a87d90


Dynamic libraries:
0x00007ff6b9cd0000 - 0x00007ff6b9cda000 	C:\Program Files\Android\Android Studio\jbr\bin\java.exe
0x00007ff931a20000 - 0x00007ff931c86000 	C:\WINDOWS\SYSTEM32\ntdll.dll
0x00007ff9307a0000 - 0x00007ff930869000 	C:\WINDOWS\System32\KERNEL32.DLL
0x00007ff92f1e0000 - 0x00007ff92f5de000 	C:\WINDOWS\System32\KERNELBASE.dll
0x00007ff92f5f0000 - 0x00007ff92f73c000 	C:\WINDOWS\System32\ucrtbase.dll
0x00007ff8a5380000 - 0x00007ff8a539b000 	C:\Program Files\Android\Android Studio\jbr\bin\VCRUNTIME140.dll
0x00007ff8f9500000 - 0x00007ff8f9516000 	C:\Program Files\Android\Android Studio\jbr\bin\jli.dll
0x00007ff931100000 - 0x00007ff9312c7000 	C:\WINDOWS\System32\USER32.dll
0x00007ff92ddd0000 - 0x00007ff92e062000 	C:\WINDOWS\WinSxS\amd64_microsoft.windows.common-controls_6595b64144ccf1df_6.0.26100.8875_none_3e0d5d42e32fe9dd\COMCTL32.dll
0x00007ff92edc0000 - 0x00007ff92ede7000 	C:\WINDOWS\System32\win32u.dll
0x00007ff9306f0000 - 0x00007ff930799000 	C:\WINDOWS\System32\msvcrt.dll
0x00007ff9314d0000 - 0x00007ff9314fb000 	C:\WINDOWS\System32\GDI32.dll
0x00007ff92edf0000 - 0x00007ff92ef1a000 	C:\WINDOWS\System32\gdi32full.dll
0x00007ff92efb0000 - 0x00007ff92f053000 	C:\WINDOWS\System32\msvcp_win.dll
0x00007ff930040000 - 0x00007ff930072000 	C:\WINDOWS\System32\IMM32.DLL
0x00007ff8fc6e0000 - 0x00007ff8fc6ec000 	C:\Program Files\Android\Android Studio\jbr\bin\vcruntime140_1.dll
0x00007ff8a50b0000 - 0x00007ff8a513d000 	C:\Program Files\Android\Android Studio\jbr\bin\msvcp140.dll
0x00007ff8a53a0000 - 0x00007ff8a627a000 	C:\Program Files\Android\Android Studio\jbr\bin\server\jvm.dll
0x00007ff931040000 - 0x00007ff9310f7000 	C:\WINDOWS\System32\ADVAPI32.dll
0x00007ff9312d0000 - 0x00007ff93137a000 	C:\WINDOWS\System32\sechost.dll
0x00007ff931720000 - 0x00007ff931838000 	C:\WINDOWS\System32\RPCRT4.dll
0x00007ff930080000 - 0x00007ff930100000 	C:\WINDOWS\System32\WS2_32.dll
0x00007ff91ed20000 - 0x00007ff91ed56000 	C:\WINDOWS\SYSTEM32\WINMM.dll
0x00007ff92eaa0000 - 0x00007ff92eafe000 	C:\WINDOWS\SYSTEM32\POWRPROF.dll
0x00007ff92cb10000 - 0x00007ff92cb1b000 	C:\WINDOWS\SYSTEM32\VERSION.dll
0x00007ff92ea80000 - 0x00007ff92ea94000 	C:\WINDOWS\SYSTEM32\UMPDC.dll
0x00007ff92dc20000 - 0x00007ff92dc3b000 	C:\WINDOWS\SYSTEM32\kernel.appcore.dll
0x00007ff8f6140000 - 0x00007ff8f614a000 	C:\Program Files\Android\Android Studio\jbr\bin\jimage.dll
0x00007ff92e3d0000 - 0x00007ff92e612000 	C:\WINDOWS\SYSTEM32\DBGHELP.DLL
0x00007ff930870000 - 0x00007ff930bf3000 	C:\WINDOWS\System32\combase.dll
0x00007ff930180000 - 0x00007ff930259000 	C:\WINDOWS\System32\OLEAUT32.dll
0x00007ff92e280000 - 0x00007ff92e2bb000 	C:\WINDOWS\SYSTEM32\dbgcore.DLL
0x00007ff92f060000 - 0x00007ff92f10c000 	C:\WINDOWS\System32\bcryptPrimitives.dll
0x00007ff928900000 - 0x00007ff92890e000 	C:\Program Files\Android\Android Studio\jbr\bin\instrument.dll
0x00007ff8a5360000 - 0x00007ff8a537f000 	C:\Program Files\Android\Android Studio\jbr\bin\java.dll
0x00007ff931840000 - 0x00007ff9319d9000 	C:\WINDOWS\System32\ole32.dll
0x00007ff92f8a0000 - 0x00007ff930032000 	C:\WINDOWS\System32\SHELL32.dll
0x00007ff8a5340000 - 0x00007ff8a5357000 	C:\Program Files\Android\Android Studio\jbr\bin\zip.dll
0x00007ff92b6a0000 - 0x00007ff92bf32000 	C:\WINDOWS\SYSTEM32\windows.storage.dll
0x00007ff92f760000 - 0x00007ff92f857000 	C:\WINDOWS\System32\SHCORE.dll
0x00007ff930110000 - 0x00007ff930177000 	C:\WINDOWS\System32\shlwapi.dll
0x00007ff92eb60000 - 0x00007ff92eb89000 	C:\WINDOWS\SYSTEM32\profapi.dll
0x00007ff8f0490000 - 0x00007ff8f04a0000 	C:\Program Files\Android\Android Studio\jbr\bin\net.dll
0x00007ff92ce20000 - 0x00007ff92ce8c000 	C:\WINDOWS\system32\mswsock.dll
0x00007ff8a5320000 - 0x00007ff8a5336000 	C:\Program Files\Android\Android Studio\jbr\bin\nio.dll
0x00007ff8effd0000 - 0x00007ff8effe0000 	C:\Program Files\Android\Android Studio\jbr\bin\verify.dll
0x00007ff8fc6b0000 - 0x00007ff8fc6d7000 	C:\Users\Intel\.gradle\native\660c5614fbf4a5f2a75b1949f50a0caf5cd603558e7d8a26e50b933a0cfb79d1\windows-amd64\native-platform.dll
0x00007ff8e1b60000 - 0x00007ff8e1bd7000 	C:\Users\Intel\.gradle\native\0.2.8\x86_64-windows-gnu\gradle-fileevents.dll
0x00007ff8f6170000 - 0x00007ff8f6179000 	C:\Program Files\Android\Android Studio\jbr\bin\management.dll
0x00007ff8f6160000 - 0x00007ff8f616b000 	C:\Program Files\Android\Android Studio\jbr\bin\management_ext.dll
0x00007ff931710000 - 0x00007ff931718000 	C:\WINDOWS\System32\PSAPI.DLL
0x00007ff92c270000 - 0x00007ff92c2a3000 	C:\WINDOWS\SYSTEM32\IPHLPAPI.DLL
0x00007ff9314c0000 - 0x00007ff9314ca000 	C:\WINDOWS\System32\NSI.dll
0x00007ff8f6180000 - 0x00007ff8f6189000 	C:\Program Files\Android\Android Studio\jbr\bin\extnet.dll
0x00007ff92e740000 - 0x00007ff92e75b000 	C:\WINDOWS\SYSTEM32\CRYPTSP.dll
0x00007ff92c820000 - 0x00007ff92c859000 	C:\WINDOWS\system32\rsaenh.dll
0x00007ff92cee0000 - 0x00007ff92cf12000 	C:\WINDOWS\SYSTEM32\USERENV.dll
0x00007ff92eb30000 - 0x00007ff92eb5a000 	C:\WINDOWS\SYSTEM32\bcrypt.dll
0x00007ff92d090000 - 0x00007ff92d09c000 	C:\WINDOWS\SYSTEM32\CRYPTBASE.dll
0x00007ff8adcf0000 - 0x00007ff8adcf8000 	C:\WINDOWS\system32\wshunix.dll
0x00007ff908000000 - 0x00007ff908018000 	C:\WINDOWS\system32\napinsp.dll
0x00007ff92c300000 - 0x00007ff92c456000 	C:\WINDOWS\SYSTEM32\DNSAPI.dll
0x00007ff92cc40000 - 0x00007ff92cc4d000 	C:\WINDOWS\SYSTEM32\DSPARSE.dll
0x00007ff906480000 - 0x00007ff906493000 	C:\WINDOWS\System32\winrnr.dll
0x00007ff906450000 - 0x00007ff906472000 	C:\WINDOWS\system32\nlansp_c.dll
0x00007ff9259c0000 - 0x00007ff9259d6000 	C:\WINDOWS\system32\wshbth.dll
0x00007ff925790000 - 0x00007ff92579b000 	C:\Windows\System32\rasadhlp.dll
0x00007ff920080000 - 0x00007ff920106000 	C:\WINDOWS\System32\fwpuclnt.dll
0x00007ff92e390000 - 0x00007ff92e3c6000 	C:\WINDOWS\SYSTEM32\ntmarta.dll
0x00007ff92aac0000 - 0x00007ff92ab60000 	C:\WINDOWS\system32\apphelp.dll

JVMTI agents:
C:\Users\Intel\.gradle\wrapper\dists\gradle-9.3.0-bin\79n14ral3mx1ozqr3csh2u872\gradle-9.3.0\lib\agents\gradle-instrumentation-agent-9.3.0.jar path:C:\Program Files\Android\Android Studio\jbr\bin\instrument.dll, loaded, initialized, instrumentlib options:none

dbghelp: loaded successfully - version: 4.0.5 - missing functions: none
symbol engine: initialized successfully - sym options: 0x614 - pdb path: .;C:\Program Files\Android\Android Studio\jbr\bin;C:\WINDOWS\SYSTEM32;C:\WINDOWS\WinSxS\amd64_microsoft.windows.common-controls_6595b64144ccf1df_6.0.26100.8875_none_3e0d5d42e32fe9dd;C:\Program Files\Android\Android Studio\jbr\bin\server;C:\Users\Intel\.gradle\native\660c5614fbf4a5f2a75b1949f50a0caf5cd603558e7d8a26e50b933a0cfb79d1\windows-amd64;C:\Users\Intel\.gradle\native\0.2.8\x86_64-windows-gnu

VM Arguments:
jvm_args: --add-opens=java.base/java.lang=ALL-UNNAMED --add-opens=java.base/java.lang.invoke=ALL-UNNAMED --add-opens=java.base/java.util=ALL-UNNAMED --add-opens=java.prefs/java.util.prefs=ALL-UNNAMED --add-exports=jdk.compiler/com.sun.tools.javac.api=ALL-UNNAMED --add-exports=jdk.compiler/com.sun.tools.javac.util=ALL-UNNAMED --add-opens=java.base/java.util=ALL-UNNAMED --add-opens=java.prefs/java.util.prefs=ALL-UNNAMED --add-opens=java.base/java.nio.charset=ALL-UNNAMED --add-opens=java.base/java.net=ALL-UNNAMED --add-opens=java.base/java.util.concurrent=ALL-UNNAMED --add-opens=java.base/java.util.concurrent.atomic=ALL-UNNAMED --add-opens=java.xml/javax.xml.namespace=ALL-UNNAMED --add-opens=java.base/java.time=ALL-UNNAMED --enable-native-access=ALL-UNNAMED -XX:MaxMetaspaceSize=384m -XX:+HeapDumpOnOutOfMemoryError -Xms256m -Xmx512m -Dfile.encoding=UTF-8 -Duser.country=BE -Duser.language=nl -Duser.variant -javaagent:C:\Users\Intel\.gradle\wrapper\dists\gradle-9.3.0-bin\79n14ral3mx1ozqr3csh2u872\gradle-9.3.0\lib\agents\gradle-instrumentation-agent-9.3.0.jar 
java_command: org.gradle.launcher.daemon.bootstrap.GradleDaemon 9.3.0
java_class_path (initial): C:\Users\Intel\.gradle\wrapper\dists\gradle-9.3.0-bin\79n14ral3mx1ozqr3csh2u872\gradle-9.3.0\lib\gradle-daemon-main-9.3.0.jar
Launcher Type: SUN_STANDARD

[Global flags]
     intx CICompilerCount                          = 15                                        {product} {ergonomic}
   size_t CompressedClassSpaceSize                 = 335544320                                 {product} {ergonomic}
     uint ConcGCThreads                            = 6                                         {product} {ergonomic}
     uint G1ConcRefinementThreads                  = 23                                        {product} {ergonomic}
   size_t G1HeapRegionSize                         = 1048576                                   {product} {ergonomic}
     bool HeapDumpOnOutOfMemoryError               = true                                   {manageable} {command line}
   size_t InitialHeapSize                          = 268435456                                 {product} {command line}
   size_t MarkStackSize                            = 4194304                                   {product} {ergonomic}
   size_t MarkStackSizeMax                         = 536870912                                 {product} {ergonomic}
   size_t MaxHeapSize                              = 536870912                                 {product} {command line}
   size_t MaxMetaspaceSize                         = 402653184                                 {product} {command line}
   size_t MaxNewSize                               = 321912832                                 {product} {ergonomic}
   size_t MinHeapDeltaBytes                        = 1048576                                   {product} {ergonomic}
   size_t MinHeapSize                              = 268435456                                 {product} {command line}
    uintx NonNMethodCodeHeapSize                   = 8192000                                {pd product} {ergonomic}
    uintx NonProfiledCodeHeapSize                  = 121765888                              {pd product} {ergonomic}
    uintx ProfiledCodeHeapSize                     = 121700352                              {pd product} {ergonomic}
    uintx ReservedCodeCacheSize                    = 251658240                              {pd product} {ergonomic}
     bool SegmentedCodeCache                       = true                                      {product} {ergonomic}
   size_t SoftMaxHeapSize                          = 536870912                              {manageable} {ergonomic}
     bool UseCompressedOops                        = true                           {product lp64_product} {ergonomic}
     bool UseG1GC                                  = true                                      {product} {ergonomic}
     bool UseLargePagesIndividualAllocation        = false                                  {pd product} {ergonomic}

Logging:
Log output configuration:
 #0: stdout all=warning uptime,level,tags foldmultilines=false
 #1: stderr all=off uptime,level,tags foldmultilines=false

Release file:
JAVA_VERSION="25.0.2" 
MODULES="java.base java.compiler java.datatransfer java.xml java.prefs java.desktop java.instrument java.logging java.management java.security.sasl java.naming java.rmi java.management.rmi java.net.http java.scripting java.security.jgss java.transaction.xa java.sql java.sql.rowset java.xml.crypto java.se java.smartcardio jdk.accessibility jdk.internal.jvmstat jdk.attach jdk.charsets jdk.internal.opt jdk.zipfs jdk.compiler jdk.crypto.cryptoki jdk.crypto.ec jdk.dynalink jdk.hotspot.agent jdk.httpserver jdk.internal.ed jdk.internal.le jdk.internal.md jdk.internal.vm.ci jdk.jartool jdk.javadoc jdk.jcmd jdk.jdeps jdk.jdwp.agent jdk.jdi jdk.jfr jdk.jlink jdk.localedata jdk.management jdk.management.agent jdk.management.jfr jdk.naming.dns jdk.naming.rmi jdk.net jdk.sctp jdk.security.auth jdk.security.jgss jdk.unsupported jdk.unsupported.desktop jdk.xml.dom" 
IMPLEMENTOR="JetBrains s.r.o." 
JAVA_RUNTIME_VERSION="25.0.2+-15348964-b329.117" 
LIBC="default" 
OS_ARCH="x86_64" 
OS_NAME="Windows" 
SOURCE=".:git:3cf398e84a39" 

Environment Variables:
PATH=C:\Program Files\NVIDIA GPU Computing Toolkit\CUDA\v12.8\bin;C:\Program Files\NVIDIA GPU Computing Toolkit\CUDA\v12.8\libnvvp;;;;C:\WINDOWS\system32;C:\WINDOWS;C:\WINDOWS\System32\Wbem;C:\WINDOWS\System32\WindowsPowerShell\v1.0\;C:\WINDOWS\System32\OpenSSH\;C:\Program Files\Git\cmd;C:\Program Files (x86)\NVIDIA Corporation\PhysX\Common;C:\Program Files\NVIDIA Corporation\NVIDIA NvDLISR;C:\Program Files\NVIDIA Corporation\Nsight Compute 2025.1.0\;C:\Program Files\NVIDIA Corporation\NVIDIA app\NvDLISR;C:\Program Files\dotnet\;C:\Users\Intel\AppData\Local\Programs\Python\Python312\Scripts\;C:\Users\Intel\AppData\Local\Programs\Python\Python312\;C:\Users\Intel\AppData\Local\Programs\Python\Python311\Scripts\;C:\Users\Intel\AppData\Local\Programs\Python\Python311\;C:\Users\Intel\AppData\Local\Programs\Python\Python310\Scripts\;C:\Users\Intel\AppData\Local\Programs\Python\Python310\;C:\Users\Intel\AppData\Local\Microsoft\WindowsApps;C:\Users\Intel\.dotnet\tools
USERNAME=Intel
OS=Windows_NT
PROCESSOR_IDENTIFIER=Intel64 Family 6 Model 183 Stepping 1, GenuineIntel
TMP=C:\Users\Intel\AppData\Local\Temp
TEMP=C:\Users\Intel\AppData\Local\Temp




Compilation memory statistics disabled.

Periodic native trim disabled

JNI global refs:
JNI global refs: 47, weak refs: 2423

JNI global refs memory usage: 835, weak refs: 25297

Process memory usage:
Resident Set Size: 1310760K (1% of 66809568K total physical memory with 49483872K free physical memory)

OOME stack traces (most recent first):
Classloader memory used:
Loader org.gradle.internal.classloader.VisitableURLClassLoader                         : 118 M
Loader org.gradle.internal.classloader.VisitableURLClassLoader$InstrumentingVisitableURLClassLoader: 75212 K
Loader bootstrap                                                                       : 34547 K
Loader org.gradle.initialization.MixInLegacyTypesClassLoader                           : 14495 K
Loader org.gradle.internal.classloader.VisitableURLClassLoader                         : 8484 K
Loader java.net.URLClassLoader                                                         : 5327 K
Loader jdk.internal.loader.ClassLoaders$PlatformClassLoader                            : 445 K
Loader jdk.internal.jrtfs.JrtFileSystemProvider$JrtFsLoader                            : 326 K
Loader jdk.internal.loader.ClassLoaders$AppClassLoader                                 : 226 K
Loader org.gradle.groovy.scripts.internal.DefaultScriptCompilationHandler$ScriptClassLoader: 154 K
Loader sun.reflect.misc.MethodUtil                                                     : 2968 B

Classes loaded by more than one classloader:
Class Program                                                                         : loaded 7 times (x 74B)
Class com.google.common.collect.Iterators                                             : loaded 4 times (x 73B)
Class com.google.common.collect.Lists$StringAsImmutableList                           : loaded 4 times (x 209B)
Class com.google.common.collect.AbstractIterator                                      : loaded 4 times (x 84B)
Class com.google.common.collect.AbstractIndexedListIterator                           : loaded 4 times (x 98B)
Class com.google.common.collect.Iterators$MergingIterator                             : loaded 4 times (x 83B)
Class com.google.common.collect.Iterators$ArrayItr                                    : loaded 4 times (x 99B)
Class com.google.common.collect.Iterators$1                                           : loaded 4 times (x 83B)
Class com.google.common.collect.Iterators$4                                           : loaded 4 times (x 84B)
Class com.google.common.collect.ImmutableList                                         : loaded 4 times (x 208B)
Class com.google.common.collect.Iterators$5                                           : loaded 4 times (x 84B)
Class com.google.common.collect.ImmutableCollection                                   : loaded 4 times (x 127B)
Class com.google.common.collect.Lists                                                 : loaded 4 times (x 73B)
Class com.google.common.collect.Iterators$9                                           : loaded 4 times (x 83B)
Class com.google.common.collect.UnmodifiableIterator                                  : loaded 4 times (x 82B)
Class com.google.common.collect.UnmodifiableListIterator                              : loaded 4 times (x 97B)
Class com.google.common.base.Preconditions                                            : loaded 4 times (x 73B)
Class com.google.common.collect.PeekingIterator                                       : loaded 4 times (x 72B)
Class com.google.common.base.CharMatcher$1                                            : loaded 3 times (x 116B)
Class kotlin.jvm.internal.CollectionToArray                                           : loaded 3 times (x 73B)
Class kotlin.collections.ArraysKt__ArraysJVMKt                                        : loaded 3 times (x 73B)
Class com.google.common.base.Joiner$1                                                 : loaded 3 times (x 83B)
Class com.google.common.base.CharMatcher                                              : loaded 3 times (x 114B)
Class kotlin.io.FilesKt__FileTreeWalkKt                                               : loaded 3 times (x 73B)
Class kotlin.sequences.FilteringSequence$iterator$1                                   : loaded 3 times (x 81B)
Class kotlin.sequences.SequencesKt__SequenceBuilderKt                                 : loaded 3 times (x 73B)
Class kotlin.collections.CollectionsKt__ReversedViewsKt                               : loaded 3 times (x 73B)
Class com.google.common.base.CharMatcher$NamedFastMatcher                             : loaded 3 times (x 115B)
Class kotlin.collections.SetsKt__SetsKt                                               : loaded 3 times (x 73B)
Class com.google.common.base.Joiner$2                                                 : loaded 3 times (x 82B)
Class com.google.common.base.CharMatcher$IsEither                                     : loaded 3 times (x 114B)
Class kotlin.collections.ArraysKt                                                     : loaded 3 times (x 73B)
Class com.google.common.base.CharMatcher$Is                                           : loaded 3 times (x 114B)
Class com.google.common.base.CharMatcher$Negated                                      : loaded 3 times (x 116B)
Class kotlin.ranges.RangesKt___RangesKt                                               : loaded 3 times (x 73B)
Class kotlin.KotlinNullPointerException                                               : loaded 3 times (x 84B)
Class kotlin.collections.CollectionsKt__IterablesKt                                   : loaded 3 times (x 73B)
Class kotlin.collections.MapsKt                                                       : loaded 3 times (x 73B)
Class kotlin.jvm.internal.Intrinsics                                                  : loaded 3 times (x 73B)
Class kotlin.reflect.KAnnotatedElement                                                : loaded 3 times (x 72B)
Class com.google.common.collect.ImmutableRangeSet$ComplementRanges                    : loaded 3 times (x 209B)
Class com.google.common.collect.ImmutableSet$RegularSetBuilderImpl                    : loaded 3 times (x 78B)
Class org.gradle.internal.IoActions                                                   : loaded 3 times (x 73B)
Class com.google.common.collect.ImmutableList$1                                       : loaded 3 times (x 99B)
Class kotlin.text.StringsKt___StringsKt                                               : loaded 3 times (x 73B)
Class kotlin.enums.EnumEntriesKt                                                      : loaded 3 times (x 73B)
Class kotlin.collections.CollectionsKt__MutableCollectionsJVMKt                       : loaded 3 times (x 73B)
Class kotlin.collections.MapsKt__MapWithDefaultKt                                     : loaded 3 times (x 73B)
Class kotlin.collections.ArraysKt___ArraysKt                                          : loaded 3 times (x 73B)
Class kotlin.io.FilesKt                                                               : loaded 3 times (x 73B)
Class kotlin.collections.MapsKt___MapsKt                                              : loaded 3 times (x 73B)
Class kotlin.text.StringsKt___StringsJvmKt                                            : loaded 3 times (x 73B)
Class kotlin.reflect.KDeclarationContainer                                            : loaded 3 times (x 72B)
Class org.gradle.api.GradleException                                                  : loaded 3 times (x 84B)
Class kotlin.collections.CollectionsKt___CollectionsKt                                : loaded 3 times (x 73B)
Class kotlin.collections.EmptySet                                                     : loaded 3 times (x 124B)
Class com.google.common.collect.AbstractRangeSet                                      : loaded 3 times (x 116B)
Class com.google.common.base.CharMatcher$NegatedFastMatcher                           : loaded 3 times (x 116B)
Class kotlin.collections.MapsKt___MapsJvmKt                                           : loaded 3 times (x 73B)
Class com.google.common.base.Predicate                                                : loaded 3 times (x 72B)
Class kotlin.jvm.functions.Function2                                                  : loaded 3 times (x 72B)
Class com.google.common.base.CharMatcher$FastMatcher                                  : loaded 3 times (x 114B)
Class kotlin.jvm.functions.Function1                                                  : loaded 3 times (x 72B)
Class org.gradle.api.Action                                                           : loaded 3 times (x 72B)
Class org.gradle.internal.Cast                                                        : loaded 3 times (x 73B)
Class kotlin.jvm.functions.Function0                                                  : loaded 3 times (x 72B)
Class kotlin.collections.ArraysUtilJVM                                                : loaded 3 times (x 73B)
Class kotlin.ranges.RangesKt                                                          : loaded 3 times (x 73B)
Class com.google.common.base.CharMatcher$Or                                           : loaded 3 times (x 115B)
Class kotlin.sequences.SequencesKt___SequencesJvmKt                                   : loaded 3 times (x 73B)
Class kotlin.TuplesKt                                                                 : loaded 3 times (x 73B)
Class kotlin.Unit                                                                     : loaded 3 times (x 73B)
Class kotlin.collections.CollectionsKt___CollectionsJvmKt                             : loaded 3 times (x 73B)
Class com.google.common.collect.ImmutableSet                                          : loaded 3 times (x 147B)
Class kotlin.jvm.internal.CallableReference$NoReceiver                                : loaded 3 times (x 73B)
Class com.google.common.base.CharMatcher$BitSetMatcher                                : loaded 3 times (x 115B)
Class kotlin.sequences.FilteringSequence                                              : loaded 3 times (x 77B)
Class kotlin.comparisons.ComparisonsKt___ComparisonsKt                                : loaded 3 times (x 73B)
Class kotlin.comparisons.ComparisonsKt                                                : loaded 3 times (x 73B)
Class kotlin.sequences.SequencesKt__SequencesKt                                       : loaded 3 times (x 73B)
Class kotlin.collections.SetsKt___SetsKt                                              : loaded 3 times (x 73B)
Class kotlin.ranges.RangesKt__RangesKt                                                : loaded 3 times (x 73B)
Class kotlin.comparisons.ComparisonsKt__ComparisonsKt                                 : loaded 3 times (x 73B)
Class kotlin.text.StringsKt__StringBuilderKt                                          : loaded 3 times (x 73B)
Class kotlin.text.StringsKt__StringBuilderJVMKt                                       : loaded 3 times (x 73B)
Class kotlin.collections.AbstractCollection                                           : loaded 3 times (x 119B)
Class kotlin.collections.AbstractList                                                 : loaded 3 times (x 199B)
Class kotlin.sequences.SequencesKt__SequencesJVMKt                                    : loaded 3 times (x 73B)
Class kotlin.text.StringsKt__RegexExtensionsKt                                        : loaded 3 times (x 73B)
Class kotlin.collections.EmptyIterator                                                : loaded 3 times (x 91B)
Class org.jetbrains.kotlin.name.Name                                                  : loaded 3 times (x 77B)
Class kotlin.jvm.internal.DefaultConstructorMarker                                    : loaded 3 times (x 73B)
Class kotlin.io.FileSystemException                                                   : loaded 3 times (x 84B)
Class com.google.common.collect.RegularImmutableList                                  : loaded 3 times (x 209B)
Class org.jetbrains.kotlin.name.ClassId$Companion                                     : loaded 3 times (x 73B)
Class com.google.common.base.Function                                                 : loaded 3 times (x 72B)
Class kotlin.enums.EnumEntries                                                        : loaded 3 times (x 72B)
Class org.jetbrains.kotlin.name.FqName                                                : loaded 3 times (x 74B)
Class com.google.common.collect.RegularImmutableSortedSet                             : loaded 3 times (x 302B)
Class kotlin.jvm.internal.CallableReference                                           : loaded 3 times (x 108B)
Class com.google.common.base.CharMatcher$IsNot                                        : loaded 3 times (x 114B)
Class com.google.common.collect.ImmutableSortedSet                                    : loaded 3 times (x 302B)
Class kotlin.sequences.SequencesKt___SequencesKt                                      : loaded 3 times (x 73B)
Class kotlin.collections.AbstractList$Companion                                       : loaded 3 times (x 73B)
Class com.google.common.collect.RegularImmutableSet                                   : loaded 3 times (x 150B)
Class kotlin.text.StringsKt__StringNumberConversionsKt                                : loaded 3 times (x 73B)
Class kotlin.io.FilesKt__FileReadWriteKt                                              : loaded 3 times (x 73B)
Class com.google.common.collect.ImmutableAsList                                       : loaded 3 times (x 211B)
Class com.google.common.collect.RangeSet                                              : loaded 3 times (x 72B)
Class kotlin.text.StringsKt                                                           : loaded 3 times (x 73B)
Class com.google.common.collect.ImmutableSet$CachingAsList                            : loaded 3 times (x 150B)
Class kotlin.NoWhenBranchMatchedException                                             : loaded 3 times (x 84B)
Class kotlin.collections.CollectionsKt__IteratorsKt                                   : loaded 3 times (x 73B)
Class kotlin.sequences.SequencesKt                                                    : loaded 3 times (x 73B)
Class com.google.common.base.CharMatcher$AnyOf                                        : loaded 3 times (x 115B)
Class com.google.common.base.CharMatcher$InRange                                      : loaded 3 times (x 114B)
Class kotlin.collections.CollectionsKt__CollectionsJVMKt                              : loaded 3 times (x 73B)
Class kotlin.io.FilesKt__UtilsKt                                                      : loaded 3 times (x 73B)
Class com.google.common.base.CharMatcher$ForPredicate                                 : loaded 3 times (x 115B)
Class org.jetbrains.kotlin.name.FqNameUnsafe                                          : loaded 3 times (x 74B)
Class kotlin.jvm.internal.markers.KMappedMarker                                       : loaded 3 times (x 72B)
Class com.google.common.collect.SortedIterable                                        : loaded 3 times (x 72B)
Class com.google.common.collect.ImmutableSet$SetBuilderImpl                           : loaded 3 times (x 78B)
Class com.google.common.collect.SingletonImmutableSet                                 : loaded 3 times (x 148B)
Class kotlin.UninitializedPropertyAccessException                                     : loaded 3 times (x 84B)
Class com.google.common.collect.ForwardingObject                                      : loaded 3 times (x 74B)
Class kotlin.collections.MapsKt__MapsKt                                               : loaded 3 times (x 73B)
Class kotlin.text.StringsKt__AppendableKt                                             : loaded 3 times (x 73B)
Class com.google.common.collect.ImmutableList$ReverseImmutableList                    : loaded 3 times (x 209B)
Class kotlin.reflect.KFunction                                                        : loaded 3 times (x 72B)
Class com.google.common.collect.SingletonImmutableList                                : loaded 3 times (x 209B)
Class kotlin.text.StringsKt__IndentKt                                                 : loaded 3 times (x 73B)
Class kotlin.collections.SetsKt                                                       : loaded 3 times (x 73B)
Class com.google.common.collect.ImmutableRangeSet                                     : loaded 3 times (x 117B)
Class com.google.common.collect.ImmutableList$SubList                                 : loaded 3 times (x 209B)
Class com.google.common.collect.NullnessCasts                                         : loaded 3 times (x 73B)
Class com.google.common.base.ExtraObjectsMethodsForWeb                                : loaded 3 times (x 73B)
Class kotlin.text.StringsKt__StringsJVMKt                                             : loaded 3 times (x 73B)
Class com.google.common.collect.Multimap                                              : loaded 3 times (x 72B)
Class kotlin.io.FileAlreadyExistsException                                            : loaded 3 times (x 84B)
Class kotlin.internal.ProgressionUtilKt                                               : loaded 3 times (x 73B)
Class kotlin.Function                                                                 : loaded 3 times (x 72B)
Class kotlin.collections.SetsKt__SetsJVMKt                                            : loaded 3 times (x 73B)
Class kotlin.io.NoSuchFileException                                                   : loaded 3 times (x 84B)
Class kotlin.collections.ArraysKt__ArraysKt                                           : loaded 3 times (x 73B)
Class kotlin.text.StringsKt__StringsKt                                                : loaded 3 times (x 73B)
Class org.jetbrains.kotlin.name.ClassId                                               : loaded 3 times (x 74B)
Class com.google.common.base.Objects                                                  : loaded 3 times (x 73B)
Class com.google.common.base.CharMatcher$And                                          : loaded 3 times (x 115B)
Class kotlin.collections.MapsKt__MapsJVMKt                                            : loaded 3 times (x 73B)
Class kotlin.collections.EmptyList                                                    : loaded 3 times (x 176B)
Class kotlin.NotImplementedError                                                      : loaded 3 times (x 84B)
Class com.google.common.collect.Range                                                 : loaded 3 times (x 88B)
Class kotlin.collections.CollectionsKt                                                : loaded 3 times (x 73B)
Class com.google.common.collect.ImmutableRangeSet$1                                   : loaded 3 times (x 212B)
Class com.google.common.collect.RegularImmutableAsList                                : loaded 3 times (x 219B)
Class kotlin.io.FilesKt__FilePathComponentsKt                                         : loaded 3 times (x 73B)
Class kotlin.io.TerminateException                                                    : loaded 3 times (x 84B)
Class kotlin.reflect.KCallable                                                        : loaded 3 times (x 72B)
Class com.google.common.collect.ImmutableList$Builder                                 : loaded 3 times (x 79B)
Class kotlin.sequences.Sequence                                                       : loaded 3 times (x 72B)
Class kotlin.text.StringsKt__StringNumberConversionsJVMKt                             : loaded 3 times (x 73B)
Class kotlin.collections.CollectionsKt__MutableCollectionsKt                          : loaded 3 times (x 73B)
Class com.google.common.collect.Iterators$SingletonIterator                           : loaded 3 times (x 83B)
Class com.intellij.gradle.toolingExtension.util.GradleVersionUtil                     : loaded 3 times (x 73B)
Class kotlin.Pair                                                                     : loaded 3 times (x 74B)
Class com.google.common.collect.ImmutableRangeSet$Builder                             : loaded 3 times (x 79B)
Class com.google.common.base.Joiner                                                   : loaded 3 times (x 82B)
Class kotlin.collections.CollectionsKt__IteratorsJVMKt                                : loaded 3 times (x 73B)
Class kotlin.comparisons.ComparisonsKt___ComparisonsJvmKt                             : loaded 3 times (x 73B)
Class com.google.common.collect.ImmutableRangeSet$AsSet                               : loaded 3 times (x 302B)
Class com.google.common.collect.ImmutableCollection$Builder                           : loaded 3 times (x 78B)
Class kotlin.jvm.KotlinReflectionNotSupportedError                                    : loaded 3 times (x 84B)
Class kotlin.enums.EnumEntriesList                                                    : loaded 3 times (x 225B)
Class kotlin.jvm.internal.FunctionBase                                                : loaded 3 times (x 72B)
Class kotlin.jvm.internal.FunctionReference                                           : loaded 3 times (x 124B)
Class kotlin.text.StringsKt__RegexExtensionsJVMKt                                     : loaded 3 times (x 73B)
Class kotlin.collections.CollectionsKt__CollectionsKt                                 : loaded 3 times (x 73B)
Class kotlin.collections.ArraysKt___ArraysJvmKt                                       : loaded 3 times (x 73B)
Class org.jetbrains.kotlin.metadata.ProtoBuf$MemberKind                               : loaded 2 times (x 84B)
Class org.jetbrains.kotlin.metadata.jvm.deserialization.JvmNameResolverBase$Companion : loaded 2 times (x 73B)
Class org.jetbrains.kotlin.load.java.JvmAnnotationNames                               : loaded 2 times (x 73B)
Class com.amazon.ion.impl.lite.IonBoolLite                                            : loaded 2 times (x 181B)
Class kotlin.collections.CollectionsKt___CollectionsKt$asSequence$$inlined$Sequence$1 : loaded 2 times (x 77B)
Class org.jetbrains.kotlin.cli.common.CompilerSystemProperties                        : loaded 2 times (x 81B)
Class com.google.common.collect.MapMakerInternalMap$Strength$2                        : loaded 2 times (x 82B)
Class com.google.common.reflect.Types$ClassOwnership$1                                : loaded 2 times (x 82B)
Class [Lorg.objectweb.asm.AnnotationVisitor;                                          : loaded 2 times (x 71B)
Class com.google.common.collect.Sets$3                                                : loaded 2 times (x 141B)
Class com.google.common.cache.LocalCache$LocalLoadingCache                            : loaded 2 times (x 136B)
Class com.google.common.base.AbstractIterator$State                                   : loaded 2 times (x 81B)
Class org.gradle.internal.service.UnknownServiceException                             : loaded 2 times (x 85B)
Class org.jetbrains.kotlin.descriptors.DescriptorVisibilities$4                       : loaded 2 times (x 81B)
Class [Lorg.jetbrains.kotlin.protobuf.WireFormat$JavaType;                            : loaded 2 times (x 71B)
Class org.jetbrains.org.objectweb.asm.tree.TableSwitchInsnNode                        : loaded 2 times (x 80B)
Class [Lorg.jetbrains.org.objectweb.asm.Attribute;                                    : loaded 2 times (x 71B)
Class org.jetbrains.kotlin.idea.gradleTooling.model.kapt.KaptGradleModel              : loaded 2 times (x 72B)
Class org.jetbrains.kotlin.idea.gradleTooling.KotlinDslScriptAdditionalTask           : loaded 2 times (x 72B)
Class org.jetbrains.plugins.gradle.model.ClasspathEntryModel                          : loaded 2 times (x 72B)
Class com.google.common.collect.MapMakerInternalMap$StrongValueEntry                  : loaded 2 times (x 72B)
Class org.jetbrains.kotlin.config.JvmDefaultMode                                      : loaded 2 times (x 81B)
Class com.google.common.reflect.Types$ClassOwnership$2                                : loaded 2 times (x 82B)
Class com.google.common.reflect.TypeResolver                                          : loaded 2 times (x 74B)
Class com.google.common.io.ByteArrayDataInput                                         : loaded 2 times (x 72B)
Class com.google.common.collect.Sets$4                                                : loaded 2 times (x 141B)
Class org.objectweb.asm.ModuleVisitor                                                 : loaded 2 times (x 83B)
Class com.google.common.cache.LocalCache$Strength$1                                   : loaded 2 times (x 83B)
Class org.jetbrains.kotlin.descriptors.DescriptorVisibilities$5                       : loaded 2 times (x 81B)
Class org.jetbrains.kotlin.metadata.jvm.JvmProtoBuf$JvmPropertySignatureOrBuilder     : loaded 2 times (x 72B)
Class org.jetbrains.kotlin.protobuf.GeneratedMessageLite$ExtendableMessage            : loaded 2 times (x 115B)
Class com.amazon.ion.IonTimestamp                                                     : loaded 2 times (x 72B)
Class com.amazon.ion.impl.bin.PooledBlockAllocatorProvider$PooledBlockAllocator       : loaded 2 times (x 83B)
Class com.intellij.platform.diagnostic.telemetry.rt.context.TelemetryContextGetter    : loaded 2 times (x 77B)
Class org.jetbrains.plugins.gradle.tooling.serialization.GradleExtensionsSerializationService: loaded 2 times (x 79B)
Class com.android.ide.gradle.model.AdditionalClassifierArtifactsModelParameter        : loaded 2 times (x 72B)
Class org.gradle.api.JavaVersion                                                      : loaded 2 times (x 81B)
Class org.gradle.tooling.model.Dependency                                             : loaded 2 times (x 72B)
Class org.jetbrains.kotlin.cli.common.messages.CompilerMessageSeverity                : loaded 2 times (x 81B)
Class org.apache.commons.io.output.QueueOutputStream                                  : loaded 2 times (x 89B)
Class com.google.common.reflect.Types$ClassOwnership$3                                : loaded 2 times (x 73B)
Class com.google.common.util.concurrent.SettableFuture                                : loaded 2 times (x 116B)
Class com.google.common.cache.LocalCache$Strength$2                                   : loaded 2 times (x 83B)
Class org.jetbrains.kotlin.descriptors.DescriptorVisibilities$6                       : loaded 2 times (x 81B)
Class org.jetbrains.kotlin.metadata.ProtoBuf$Annotation$Argument$Value                : loaded 2 times (x 129B)
Class org.jetbrains.kotlin.protobuf.CodedOutputStream$OutOfSpaceException             : loaded 2 times (x 84B)
Class org.jetbrains.kotlin.descriptors.DescriptorVisibilities$3                       : loaded 2 times (x 81B)
Class org.jetbrains.kotlin.metadata.jvm.deserialization.ClassMapperLite               : loaded 2 times (x 73B)
Class jdk.internal.jrtfs.SystemImage                                                  : loaded 2 times (x 76B)
Class ijJvmDebugger1_ewkv1r8vhe7wre3euz9djkhur$_run_closure1$_closure2                : loaded 2 times (x 141B)
Class com.amazon.ion.IonDatagram                                                      : loaded 2 times (x 72B)
Class com.amazon.ion.impl.bin.IonManagedBinaryWriter$ImportedSymbolResolverMode$1$1   : loaded 2 times (x 80B)
Class com.amazon.ion.impl._Private_ByteTransferSink                                   : loaded 2 times (x 72B)
Class com.intellij.openapi.externalSystem.model.project.dependencies.ResolutionState  : loaded 2 times (x 81B)
Class com.android.builder.model.v2.ide.AbstractArtifact                               : loaded 2 times (x 72B)
Class com.google.common.collect.AllEqualOrdering                                      : loaded 2 times (x 116B)
Class com.google.common.collect.Interners$InternerImpl                                : loaded 2 times (x 77B)
Class com.google.common.collect.Interner                                              : loaded 2 times (x 72B)
Class org.objectweb.asm.Handle                                                        : loaded 2 times (x 74B)
Class com.google.common.io.ByteStreams                                                : loaded 2 times (x 73B)
Class com.google.common.cache.LocalCache$Strength$3                                   : loaded 2 times (x 83B)
Class com.google.common.collect.MapDifference                                         : loaded 2 times (x 72B)
Class com.google.common.base.Splitter$1                                               : loaded 2 times (x 79B)
Class org.jetbrains.kotlin.descriptors.DescriptorVisibilities$7                       : loaded 2 times (x 81B)
Class kotlin._Assertions                                                              : loaded 2 times (x 73B)
Class org.jetbrains.plugins.gradle.model.ExternalLibraryDependency                    : loaded 2 times (x 72B)
Class kotlin.text.Regex$Companion                                                     : loaded 2 times (x 73B)
Class com.google.common.collect.MapMaker$Dummy                                        : loaded 2 times (x 81B)
Class com.google.common.reflect.Invokable                                             : loaded 2 times (x 105B)
Class org.objectweb.asm.FieldWriter                                                   : loaded 2 times (x 79B)
Class com.google.common.cache.CacheBuilder$NullListener                               : loaded 2 times (x 84B)
Class org.gradle.internal.classpath.TransformedClassPath                              : loaded 2 times (x 98B)
Class org.gradle.internal.classloader.InstrumentingClassLoader                        : loaded 2 times (x 72B)
Class jdk.internal.jrtfs.SystemImage$1                                                : loaded 2 times (x 80B)
Class org.jetbrains.kotlin.descriptors.DescriptorVisibilities$8                       : loaded 2 times (x 81B)
Class org.gradle.api.internal.ClassPathProvider                                       : loaded 2 times (x 72B)
Class org.jetbrains.kotlin.metadata.ProtoBuf$MemberKind$1                             : loaded 2 times (x 76B)
Class org.jetbrains.kotlin.metadata.jvm.JvmProtoBuf$StringTableTypes$RecordOrBuilder  : loaded 2 times (x 72B)
Class [Lorg.gradle.api.internal.ClassPathProvider;                                    : loaded 2 times (x 71B)
Class [Lorg.jetbrains.org.objectweb.asm.SymbolTable$Entry;                            : loaded 2 times (x 71B)
Class org.jetbrains.kotlin.resolve.jvm.JvmClassName                                   : loaded 2 times (x 78B)
Class com.google.common.collect.Sets$2                                                : loaded 2 times (x 141B)
Class com.amazon.ion.IonValue                                                         : loaded 2 times (x 72B)
Class com.google.common.collect.Maps$ViewCachingAbstractMap                           : loaded 2 times (x 127B)
Class com.google.common.collect.MapMakerInternalMap$Strength$1                        : loaded 2 times (x 82B)
Class org.gradle.tooling.ToolingModelContract                                         : loaded 2 times (x 72B)
Class [Lkotlin.coroutines.intrinsics.CoroutineSingletons;                             : loaded 2 times (x 71B)
Class com.google.common.collect.ImmutableListMultimap                                 : loaded 2 times (x 178B)
Class org.apache.commons.io.output.UnsynchronizedByteArrayOutputStream                : loaded 2 times (x 104B)
Class com.google.common.reflect.Types$ParameterizedTypeImpl                           : loaded 2 times (x 83B)
Class com.google.common.cache.CacheLoader$FunctionToCacheLoader                       : loaded 2 times (x 77B)
Class jdk.internal.jrtfs.SystemImage$2                                                : loaded 2 times (x 78B)
Class org.jetbrains.kotlin.descriptors.DescriptorVisibilities$9                       : loaded 2 times (x 81B)
Class org.jetbrains.kotlin.metadata.jvm.JvmProtoBuf$StringTableTypes                  : loaded 2 times (x 112B)
Class kotlin.sequences.SequenceScope                                                  : loaded 2 times (x 75B)
Class com.android.builder.model.v2.models.BasicAndroidProject                         : loaded 2 times (x 72B)
Class com.amazon.ion.impl.bin.IonRawBinaryWriter$ContainerType                        : loaded 2 times (x 81B)
Class com.amazon.ion.impl._Private_IonTextWriterBuilder$Mutable                       : loaded 2 times (x 103B)
Class kotlin.text.MatchResult                                                         : loaded 2 times (x 72B)
Class org.jetbrains.kotlin.config.LanguageFeature                                     : loaded 2 times (x 81B)
Class com.google.common.collect.EmptyImmutableListMultimap                            : loaded 2 times (x 178B)
Class com.google.common.collect.BaseImmutableMultimap                                 : loaded 2 times (x 125B)
Class org.apache.commons.io.output.ByteArrayOutputStream                              : loaded 2 times (x 104B)
Class com.google.common.reflect.TypeResolver$TypeVariableKey                          : loaded 2 times (x 74B)
Class com.google.common.base.MoreObjects                                              : loaded 2 times (x 73B)
Class org.jetbrains.kotlin.utils.CollectionsKt                                        : loaded 2 times (x 73B)
Class org.jetbrains.kotlin.metadata.jvm.JvmProtoBuf$StringTableTypes$1                : loaded 2 times (x 146B)
Class org.jetbrains.kotlin.metadata.ProtoBuf$PropertyOrBuilder                        : loaded 2 times (x 72B)
Class org.jetbrains.org.objectweb.asm.tree.LabelNode                                  : loaded 2 times (x 82B)
Class org.jetbrains.kotlin.metadata.ProtoBuf$Constructor$1                            : loaded 2 times (x 146B)
Class org.jetbrains.kotlin.build.report.metrics.GradleBuildTime                       : loaded 2 times (x 88B)
Class org.jetbrains.kotlin.idea.gradleTooling.KotlinSourceSetContainer                : loaded 2 times (x 72B)
Class io.opentelemetry.context.ContextStorageWrappers                                 : loaded 2 times (x 73B)
Class io.opentelemetry.context.propagation.DefaultContextPropagators                  : loaded 2 times (x 77B)
Class org.jetbrains.plugins.gradle.model.IntelliJSettings                             : loaded 2 times (x 72B)
Class com.google.common.collect.NaturalOrdering                                       : loaded 2 times (x 117B)
Class com.android.builder.model.v2.ide.TestInfo$Execution                             : loaded 2 times (x 81B)
Class kotlin.Result                                                                   : loaded 2 times (x 74B)
Class [Lorg.objectweb.asm.Attribute;                                                  : loaded 2 times (x 71B)
Class org.jetbrains.kotlin.config.LanguageOrApiVersion                                : loaded 2 times (x 72B)
Class [Lorg.objectweb.asm.Type;                                                       : loaded 2 times (x 71B)
Class com.google.common.collect.Platform                                              : loaded 2 times (x 73B)
Class org.gradle.internal.service.ServiceLocator                                      : loaded 2 times (x 72B)
Class jdk.internal.jrtfs.JrtFileSystemProvider                                        : loaded 2 times (x 103B)
Class kotlin.sequences.SequencesKt__SequencesKt$sequenceOf$$inlined$Sequence$1        : loaded 2 times (x 77B)
Class [Lkotlin.Function;                                                              : loaded 2 times (x 71B)
Class org.jetbrains.kotlin.load.kotlin.header.ReadKotlinClassHeaderAnnotationVisitor$CollectStringArrayAnnotationVisitor: loaded 2 times (x 87B)
Class com.amazon.ion.SymbolToken                                                      : loaded 2 times (x 72B)
Class com.amazon.ion.impl.IonWriterSystem                                             : loaded 2 times (x 172B)
Class com.amazon.ion.impl.bin.Symbols$2                                               : loaded 2 times (x 109B)
Class com.amazon.ion.impl.bin._Private_IonManagedWriter                               : loaded 2 times (x 72B)
Class com.amazon.ion.impl.bin.IonRawBinaryWriter                                      : loaded 2 times (x 170B)
Class com.android.ide.gradle.model.GradlePropertiesModel                              : loaded 2 times (x 72B)
Class kotlin.sequences.TransformingSequence$iterator$1                                : loaded 2 times (x 81B)
Class org.gradle.tooling.internal.adapter.ProtocolToModelAdapter$SupportedPropertyInvoker: loaded 2 times (x 78B)
Class org.gradle.tooling.model.UnsupportedMethodException                             : loaded 2 times (x 84B)
Class org.apache.commons.io.FileExistsException                                       : loaded 2 times (x 84B)
Class com.google.common.base.Ascii                                                    : loaded 2 times (x 73B)
Class com.google.common.collect.SingletonImmutableBiMap                               : loaded 2 times (x 145B)
Class com.google.common.cache.LocalCache$1                                            : loaded 2 times (x 91B)
Class com.google.common.collect.AbstractMapEntry                                      : loaded 2 times (x 83B)
Class [Lorg.jetbrains.org.objectweb.asm.tree.AbstractInsnNode;                        : loaded 2 times (x 71B)
Class kotlin.io.CloseableKt                                                           : loaded 2 times (x 73B)
Class com.amazon.ion.impl.SharedSymbolTable                                           : loaded 2 times (x 95B)
Class com.amazon.ion.impl.lite.IonContainerLite                                       : loaded 2 times (x 250B)
Class com.amazon.ion.IonBufferConfiguration$OversizedSymbolTableHandler               : loaded 2 times (x 72B)
Class com.amazon.ion.system.IonWriterBuilder                                          : loaded 2 times (x 76B)
Class org.jetbrains.plugins.gradle.tooling.serialization.ToolingStreamApiUtils        : loaded 2 times (x 73B)
Class com.amazon.ion.facet.Faceted                                                    : loaded 2 times (x 72B)
Class com.android.builder.model.v2.ide.BytecodeTransformation                         : loaded 2 times (x 81B)
Class org.jetbrains.kotlin.protobuf.ExtensionRegistryLite                             : loaded 2 times (x 76B)
Class com.google.common.collect.MapMakerInternalMap$AbstractStrongKeyEntry            : loaded 2 times (x 82B)
Class com.google.common.reflect.TypeToken$SimpleTypeToken                             : loaded 2 times (x 75B)
Class com.google.common.collect.Sets$ImprovedAbstractSet                              : loaded 2 times (x 137B)
Class com.google.common.cache.LocalCache$2                                            : loaded 2 times (x 144B)
Class com.google.common.collect.AbstractMultimap                                      : loaded 2 times (x 125B)
Class org.jetbrains.kotlin.metadata.jvm.JvmProtoBuf$JvmFieldSignature                 : loaded 2 times (x 110B)
Class org.jetbrains.kotlin.metadata.deserialization.ProtoBufUtilKt                    : loaded 2 times (x 73B)
Class org.jetbrains.kotlin.metadata.ProtoBuf$Modality                                 : loaded 2 times (x 84B)
Class org.jetbrains.kotlin.descriptors.DescriptorVisibilities$2                       : loaded 2 times (x 81B)
Class com.amazon.ion.impl.bin.utf8.Poolable                                           : loaded 2 times (x 81B)
Class com.amazon.ion.IonSymbol                                                        : loaded 2 times (x 72B)
Class io.opentelemetry.api.trace.SpanContext                                          : loaded 2 times (x 72B)
Class io.opentelemetry.api.trace.DefaultTracer$NoopSpanBuilder                        : loaded 2 times (x 93B)
Class org.jetbrains.plugins.gradle.tooling.serialization.AnnotationProcessingModelSerializationService$WriteContext: loaded 2 times (x 74B)
Class com.android.builder.model.v2.ide.CodeShrinker                                   : loaded 2 times (x 81B)
Class org.gradle.api.internal.DefaultClassPathProvider                                : loaded 2 times (x 78B)
Class com.google.common.base.Splitter                                                 : loaded 2 times (x 74B)
Class org.jetbrains.kotlin.protobuf.AbstractMessageLite$Builder                       : loaded 2 times (x 124B)
Class org.jetbrains.kotlin.protobuf.Internal$EnumLiteMap                              : loaded 2 times (x 72B)
Class org.jetbrains.org.objectweb.asm.tree.InsnList                                   : loaded 2 times (x 105B)
Class org.jetbrains.kotlin.protobuf.GeneratedMessageLite                              : loaded 2 times (x 103B)
Class org.jetbrains.kotlin.idea.gradleTooling.KotlinGradlePluginVersion               : loaded 2 times (x 72B)
Class com.intellij.compose.ide.plugin.gradleTooling.rt.ComposeResourcesModel          : loaded 2 times (x 72B)
Class com.intellij.gradle.toolingExtension.impl.util.collectionUtil.GradleCollections : loaded 2 times (x 73B)
Class com.amazon.ion.impl.lite.IonStructLite                                          : loaded 2 times (x 300B)
Class com.amazon.ion.impl._Private_ReaderWriter                                       : loaded 2 times (x 72B)
Class com.amazon.ion.impl.bin.AbstractSymbolTable                                     : loaded 2 times (x 109B)
Class com.amazon.ion.Decimal                                                          : loaded 2 times (x 136B)
Class com.amazon.ion.impl.bin._Private_IonManagedBinaryWriterBuilder$AllocatorMode$1  : loaded 2 times (x 82B)
Class org.jetbrains.plugins.gradle.tooling.serialization.ProjectDependenciesSerializationService$WriteContext: loaded 2 times (x 74B)
Class org.jetbrains.plugins.gradle.tooling.serialization.ProjectDependenciesSerializationService: loaded 2 times (x 79B)
Class org.objectweb.asm.AnnotationVisitor                                             : loaded 2 times (x 80B)
Class kotlin.collections.AbstractIterator                                             : loaded 2 times (x 85B)
Class kotlin.text.CharsKt                                                             : loaded 2 times (x 73B)
Class com.google.common.collect.Sets$1                                                : loaded 2 times (x 141B)
Class org.gradle.tooling.model.kotlin.dsl.KotlinDslScriptModel                        : loaded 2 times (x 72B)
Class org.gradle.tooling.internal.adapter.CollectionMapper                            : loaded 2 times (x 75B)
Class com.google.common.base.Optional                                                 : loaded 2 times (x 82B)
Class com.google.common.util.concurrent.AbstractFuture$Trusted                        : loaded 2 times (x 72B)
Class jdk.internal.jimage.ImageLocation                                               : loaded 2 times (x 92B)
Class jdk.internal.jrtfs.JrtDirectoryStream$1                                         : loaded 2 times (x 85B)
Class org.jetbrains.kotlin.descriptors.Visibilities$Unknown                           : loaded 2 times (x 81B)
Class org.jetbrains.kotlin.descriptors.Visibilities$Inherited                         : loaded 2 times (x 81B)
Class org.jetbrains.org.objectweb.asm.tree.MethodInsnNode                             : loaded 2 times (x 80B)
Class org.jetbrains.kotlin.protobuf.Parser                                            : loaded 2 times (x 72B)
Class org.jetbrains.org.objectweb.asm.tree.MethodNode                                 : loaded 2 times (x 110B)
Class org.jetbrains.kotlin.load.kotlin.KotlinJvmBinaryClass                           : loaded 2 times (x 72B)
Class [Lorg.jetbrains.kotlin.build.report.metrics.BuildTime;                          : loaded 2 times (x 71B)
Class org.jetbrains.kotlin.tooling.core.KotlinToolingVersion                          : loaded 2 times (x 77B)
Class com.amazon.ion.impl.lite.IonFloatLite                                           : loaded 2 times (x 189B)
Class com.amazon.ion.impl._Private_IonTextWriterBuilder                               : loaded 2 times (x 103B)
Class com.amazon.ion.impl.bin._Private_IonManagedBinaryWriterBuilder$AllocatorMode$2  : loaded 2 times (x 82B)
Class io.opentelemetry.api.trace.DefaultTracerProvider                                : loaded 2 times (x 81B)
Class com.google.common.collect.Iterators$EmptyModifiableIterator                     : loaded 2 times (x 88B)
Class [Lcom.android.builder.model.v2.ide.LibraryType;                                 : loaded 2 times (x 71B)
Class com.android.builder.model.v2.ide.LibraryType                                    : loaded 2 times (x 81B)
Class com.google.common.collect.ExplicitOrdering                                      : loaded 2 times (x 117B)
Class com.google.common.io.ByteSink$AsCharSink                                        : loaded 2 times (x 82B)
Class com.google.common.util.concurrent.UncheckedExecutionException                   : loaded 2 times (x 84B)
Class [Lorg.jetbrains.kotlin.metadata.ProtoBuf$VersionRequirement$Level;              : loaded 2 times (x 71B)
Class org.jetbrains.kotlin.protobuf.WireFormat$JavaType                               : loaded 2 times (x 81B)
Class org.jetbrains.org.objectweb.asm.ClassTooLargeException                          : loaded 2 times (x 84B)
Class org.jetbrains.kotlin.metadata.jvm.deserialization.JvmMemberSignature$Method     : loaded 2 times (x 77B)
Class org.jetbrains.plugins.gradle.ExternalDependencyId                               : loaded 2 times (x 72B)
Class com.amazon.ion.impl._Private_IonReaderBuilder                                   : loaded 2 times (x 99B)
Class com.amazon.ion.IonMutableCatalog                                                : loaded 2 times (x 72B)
Class gnu.trove.THash                                                                 : loaded 2 times (x 83B)
Class com.intellij.gradle.toolingExtension.impl.model.buildScriptClasspathModel.GradleBuildScriptClasspathSerializationService$WriteContext: loaded 2 times (x 74B)
Class org.gradle.tooling.internal.adapter.ProtocolToModelAdapter                      : loaded 2 times (x 82B)
Class jdk.internal.jimage.ImageBufferCache$1                                          : loaded 2 times (x 84B)
Class org.jetbrains.kotlin.descriptors.Visibilities$PrivateToThis                     : loaded 2 times (x 81B)
Class org.jetbrains.kotlin.protobuf.SmallSortedMap$1                                  : loaded 2 times (x 131B)
Class org.jetbrains.org.objectweb.asm.tree.IntInsnNode                                : loaded 2 times (x 80B)
Class com.google.common.collect.ImmutableSet$SerializedForm                           : loaded 2 times (x 75B)
Class com.google.common.collect.ComparatorOrdering                                    : loaded 2 times (x 117B)
Class [Lio.opentelemetry.context.ThreadLocalContextStorage$NoopScope;                 : loaded 2 times (x 71B)
Class io.opentelemetry.context.ThreadLocalContextStorage$NoopScope                    : loaded 2 times (x 87B)
Class kotlin.collections.ArraysKt___ArraysKt$asSequence$$inlined$Sequence$1           : loaded 2 times (x 77B)
Class com.google.common.collect.Iterators$PeekingImpl                                 : loaded 2 times (x 87B)
Class com.android.ide.common.gradle.Separator                                         : loaded 2 times (x 81B)
Class com.android.builder.model.v2.ide.AndroidGradlePluginProjectFlags$BooleanFlag    : loaded 2 times (x 81B)
Class org.gradle.internal.time.DefaultTimer                                           : loaded 2 times (x 82B)
Class org.objectweb.asm.ConstantDynamic                                               : loaded 2 times (x 74B)
Class com.google.common.collect.AbstractMapBasedMultimap$KeySet$1                     : loaded 2 times (x 84B)
Class org.objectweb.asm.ClassWriter                                                   : loaded 2 times (x 107B)
Class com.google.common.cache.CacheLoader$UnsupportedLoadingOperationException        : loaded 2 times (x 84B)
Class org.gradle.internal.classloader.ClasspathUtil$1                                 : loaded 2 times (x 78B)
Class jdk.internal.jimage.ImageBufferCache$2                                          : loaded 2 times (x 93B)
Class org.jetbrains.kotlin.metadata.ProtoBuf$Effect$EffectType$1                      : loaded 2 times (x 76B)
Class org.jetbrains.kotlin.metadata.ProtoBuf$EffectOrBuilder                          : loaded 2 times (x 72B)
Class org.jetbrains.kotlin.protobuf.BoundedByteString                                 : loaded 2 times (x 114B)
Class com.android.ide.common.gradle.Numeric                                           : loaded 2 times (x 79B)
Class com.amazon.ion.impl.bin.PooledBlockAllocatorProvider$PooledBlockAllocator$1     : loaded 2 times (x 81B)
Class com.amazon.ion.impl.lite.IonStringLite                                          : loaded 2 times (x 215B)
Class io.opentelemetry.context.ImplicitContextKeyed                                   : loaded 2 times (x 72B)
Class org.gradle.tooling.internal.adapter.ProtocolToModelAdapter$ViewKey              : loaded 2 times (x 74B)
Class com.google.common.collect.FluentIterable$1                                      : loaded 2 times (x 83B)
Class org.objectweb.asm.FieldVisitor                                                  : loaded 2 times (x 79B)
Class com.google.common.collect.IndexedImmutableSet                                   : loaded 2 times (x 152B)
Class com.google.common.collect.ImmutableMap$1                                        : loaded 2 times (x 83B)
Class com.google.common.collect.BiMap                                                 : loaded 2 times (x 72B)
Class org.gradle.api.internal.classpath.DefaultModuleRegistry$DefaultModule           : loaded 2 times (x 88B)
Class org.jetbrains.kotlin.descriptors.Visibilities$InvisibleFake                     : loaded 2 times (x 81B)
Class org.jetbrains.kotlin.metadata.ProtoBuf$Annotation$Argument$Value$1              : loaded 2 times (x 146B)
Class org.jetbrains.kotlin.protobuf.UninitializedMessageException                     : loaded 2 times (x 86B)
Class org.jetbrains.kotlin.metadata.jvm.deserialization.JvmNameResolverKt             : loaded 2 times (x 73B)
Class org.jetbrains.kotlin.metadata.ProtoBuf$TypeParameter$Variance                   : loaded 2 times (x 84B)
Class kotlin.jvm.internal.ArrayIteratorKt                                             : loaded 2 times (x 73B)
Class com.amazon.ion.impl.bin.Block                                                   : loaded 2 times (x 81B)
Class io.opentelemetry.context.DefaultContextKey                                      : loaded 2 times (x 74B)
Class com.intellij.gradle.toolingExtension.impl.model.buildScriptClasspathModel.GradleBuildScriptClasspathSerializationService$ReadContext: loaded 2 times (x 74B)
Class com.android.builder.model.v2.CustomSourceDirectory                              : loaded 2 times (x 72B)
Class com.google.common.collect.NullsFirstOrdering                                    : loaded 2 times (x 117B)
Class com.android.ide.common.repository.AgpVersion                                    : loaded 2 times (x 77B)
Class kotlin.ResultKt                                                                 : loaded 2 times (x 73B)
Class org.gradle.tooling.internal.adapter.ProtocolToModelAdapter$PropertyCachingMethodInvoker: loaded 2 times (x 78B)
Class com.google.common.base.Absent                                                   : loaded 2 times (x 82B)
Class com.google.common.collect.FluentIterable$2                                      : loaded 2 times (x 83B)
Class com.google.common.reflect.Reflection                                            : loaded 2 times (x 73B)
Class com.google.common.primitives.Ints                                               : loaded 2 times (x 73B)
Class [Lorg.jetbrains.kotlin.metadata.ProtoBuf$Effect$InvocationKind;                 : loaded 2 times (x 71B)
Class org.jetbrains.kotlin.descriptors.Named                                          : loaded 2 times (x 72B)
Class org.jetbrains.kotlin.metadata.ProtoBuf$VersionRequirement$VersionKind           : loaded 2 times (x 84B)
Class org.jetbrains.kotlin.metadata.ProtoBuf$Visibility$1                             : loaded 2 times (x 76B)
Class org.jetbrains.kotlin.metadata.jvm.JvmProtoBuf$StringTableTypes$Record$Operation$1: loaded 2 times (x 76B)
Class kotlin.collections.IndexingIterable                                             : loaded 2 times (x 81B)
Class org.jetbrains.kotlin.metadata.deserialization.NameResolver                      : loaded 2 times (x 72B)
Class org.jetbrains.kotlin.protobuf.GeneratedMessageLite$ExtensionDescriptor          : loaded 2 times (x 86B)
Class org.jetbrains.org.objectweb.asm.tree.JumpInsnNode                               : loaded 2 times (x 80B)
Class org.jetbrains.kotlin.protobuf.InvalidProtocolBufferException                    : loaded 2 times (x 86B)
Class org.jetbrains.org.objectweb.asm.FieldVisitor                                    : loaded 2 times (x 78B)
Class com.amazon.ion.impl._Private_IonContainer                                       : loaded 2 times (x 72B)
Class org.jetbrains.plugins.gradle.model.ExternalTask                                 : loaded 2 times (x 72B)
Class com.amazon.ion.impl.bin.utf8.Utf8StringEncoderPool$1                            : loaded 2 times (x 78B)
Class com.amazon.ion.impl.lite.IonLoaderLite                                          : loaded 2 times (x 84B)
Class com.amazon.ion.impl.lite.IonContext                                             : loaded 2 times (x 72B)
Class com.amazon.ion.impl.IonWriterSystemText                                         : loaded 2 times (x 191B)
Class [Lcom.amazon.ion.impl.bin.IonManagedBinaryWriter$ImportedSymbolResolverMode;    : loaded 2 times (x 71B)
Class com.amazon.ion.ValueFactory                                                     : loaded 2 times (x 72B)
Class io.opentelemetry.api.internal.IncubatingUtil                                    : loaded 2 times (x 73B)
Class io.opentelemetry.api.GlobalOpenTelemetry$ObfuscatedOpenTelemetry                : loaded 2 times (x 94B)
Class org.jetbrains.kotlin.protobuf.CodedOutputStream$ByteBufferOutputStream          : loaded 2 times (x 88B)
Class com.android.builder.model.v2.models.ProjectSyncIssues                           : loaded 2 times (x 72B)
Class kotlin.Result$Failure                                                           : loaded 2 times (x 74B)
Class org.gradle.internal.time.DefaultCountdownTimer                                  : loaded 2 times (x 90B)
Class com.google.common.collect.FluentIterable$3                                      : loaded 2 times (x 83B)
Class com.google.common.math.MathPreconditions                                        : loaded 2 times (x 73B)
Class com.google.common.collect.Multiset                                              : loaded 2 times (x 72B)
Class com.google.common.collect.ArrayListMultimapGwtSerializationDependencies         : loaded 2 times (x 173B)
Class com.google.common.collect.ObjectArrays                                          : loaded 2 times (x 73B)
Class org.jetbrains.kotlin.protobuf.ByteString$ByteIterator                           : loaded 2 times (x 72B)
Class org.jetbrains.kotlin.descriptors.DescriptorVisibilities$1                       : loaded 2 times (x 81B)
Class [Lkotlin.reflect.KCallable;                                                     : loaded 2 times (x 71B)
Class com.amazon.ion.impl.bin.IonManagedBinaryWriter$SymbolResolver                   : loaded 2 times (x 72B)
Class com.amazon.ion.impl._Private_SymbolToken                                        : loaded 2 times (x 72B)
Class com.amazon.ion.impl.bin._Private_IonManagedBinaryWriterBuilder$AllocatorMode    : loaded 2 times (x 82B)
Class org.jetbrains.plugins.gradle.model.GradleTaskModel                              : loaded 2 times (x 72B)
Class org.jetbrains.plugins.gradle.tooling.util.ObjectCollector                       : loaded 2 times (x 74B)
Class org.gradle.tooling.internal.adapter.ProtocolToModelAdapter$AdaptingMethodInvoker: loaded 2 times (x 78B)
Class org.gradle.tooling.internal.gradle.DefaultBuildIdentifier                       : loaded 2 times (x 81B)
Class org.apache.commons.io.output.NullOutputStream                                   : loaded 2 times (x 87B)
Class com.google.common.collect.ImmutableMapEntrySet                                  : loaded 2 times (x 153B)
Class org.gradle.api.internal.classpath.Module                                        : loaded 2 times (x 72B)
Class org.jetbrains.kotlin.util.ModuleVisibilityHelper                                : loaded 2 times (x 72B)
Class org.jetbrains.kotlin.metadata.deserialization.Flags$FlagField                   : loaded 2 times (x 75B)
Class com.google.common.collect.ListMultimap                                          : loaded 2 times (x 72B)
Class [Lcom.amazon.ion.util.GzipStreamInterceptor;                                    : loaded 2 times (x 71B)
Class com.amazon.ion.impl._Private_IonReaderBuilder$Mutable                           : loaded 2 times (x 99B)
Class com.intellij.openapi.externalSystem.model.project.IExternalSystemSourceType     : loaded 2 times (x 72B)
Class com.google.common.cache.Weigher                                                 : loaded 2 times (x 72B)
Class org.gradle.api.internal.classpath.UnknownModuleException                        : loaded 2 times (x 84B)
Class jdk.internal.jimage.ImageHeader                                                 : loaded 2 times (x 73B)
Class org.jetbrains.kotlin.metadata.ProtoBuf$TypeAliasOrBuilder                       : loaded 2 times (x 72B)
Class [Lorg.jetbrains.kotlin.metadata.ProtoBuf$Class$Kind;                            : loaded 2 times (x 71B)
Class io.opentelemetry.api.trace.TraceStateBuilder                                    : loaded 2 times (x 72B)
Class com.intellij.openapi.externalSystem.model.project.dependencies.ProjectDependencies: loaded 2 times (x 72B)
Class org.jetbrains.plugins.gradle.tooling.serialization.ProjectDependenciesSerializationService$ReadContext: loaded 2 times (x 74B)
Class org.jetbrains.kotlin.config.ApiVersion                                          : loaded 2 times (x 88B)
Class com.google.common.base.Stopwatch                                                : loaded 2 times (x 74B)
Class com.google.common.cache.LocalCache$Strength                                     : loaded 2 times (x 83B)
Class com.google.common.cache.Cache                                                   : loaded 2 times (x 72B)
Class kotlin.collections.IndexingIterator                                             : loaded 2 times (x 81B)
Class org.jetbrains.kotlin.protobuf.LiteralByteString                                 : loaded 2 times (x 114B)
Class org.jetbrains.kotlin.protobuf.LazyFieldLite                                     : loaded 2 times (x 84B)
Class org.jetbrains.kotlin.build.report.metrics.BuildMetricsReporter                  : loaded 2 times (x 72B)
Class com.google.common.io.AppendableWriter                                           : loaded 2 times (x 101B)
Class org.apache.commons.io.filefilter.IOFileFilter                                   : loaded 2 times (x 72B)
Class com.google.common.util.concurrent.AbstractFuture$Cancellation                   : loaded 2 times (x 74B)
Class com.google.common.collect.ImmutableMap$Builder                                  : loaded 2 times (x 84B)
Class com.google.common.base.NullnessCasts                                            : loaded 2 times (x 73B)
Class [Lkotlin.reflect.KAnnotatedElement;                                             : loaded 2 times (x 71B)
Class org.jetbrains.org.objectweb.asm.FieldWriter                                     : loaded 2 times (x 78B)
Class org.jetbrains.org.objectweb.asm.tree.VarInsnNode                                : loaded 2 times (x 80B)
Class org.jetbrains.org.objectweb.asm.MethodVisitor                                   : loaded 2 times (x 106B)
Class kotlin.io.ByteStreamsKt                                                         : loaded 2 times (x 73B)
Class ijKotlinCoroutineJvmDebugInit1_6cshnk5ey2f3nejrfkwgib8o4                        : loaded 2 times (x 173B)
Class com.amazon.ion.IonBufferConfiguration                                           : loaded 2 times (x 74B)
Class com.amazon.ion.impl.bin.Symbols                                                 : loaded 2 times (x 73B)
Class org.jetbrains.plugins.gradle.tooling.serialization.RepositoriesModelSerializationService: loaded 2 times (x 84B)
Class com.android.ide.gradle.model.artifacts.AdditionalClassifierArtifactsModel       : loaded 2 times (x 72B)
Class org.gradle.tooling.internal.gradle.GradleProjectIdentity                        : loaded 2 times (x 72B)
Class com.google.common.base.Present                                                  : loaded 2 times (x 83B)
Class com.google.common.cache.RemovalListener                                         : loaded 2 times (x 72B)
Class org.gradle.api.internal.DefaultClassPathRegistry                                : loaded 2 times (x 78B)
Class org.jetbrains.kotlin.metadata.ProtoBuf$Type$Argument$Projection$1               : loaded 2 times (x 76B)
Class org.jetbrains.kotlin.protobuf.SmallSortedMap$EmptySet$1                         : loaded 2 times (x 80B)
Class org.jetbrains.kotlin.protobuf.AbstractMessageLite$Builder$LimitedInputStream    : loaded 2 times (x 94B)
Class com.google.common.collect.ImmutableEnumMap                                      : loaded 2 times (x 127B)
Class [Lcom.amazon.ion.impl.bin.AbstractIonWriter$WriteValueOptimization;             : loaded 2 times (x 71B)
Class io.opentelemetry.api.internal.AutoValue_ImmutableSpanContext                    : loaded 2 times (x 94B)
Class org.jetbrains.plugins.gradle.tooling.serialization.RepositoriesModelSerializationService$ReadContext: loaded 2 times (x 74B)
Class kotlin.ranges.ClosedRange                                                       : loaded 2 times (x 72B)
Class com.android.builder.model.v2.ide.JavaArtifact                                   : loaded 2 times (x 72B)
Class org.jetbrains.kotlin.load.java.JvmAbi                                           : loaded 2 times (x 73B)
Class [Lorg.jetbrains.kotlin.config.JvmDefaultMode;                                   : loaded 2 times (x 71B)
Class com.google.common.collect.ImmutableMultimap$Keys                                : loaded 2 times (x 168B)
Class org.apache.commons.io.file.DeleteOption                                         : loaded 2 times (x 72B)
Class com.google.common.reflect.Invokable$ConstructorInvokable                        : loaded 2 times (x 109B)
Class org.jetbrains.kotlin.cli.common.messages.MessageCollector                       : loaded 2 times (x 72B)
Class com.google.common.primitives.IntsMethodsForWeb                                  : loaded 2 times (x 73B)
Class org.gradle.api.internal.ClassPathRegistry                                       : loaded 2 times (x 72B)
Class org.gradle.internal.classpath.DefaultClassPath$ImmutableUniqueList              : loaded 2 times (x 201B)
Class jdk.internal.jimage.decompressor.ResourceDecompressor                           : loaded 2 times (x 72B)
Class org.jetbrains.kotlin.descriptors.Visibilities$Protected                         : loaded 2 times (x 81B)
Class org.jetbrains.kotlin.metadata.ProtoBuf$PackageOrBuilder                         : loaded 2 times (x 72B)
Class org.jetbrains.kotlin.metadata.jvm.JvmProtoBuf$JvmPropertySignature              : loaded 2 times (x 116B)
Class org.jetbrains.kotlin.metadata.ProtoBuf$ValueParameterOrBuilder                  : loaded 2 times (x 72B)
Class org.jetbrains.org.objectweb.asm.ByteVector                                      : loaded 2 times (x 80B)
Class org.jetbrains.kotlin.protobuf.SmallSortedMap$EmptySet$2                         : loaded 2 times (x 80B)
Class org.apache.commons.io.output.StringBuilderWriter                                : loaded 2 times (x 102B)
Class [Lorg.apache.commons.io.StandardLineSeparator;                                  : loaded 2 times (x 71B)
Class com.amazon.ion.impl.bin.IonManagedBinaryWriter$UserState                        : loaded 2 times (x 87B)
Class com.amazon.ion.impl._Private_IonWriter                                          : loaded 2 times (x 72B)
Class com.amazon.ion.impl.bin._Private_IonManagedBinaryWriterBuilder                  : loaded 2 times (x 74B)
Class com.intellij.gradle.toolingExtension.impl.model.projectModel.GradleExternalProjectSerializationService$WriteContext: loaded 2 times (x 75B)
Class kotlin.collections.IntIterator                                                  : loaded 2 times (x 84B)
Class org.gradle.tooling.internal.gradle.DefaultProjectIdentifier                     : loaded 2 times (x 88B)
Class com.google.common.collect.MapMakerInternalMap$Segment                           : loaded 2 times (x 143B)
Class org.apache.commons.io.IOUtils                                                   : loaded 2 times (x 73B)
Class com.google.common.reflect.TypeToken                                             : loaded 2 times (x 75B)
Class com.android.builder.model.v2.models.AndroidDsl                                  : loaded 2 times (x 72B)
Class org.jetbrains.kotlin.descriptors.DeclarationDescriptor                          : loaded 2 times (x 72B)
Class org.jetbrains.kotlin.descriptors.DescriptorVisibilities                         : loaded 2 times (x 73B)
Class org.jetbrains.org.objectweb.asm.tree.LookupSwitchInsnNode                       : loaded 2 times (x 80B)
Class org.jetbrains.kotlin.load.kotlin.KotlinJvmBinaryClass$AnnotationArrayArgumentVisitor: loaded 2 times (x 72B)
Class com.amazon.ion.IonWriter                                                        : loaded 2 times (x 72B)
Class com.amazon.ion.impl.bin._Private_IonRawWriter                                   : loaded 2 times (x 72B)
Class [Lcom.amazon.ion.SymbolToken;                                                   : loaded 2 times (x 71B)
Class io.opentelemetry.api.trace.ImmutableTraceFlags                                  : loaded 2 times (x 79B)
Class com.android.builder.model.v2.dsl.SigningConfig                                  : loaded 2 times (x 72B)
Class com.amazon.ion.impl.bin.IonRawBinaryWriter$PreallocationMode                    : loaded 2 times (x 83B)
Class com.android.builder.model.v2.models.AndroidProject                              : loaded 2 times (x 72B)
Class com.android.builder.model.v2.AndroidModel                                       : loaded 2 times (x 72B)
Class com.google.common.cache.RemovalCause                                            : loaded 2 times (x 82B)
Class org.jetbrains.kotlin.config.JvmDefaultMode$Companion                            : loaded 2 times (x 73B)
Class com.google.common.io.ByteSink                                                   : loaded 2 times (x 78B)
Class com.google.common.cache.CacheBuilder                                            : loaded 2 times (x 74B)
Class Settings_gradle$1                                                               : loaded 2 times (x 76B)
Class org.gradle.internal.classpath.ClassPath                                         : loaded 2 times (x 72B)
Class com.amazon.ion.util.InputStreamInterceptor                                      : loaded 2 times (x 72B)
Class org.jetbrains.kotlin.metadata.deserialization.TypeTable                         : loaded 2 times (x 74B)
Class org.jetbrains.kotlin.load.kotlin.FileBasedKotlinClass$1                         : loaded 2 times (x 89B)
Class kotlin.sequences.SequencesKt__SequencesKt$asSequence$$inlined$Sequence$1        : loaded 2 times (x 77B)
Class org.jetbrains.plugins.gradle.model.ExternalProjectDependency                    : loaded 2 times (x 72B)
Class org.jetbrains.plugins.gradle.tooling.serialization.KotlinDslScriptsModelSerializationService: loaded 2 times (x 83B)
Class com.amazon.ion.impl.lite.IonSystemLite                                          : loaded 2 times (x 277B)
Class kotlin.collections.ArrayDeque                                                   : loaded 2 times (x 209B)
Class com.google.common.collect.Interners$InternerBuilder                             : loaded 2 times (x 78B)
Class com.google.common.io.Files$FileByteSource                                       : loaded 2 times (x 87B)
Class [Lcom.google.common.reflect.Types$JavaVersion;                                  : loaded 2 times (x 71B)
Class com.google.common.base.JdkPattern                                               : loaded 2 times (x 77B)
Class org.jetbrains.kotlin.metadata.ProtoBuf$Type$ArgumentOrBuilder                   : loaded 2 times (x 72B)
Class kotlin.jvm.internal.Lambda                                                      : loaded 2 times (x 77B)
Class org.jetbrains.kotlin.protobuf.GeneratedMessageLite$GeneratedExtension           : loaded 2 times (x 81B)
Class org.jetbrains.kotlin.load.kotlin.FileBasedKotlinClass$2                         : loaded 2 times (x 89B)
Class [Lorg.jetbrains.kotlin.descriptors.CallableMemberDescriptor$Kind;               : loaded 2 times (x 71B)
Class com.amazon.ion.system.IonSystemBuilder$Mutable                                  : loaded 2 times (x 77B)
Class com.amazon.ion.impl.bin.IonManagedBinaryWriter$SymbolResolverBuilder            : loaded 2 times (x 72B)
Class org.jetbrains.kotlin.idea.gradleTooling.KotlinGradleModel                       : loaded 2 times (x 72B)
Class [Lio.opentelemetry.api.trace.TraceFlags;                                        : loaded 2 times (x 71B)
Class [Lio.opentelemetry.context.ContextStorage;                                      : loaded 2 times (x 71B)
Class com.intellij.platform.diagnostic.telemetry.rt.context.TelemetryContext          : loaded 2 times (x 135B)
Class org.jetbrains.plugins.gradle.tooling.serialization.ExternalTestsSerializationService$WriteContext: loaded 2 times (x 74B)
Class com.google.common.io.CharStreams$NullWriter                                     : loaded 2 times (x 101B)
Class org.jetbrains.kotlin.cli.common.arguments.Freezable                             : loaded 2 times (x 74B)
Class org.objectweb.asm.SymbolTable$Entry                                             : loaded 2 times (x 75B)
Class org.gradle.internal.Factory                                                     : loaded 2 times (x 72B)
Class jdk.internal.jimage.ImageStringsReader                                          : loaded 2 times (x 82B)
Class org.jetbrains.kotlin.metadata.ProtoBuf$Class                                    : loaded 2 times (x 181B)
Class org.jetbrains.kotlin.metadata.ProtoBuf$Property$1                               : loaded 2 times (x 146B)
Class org.jetbrains.kotlin.metadata.ProtoBuf$Type                                     : loaded 2 times (x 146B)
Class org.jetbrains.org.objectweb.asm.ClassWriter                                     : loaded 2 times (x 105B)
Class org.jetbrains.kotlin.load.kotlin.FileBasedKotlinClass$3                         : loaded 2 times (x 79B)
Class com.amazon.ion.impl.bin.IonManagedBinaryWriter$LocalSymbolTableView             : loaded 2 times (x 121B)
Class com.amazon.ion.impl.bin.IonRawBinaryWriter$ThrowingRunnable                     : loaded 2 times (x 72B)
Class io.opentelemetry.context.ThreadLocalContextStorage                              : loaded 2 times (x 87B)
Class org.jetbrains.kotlin.metadata.ProtoBuf$EnumEntry                                : loaded 2 times (x 119B)
Class com.android.ide.gradle.model.ArtifactIdentifier                                 : loaded 2 times (x 72B)
Class com.android.builder.model.v2.ide.Variant                                        : loaded 2 times (x 72B)
Class org.gradle.tooling.model.Model                                                  : loaded 2 times (x 72B)
Class org.objectweb.asm.Edge                                                          : loaded 2 times (x 74B)
Class com.google.common.base.Suppliers$SupplierOfInstance                             : loaded 2 times (x 81B)
Class org.jetbrains.kotlin.load.kotlin.FileBasedKotlinClass$4                         : loaded 2 times (x 89B)
Class org.gradle.api.internal.classpath.EffectiveClassPath                            : loaded 2 times (x 92B)
Class com.amazon.ion.UnknownSymbolException                                           : loaded 2 times (x 87B)
Class com.android.ide.gradle.model.composites.BuildMap                                : loaded 2 times (x 72B)
Class [Lcom.google.common.collect.ImmutableMapEntry;                                  : loaded 2 times (x 71B)
Class kotlin.text.MatchResult$Destructured                                            : loaded 2 times (x 74B)
Class kotlin.Metadata                                                                 : loaded 2 times (x 72B)
Class com.google.common.reflect.TypeToken$1                                           : loaded 2 times (x 112B)
Class com.google.common.cache.LocalCache$ComputingValueReference                      : loaded 2 times (x 98B)
Class com.google.common.collect.ImmutableMap$IteratorBasedImmutableMap                : loaded 2 times (x 127B)
Class jdk.internal.jimage.ImageReader                                                 : loaded 2 times (x 77B)
Class org.jetbrains.org.objectweb.asm.tree.LocalVariableNode                          : loaded 2 times (x 75B)
Class org.jetbrains.kotlin.metadata.ProtoBuf$Class$Kind                               : loaded 2 times (x 84B)
Class org.jetbrains.kotlin.metadata.ProtoBuf$Annotation$Argument                      : loaded 2 times (x 110B)
Class org.jetbrains.kotlin.protobuf.GeneratedMessageLite$Builder                      : loaded 2 times (x 130B)
Class org.jetbrains.kotlin.protobuf.WireFormat$FieldType$1                            : loaded 2 times (x 84B)
Class org.jetbrains.kotlin.metadata.jvm.JvmProtoBuf$JvmMethodSignatureOrBuilder       : loaded 2 times (x 72B)
Class org.jetbrains.kotlin.protobuf.ByteString                                        : loaded 2 times (x 110B)
Class io.opentelemetry.context.Context                                                : loaded 2 times (x 72B)
Class org.jetbrains.plugins.gradle.model.IntelliJProjectSettings                      : loaded 2 times (x 72B)
Class com.android.builder.model.v2.ide.Library                                        : loaded 2 times (x 72B)
Class com.android.builder.model.v2.ide.ArtifactDependenciesAdjacencyList              : loaded 2 times (x 72B)
Class com.android.builder.model.v2.models.Versions                                    : loaded 2 times (x 72B)
Class org.gradle.tooling.internal.adapter.ProtocolToModelAdapter$MethodInvocationCache: loaded 2 times (x 75B)
Class [Lorg.jetbrains.kotlin.cli.common.messages.CompilerMessageSeverity;             : loaded 2 times (x 71B)
Class org.objectweb.asm.TypePath                                                      : loaded 2 times (x 74B)
Class com.google.common.collect.AbstractMapBasedMultimap$AsMap$AsMapEntries           : loaded 2 times (x 140B)
Class com.google.common.reflect.TypeToken$2                                           : loaded 2 times (x 112B)
Class com.google.common.cache.LocalCache$Segment                                      : loaded 2 times (x 155B)
Class org.gradle.kotlin.dsl.Accessors7un1k8mtklqdc1zhu0wdlzdjiKt                      : loaded 2 times (x 73B)
Class jdk.internal.jimage.ImageReader$SharedImageReader                               : loaded 2 times (x 97B)
Class org.jetbrains.kotlin.metadata.ProtoBuf$TypeParameter                            : loaded 2 times (x 131B)
Class org.jetbrains.kotlin.metadata.ProtoBuf$ValueParameter$1                         : loaded 2 times (x 146B)
Class [Lorg.jetbrains.kotlin.protobuf.WireFormat$FieldType;                           : loaded 2 times (x 71B)
Class org.jetbrains.kotlin.protobuf.WireFormat$FieldType$2                            : loaded 2 times (x 84B)
Class org.jetbrains.plugins.gradle.model.ExternalDependency                           : loaded 2 times (x 72B)
Class com.intellij.util.containers.IntObjectHashMap                                   : loaded 2 times (x 74B)
Class kotlin.sequences.SequencesKt___SequencesKt$flatMap$2                            : loaded 2 times (x 131B)
Class [Lcom.android.ide.common.repository.AgpVersion$PreviewKind;                     : loaded 2 times (x 71B)
Class com.android.builder.model.v2.models.ndk.NativeModule                            : loaded 2 times (x 72B)
Class org.jetbrains.kotlin.utils.DescriptionAware                                     : loaded 2 times (x 72B)
Class [Lorg.objectweb.asm.SymbolTable$Entry;                                          : loaded 2 times (x 71B)
Class com.google.common.cache.CacheLoader                                             : loaded 2 times (x 76B)
Class com.google.common.collect.ImmutableBiMap                                        : loaded 2 times (x 145B)
Class com.google.common.collect.AbstractListMultimap                                  : loaded 2 times (x 173B)
Class org.gradle.api.internal.classpath.ModuleRegistry                                : loaded 2 times (x 72B)
Class org.gradle.internal.installation.GradleInstallation$1                           : loaded 2 times (x 77B)
Class jdk.internal.jimage.decompressor.ResourceDecompressorFactory                    : loaded 2 times (x 76B)
Class org.jetbrains.kotlin.protobuf.WireFormat$FieldType$3                            : loaded 2 times (x 84B)
Class org.jetbrains.org.objectweb.asm.AnnotationVisitor                               : loaded 2 times (x 79B)
Class ijJvmDebugger1_ewkv1r8vhe7wre3euz9djkhur                                        : loaded 2 times (x 173B)
Class com.amazon.ion.impl.bin.IonManagedBinaryWriter$SymbolState$1                    : loaded 2 times (x 82B)
Class com.amazon.ion.impl.LocalSymbolTableAsStruct$Factory                            : loaded 2 times (x 81B)
Class [Lcom.amazon.ion.IonType;                                                       : loaded 2 times (x 71B)
Class org.jetbrains.plugins.gradle.model.VersionCatalogsModel                         : loaded 2 times (x 72B)
Class com.intellij.gradle.toolingExtension.impl.model.sourceSetDependencyModel.GradleSourceSetDependencySerialisationService$SourceSetDependencyModelReadContext: loaded 2 times (x 74B)
Class com.intellij.gradle.toolingExtension.impl.model.dependencyModel.DependencyReadContext: loaded 2 times (x 74B)
Class com.google.common.collect.Ordering                                              : loaded 2 times (x 116B)
Class com.android.ide.common.repository.AgpVersion$PreviewKind$Companion              : loaded 2 times (x 73B)
Class org.gradle.tooling.internal.adapter.ObjectGraphAdapter                          : loaded 2 times (x 72B)
Class org.apache.commons.io.output.NullWriter                                         : loaded 2 times (x 101B)
Class com.google.common.util.concurrent.internal.InternalFutureFailureAccess          : loaded 2 times (x 74B)
Class com.google.common.collect.ImmutableSet$JdkBackedSetBuilderImpl                  : loaded 2 times (x 78B)
Class com.google.common.base.Splitter$SplittingIterator                               : loaded 2 times (x 85B)
Class org.jetbrains.kotlin.descriptors.Visibilities$Internal                          : loaded 2 times (x 81B)
Class [Lorg.jetbrains.kotlin.metadata.ProtoBuf$Annotation$Argument$Value$Type;        : loaded 2 times (x 71B)
Class org.jetbrains.kotlin.metadata.ProtoBuf$VersionRequirement$Level                 : loaded 2 times (x 84B)
Class org.jetbrains.kotlin.metadata.ProtoBuf$VersionRequirementOrBuilder              : loaded 2 times (x 72B)
Class org.jetbrains.kotlin.metadata.ProtoBuf$Contract$1                               : loaded 2 times (x 146B)
Class org.jetbrains.kotlin.metadata.ProtoBuf$Type$1                                   : loaded 2 times (x 146B)
Class org.jetbrains.kotlin.protobuf.WireFormat$FieldType$4                            : loaded 2 times (x 84B)
Class org.jetbrains.kotlin.metadata.jvm.JvmProtoBuf$JvmMethodSignature$1              : loaded 2 times (x 146B)
Class [Lorg.jetbrains.org.objectweb.asm.Type;                                         : loaded 2 times (x 71B)
Class org.jetbrains.kotlin.load.kotlin.FileBasedKotlinClass$3$1                       : loaded 2 times (x 79B)
Class org.jetbrains.plugins.gradle.tooling.serialization.internal.IdeaProjectSerializationService: loaded 2 times (x 79B)
Class org.jetbrains.plugins.gradle.model.ProjectImportModelProvider                   : loaded 2 times (x 72B)
Class org.jetbrains.plugins.gradle.model.ExternalSourceSet                            : loaded 2 times (x 72B)
Class com.amazon.ion.impl.bin.IonManagedBinaryWriter$SymbolState$2                    : loaded 2 times (x 82B)
Class com.amazon.ion.IonNull                                                          : loaded 2 times (x 72B)
Class com.intellij.gradle.toolingExtension.impl.model.warmUp.GradleTaskWarmUpRequest  : loaded 2 times (x 72B)
Class com.android.ide.gradle.model.LegacyAndroidGradlePluginPropertiesModelParameters : loaded 2 times (x 72B)
Class org.jetbrains.kotlin.idea.projectModel.KotlinTaskProperties                     : loaded 2 times (x 72B)
Class com.android.builder.model.v2.ide.Installation                                   : loaded 2 times (x 72B)
Class com.google.common.collect.ImmutableSortedAsList                                 : loaded 2 times (x 223B)
Class kotlin.text.RegexKt                                                             : loaded 2 times (x 73B)
Class kotlin.coroutines.intrinsics.IntrinsicsKt__IntrinsicsKt                         : loaded 2 times (x 73B)
Class com.google.common.collect.ImmutableMultimap$Values                              : loaded 2 times (x 128B)
Class com.google.common.cache.LocalCache$LocalManualCache$1                           : loaded 2 times (x 77B)
Class jdk.internal.jimage.ImageReader$Node                                            : loaded 2 times (x 86B)
Class org.jetbrains.kotlin.metadata.ProtoBuf$Expression                               : loaded 2 times (x 122B)
Class org.jetbrains.org.objectweb.asm.ClassReader                                     : loaded 2 times (x 93B)
Class org.jetbrains.org.objectweb.asm.tree.FrameNode                                  : loaded 2 times (x 80B)
Class com.amazon.ion.impl.bin.IonRawBinaryWriter$ContainerInfo                        : loaded 2 times (x 76B)
Class com.amazon.ion.impl.bin.IonManagedBinaryWriter$SymbolState$3                    : loaded 2 times (x 82B)
Class com.amazon.ion.impl.bin.IonRawBinaryWriter$StreamFlushMode                      : loaded 2 times (x 81B)
Class com.amazon.ion.IonBinaryWriter                                                  : loaded 2 times (x 72B)
Class com.intellij.gradle.toolingExtension.impl.model.sourceSetArtifactIndex.GradleSourceSetArtifactBuildRequest: loaded 2 times (x 72B)
Class org.jetbrains.kotlin.metadata.jvm.JvmProtoBuf$StringTableTypesOrBuilder         : loaded 2 times (x 72B)
Class org.jetbrains.kotlin.metadata.ProtoBuf$Type$Argument$1                          : loaded 2 times (x 146B)
Class com.android.builder.model.v2.models.ModelBuilderParameter                       : loaded 2 times (x 72B)
Class com.google.common.collect.Lists$TransformingRandomAccessList                    : loaded 2 times (x 201B)
Class org.jetbrains.kotlin.config.AnalysisFlag                                        : loaded 2 times (x 74B)
Class org.gradle.api.internal.classpath.DefaultModuleRegistry                         : loaded 2 times (x 88B)
Class jdk.internal.jimage.BasicImageReader$1                                          : loaded 2 times (x 79B)
Class org.jetbrains.kotlin.metadata.deserialization.Flags$BooleanFlagField            : loaded 2 times (x 78B)
Class org.jetbrains.kotlin.metadata.ProtoBuf$Annotation$Argument$1                    : loaded 2 times (x 146B)
Class kotlin.collections.IndexedValue                                                 : loaded 2 times (x 74B)
Class org.jetbrains.kotlin.metadata.ProtoBuf$Function$1                               : loaded 2 times (x 146B)
Class org.jetbrains.org.objectweb.asm.AnnotationWriter                                : loaded 2 times (x 79B)
Class org.jetbrains.kotlin.metadata.jvm.deserialization.JvmProtoBufUtil               : loaded 2 times (x 73B)
Class org.jetbrains.kotlin.load.kotlin.KotlinJvmBinaryClass$AnnotationVisitor         : loaded 2 times (x 72B)
Class org.jetbrains.kotlin.metadata.deserialization.Flags$EnumLiteFlagField           : loaded 2 times (x 78B)
Class org.gradle.internal.classloader.ClassLoaderVisitor                              : loaded 2 times (x 78B)
Class org.jetbrains.kotlin.build.report.metrics.GradleBuildTime$Companion             : loaded 2 times (x 73B)
Class com.amazon.ion.impl.bin.IonManagedBinaryWriter$SymbolState$4                    : loaded 2 times (x 82B)
Class [Lcom.amazon.ion.util.InputStreamInterceptor;                                   : loaded 2 times (x 71B)
Class org.jetbrains.plugins.gradle.tooling.serialization.internal.IdeaProjectSerializationService$WriteContext$1: loaded 2 times (x 85B)
Class org.jetbrains.plugins.gradle.model.ExternalProject                              : loaded 2 times (x 72B)
Class com.google.common.base.CharMatcher$None                                         : loaded 2 times (x 114B)
Class org.jetbrains.kotlin.config.LanguageVersionSettings                             : loaded 2 times (x 72B)
Class com.google.common.util.concurrent.ListenableFuture                              : loaded 2 times (x 72B)
Class com.google.common.cache.ReferenceEntry                                          : loaded 2 times (x 72B)
Class com.google.common.base.Converter                                                : loaded 2 times (x 92B)
Class org.apache.commons.io.file.PathUtils                                            : loaded 2 times (x 73B)
Class com.amazon.ion.impl.bin.utf8.Pool                                               : loaded 2 times (x 76B)
Class org.jetbrains.plugins.gradle.tooling.serialization.internal.IdeaProjectSerializationService$WriteContext$2: loaded 2 times (x 85B)
Class [Lcom.google.common.collect.AbstractIterator$State;                             : loaded 2 times (x 71B)
Class [Lcom.android.builder.model.v2.ide.CodeShrinker;                                : loaded 2 times (x 71B)
Class kotlin.text.MatcherMatchResult$groupValues$1                                    : loaded 2 times (x 200B)
Class com.google.common.util.concurrent.AbstractFuture                                : loaded 2 times (x 108B)
Class com.google.common.base.FunctionalEquivalence                                    : loaded 2 times (x 85B)
Class com.google.common.collect.AbstractMapBasedMultimap                              : loaded 2 times (x 140B)
Class org.jetbrains.kotlin.descriptors.Visibilities$Private                           : loaded 2 times (x 81B)
Class kotlin.LazyKt__LazyJVMKt                                                        : loaded 2 times (x 73B)
Class com.amazon.ion.impl._Private_IonSymbol                                          : loaded 2 times (x 72B)
Class com.amazon.ion.impl.lite.IonValueLite                                           : loaded 2 times (x 150B)
Class com.amazon.ion.IonContainer                                                     : loaded 2 times (x 72B)
Class com.amazon.ion.impl.bin.PooledBlockAllocatorProvider                            : loaded 2 times (x 75B)
Class [Lio.opentelemetry.context.Scope;                                               : loaded 2 times (x 71B)
Class org.jetbrains.plugins.gradle.tooling.serialization.AnnotationProcessingModelSerializationService$ReadContext: loaded 2 times (x 74B)
Class org.jetbrains.plugins.gradle.tooling.serialization.internal.IdeaProjectSerializationService$WriteContext$3: loaded 2 times (x 85B)
Class gnu.trove.TObjectHash$NULL                                                      : loaded 2 times (x 73B)
Class org.gradle.util.internal.DefaultGradleVersion$Stage                             : loaded 2 times (x 77B)
Class kotlin.coroutines.jvm.internal.RestrictedContinuationImpl                       : loaded 2 times (x 89B)
Class org.jetbrains.kotlin.config.ExplicitApiMode                                     : loaded 2 times (x 81B)
Class com.google.common.io.CharStreams                                                : loaded 2 times (x 73B)
Class com.google.common.collect.ImmutableMultiset                                     : loaded 2 times (x 165B)
Class com.google.common.reflect.TypeResolver$TypeTable                                : loaded 2 times (x 75B)
Class org.objectweb.asm.RecordComponentVisitor                                        : loaded 2 times (x 79B)
Class com.google.common.cache.CacheLoader$SupplierToCacheLoader                       : loaded 2 times (x 77B)
Class jdk.internal.jimage.decompressor.Decompressor                                   : loaded 2 times (x 74B)
Class jdk.internal.jimage.ImageReader$Resource                                        : loaded 2 times (x 86B)
Class org.jetbrains.kotlin.metadata.ProtoBuf$VersionRequirement$VersionKind$1         : loaded 2 times (x 76B)
Class org.jetbrains.kotlin.metadata.ProtoBuf$Annotation$1                             : loaded 2 times (x 146B)
Class org.jetbrains.kotlin.protobuf.AbstractParser                                    : loaded 2 times (x 146B)
Class com.google.common.collect.ReverseNaturalOrdering                                : loaded 2 times (x 116B)
Class io.opentelemetry.context.Scope                                                  : loaded 2 times (x 72B)
Class org.jetbrains.kotlin.idea.gradleTooling.AndroidAwareGradleModelProvider         : loaded 2 times (x 81B)
Class com.intellij.gradle.toolingExtension.impl.telemetry.GradleOpenTelemetry         : loaded 2 times (x 74B)
Class com.amazon.ion.impl.bin.IonManagedBinaryWriter$ImportedSymbolResolverMode$2     : loaded 2 times (x 82B)
Class com.intellij.gradle.toolingExtension.impl.model.sourceSetDependencyModel.GradleSourceSetDependencySerialisationService$Companion: loaded 2 times (x 73B)
Class [Lkotlin.Pair;                                                                  : loaded 2 times (x 71B)
Class com.google.common.collect.UsingToStringOrdering                                 : loaded 2 times (x 116B)
Class kotlin.text.MatchNamedGroupCollection                                           : loaded 2 times (x 72B)
Class kotlin.jvm.internal.markers.KMutableList                                        : loaded 2 times (x 72B)
Class org.gradle.internal.time.MonotonicClock                                         : loaded 2 times (x 79B)
Class org.jetbrains.kotlin.cli.common.CompilerSystemProperties$value$1                : loaded 2 times (x 127B)
Class com.google.common.reflect.TypeResolver$TypeTable$1                              : loaded 2 times (x 75B)
Class com.google.common.collect.Maps$EntryTransformer                                 : loaded 2 times (x 72B)
Class org.gradle.internal.service.ServiceLookupException                              : loaded 2 times (x 84B)
Class jdk.internal.jrtfs.JrtFileAttributes                                            : loaded 2 times (x 85B)
Class org.jetbrains.kotlin.metadata.ProtoBuf$Expression$ConstantValue                 : loaded 2 times (x 84B)
Class [Lorg.jetbrains.kotlin.protobuf.Internal$EnumLite;                              : loaded 2 times (x 71B)
Class com.amazon.ion.BufferConfiguration$Builder                                      : loaded 2 times (x 80B)
Class com.intellij.gradle.toolingExtension.util.GradleVersionSpecificsUtil            : loaded 2 times (x 73B)
Class io.opentelemetry.context.ContextStorage                                         : loaded 2 times (x 72B)
Class org.jetbrains.plugins.gradle.tooling.serialization.internal.IdeaProjectSerializationService$WriteContext$5: loaded 2 times (x 85B)
Class com.intellij.gradle.toolingExtension.impl.model.sourceSetDependencyModel.GradleSourceSetDependencySerialisationService$SourceSetDependencyModelWriteContext: loaded 2 times (x 74B)
Class [Lkotlin.sequences.Sequence;                                                    : loaded 2 times (x 71B)
Class kotlin.sequences.SequencesKt___SequencesKt$sortedWith$1                         : loaded 2 times (x 77B)
Class com.google.common.collect.Lists$ReverseList                                     : loaded 2 times (x 202B)
Class org.jetbrains.org.objectweb.asm.ClassVisitor                                    : loaded 2 times (x 89B)
Class [Lcom.google.common.cache.LocalCache$EntryFactory;                              : loaded 2 times (x 71B)
Class org.gradle.internal.classloader.ClassLoaderFactory                              : loaded 2 times (x 72B)
Class com.amazon.ion.impl.bin.IntList                                                 : loaded 2 times (x 79B)
Class com.amazon.ion.impl.lite._Private_LiteDomTrampoline                             : loaded 2 times (x 73B)
Class com.amazon.ion.IonType                                                          : loaded 2 times (x 81B)
Class org.jetbrains.plugins.gradle.tooling.serialization.internal.IdeaProjectSerializationService$WriteContext$6: loaded 2 times (x 85B)
Class org.jetbrains.plugins.gradle.tooling.util.IntObjectMap                          : loaded 2 times (x 75B)
Class org.jetbrains.kotlin.metadata.jvm.deserialization.JvmNameResolver               : loaded 2 times (x 82B)
Class com.android.builder.model.v2.ide.LibraryInfo                                    : loaded 2 times (x 72B)
Class org.apache.commons.io.CloseableURLConnection                                    : loaded 2 times (x 119B)
Class com.google.common.cache.LocalCache$LocalManualCache                             : loaded 2 times (x 101B)
Class com.google.common.base.CommonPattern                                            : loaded 2 times (x 76B)
Class org.gradle.internal.service.CachingServiceLocator                               : loaded 2 times (x 84B)
Class org.gradle.internal.classloader.DefaultClassLoaderFactory                       : loaded 2 times (x 84B)
Class org.jetbrains.kotlin.descriptors.Visibilities$Public                            : loaded 2 times (x 81B)
Class org.jetbrains.kotlin.protobuf.ExtensionRegistryLite$ObjectIntPair               : loaded 2 times (x 74B)
Class org.jetbrains.kotlin.metadata.ProtoBuf$Class$1                                  : loaded 2 times (x 146B)
Class org.jetbrains.kotlin.load.kotlin.header.ReadKotlinClassHeaderAnnotationVisitor$KotlinMetadataArgumentVisitor$1: loaded 2 times (x 87B)
Class ijJvmDebugger1_ewkv1r8vhe7wre3euz9djkhur$_run_closure1                          : loaded 2 times (x 140B)
Class com.amazon.ion.impl.lite.ValueFactoryLite                                       : loaded 2 times (x 220B)
Class org.jetbrains.plugins.gradle.model.RepositoryModels                             : loaded 2 times (x 72B)
Class org.jetbrains.plugins.gradle.tooling.serialization.internal.IdeaProjectSerializationService$WriteContext$7: loaded 2 times (x 85B)
Class kotlin.jvm.internal.Intrinsics$Kotlin                                           : loaded 2 times (x 73B)
Class com.google.common.base.Platform$JdkPatternCompiler                              : loaded 2 times (x 77B)
Class kotlin.collections.AbstractList$SubList                                         : loaded 2 times (x 200B)
Class com.google.common.collect.Streams                                               : loaded 2 times (x 73B)
Class com.google.common.collect.AbstractMapBasedMultimap$KeySet                       : loaded 2 times (x 139B)
Class com.google.common.math.IntMath                                                  : loaded 2 times (x 73B)
Class org.jetbrains.kotlin.metadata.ProtoBuf$VersionRequirement$1                     : loaded 2 times (x 146B)
Class org.jetbrains.kotlin.metadata.jvm.JvmProtoBuf$StringTableTypes$Record$1         : loaded 2 times (x 146B)
Class org.jetbrains.kotlin.load.kotlin.header.ReadKotlinClassHeaderAnnotationVisitor$KotlinMetadataArgumentVisitor$2: loaded 2 times (x 87B)
Class org.jetbrains.org.objectweb.asm.tree.AnnotationNode                             : loaded 2 times (x 81B)
Class org.jetbrains.kotlin.build.report.metrics.BuildTime                             : loaded 2 times (x 72B)
Class com.amazon.ion.impl.bin.WriteBuffer                                             : loaded 2 times (x 80B)
Class com.amazon.ion.impl.bin.IonManagedBinaryWriter                                  : loaded 2 times (x 167B)
Class org.jetbrains.plugins.gradle.tooling.serialization.internal.IdeaProjectSerializationService$WriteContext$8: loaded 2 times (x 85B)
Class gnu.trove.TObjectIntProcedure                                                   : loaded 2 times (x 72B)
Class [Lorg.gradle.api.JavaVersion;                                                   : loaded 2 times (x 71B)
Class kotlin.ranges.IntRange                                                          : loaded 2 times (x 95B)
Class org.gradle.tooling.model.idea.IdeaDependencyScope                               : loaded 2 times (x 72B)
Class org.gradle.internal.time.TimeSource                                             : loaded 2 times (x 72B)
Class org.gradle.tooling.model.kotlin.dsl.KotlinDslScriptsModel                       : loaded 2 times (x 72B)
Class com.google.common.collect.MapMakerInternalMap$InternalEntry                     : loaded 2 times (x 72B)
Class com.google.common.reflect.Types$TypeVariableInvocationHandler                   : loaded 2 times (x 77B)
Class org.objectweb.asm.commons.InstructionAdapter                                    : loaded 2 times (x 190B)
Class com.google.common.collect.ImmutableMapEntry                                     : loaded 2 times (x 87B)
Class org.jetbrains.kotlin.descriptors.CallableMemberDescriptor$Kind                  : loaded 2 times (x 81B)
Class org.jetbrains.kotlin.metadata.ProtoBuf$TypeParameterOrBuilder                   : loaded 2 times (x 72B)
Class org.jetbrains.kotlin.metadata.ProtoBuf$Property                                 : loaded 2 times (x 149B)
Class org.jetbrains.org.objectweb.asm.Type                                            : loaded 2 times (x 74B)
Class com.google.common.base.Suppliers                                                : loaded 2 times (x 73B)
Class [Lcom.google.common.cache.CacheBuilder$OneWeigher;                              : loaded 2 times (x 71B)
Class org.jetbrains.kotlin.build.report.metrics.DoNothingBuildMetricsReporter         : loaded 2 times (x 88B)
Class com.amazon.ion.impl.lite.IonBlobLite                                            : loaded 2 times (x 222B)
Class com.amazon.ion.impl.LocalSymbolTable                                            : loaded 2 times (x 129B)
Class org.jetbrains.plugins.gradle.tooling.serialization.SerializationService         : loaded 2 times (x 72B)
Class com.android.builder.model.v2.ide.TestInfo                                       : loaded 2 times (x 72B)
Class org.objectweb.asm.MethodTooLargeException                                       : loaded 2 times (x 84B)
Class org.gradle.tooling.internal.gradle.GradleBuildIdentity                          : loaded 2 times (x 72B)
Class org.objectweb.asm.signature.SignatureVisitor                                    : loaded 2 times (x 89B)
Class com.google.common.collect.ImmutableMultimap                                     : loaded 2 times (x 148B)
Class com.google.common.base.Equivalence                                              : loaded 2 times (x 84B)
Class com.google.common.collect.ImmutableMapEntry$NonTerminalImmutableMapEntry        : loaded 2 times (x 87B)
Class org.jetbrains.org.objectweb.asm.TypePath                                        : loaded 2 times (x 74B)
Class org.jetbrains.kotlin.metadata.jvm.deserialization.UtfEncodingKt                 : loaded 2 times (x 73B)
Class org.jetbrains.kotlin.metadata.jvm.JvmProtoBuf$JvmFieldSignature$1               : loaded 2 times (x 146B)
Class org.jetbrains.kotlin.metadata.ProtoBuf$TypeTable                                : loaded 2 times (x 111B)
Class org.jetbrains.kotlin.metadata.jvm.JvmProtoBuf$JvmMethodSignature                : loaded 2 times (x 110B)
Class org.jetbrains.kotlin.protobuf.MessageLiteOrBuilder                              : loaded 2 times (x 72B)
Class org.jetbrains.kotlin.load.kotlin.header.ReadKotlinClassHeaderAnnotationVisitor$KotlinMetadataArgumentVisitor: loaded 2 times (x 88B)
Class com.google.common.collect.MapMakerInternalMap$Strength                          : loaded 2 times (x 82B)
Class com.amazon.ion.IonList                                                          : loaded 2 times (x 72B)
Class org.jetbrains.plugins.gradle.tooling.serialization.internal.adapter.Supplier    : loaded 2 times (x 72B)
Class com.android.builder.model.v2.ide.JavaCompileOptions                             : loaded 2 times (x 72B)
Class com.google.common.collect.MapMakerInternalMap$StrongKeyDummyValueEntry$LinkedStrongKeyDummyValueEntry: loaded 2 times (x 84B)
Class org.gradle.tooling.internal.adapter.ProtocolToModelAdapter$MixInMappingAction   : loaded 2 times (x 82B)
Class org.gradle.internal.exceptions.ResolutionProvider                               : loaded 2 times (x 72B)
Class [Lorg.jetbrains.kotlin.cli.common.CompilerSystemProperties;                     : loaded 2 times (x 71B)
Class org.apache.commons.io.output.AbstractByteArrayOutputStream                      : loaded 2 times (x 104B)
Class com.google.common.collect.IndexedImmutableSet$1                                 : loaded 2 times (x 214B)
Class com.google.common.cache.CacheBuilder$OneWeigher                                 : loaded 2 times (x 84B)
Class jdk.internal.jimage.ImageBufferCache                                            : loaded 2 times (x 73B)
Class jdk.internal.jrtfs.JrtPath                                                      : loaded 2 times (x 124B)
Class org.jetbrains.kotlin.metadata.ProtoBuf$AnnotationOrBuilder                      : loaded 2 times (x 72B)
Class org.jetbrains.kotlin.protobuf.WireFormat$FieldType                              : loaded 2 times (x 84B)
Class org.jetbrains.kotlin.load.kotlin.FileBasedKotlinClass                           : loaded 2 times (x 90B)
Class com.amazon.ion.IonSystem                                                        : loaded 2 times (x 72B)
Class com.amazon.ion.impl.bin.IonManagedBinaryWriter$ImportedSymbolContext            : loaded 2 times (x 74B)
Class kotlin.text.MatchResult$DefaultImpls                                            : loaded 2 times (x 73B)
Class org.gradle.tooling.model.idea.IdeaCompilerOutput                                : loaded 2 times (x 72B)
Class org.gradle.tooling.model.ProjectIdentifier                                      : loaded 2 times (x 72B)
Class com.google.common.reflect.Types$ClassOwnership$1LocalClass                      : loaded 2 times (x 73B)
Class org.gradle.internal.classloader.ClasspathUtil                                   : loaded 2 times (x 73B)
Class org.jetbrains.kotlin.metadata.ProtoBuf$TypeAlias                                : loaded 2 times (x 138B)
Class [Lorg.jetbrains.kotlin.metadata.ProtoBuf$TypeParameter$Variance;                : loaded 2 times (x 71B)
Class org.jetbrains.kotlin.metadata.ProtoBuf$Constructor                              : loaded 2 times (x 125B)
Class org.jetbrains.kotlin.metadata.jvm.deserialization.JvmMemberSignature            : loaded 2 times (x 76B)
Class org.jetbrains.kotlin.load.kotlin.header.KotlinClassHeader$Kind                  : loaded 2 times (x 81B)
Class org.jetbrains.kotlin.load.kotlin.KotlinJvmBinaryClass$AnnotationArgumentVisitor : loaded 2 times (x 72B)
Class com.intellij.util.containers.IntObjectHashMap$ArrayProducer                     : loaded 2 times (x 72B)
Class com.intellij.gradle.toolingExtension.impl.model.sourceSetModel.GradleSourceSetSerialisationService: loaded 2 times (x 79B)
Class com.android.builder.model.v2.ide.ComponentInfo                                  : loaded 2 times (x 72B)
Class com.android.builder.model.v2.ide.ProjectType                                    : loaded 2 times (x 81B)
Class org.jetbrains.kotlin.tooling.core.HasExtras                                     : loaded 2 times (x 72B)
Class com.google.common.util.concurrent.Uninterruptibles                              : loaded 2 times (x 73B)
Class io.opentelemetry.api.GlobalOpenTelemetry                                        : loaded 2 times (x 73B)
Class org.jetbrains.kotlin.resolve.scopes.receivers.ReceiverValue                     : loaded 2 times (x 72B)
Class org.jetbrains.kotlin.metadata.jvm.JvmProtoBuf$JvmMethodSignature$Builder        : loaded 2 times (x 136B)
Class org.jetbrains.kotlin.metadata.ProtoBuf$VersionRequirementTableOrBuilder         : loaded 2 times (x 72B)
Class org.jetbrains.kotlin.metadata.jvm.JvmProtoBuf$JvmFieldSignatureOrBuilder        : loaded 2 times (x 72B)
Class org.jetbrains.org.objectweb.asm.ModuleVisitor                                   : loaded 2 times (x 82B)
Class com.amazon.ion.impl.lite.IonIntLite                                             : loaded 2 times (x 191B)
Class com.amazon.ion.impl._Private_IonReaderBuilder$TwoElementInputStream             : loaded 2 times (x 94B)
Class com.amazon.ion.util._Private_FastAppendable                                     : loaded 2 times (x 72B)
Class [Lcom.amazon.ion.impl.bin.IonRawBinaryWriter$PreallocationMode;                 : loaded 2 times (x 71B)
Class io.opentelemetry.context.propagation.TextMapGetter                              : loaded 2 times (x 72B)
Class com.android.builder.model.v2.dsl.BaseConfig                                     : loaded 2 times (x 72B)
Class org.gradle.internal.time.TimeSource$1                                           : loaded 2 times (x 79B)
Class com.google.common.collect.Maps                                                  : loaded 2 times (x 73B)
Class org.gradle.api.specs.Spec                                                       : loaded 2 times (x 72B)
Class jdk.internal.jimage.ImageReader$SharedImageReader$LocationVisitor               : loaded 2 times (x 72B)
Class org.jetbrains.kotlin.descriptors.DelegatedDescriptorVisibility                  : loaded 2 times (x 81B)
Class org.jetbrains.kotlin.load.kotlin.header.KotlinClassHeader                       : loaded 2 times (x 74B)
Class com.amazon.ion.impl.bin.IonManagedBinaryWriter$ImportedSymbolResolverMode$1     : loaded 2 times (x 82B)
Class com.amazon.ion.impl.lite.IonSexpLite                                            : loaded 2 times (x 492B)
Class com.amazon.ion.impl.lite.IonListLite                                            : loaded 2 times (x 492B)
Class com.amazon.ion.IonFloat                                                         : loaded 2 times (x 72B)
Class io.opentelemetry.context.ThreadLocalContextStorage$ScopeImpl                    : loaded 2 times (x 81B)
Class com.google.common.collect.MapMaker                                              : loaded 2 times (x 74B)
Class org.objectweb.asm.TypeReference                                                 : loaded 2 times (x 82B)
Class org.apache.commons.io.file.PathFilter                                           : loaded 2 times (x 72B)
Class com.google.common.reflect.Types$JavaVersion                                     : loaded 2 times (x 85B)
Class [Lcom.google.common.collect.ImmutableEntry;                                     : loaded 2 times (x 71B)
Class org.jetbrains.kotlin.metadata.deserialization.Flags                             : loaded 2 times (x 73B)
Class org.jetbrains.kotlin.metadata.ProtoBuf$TypeTable$1                              : loaded 2 times (x 146B)
Class org.jetbrains.org.objectweb.asm.Symbol                                          : loaded 2 times (x 75B)
Class com.amazon.ion.impl.LocalSymbolTable$Factory                                    : loaded 2 times (x 79B)
Class com.amazon.ion.impl.bin.IonManagedBinaryWriter$ImportedSymbolResolverMode       : loaded 2 times (x 82B)
Class com.intellij.gradle.toolingExtension.impl.model.buildScriptClasspathModel.GradleBuildScriptClasspathSerializationService: loaded 2 times (x 79B)
Class kotlin.jvm.internal.ArrayIterator                                               : loaded 2 times (x 81B)
Class com.google.common.cache.LocalCache$LoadingValueReference                        : loaded 2 times (x 98B)
Class Build_gradle$1                                                                  : loaded 2 times (x 76B)
Class jdk.internal.jimage.decompressor.ResourceDecompressorRepository                 : loaded 2 times (x 73B)
Class com.amazon.ion.impl.lite.IonSymbolLite                                          : loaded 2 times (x 249B)
Class org.jetbrains.kotlin.metadata.ProtoBuf$Function                                 : loaded 2 times (x 150B)
Class kotlin.SynchronizedLazyImpl                                                     : loaded 2 times (x 78B)
Class [Lcom.amazon.ion.impl.bin.IonRawBinaryWriter$StreamCloseMode;                   : loaded 2 times (x 71B)
Class com.amazon.ion.impl.LocalSymbolTableAsStruct                                    : loaded 2 times (x 134B)
Class com.amazon.ion.impl.lite.IonTimestampLite                                       : loaded 2 times (x 195B)
Class org.jetbrains.plugins.gradle.model.FileCollectionDependency                     : loaded 2 times (x 72B)
Class io.opentelemetry.api.trace.SpanBuilder                                          : loaded 2 times (x 72B)
Class io.opentelemetry.api.DefaultOpenTelemetry                                       : loaded 2 times (x 91B)
Class com.intellij.gradle.toolingExtension.impl.model.utilDummyModel.DummyModel       : loaded 2 times (x 72B)
Class org.gradle.internal.time.Clock                                                  : loaded 2 times (x 72B)
Class com.google.common.collect.MapMakerInternalMap$StrongKeyDummyValueEntry          : loaded 2 times (x 84B)
Class com.google.common.io.LineReader$1                                               : loaded 2 times (x 77B)
Class com.google.common.collect.CollectSpliterators                                   : loaded 2 times (x 73B)
Class com.google.common.collect.AbstractMapBasedMultimap$AsMap                        : loaded 2 times (x 130B)
Class com.google.common.reflect.Invokable$MethodInvokable                             : loaded 2 times (x 109B)
Class com.google.common.base.Platform                                                 : loaded 2 times (x 73B)
Class jdk.internal.jimage.ImageReader$Directory                                       : loaded 2 times (x 86B)
Class org.jetbrains.kotlin.metadata.ProtoBuf$Effect$InvocationKind                    : loaded 2 times (x 84B)
Class org.jetbrains.kotlin.metadata.ProtoBuf$VersionRequirementTable                  : loaded 2 times (x 109B)
Class org.jetbrains.kotlin.protobuf.LazyField                                         : loaded 2 times (x 85B)
Class org.jetbrains.kotlin.load.kotlin.header.ReadKotlinClassHeaderAnnotationVisitor  : loaded 2 times (x 82B)
Class org.jetbrains.kotlin.idea.gradleTooling.AndroidAwareGradleModelProvider$Companion: loaded 2 times (x 73B)
Class org.jetbrains.kotlin.name.FqNameUnsafe$1                                        : loaded 2 times (x 76B)
Class org.jetbrains.kotlin.metadata.ProtoBuf$Effect$EffectType                        : loaded 2 times (x 84B)
Class ijKotlinCoroutineJvmDebugInit1_6cshnk5ey2f3nejrfkwgib8o4$_run_closure1          : loaded 2 times (x 140B)
Class com.amazon.ion.IonString                                                        : loaded 2 times (x 72B)
Class io.opentelemetry.context.propagation.TextMapPropagator                          : loaded 2 times (x 72B)
Class org.jetbrains.plugins.gradle.model.GradleSourceSetDependencyModel               : loaded 2 times (x 72B)
Class [Lcom.android.builder.model.v2.ide.TestInfo$Execution;                          : loaded 2 times (x 71B)
Class kotlin.io.FilePathComponents                                                    : loaded 2 times (x 74B)
Class com.android.builder.model.v2.dsl.ProductFlavor                                  : loaded 2 times (x 72B)
Class com.google.common.collect.CompoundOrdering                                      : loaded 2 times (x 117B)
Class kotlin.coroutines.jvm.internal.RestrictedSuspendLambda                          : loaded 2 times (x 93B)
Class org.gradle.tooling.internal.adapter.TypeInspector                               : loaded 2 times (x 75B)
Class org.gradle.tooling.internal.adapter.ProtocolToModelAdapter$NoOpDecoration       : loaded 2 times (x 81B)
Class org.gradle.tooling.model.Element                                                : loaded 2 times (x 72B)
Class com.google.common.collect.AbstractMapBasedMultimap$WrappedList                  : loaded 2 times (x 207B)
Class [Lorg.objectweb.asm.AnnotationWriter;                                           : loaded 2 times (x 71B)
Class com.google.common.collect.Maps$8                                                : loaded 2 times (x 84B)
Class org.jetbrains.kotlin.metadata.ProtoBuf$Expression$ConstantValue$1               : loaded 2 times (x 76B)
Class org.jetbrains.kotlin.descriptors.DescriptorVisibilities$10                      : loaded 2 times (x 78B)
Class kotlin.collections.ArrayAsCollection                                            : loaded 2 times (x 107B)
Class org.jetbrains.kotlin.metadata.ProtoBuf$TypeParameter$1                          : loaded 2 times (x 146B)
Class org.jetbrains.org.objectweb.asm.tree.LineNumberNode                             : loaded 2 times (x 80B)
Class kotlin.LazyKt__LazyKt                                                           : loaded 2 times (x 73B)
Class org.objectweb.asm.ClassVisitor                                                  : loaded 2 times (x 90B)
Class com.amazon.ion.BufferConfiguration                                              : loaded 2 times (x 74B)
Class com.amazon.ion.system.SimpleCatalog                                             : loaded 2 times (x 93B)
Class io.opentelemetry.context.ArrayBasedContext                                      : loaded 2 times (x 102B)
Class com.intellij.gradle.toolingExtension.impl.model.taskModel.GradleTaskSerialisationService: loaded 2 times (x 78B)
Class com.android.ide.gradle.model.LegacyV1AgpVersionModel                            : loaded 2 times (x 72B)
Class com.google.common.collect.Lists$ReverseList$1                                   : loaded 2 times (x 101B)
Class [Lorg.objectweb.asm.Symbol;                                                     : loaded 2 times (x 71B)
Class kotlin.text.Regex                                                               : loaded 2 times (x 74B)
Class kotlin.sequences.SequencesKt__SequenceBuilderKt$sequence$$inlined$Sequence$1    : loaded 2 times (x 77B)
Class kotlin.Triple                                                                   : loaded 2 times (x 74B)
Class org.jetbrains.kotlin.tooling.core.Extras                                        : loaded 2 times (x 72B)
Class [Lcom.google.common.collect.Iterators$EmptyModifiableIterator;                  : loaded 2 times (x 71B)
Class com.google.common.collect.Sets$SetView                                          : loaded 2 times (x 140B)
Class com.google.common.cache.LocalCache$StrongValueReference                         : loaded 2 times (x 92B)
Class org.jetbrains.kotlin.descriptors.DescriptorVisibilities$11                      : loaded 2 times (x 78B)
Class org.jetbrains.kotlin.metadata.deserialization.BinaryVersion$Companion           : loaded 2 times (x 73B)
Class kotlin.UNINITIALIZED_VALUE                                                      : loaded 2 times (x 73B)
Class org.jetbrains.plugins.gradle.tooling.util.IntObjectMap$1                        : loaded 2 times (x 79B)
Class org.gradle.tooling.model.internal.ImmutableDomainObjectSet                      : loaded 2 times (x 157B)
Class [Lorg.jetbrains.kotlin.config.JVMAssertionsMode;                                : loaded 2 times (x 71B)
Class org.jetbrains.kotlin.config.JVMAssertionsMode                                   : loaded 2 times (x 81B)
Class com.google.common.graph.SuccessorsFunction                                      : loaded 2 times (x 72B)
Class org.objectweb.asm.Type                                                          : loaded 2 times (x 74B)
Class org.gradle.internal.classloader.VisitableURLClassLoader$InstrumentingVisitableURLClassLoader: loaded 2 times (x 124B)
Class org.jetbrains.kotlin.descriptors.DescriptorVisibilities$12                      : loaded 2 times (x 78B)
Class org.jetbrains.kotlin.metadata.ProtoBuf$ClassOrBuilder                           : loaded 2 times (x 72B)
Class org.jetbrains.kotlin.metadata.ProtoBuf$ValueParameter                           : loaded 2 times (x 129B)
Class com.google.common.reflect.TypeCapture                                           : loaded 2 times (x 73B)
Class org.jetbrains.kotlin.config.ExplicitApiMode$Companion                           : loaded 2 times (x 73B)
Class com.google.common.cache.LocalCache$Values                                       : loaded 2 times (x 120B)
Class org.gradle.internal.operations.MultipleBuildOperationFailures                   : loaded 2 times (x 97B)
Class [Lcom.amazon.ion.impl.bin.IonRawBinaryWriter$StreamFlushMode;                   : loaded 2 times (x 71B)
Class com.amazon.ion.UnsupportedIonVersionException                                   : loaded 2 times (x 87B)
Class io.opentelemetry.api.trace.SpanId                                               : loaded 2 times (x 73B)
Class kotlin.sequences.SequencesKt__SequencesKt$sequenceOf$1$1                        : loaded 2 times (x 81B)
Class [Lcom.android.builder.model.v2.ide.AndroidGradlePluginProjectFlags$BooleanFlag; : loaded 2 times (x 71B)
Class com.android.builder.model.v2.ide.AndroidGradlePluginProjectFlags                : loaded 2 times (x 72B)
Class com.android.builder.model.v2.ide.BasicVariant                                   : loaded 2 times (x 72B)
Class kotlin.coroutines.Continuation                                                  : loaded 2 times (x 72B)
Class com.google.common.collect.MapMakerInternalMap$StrongKeyDummyValueEntry$Helper   : loaded 2 times (x 81B)
Class org.apache.commons.io.FileUtils                                                 : loaded 2 times (x 73B)
Class com.google.common.io.Files$FileByteSink                                         : loaded 2 times (x 79B)
Class org.objectweb.asm.ByteVector                                                    : loaded 2 times (x 81B)
Class [Lcom.google.common.cache.CacheBuilder$NullListener;                            : loaded 2 times (x 71B)
Class com.google.common.math.IntMath$1                                                : loaded 2 times (x 73B)
Class org.gradle.internal.classloader.VisitableURLClassLoader$Spec                    : loaded 2 times (x 76B)
Class org.gradle.internal.classpath.DefaultClassPath                                  : loaded 2 times (x 92B)
Class jdk.internal.jimage.decompressor.ZipDecompressorFactory                         : loaded 2 times (x 76B)
Class org.jetbrains.kotlin.metadata.ProtoBuf$TypeAlias$1                              : loaded 2 times (x 146B)
Class org.jetbrains.org.objectweb.asm.Handler                                         : loaded 2 times (x 74B)
Class org.jetbrains.kotlin.metadata.ProtoBuf$Annotation$Argument$ValueOrBuilder       : loaded 2 times (x 72B)
Class org.gradle.tooling.internal.adapter.MethodInvocation                            : loaded 2 times (x 87B)
Class kotlin.sequences.TransformingSequence                                           : loaded 2 times (x 77B)
Class com.android.utils.FileUtils                                                     : loaded 2 times (x 73B)
Class [Lorg.jetbrains.kotlin.build.report.metrics.GradleBuildTime;                    : loaded 2 times (x 71B)
Class com.amazon.ion.impl.bin.IonManagedBinaryWriter$SymbolState                      : loaded 2 times (x 82B)
Class com.amazon.ion.IonStruct                                                        : loaded 2 times (x 72B)
Class org.jetbrains.plugins.gradle.model.GradleBuildScriptClasspathModel              : loaded 2 times (x 72B)
Class kotlin.text.CharsKt__CharJVMKt                                                  : loaded 2 times (x 73B)
Class com.android.builder.model.v2.ide.BundleInfo                                     : loaded 2 times (x 72B)
Class com.android.builder.model.v2.ide.SourceProvider                                 : loaded 2 times (x 72B)
Class kotlin.coroutines.jvm.internal.BaseContinuationImpl                             : loaded 2 times (x 89B)
Class kotlin.Result$Companion                                                         : loaded 2 times (x 73B)
Class org.gradle.util.internal.DefaultGradleVersion                                   : loaded 2 times (x 84B)
Class com.google.common.reflect.Types$ClassOwnership                                  : loaded 2 times (x 82B)
Class org.objectweb.asm.Symbol                                                        : loaded 2 times (x 75B)
Class com.google.common.base.AbstractIterator                                         : loaded 2 times (x 82B)
Class org.jetbrains.kotlin.metadata.ProtoBuf$Effect$1                                 : loaded 2 times (x 146B)
Class org.jetbrains.kotlin.metadata.ProtoBuf$Visibility                               : loaded 2 times (x 84B)
Class org.jetbrains.kotlin.metadata.ProtoBuf$ConstructorOrBuilder                     : loaded 2 times (x 72B)
Class org.jetbrains.kotlin.metadata.jvm.deserialization.JvmMemberSignature$Field      : loaded 2 times (x 77B)
Class org.jetbrains.kotlin.metadata.jvm.JvmProtoBuf                                   : loaded 2 times (x 73B)
Class [Lio.opentelemetry.context.ThreadLocalContextStorage;                           : loaded 2 times (x 71B)
Class com.android.builder.model.v2.ide.AaptOptions$Namespacing                        : loaded 2 times (x 81B)
Class io.opentelemetry.api.internal.OtelEncodingUtils                                 : loaded 2 times (x 73B)
Class com.google.common.io.Java8Compatibility                                         : loaded 2 times (x 73B)
Class com.google.common.io.Closer                                                     : loaded 2 times (x 80B)
Class com.google.common.collect.RegularImmutableMap$Values                            : loaded 2 times (x 209B)
Class org.gradle.internal.classloader.ClassLoaderSpec                                 : loaded 2 times (x 73B)
Class org.jetbrains.kotlin.descriptors.DeclarationDescriptorWithVisibility            : loaded 2 times (x 72B)
Class org.jetbrains.kotlin.protobuf.SmallSortedMap                                    : loaded 2 times (x 131B)
Class org.jetbrains.org.objectweb.asm.tree.AbstractInsnNode                           : loaded 2 times (x 80B)
Class com.intellij.util.ThrowableConsumer                                             : loaded 2 times (x 72B)
Class com.amazon.ion.impl.IonWriterSystemTextMarkup                                   : loaded 2 times (x 193B)
Class com.amazon.ion.impl.bin.BlockAllocator                                          : loaded 2 times (x 82B)
Class kotlin.jvm.internal.FunctionReferenceImpl                                       : loaded 2 times (x 128B)
Class org.objectweb.asm.AnnotationWriter                                              : loaded 2 times (x 80B)
Class com.google.common.cache.CacheStats                                              : loaded 2 times (x 73B)
Class ijKotlinCoroutineJvmDebugInit1_6cshnk5ey2f3nejrfkwgib8o4$_run_closure1$_closure2: loaded 2 times (x 140B)
Class org.jetbrains.kotlin.protobuf.ByteString$Output                                 : loaded 2 times (x 88B)
Class org.jetbrains.kotlin.protobuf.SmallSortedMap$EmptySet                           : loaded 2 times (x 73B)
Class org.jetbrains.kotlin.protobuf.MessageLite                                       : loaded 2 times (x 72B)
Class org.jetbrains.kotlin.load.kotlin.header.KotlinClassHeader$Kind$Companion        : loaded 2 times (x 73B)
Class org.jetbrains.org.objectweb.asm.tree.FieldInsnNode                              : loaded 2 times (x 81B)
Class com.amazon.ion.system.IonWriterBuilderBase                                      : loaded 2 times (x 85B)
Class io.opentelemetry.api.trace.Tracer                                               : loaded 2 times (x 72B)
Class jdk.internal.jimage.decompressor.StringSharingDecompressorFactory               : loaded 2 times (x 76B)
Class [Lcom.android.builder.model.v2.ide.ProjectType;                                 : loaded 2 times (x 71B)
Class kotlin.jvm.internal.markers.KMutableIterable                                    : loaded 2 times (x 72B)
Class org.gradle.tooling.internal.adapter.ProtocolToModelAdapter$DefaultViewBuilder   : loaded 2 times (x 82B)
Class com.google.common.collect.Interners                                             : loaded 2 times (x 73B)
Class com.google.common.collect.ImmutableMultisetGwtSerializationDependencies         : loaded 2 times (x 127B)
Class com.google.common.io.LineProcessor                                              : loaded 2 times (x 72B)
Class com.google.common.io.Closer$Suppressor                                          : loaded 2 times (x 72B)
Class org.objectweb.asm.RecordComponentWriter                                         : loaded 2 times (x 79B)
Class com.google.common.util.concurrent.AbstractFuture$Listener                       : loaded 2 times (x 74B)
Class Settings_gradle$1$1                                                             : loaded 2 times (x 76B)
Class org.jetbrains.kotlin.cli.common.ModuleVisibilityHelperImpl                      : loaded 2 times (x 76B)
Class com.google.common.collect.ImmutableMap$MapViewOfValuesAsSingletonSets           : loaded 2 times (x 127B)
Class io.opentelemetry.api.trace.ArrayBasedTraceState                                 : loaded 2 times (x 88B)
Class io.opentelemetry.context.ContextKey                                             : loaded 2 times (x 72B)
Class io.opentelemetry.context.propagation.TextMapSetter                              : loaded 2 times (x 72B)
Class com.android.ide.common.gradle.Version$Companion$ParseState                      : loaded 2 times (x 72B)
Class [Lcom.android.builder.model.v2.ide.AaptOptions$Namespacing;                     : loaded 2 times (x 71B)
Class org.gradle.tooling.internal.adapter.ProtocolToModelAdapter$ViewGraphDetails$1   : loaded 2 times (x 79B)
Class [Lorg.objectweb.asm.Label;                                                      : loaded 2 times (x 71B)
Class org.objectweb.asm.Attribute                                                     : loaded 2 times (x 79B)
Class com.google.common.base.Supplier                                                 : loaded 2 times (x 72B)
Class org.gradle.internal.classloader.VisitableURLClassLoader                         : loaded 2 times (x 118B)
Class com.google.common.collect.RegularImmutableMap                                   : loaded 2 times (x 122B)
Class com.google.common.io.ByteArrayDataOutput                                        : loaded 2 times (x 72B)
Class [Lcom.amazon.ion.SymbolTable;                                                   : loaded 2 times (x 71B)
Class com.amazon.ion.impl.bin.IonBinaryWriterAdapter$Factory                          : loaded 2 times (x 72B)
Class com.amazon.ion.impl.BlockedBuffer$BufferedOutputStream                          : loaded 2 times (x 92B)
Class org.jetbrains.plugins.gradle.tooling.serialization.ExternalTestsSerializationService$ReadContext: loaded 2 times (x 74B)
Class com.android.ide.common.repository.AgpVersion$Companion                          : loaded 2 times (x 73B)
Class kotlin.sequences.FlatteningSequence$iterator$1                                  : loaded 2 times (x 81B)
Class org.gradle.tooling.internal.adapter.TargetTypeProvider                          : loaded 2 times (x 72B)
Class com.android.builder.model.v2.ide.AndroidArtifact                                : loaded 2 times (x 72B)
Class org.gradle.tooling.model.idea.IdeaDependency                                    : loaded 2 times (x 72B)
Class com.google.common.collect.ImmutableList$SerializedForm                          : loaded 2 times (x 75B)
Class org.objectweb.asm.signature.SignatureWriter                                     : loaded 2 times (x 90B)
Class Settings_gradle                                                                 : loaded 2 times (x 126B)
Class jdk.internal.jimage.decompressor.ZipDecompressor                                : loaded 2 times (x 77B)
Class [Lorg.jetbrains.kotlin.metadata.ProtoBuf$VersionRequirement$VersionKind;        : loaded 2 times (x 71B)
Class org.jetbrains.kotlin.protobuf.CodedOutputStream                                 : loaded 2 times (x 74B)
Class org.jetbrains.kotlin.metadata.ProtoBuf$Annotation                               : loaded 2 times (x 111B)
Class org.jetbrains.org.objectweb.asm.tree.TypeInsnNode                               : loaded 2 times (x 80B)
Class kotlin.ranges.IntProgression$Companion                                          : loaded 2 times (x 73B)
Class com.amazon.ion.impl.bin.AbstractIonWriter$WriteValueOptimization                : loaded 2 times (x 81B)
Class org.jetbrains.plugins.gradle.model.GradleExtensions                             : loaded 2 times (x 72B)
Class com.android.ide.common.gradle.Version$Companion                                 : loaded 2 times (x 73B)
Class [Lcom.android.builder.model.v2.ide.BytecodeTransformation;                      : loaded 2 times (x 71B)
Class com.android.builder.model.v2.ide.AaptOptions                                    : loaded 2 times (x 72B)
Class kotlin.collections.AbstractMutableList                                          : loaded 2 times (x 208B)
Class com.google.common.collect.MapMakerInternalMap                                   : loaded 2 times (x 162B)
Class com.google.common.collect.Sets                                                  : loaded 2 times (x 73B)
Class org.objectweb.asm.Handler                                                       : loaded 2 times (x 74B)
Class com.google.common.base.Ticker                                                   : loaded 2 times (x 74B)
Class com.google.common.base.Strings                                                  : loaded 2 times (x 73B)
Class [Lorg.jetbrains.kotlin.metadata.jvm.JvmProtoBuf$StringTableTypes$Record$Operation;: loaded 2 times (x 71B)
Class [Lorg.jetbrains.kotlin.load.kotlin.header.KotlinClassHeader$Kind;               : loaded 2 times (x 71B)
Class org.jetbrains.plugins.gradle.model.AnnotationProcessingModel                    : loaded 2 times (x 72B)
Class com.amazon.ion.impl.bin.BlockAllocatorProvider                                  : loaded 2 times (x 74B)
Class io.opentelemetry.api.trace.ArrayBasedTraceStateBuilder                          : loaded 2 times (x 79B)
Class org.jetbrains.plugins.gradle.tooling.serialization.internal.IdeaProjectSerializationService$WriteContext: loaded 2 times (x 74B)
Class com.intellij.gradle.toolingExtension.impl.model.sourceSetDependencyModel.GradleSourceSetDependencySerialisationService: loaded 2 times (x 79B)
Class org.jetbrains.plugins.gradle.model.GradleSourceSetModel                         : loaded 2 times (x 72B)
Class com.android.builder.model.v2.models.ndk.NativeModelBuilderParameter             : loaded 2 times (x 72B)
Class kotlin.KotlinNothingValueException                                              : loaded 2 times (x 84B)
Class io.opentelemetry.context.ContextStorageProvider                                 : loaded 2 times (x 72B)
Class com.google.common.cache.RemovalCause$1                                          : loaded 2 times (x 82B)
Class [Lcom.google.common.cache.LocalCache$Segment;                                   : loaded 2 times (x 71B)
Class [Lcom.google.common.cache.LocalCache$Strength;                                  : loaded 2 times (x 71B)
Class com.google.common.cache.CacheBuilder$1                                          : loaded 2 times (x 87B)
Class com.google.common.collect.ImmutableMap                                          : loaded 2 times (x 122B)
Class org.gradle.internal.classpath.DefaultClassPath$ImmutableUniqueList$Builder      : loaded 2 times (x 77B)
Class org.jetbrains.kotlin.serialization.deserialization.ProtoEnumFlags               : loaded 2 times (x 73B)
Class org.jetbrains.kotlin.protobuf.Internal$EnumLite                                 : loaded 2 times (x 72B)
Class kotlin.jvm.functions.Function3                                                  : loaded 2 times (x 72B)
Class com.amazon.ion.system.IonBinaryWriterBuilder                                    : loaded 2 times (x 101B)
Class com.amazon.ion.impl.lite.IonSequenceLite                                        : loaded 2 times (x 434B)
Class com.amazon.ion.impl._Private_Utils$1                                            : loaded 2 times (x 100B)
Class com.amazon.ion.impl.SymbolTableAsStruct                                         : loaded 2 times (x 72B)
Class io.opentelemetry.api.trace.TracerProvider                                       : loaded 2 times (x 72B)
Class com.android.ide.gradle.model.dependencies.Coordinates                           : loaded 2 times (x 72B)
Class com.amazon.ion.impl.bin.IonManagedBinaryWriter$UserState$4                      : loaded 2 times (x 87B)
Class org.jetbrains.plugins.gradle.model.UnresolvedExternalDependency                 : loaded 2 times (x 72B)
Class org.gradle.tooling.internal.adapter.WeakIdentityHashMap$AbsentValueProvider     : loaded 2 times (x 72B)
Class com.google.common.cache.RemovalCause$2                                          : loaded 2 times (x 82B)
Class com.google.common.collect.MapMakerInternalMap$WeakValueReference                : loaded 2 times (x 72B)
Class com.google.common.cache.LocalCache                                              : loaded 2 times (x 188B)
Class com.google.common.cache.CacheBuilder$2                                          : loaded 2 times (x 74B)
Class org.jetbrains.kotlin.protobuf.RopeByteString                                    : loaded 2 times (x 112B)
Class org.jetbrains.kotlin.protobuf.GeneratedMessageLite$ExtendableMessageOrBuilder   : loaded 2 times (x 72B)
Class org.jetbrains.kotlin.metadata.jvm.deserialization.JvmNameResolverBase           : loaded 2 times (x 82B)
Class org.jetbrains.org.objectweb.asm.tree.IincInsnNode                               : loaded 2 times (x 80B)
Class org.jetbrains.org.objectweb.asm.tree.MultiANewArrayInsnNode                     : loaded 2 times (x 80B)
Class org.jetbrains.kotlin.metadata.ProtoBuf$FunctionOrBuilder                        : loaded 2 times (x 72B)
Class com.amazon.ion.impl.bin.AbstractIonWriter                                       : loaded 2 times (x 162B)
Class io.opentelemetry.api.trace.AutoValue_ArrayBasedTraceState                       : loaded 2 times (x 89B)
Class gnu.trove.TObjectHash                                                           : loaded 2 times (x 96B)
Class org.jetbrains.plugins.gradle.tooling.util.ObjectCollector$Processor             : loaded 2 times (x 72B)
Class kotlin.jvm.functions.Function4                                                  : loaded 2 times (x 72B)
Class kotlin.annotation.Target                                                        : loaded 2 times (x 72B)
Class org.jetbrains.kotlin.protobuf.GeneratedMessageLite$1                            : loaded 2 times (x 73B)
Class org.gradle.internal.exceptions.NonGradleCauseExceptionsHolder                   : loaded 2 times (x 72B)
Class org.gradle.tooling.model.idea.IdeaModuleDependency                              : loaded 2 times (x 72B)
Class org.gradle.tooling.internal.adapter.ViewBuilder                                 : loaded 2 times (x 72B)
Class com.google.common.cache.RemovalCause$3                                          : loaded 2 times (x 82B)
Class org.jetbrains.kotlin.config.LanguageVersion                                     : loaded 2 times (x 92B)
Class org.jetbrains.kotlin.cli.common.arguments.K2JVMCompilerArguments                : loaded 2 times (x 82B)
Class [Lcom.google.common.collect.AbstractMapEntry;                                   : loaded 2 times (x 71B)
Class com.google.common.collect.ImmutableEntry                                        : loaded 2 times (x 84B)
Class com.google.common.collect.ArrayListMultimap                                     : loaded 2 times (x 173B)
Class jdk.internal.jimage.ImageStrings                                                : loaded 2 times (x 72B)
Class org.jetbrains.kotlin.metadata.ProtoBuf$Effect$InvocationKind$1                  : loaded 2 times (x 76B)
Class org.jetbrains.org.objectweb.asm.SymbolTable$Entry                               : loaded 2 times (x 75B)
Class org.jetbrains.org.objectweb.asm.tree.LocalVariableAnnotationNode                : loaded 2 times (x 83B)
Class org.jetbrains.kotlin.metadata.deserialization.BinaryVersion                     : loaded 2 times (x 76B)
Class org.gradle.api.internal.classpath.ManifestUtil                                  : loaded 2 times (x 73B)
Class com.amazon.ion.system.IonReaderBuilder                                          : loaded 2 times (x 97B)
Class io.opentelemetry.api.trace.TraceState                                           : loaded 2 times (x 72B)
Class org.jetbrains.plugins.gradle.model.AnnotationProcessingConfig                   : loaded 2 times (x 72B)
Class com.amazon.ion.IonReader                                                        : loaded 2 times (x 72B)
Class gnu.trove.Equality                                                              : loaded 2 times (x 72B)
Class com.android.ide.common.gradle.Version                                           : loaded 2 times (x 77B)
Class com.android.builder.model.v2.ide.AndroidLibraryData                             : loaded 2 times (x 72B)
Class com.android.builder.model.v2.ide.ApiVersion                                     : loaded 2 times (x 72B)
Class kotlin.annotation.Retention                                                     : loaded 2 times (x 72B)
Class com.google.common.cache.RemovalCause$4                                          : loaded 2 times (x 82B)
Class org.apache.commons.io.StandardLineSeparator                                     : loaded 2 times (x 81B)
Class com.google.common.base.Suppliers$MemoizingSupplier                              : loaded 2 times (x 81B)
Class com.google.common.collect.CollectPreconditions                                  : loaded 2 times (x 73B)
Class org.jetbrains.kotlin.metadata.ProtoBuf$EnumEntry$1                              : loaded 2 times (x 146B)
Class org.jetbrains.kotlin.metadata.ProtoBuf$Type$Argument$Projection                 : loaded 2 times (x 84B)
Class org.jetbrains.org.objectweb.asm.tree.InvokeDynamicInsnNode                      : loaded 2 times (x 80B)
Class com.google.common.util.concurrent.ExecutionError                                : loaded 2 times (x 84B)
Class com.google.common.collect.ImmutableEnumSet                                      : loaded 2 times (x 148B)
Class com.google.common.collect.AbstractMapBasedMultimap$WrappedCollection            : loaded 2 times (x 126B)
Class com.amazon.ion.IonClob                                                          : loaded 2 times (x 72B)
Class io.opentelemetry.context.LazyStorage                                            : loaded 2 times (x 73B)
Class org.jetbrains.plugins.gradle.tooling.ModelBuilderService$Parameter              : loaded 2 times (x 72B)
Class com.android.builder.model.v2.models.Versions$Version                            : loaded 2 times (x 72B)
Class com.google.common.cache.RemovalCause$5                                          : loaded 2 times (x 82B)
Class [Lcom.google.common.collect.MapMakerInternalMap$Strength;                       : loaded 2 times (x 71B)
Class [Lcom.google.common.io.FileWriteMode;                                           : loaded 2 times (x 71B)
Class com.google.common.collect.SortedMapDifference                                   : loaded 2 times (x 72B)
Class org.jetbrains.kotlin.metadata.jvm.JvmProtoBuf$JvmPropertySignature$Builder      : loaded 2 times (x 142B)
Class [Lorg.jetbrains.org.objectweb.asm.Symbol;                                       : loaded 2 times (x 71B)
Class [Lcom.google.common.cache.RemovalCause;                                         : loaded 2 times (x 71B)
Class com.amazon.ion.impl.lite.IonLobLite                                             : loaded 2 times (x 187B)
Class com.amazon.ion.impl.lite.IonTextLite                                            : loaded 2 times (x 184B)
Class com.amazon.ion.IonNumber                                                        : loaded 2 times (x 72B)
Class gnu.trove.TObjectHashingStrategy                                                : loaded 2 times (x 72B)
Class org.gradle.tooling.internal.adapter.ProtocolToModelAdapter$ReflectionMethodInvoker: loaded 2 times (x 78B)
Class com.google.common.collect.MapMakerInternalMap$StrongKeyDummyValueSegment        : loaded 2 times (x 143B)
Class com.google.common.collect.Iterables$4                                           : loaded 2 times (x 83B)
Class com.google.common.io.Files                                                      : loaded 2 times (x 73B)
Class com.google.common.cache.LocalCache$WriteThroughEntry                            : loaded 2 times (x 81B)
Class com.google.common.cache.LocalCache$HashIterator                                 : loaded 2 times (x 88B)
Class org.jetbrains.kotlin.cli.common.arguments.CommonCompilerArguments               : loaded 2 times (x 81B)
Class com.google.common.cache.LocalCache$EntryFactory                                 : loaded 2 times (x 85B)
Class org.jetbrains.kotlin.metadata.ProtoBuf$VersionRequirementTable$1                : loaded 2 times (x 146B)
Class org.jetbrains.kotlin.metadata.ProtoBuf$Contract                                 : loaded 2 times (x 109B)
Class org.gradle.tooling.internal.adapter.ProtocolToModelAdapter$InvocationHandlerImpl: loaded 2 times (x 79B)
Class org.gradle.tooling.model.build.GradleEnvironment                                : loaded 2 times (x 72B)
Class com.android.builder.model.v2.models.VariantDependenciesAdjacencyList            : loaded 2 times (x 72B)
Class [Lcom.amazon.ion.impl.bin.IonManagedBinaryWriter$UserState;                     : loaded 2 times (x 71B)
Class com.amazon.ion.impl.bin.utf8.Utf8StringEncoder                                  : loaded 2 times (x 82B)
Class com.amazon.ion.IonBool                                                          : loaded 2 times (x 72B)
Class [Lcom.android.ide.common.gradle.Separator;                                      : loaded 2 times (x 71B)
Class com.google.common.collect.NullsLastOrdering                                     : loaded 2 times (x 117B)
Class org.jetbrains.plugins.gradle.tooling.util.IntObjectMap$ObjectFactory            : loaded 2 times (x 72B)
Class org.jetbrains.kotlin.tooling.core.HasMutableExtras                              : loaded 2 times (x 72B)
Class [Lcom.google.common.collect.MapMaker$Dummy;                                     : loaded 2 times (x 71B)
Class com.google.common.reflect.Types$NativeTypeVariableEquals                        : loaded 2 times (x 73B)
Class com.google.common.reflect.TypeParameter                                         : loaded 2 times (x 74B)
Class com.google.common.cache.LocalCache$AbstractReferenceEntry                       : loaded 2 times (x 109B)
Class org.jetbrains.kotlin.descriptors.Visibilities$Local                             : loaded 2 times (x 81B)
Class org.jetbrains.kotlin.metadata.jvm.deserialization.JvmNameResolverBase$WhenMappings: loaded 2 times (x 73B)
Class org.jetbrains.kotlin.protobuf.WireFormat                                        : loaded 2 times (x 73B)
Class org.jetbrains.kotlin.metadata.jvm.deserialization.BitEncoding                   : loaded 2 times (x 73B)
Class org.jetbrains.org.objectweb.asm.Attribute                                       : loaded 2 times (x 77B)
Class org.jetbrains.org.objectweb.asm.Label                                           : loaded 2 times (x 74B)
Class com.amazon.ion.IonLoader                                                        : loaded 2 times (x 72B)
Class io.opentelemetry.context.propagation.NoopTextMapPropagator                      : loaded 2 times (x 78B)
Class com.intellij.gradle.toolingExtension.model.repositoryModel.ProjectRepositoriesModel: loaded 2 times (x 72B)
Class org.jetbrains.plugins.gradle.model.GradleProperty                               : loaded 2 times (x 72B)
Class gnu.trove.TObjectCanonicalHashingStrategy                                       : loaded 2 times (x 80B)
Class [Lio.opentelemetry.api.trace.ImmutableTraceFlags;                               : loaded 2 times (x 71B)
Class com.amazon.ion.IonException                                                     : loaded 2 times (x 86B)
Class com.android.builder.model.v2.models.VariantDependencies                         : loaded 2 times (x 72B)
Class com.google.common.collect.ImmutableMapKeySet                                    : loaded 2 times (x 152B)
Class org.objectweb.asm.SymbolTable                                                   : loaded 2 times (x 74B)
Class com.google.common.cache.CacheLoader$InvalidCacheLoadException                   : loaded 2 times (x 84B)
Class org.gradle.internal.classloader.SystemClassLoaderSpec                           : loaded 2 times (x 73B)
Class [Lorg.jetbrains.kotlin.metadata.ProtoBuf$Effect$EffectType;                     : loaded 2 times (x 71B)
Class com.amazon.ion.util.GzipStreamInterceptor                                       : loaded 2 times (x 87B)
Class org.jetbrains.org.objectweb.asm.Frame                                           : loaded 2 times (x 75B)
Class com.amazon.ion.impl.bin.IonManagedBinaryWriter$UserState$3                      : loaded 2 times (x 87B)
Class com.amazon.ion.impl._Private_Utils                                              : loaded 2 times (x 73B)
Class kotlin.ranges.IntRange$Companion                                                : loaded 2 times (x 73B)
Class com.android.builder.model.v2.ide.TestedTargetVariant                            : loaded 2 times (x 72B)
Class kotlin.text.MatcherMatchResult$groups$1                                         : loaded 2 times (x 153B)
Class kotlin.collections.EmptyMap                                                     : loaded 2 times (x 110B)
Class kotlin.jvm.internal.markers.KMutableCollection                                  : loaded 2 times (x 72B)
Class kotlin.coroutines.intrinsics.IntrinsicsKt                                       : loaded 2 times (x 73B)
Class org.gradle.internal.exceptions.MultiCauseException                              : loaded 2 times (x 72B)
Class org.gradle.internal.time.CountdownTimer                                         : loaded 2 times (x 72B)
Class com.google.common.collect.FluentIterable                                        : loaded 2 times (x 83B)
Class com.google.common.cache.LocalCache$StrongEntry                                  : loaded 2 times (x 110B)
Class com.google.common.util.concurrent.AbstractFuture$TrustedFuture                  : loaded 2 times (x 116B)
Class com.google.common.cache.LoadingCache                                            : loaded 2 times (x 72B)
Class org.gradle.kotlin.dsl.ImplementationConfigurationAccessorsKt                    : loaded 2 times (x 73B)
Class jdk.internal.jrtfs.JrtFileSystem                                                : loaded 2 times (x 104B)
Class org.jetbrains.kotlin.metadata.ProtoBuf$Type$Argument                            : loaded 2 times (x 112B)
Class org.jetbrains.kotlin.load.kotlin.FileBasedKotlinClass$InnerClassesInfo          : loaded 2 times (x 76B)
Class org.jetbrains.org.objectweb.asm.tree.Util                                       : loaded 2 times (x 73B)
Class [Lorg.jetbrains.kotlin.metadata.ProtoBuf$Modality;                              : loaded 2 times (x 71B)
Class io.opentelemetry.api.trace.Span                                                 : loaded 2 times (x 72B)
Class com.intellij.gradle.toolingExtension.impl.model.projectModel.GradleExternalProjectSerializationService$ReadContext: loaded 2 times (x 75B)
Class com.intellij.gradle.toolingExtension.impl.model.dependencyModel.DependencyWriteContext: loaded 2 times (x 74B)
Class kotlin.coroutines.intrinsics.CoroutineSingletons                                : loaded 2 times (x 81B)
Class org.gradle.tooling.model.ProjectModel                                           : loaded 2 times (x 72B)
Class com.google.common.io.ByteStreams$LimitedInputStream                             : loaded 2 times (x 94B)
Class com.google.common.base.Suppliers$NonSerializableMemoizingSupplier               : loaded 2 times (x 81B)
Class org.objectweb.asm.MethodWriter                                                  : loaded 2 times (x 107B)
Class [Lcom.google.common.cache.Weigher;                                              : loaded 2 times (x 71B)
Class com.google.common.collect.RegularImmutableMap$BucketOverflowException           : loaded 2 times (x 84B)
Class jdk.internal.jimage.decompressor.CompressedResourceHeader                       : loaded 2 times (x 73B)
Class org.jetbrains.kotlin.resolve.scopes.receivers.Receiver                          : loaded 2 times (x 72B)
Class org.jetbrains.kotlin.metadata.ProtoBuf$Modality$1                               : loaded 2 times (x 76B)
Class org.jetbrains.org.objectweb.asm.tree.TypeAnnotationNode                         : loaded 2 times (x 81B)
Class org.gradle.internal.classloader.ClassLoaderHierarchy                            : loaded 2 times (x 72B)
Class org.jetbrains.plugins.gradle.model.GradleConfiguration                          : loaded 2 times (x 72B)
Class com.amazon.ion.impl.bin.utf8.Utf8StringEncoderPool                              : loaded 2 times (x 76B)
Class com.amazon.ion.impl._Private_IonSystem                                          : loaded 2 times (x 72B)
Class com.amazon.ion.BufferConfiguration$OversizedValueHandler                        : loaded 2 times (x 72B)
Class com.android.ide.common.gradle.Version$Companion$ParseState$EMPTY                : loaded 2 times (x 76B)
Class kotlin.ranges.OpenEndRange                                                      : loaded 2 times (x 72B)
Class kotlin.sequences.SequenceBuilderIterator                                        : loaded 2 times (x 87B)
Class org.jetbrains.kotlin.cli.common.CompilerSystemProperties$Companion              : loaded 2 times (x 73B)
Class com.google.common.collect.ImmutableMultimap$1                                   : loaded 2 times (x 84B)
Class com.google.common.collect.AbstractMapBasedMultimap$RandomAccessWrappedList      : loaded 2 times (x 207B)
Class org.jetbrains.kotlin.metadata.jvm.JvmProtoBuf$1                                 : loaded 2 times (x 73B)
Class org.jetbrains.kotlin.metadata.ProtoBuf$VersionRequirement                       : loaded 2 times (x 118B)
Class [Lcom.google.common.base.AbstractIterator$State;                                : loaded 2 times (x 71B)
Class com.amazon.ion.IonDecimal                                                       : loaded 2 times (x 72B)
Class io.opentelemetry.api.OpenTelemetry                                              : loaded 2 times (x 72B)
Class org.jetbrains.plugins.gradle.model.tests.ExternalTestsModel                     : loaded 2 times (x 72B)
Class com.google.common.io.FileWriteMode                                              : loaded 2 times (x 81B)
Class [Lcom.google.common.collect.MapMakerInternalMap$Segment;                        : loaded 2 times (x 71B)
Class com.android.ide.common.repository.AgpVersion$Companion$WhenMappings             : loaded 2 times (x 73B)
Class org.gradle.tooling.model.idea.IdeaLanguageLevel                                 : loaded 2 times (x 72B)
Class org.gradle.tooling.internal.adapter.ProtocolToModelAdapter$SafeMethodInvoker    : loaded 2 times (x 78B)
Class org.gradle.tooling.internal.adapter.WeakIdentityHashMap$WeakKey                 : loaded 2 times (x 82B)
Class org.gradle.internal.exceptions.DefaultMultiCauseException                       : loaded 2 times (x 97B)
Class com.google.common.collect.AbstractIterator$State                                : loaded 2 times (x 81B)
Class [Lorg.jetbrains.kotlin.config.ExplicitApiMode;                                  : loaded 2 times (x 71B)
Class com.google.common.collect.ImmutableMultimap$2                                   : loaded 2 times (x 83B)
Class com.google.common.reflect.Types$JavaVersion$1                                   : loaded 2 times (x 85B)
Class com.google.common.collect.RegularImmutableBiMap                                 : loaded 2 times (x 149B)
Class com.google.common.cache.LocalCache$ValueReference                               : loaded 2 times (x 72B)
Class org.jetbrains.org.objectweb.asm.Opcodes                                         : loaded 2 times (x 72B)
Class org.jetbrains.kotlin.descriptors.annotations.Annotated                          : loaded 2 times (x 72B)
Class org.jetbrains.kotlin.descriptors.SourceElement$1                                : loaded 2 times (x 76B)
Class com.google.common.cache.LocalCache$ValueIterator                                : loaded 2 times (x 88B)
Class com.amazon.ion.impl.bin.IonRawBinaryWriter$StreamCloseMode                      : loaded 2 times (x 81B)
Class com.amazon.ion.impl._Private_IonBinaryWriterBuilder$Mutable                     : loaded 2 times (x 117B)
Class io.opentelemetry.api.trace.PropagatedSpan                                       : loaded 2 times (x 114B)
Class com.intellij.gradle.toolingExtension.impl.model.projectModel.GradleExternalProjectSerializationService: loaded 2 times (x 79B)
Class com.intellij.gradle.toolingExtension.impl.model.sourceSetModel.GradleSourceSetSerialisationService$Companion: loaded 2 times (x 73B)
Class com.android.builder.model.v2.ide.ProjectInfo                                    : loaded 2 times (x 72B)
Class kotlin.text.CharsKt__CharKt                                                     : loaded 2 times (x 73B)
Class kotlin.collections.ArrayDeque$Companion                                         : loaded 2 times (x 73B)
Class org.gradle.tooling.model.HierarchicalElement                                    : loaded 2 times (x 72B)
Class com.google.common.hash.PrimitiveSink                                            : loaded 2 times (x 72B)
Class com.google.common.reflect.Types$JavaVersion$2                                   : loaded 2 times (x 85B)
Class com.google.common.reflect.Types                                                 : loaded 2 times (x 73B)
Class org.jetbrains.kotlin.cli.common.arguments.CommonToolArguments                   : loaded 2 times (x 75B)
Class com.google.common.util.concurrent.AbstractFuture$Failure                        : loaded 2 times (x 74B)
Class com.google.common.base.Equivalence$Equals                                       : loaded 2 times (x 84B)
Class com.google.common.collect.Hashing                                               : loaded 2 times (x 73B)
Class com.google.common.base.PatternCompiler                                          : loaded 2 times (x 72B)
Class org.jetbrains.kotlin.metadata.ProtoBuf$Expression$1                             : loaded 2 times (x 146B)
Class org.jetbrains.kotlin.descriptors.DescriptorVisibility                           : loaded 2 times (x 80B)
Class com.amazon.ion.impl._Private_IonValue                                           : loaded 2 times (x 72B)
Class kotlin.LazyKt                                                                   : loaded 2 times (x 73B)
Class com.amazon.ion.impl.bin.IonRawBinaryWriter$PatchPoint                           : loaded 2 times (x 74B)
Class com.amazon.ion.IonBlob                                                          : loaded 2 times (x 72B)
Class com.amazon.ion.IonLob                                                           : loaded 2 times (x 72B)
Class com.amazon.ion.IonSequence                                                      : loaded 2 times (x 72B)
Class io.opentelemetry.api.trace.TraceFlags                                           : loaded 2 times (x 72B)
Class org.jetbrains.plugins.gradle.tooling.serialization.ExternalTestsSerializationService: loaded 2 times (x 79B)
Class com.amazon.ion.impl.bin.IonManagedBinaryWriter$UserState$2                      : loaded 2 times (x 87B)
Class org.jetbrains.kotlin.load.kotlin.FileBasedKotlinClass$OuterAndInnerName         : loaded 2 times (x 74B)
Class com.android.builder.model.v2.dsl.DependenciesInfo                               : loaded 2 times (x 72B)
Class org.jetbrains.kotlin.metadata.ProtoBuf$ContractOrBuilder                        : loaded 2 times (x 72B)
Class com.google.common.collect.ByFunctionOrdering                                    : loaded 2 times (x 117B)
Class kotlin.coroutines.EmptyCoroutineContext                                         : loaded 2 times (x 79B)
Class org.gradle.internal.time.Time                                                   : loaded 2 times (x 73B)
Class com.google.common.io.CharSink                                                   : loaded 2 times (x 81B)
Class [Lorg.apache.commons.io.file.DeleteOption;                                      : loaded 2 times (x 71B)
Class com.google.common.reflect.Types$JavaVersion$3                                   : loaded 2 times (x 85B)
Class org.objectweb.asm.Label                                                         : loaded 2 times (x 75B)
Class org.objectweb.asm.CurrentFrame                                                  : loaded 2 times (x 75B)
Class org.objectweb.asm.ClassTooLargeException                                        : loaded 2 times (x 84B)
Class org.jetbrains.kotlin.metadata.ProtoBuf$ExpressionOrBuilder                      : loaded 2 times (x 72B)
Class [Lorg.jetbrains.kotlin.metadata.ProtoBuf$Type$Argument$Projection;              : loaded 2 times (x 71B)
Class org.jetbrains.org.objectweb.asm.RecordComponentWriter                           : loaded 2 times (x 79B)
Class [Lorg.jetbrains.kotlin.metadata.ProtoBuf$Visibility;                            : loaded 2 times (x 71B)
Class com.amazon.ion.system.IonTextWriterBuilder                                      : loaded 2 times (x 99B)
Class com.amazon.ion.impl.bin.IonManagedBinaryWriter$ImportedSymbolResolverMode$1$1$1 : loaded 2 times (x 78B)
Class com.amazon.ion.impl._Private_LocalSymbolTableFactory                            : loaded 2 times (x 72B)
Class org.jetbrains.plugins.gradle.tooling.serialization.AnnotationProcessingModelSerializationService: loaded 2 times (x 79B)
Class org.jetbrains.org.objectweb.asm.TypeReference                                   : loaded 2 times (x 82B)
Class jdk.internal.jimage.BasicImageReader                                            : loaded 2 times (x 97B)
Class com.android.ide.common.gradle.Version$Companion$ParseState$NUMERIC              : loaded 2 times (x 76B)
Class org.gradle.internal.classloader.FilteringClassLoader                            : loaded 2 times (x 106B)
Class com.android.ide.common.repository.AgpVersion$PreviewKind                        : loaded 2 times (x 81B)
Class com.android.builder.model.v2.models.ProjectGraph                                : loaded 2 times (x 72B)
Class com.google.common.collect.Table                                                 : loaded 2 times (x 72B)
Class com.google.common.collect.MapMakerInternalMap$InternalEntryHelper               : loaded 2 times (x 72B)
Class com.google.common.reflect.Types$JavaVersion$4                                   : loaded 2 times (x 85B)
Class com.google.common.collect.Maps$IteratorBasedAbstractMap                         : loaded 2 times (x 127B)
Class com.google.common.collect.RangeGwtSerializationDependencies                     : loaded 2 times (x 73B)
Class org.objectweb.asm.Frame                                                         : loaded 2 times (x 75B)
Class org.objectweb.asm.MethodVisitor                                                 : loaded 2 times (x 107B)
Class com.google.common.cache.LocalCache$EntryFactory$1                               : loaded 2 times (x 85B)
Class [Lcom.google.common.cache.RemovalListener;                                      : loaded 2 times (x 71B)
Class org.jetbrains.kotlin.descriptors.ValidateableDescriptor                         : loaded 2 times (x 72B)
Class com.google.common.collect.RegularImmutableMap$KeySet                            : loaded 2 times (x 152B)
Class org.jetbrains.kotlin.metadata.ProtoBuf$EnumEntryOrBuilder                       : loaded 2 times (x 72B)
Class org.jetbrains.kotlin.metadata.jvm.JvmProtoBuf$JvmPropertySignature$1            : loaded 2 times (x 146B)
Class org.jetbrains.org.objectweb.asm.MethodWriter                                    : loaded 2 times (x 106B)
Class com.google.common.base.Equivalence$Identity                                     : loaded 2 times (x 84B)
Class com.amazon.ion.impl.lite.IonNullLite                                            : loaded 2 times (x 178B)
Class org.jetbrains.plugins.gradle.model.DependencyAccessorsModel                     : loaded 2 times (x 72B)
Class [Lcom.intellij.openapi.externalSystem.model.project.dependencies.ResolutionState;: loaded 2 times (x 71B)
Class gnu.trove.TObjectIntHashMap                                                     : loaded 2 times (x 111B)
Class com.google.common.base.PairwiseEquivalence                                      : loaded 2 times (x 85B)
Class com.google.common.reflect.Types$JavaVersion$5                                   : loaded 2 times (x 73B)
Class [Lcom.google.common.reflect.Types$ClassOwnership;                               : loaded 2 times (x 71B)
Class com.google.common.cache.LocalCache$EntryFactory$2                               : loaded 2 times (x 85B)
Class org.gradle.api.internal.classpath.GlobalCacheRootsProvider                      : loaded 2 times (x 72B)
Class kotlin.Lazy                                                                     : loaded 2 times (x 72B)
Class com.google.common.io.LineReader                                                 : loaded 2 times (x 74B)
Class com.amazon.ion.impl.lite.IonClobLite                                            : loaded 2 times (x 223B)
Class com.amazon.ion.impl._Private_ValueFactory                                       : loaded 2 times (x 72B)
Class com.amazon.ion.impl.bin.IonRawBinaryWriter$PreallocationMode$1                  : loaded 2 times (x 83B)
Class [Lcom.amazon.ion.impl.bin._Private_IonManagedBinaryWriterBuilder$AllocatorMode; : loaded 2 times (x 71B)
Class org.jetbrains.kotlin.idea.gradleTooling.KotlinMPPGradleModel                    : loaded 2 times (x 72B)
Class io.opentelemetry.context.propagation.ContextPropagators                         : loaded 2 times (x 72B)
Class com.intellij.gradle.toolingExtension.impl.model.dependencyDownloadPolicyModel.GradleDependencyDownloadPolicy: loaded 2 times (x 72B)
Class org.gradle.tooling.model.BuildIdentifier                                        : loaded 2 times (x 72B)
Class com.google.common.collect.CollectCollectors                                     : loaded 2 times (x 73B)
Class org.objectweb.asm.ModuleWriter                                                  : loaded 2 times (x 83B)
Class com.google.common.cache.LocalCache$EntryFactory$3                               : loaded 2 times (x 85B)
Class com.google.common.base.Ticker$1                                                 : loaded 2 times (x 74B)
Class com.google.common.collect.ImmutableMapEntrySet$RegularEntrySet                  : loaded 2 times (x 153B)
Class com.google.common.collect.Maps$BiMapConverter                                   : loaded 2 times (x 92B)
Class [Lorg.jetbrains.kotlin.metadata.ProtoBuf$Expression$ConstantValue;              : loaded 2 times (x 71B)
Class org.jetbrains.kotlin.metadata.ProtoBuf$Effect                                   : loaded 2 times (x 115B)
Class org.jetbrains.org.objectweb.asm.tree.InsnNode                                   : loaded 2 times (x 80B)
Class [Lkotlin.jvm.functions.Function1;                                               : loaded 2 times (x 71B)
Class org.jetbrains.org.objectweb.asm.RecordComponentVisitor                          : loaded 2 times (x 79B)
Class com.amazon.ion.IonInt                                                           : loaded 2 times (x 72B)
Class com.amazon.ion.impl.bin.IonRawBinaryWriter$PreallocationMode$2                  : loaded 2 times (x 83B)
Class org.jetbrains.kotlin.idea.gradleTooling.PrepareKotlinIdeImportTaskModel         : loaded 2 times (x 72B)
Class kotlin.sequences.FlatteningSequence                                             : loaded 2 times (x 77B)
Class com.android.builder.model.v2.ide.VectorDrawablesOptions                         : loaded 2 times (x 72B)
Class com.google.common.collect.CollectSpliterators$1                                 : loaded 2 times (x 92B)
Class com.google.common.cache.LocalCache$EntryFactory$4                               : loaded 2 times (x 85B)
Class com.google.common.collect.ImmutableSet$Builder                                  : loaded 2 times (x 87B)
Class org.jetbrains.kotlin.descriptors.Visibility                                     : loaded 2 times (x 81B)
Class org.jetbrains.kotlin.protobuf.RopeByteString$RopeInputStream                    : loaded 2 times (x 94B)
Class org.jetbrains.kotlin.protobuf.CodedInputStream                                  : loaded 2 times (x 74B)
Class org.jetbrains.org.objectweb.asm.MethodTooLargeException                         : loaded 2 times (x 84B)
Class org.jetbrains.org.objectweb.asm.Context                                         : loaded 2 times (x 74B)
Class kotlin.sequences.ConstrainedOnceSequence                                        : loaded 2 times (x 77B)
Class com.amazon.ion.impl.bin.IonRawBinaryWriter$PreallocationMode$3                  : loaded 2 times (x 83B)
Class com.android.ide.gradle.model.GradlePluginModel                                  : loaded 2 times (x 72B)
Class com.android.builder.model.v2.ide.Edge                                           : loaded 2 times (x 72B)
Class com.google.common.collect.ReverseOrdering                                       : loaded 2 times (x 117B)
Class com.android.builder.model.v2.models.VariantDependenciesFlatList                 : loaded 2 times (x 72B)
Class org.gradle.tooling.model.build.JavaEnvironment                                  : loaded 2 times (x 72B)
Class com.google.common.io.ByteStreams$1                                              : loaded 2 times (x 87B)
Class com.google.common.cache.LocalCache$EntryFactory$5                               : loaded 2 times (x 85B)
Class Build_gradle                                                                    : loaded 2 times (x 128B)
Class org.jetbrains.kotlin.metadata.ProtoBuf$1                                        : loaded 2 times (x 73B)
Class org.jetbrains.kotlin.mpp.DeclarationSymbolMarker                                : loaded 2 times (x 72B)
Class org.jetbrains.org.objectweb.asm.CurrentFrame                                    : loaded 2 times (x 75B)
Class org.jetbrains.kotlin.protobuf.MessageLite$Builder                               : loaded 2 times (x 72B)
Class kotlin.text.MatcherMatchResult                                                  : loaded 2 times (x 82B)
Class org.jetbrains.plugins.gradle.model.GradleExtension                              : loaded 2 times (x 72B)
Class com.amazon.ion.impl.lite.IonDecimalLite                                         : loaded 2 times (x 191B)
Class com.amazon.ion.IonBufferConfiguration$Builder                                   : loaded 2 times (x 80B)
Class com.android.builder.model.v2.ide.SourceSetContainer                             : loaded 2 times (x 72B)
Class org.gradle.internal.time.Timer                                                  : loaded 2 times (x 72B)
Class org.jetbrains.kotlin.config.JVMAssertionsMode$Companion                         : loaded 2 times (x 73B)
Class org.apache.commons.io.output.AppendableWriter                                   : loaded 2 times (x 102B)
Class com.google.common.cache.LocalCache$EntryFactory$6                               : loaded 2 times (x 85B)
Class org.gradle.internal.installation.CurrentGradleInstallationLocator               : loaded 2 times (x 73B)
Class org.jetbrains.kotlin.metadata.ProtoBuf$VersionRequirement$Level$1               : loaded 2 times (x 76B)
Class org.jetbrains.kotlin.protobuf.FieldSet$1                                        : loaded 2 times (x 73B)
Class org.jetbrains.org.objectweb.asm.tree.LdcInsnNode                                : loaded 2 times (x 80B)
Class [Lcom.amazon.ion.impl.bin.IonRawBinaryWriter$ContainerType;                     : loaded 2 times (x 71B)
Class kotlin.text.MatchGroupCollection                                                : loaded 2 times (x 72B)
Class com.android.builder.model.v2.ide.LintOptions                                    : loaded 2 times (x 72B)
Class kotlin.coroutines.jvm.internal.SpillingKt                                       : loaded 2 times (x 73B)
Class org.gradle.tooling.internal.adapter.ProtocolToModelAdapter$ViewGraphDetails     : loaded 2 times (x 74B)
Class org.gradle.tooling.model.idea.IdeaProject                                       : loaded 2 times (x 72B)
Class org.gradle.tooling.model.DomainObjectSet                                        : loaded 2 times (x 72B)
Class org.jetbrains.kotlin.cli.common.messages.CompilerMessageSeverity$Companion      : loaded 2 times (x 73B)
Class org.objectweb.asm.ClassReader                                                   : loaded 2 times (x 95B)
Class com.google.common.collect.ImmutableMultimap$Builder                             : loaded 2 times (x 85B)
Class org.apache.commons.io.output.ThresholdingOutputStream                           : loaded 2 times (x 96B)
Class com.google.common.collect.Maps$KeySet                                           : loaded 2 times (x 139B)
Class com.google.common.cache.LocalCache$EntryFactory$7                               : loaded 2 times (x 85B)
Class com.google.common.collect.ImmutableSet$EmptySetBuilderImpl                      : loaded 2 times (x 78B)
Class org.gradle.internal.service.DefaultServiceLocator                               : loaded 2 times (x 85B)
Class jdk.internal.jrtfs.JrtDirectoryStream                                           : loaded 2 times (x 91B)
Class org.jetbrains.kotlin.metadata.ProtoBuf$Class$Kind$1                             : loaded 2 times (x 76B)
Class org.jetbrains.kotlin.protobuf.SmallSortedMap$Entry                              : loaded 2 times (x 90B)
Class org.jetbrains.kotlin.metadata.ProtoBuf$Package$1                                : loaded 2 times (x 146B)
Class org.jetbrains.org.objectweb.asm.SymbolTable                                     : loaded 2 times (x 74B)
Class org.jetbrains.org.objectweb.asm.tree.UnsupportedClassVersionException           : loaded 2 times (x 84B)
Class com.amazon.ion.impl.bin.utf8.Utf8StringEncoder$Result                           : loaded 2 times (x 76B)
Class com.amazon.ion.impl.bin.utf8.Pool$Allocator                                     : loaded 2 times (x 72B)
Class com.amazon.ion.IonText                                                          : loaded 2 times (x 72B)
Class com.amazon.ion.impl.SymbolTokenImpl                                             : loaded 2 times (x 83B)
Class com.amazon.ion.SubstituteSymbolTableException                                   : loaded 2 times (x 86B)
Class io.opentelemetry.api.trace.SpanContextKey                                       : loaded 2 times (x 73B)
Class com.android.builder.model.v2.ide.BasicArtifact                                  : loaded 2 times (x 72B)
Class com.android.builder.model.v2.ide.ViewBindingOptions                             : loaded 2 times (x 72B)
Class kotlin.coroutines.jvm.internal.SuspendFunction                                  : loaded 2 times (x 72B)
Class org.gradle.util.GradleVersion                                                   : loaded 2 times (x 83B)
Class com.google.common.cache.LocalCache$SoftValueReference                           : loaded 2 times (x 100B)
Class com.google.common.collect.ImmutableMultimap$EntryCollection                     : loaded 2 times (x 129B)
Class com.google.common.collect.Maps$EntrySet                                         : loaded 2 times (x 138B)
Class org.jetbrains.kotlin.util.capitalizeDecapitalize.CapitalizeDecapitalizeKt       : loaded 2 times (x 73B)
Class com.google.common.cache.LocalCache$EntryFactory$8                               : loaded 2 times (x 85B)
Class org.gradle.internal.installation.CurrentGradleInstallation                      : loaded 2 times (x 75B)
Class org.jetbrains.kotlin.metadata.ProtoBuf$Annotation$ArgumentOrBuilder             : loaded 2 times (x 72B)
Class org.jetbrains.org.objectweb.asm.ModuleWriter                                    : loaded 2 times (x 82B)
Class org.jetbrains.kotlin.protobuf.FieldSet$FieldDescriptorLite                      : loaded 2 times (x 72B)
Class org.jetbrains.kotlin.protobuf.AbstractMessageLite                               : loaded 2 times (x 100B)
Class com.amazon.ion.impl.bin.IonManagedBinaryWriter$ImportDescriptor                 : loaded 2 times (x 78B)
Class com.amazon.ion.SymbolTable                                                      : loaded 2 times (x 72B)
Class org.jetbrains.plugins.gradle.javaModel.JavaGradleManifestModel                  : loaded 2 times (x 72B)
Class org.jetbrains.plugins.gradle.tooling.serialization.GradleExtensionsSerializationService$WriteContext: loaded 2 times (x 74B)
Class com.intellij.gradle.toolingExtension.impl.model.taskModel.GradleTaskSerialisationService$Companion: loaded 2 times (x 73B)
Class kotlin.jvm.internal.Ref$BooleanRef                                              : loaded 2 times (x 73B)
Class kotlin.jvm.internal.StringCompanionObject                                       : loaded 2 times (x 73B)
Class com.android.ide.gradle.model.dependencies.DeclaredDependencies                  : loaded 2 times (x 72B)
Class org.jetbrains.plugins.gradle.tooling.serialization.internal.IdeaProjectSerializationService$ReadContext: loaded 2 times (x 74B)
Class kotlin.coroutines.intrinsics.IntrinsicsKt__IntrinsicsJvmKt                      : loaded 2 times (x 73B)
Class kotlin.coroutines.jvm.internal.CoroutineStackFrame                              : loaded 2 times (x 72B)
Class org.gradle.tooling.internal.adapter.ProtocolToModelAdapter$MethodInvocationCache$MethodInvocationKey: loaded 2 times (x 75B)
Class org.objectweb.asm.Opcodes                                                       : loaded 2 times (x 72B)
Class com.google.common.cache.CacheLoader$1                                           : loaded 2 times (x 77B)
Class org.gradle.util.internal.GUtil                                                  : loaded 2 times (x 73B)
Class org.jetbrains.kotlin.metadata.jvm.JvmProtoBuf$StringTableTypes$Record           : loaded 2 times (x 121B)
Class org.jetbrains.kotlin.protobuf.FieldSet                                          : loaded 2 times (x 74B)
Class [Lorg.jetbrains.org.objectweb.asm.Label;                                        : loaded 2 times (x 71B)
Class com.amazon.ion.impl.bin.IonManagedBinaryWriter$UserState$1                      : loaded 2 times (x 87B)
Class org.jetbrains.kotlin.descriptors.SourceElement                                  : loaded 2 times (x 72B)
Class [Lcom.amazon.ion.impl.bin.IonManagedBinaryWriter$SymbolState;                   : loaded 2 times (x 71B)
Class com.amazon.ion.impl._Private_IonWriterBase                                      : loaded 2 times (x 164B)
Class com.amazon.ion.system.IonSystemBuilder                                          : loaded 2 times (x 77B)
Class com.amazon.ion.IonCatalog                                                       : loaded 2 times (x 72B)
Class io.opentelemetry.api.trace.TraceId                                              : loaded 2 times (x 73B)
Class com.intellij.gradle.toolingExtension.impl.model.utilTurnOffDefaultTasksModel.TurnOffDefaultTasks: loaded 2 times (x 72B)
Class com.intellij.gradle.toolingExtension.impl.model.sourceSetModel.GradleSourceSetSerialisationService$SourceSetModelReadContext: loaded 2 times (x 74B)
Class com.android.utils.StringHelper                                                  : loaded 2 times (x 73B)
Class com.google.common.io.ByteSource                                                 : loaded 2 times (x 86B)
Class com.google.common.cache.AbstractCache$StatsCounter                              : loaded 2 times (x 72B)
Class [Lorg.jetbrains.kotlin.metadata.ProtoBuf$MemberKind;                            : loaded 2 times (x 71B)
Class org.jetbrains.kotlin.metadata.ProtoBuf$Annotation$Argument$Value$Type$1         : loaded 2 times (x 76B)
Class org.jetbrains.kotlin.metadata.ProtoBuf$Package                                  : loaded 2 times (x 130B)
Class org.jetbrains.kotlin.metadata.ProtoBuf$TypeTableOrBuilder                       : loaded 2 times (x 72B)
Class org.jetbrains.kotlin.metadata.ProtoBuf$TypeOrBuilder                            : loaded 2 times (x 72B)
Class io.opentelemetry.api.internal.ImmutableSpanContext                              : loaded 2 times (x 93B)
Class com.intellij.gradle.toolingExtension.impl.model.sourceSetModel.GradleSourceSetSerialisationService$SourceSetModelWriteContext: loaded 2 times (x 74B)
Class org.jetbrains.kotlin.metadata.ProtoBuf$TypeParameter$Variance$1                 : loaded 2 times (x 76B)
Class kotlin.ranges.IntProgressionIterator                                            : loaded 2 times (x 84B)
Class com.android.builder.model.v2.dsl.BuildType                                      : loaded 2 times (x 72B)
Class org.jetbrains.plugins.gradle.tooling.serialization.internal.IdeaProjectSerializationService$WriteContext$4: loaded 2 times (x 85B)
Class kotlin.coroutines.CoroutineContext                                              : loaded 2 times (x 72B)
Class kotlin.coroutines.jvm.internal.DebugProbesKt                                    : loaded 2 times (x 73B)
Class org.gradle.tooling.internal.adapter.WeakIdentityHashMap                         : loaded 2 times (x 78B)
Class org.gradle.tooling.GradleConnectionException                                    : loaded 2 times (x 85B)
Class org.gradle.tooling.internal.adapter.ProtocolToModelAdapter$1                    : loaded 2 times (x 77B)
Class org.gradle.tooling.internal.adapter.ProtocolToModelAdapter$ViewDecoration       : loaded 2 times (x 72B)
Class com.google.common.collect.MapMakerInternalMap$1                                 : loaded 2 times (x 85B)
Class org.objectweb.asm.Context                                                       : loaded 2 times (x 74B)
Class com.google.common.io.LineBuffer                                                 : loaded 2 times (x 77B)
Class com.google.common.reflect.Types$TypeVariableImpl                                : loaded 2 times (x 74B)
Class org.gradle.internal.installation.GradleInstallation                             : loaded 2 times (x 77B)
Class jdk.internal.jimage.decompressor.ResourceDecompressor$StringsProvider           : loaded 2 times (x 72B)
Class org.jetbrains.kotlin.metadata.deserialization.ProtoTypeTableUtilKt              : loaded 2 times (x 73B)
Class [Lorg.jetbrains.kotlin.descriptors.DescriptorVisibility;                        : loaded 2 times (x 71B)
Class kotlin.collections.CollectionsKt__IteratorsJVMKt$iterator$1                     : loaded 2 times (x 81B)
Class com.amazon.ion.impl.lite.ContainerlessContext                                   : loaded 2 times (x 82B)
Class io.opentelemetry.api.trace.DefaultTracer                                        : loaded 2 times (x 76B)
Class org.jetbrains.plugins.gradle.tooling.serialization.GradleExtensionsSerializationService$ReadContext: loaded 2 times (x 74B)
Class com.google.common.collect.ForwardingCollection                                  : loaded 2 times (x 132B)
Class com.google.common.collect.LexicographicalOrdering                               : loaded 2 times (x 117B)
Class org.gradle.tooling.internal.adapter.MethodInvoker                               : loaded 2 times (x 72B)
Class org.jetbrains.kotlin.config.LanguageFeature$State                               : loaded 2 times (x 84B)
Class com.google.common.collect.Iterables                                             : loaded 2 times (x 73B)
Class com.google.common.base.Splitter$Strategy                                        : loaded 2 times (x 72B)
Class org.jetbrains.kotlin.metadata.ProtoBuf$Annotation$Argument$Value$Type           : loaded 2 times (x 84B)
Class org.jetbrains.kotlin.metadata.ProtoBuf$Annotation$Builder                       : loaded 2 times (x 137B)
Class org.jetbrains.kotlin.metadata.jvm.JvmProtoBuf$StringTableTypes$Record$Operation : loaded 2 times (x 84B)
Class gnu.trove.PrimeFinder                                                           : loaded 2 times (x 73B)
Class com.amazon.ion.UnexpectedEofException                                           : loaded 2 times (x 86B)
Class com.amazon.ion.IonSexp                                                          : loaded 2 times (x 72B)
Class com.amazon.ion.ReadOnlyValueException                                           : loaded 2 times (x 86B)
Class com.amazon.ion.impl._Private_LocalSymbolTable                                   : loaded 2 times (x 72B)
Class com.amazon.ion.BufferConfiguration$DataHandler                                  : loaded 2 times (x 72B)
Class com.amazon.ion.impl._Private_IonBinaryWriterBuilder                             : loaded 2 times (x 117B)
Class org.jetbrains.plugins.gradle.tooling.serialization.RepositoriesModelSerializationService$WriteContext: loaded 2 times (x 74B)
Class com.android.ide.gradle.model.LegacyAndroidGradlePluginProperties                : loaded 2 times (x 72B)
Class com.android.ide.common.gradle.Part                                              : loaded 2 times (x 79B)
Class com.google.common.collect.Lists$RandomAccessReverseList                         : loaded 2 times (x 202B)
Class kotlin.ranges.IntProgression                                                    : loaded 2 times (x 83B)
Class org.gradle.tooling.model.gradle.GradleScript                                    : loaded 2 times (x 72B)

---------------  S Y S T E M  ---------------

OS:
 Windows 11 , 64 bit Build 26100 (10.0.26100.8875)
OS uptime: 0 days 0:12 hours
Hyper-V role detected

CPU: total 32 (initial active 32) (16 cores per cpu, 2 threads per core) family 6 model 183 stepping 1 microcode 0x115, cx8, cmov, fxsr, ht, mmx, 3dnowpref, sse, sse2, sse3, ssse3, sse4.1, sse4.2, popcnt, lzcnt, tsc, tscinvbit, avx, avx2, aes, erms, clmul, bmi1, bmi2, adx, sha, fma, vzeroupper, clflush, clflushopt, clwb, hv, serialize, rdtscp, rdpid, fsrm, gfni, f16c, cet_ibt, cet_ss
Processor Information for the first 32 processors :
  Max Mhz: 3200, Current Mhz: 3200, Mhz Limit: 3200

Memory: 4k page, system-wide physical 65243M (48327M free)
TotalPageFile size 130779M (AvailPageFile size 114318M)
current process WorkingSet (physical memory assigned to process): 1275M, peak: 1311M
current process commit charge ("private bytes"): 1340M, peak: 1408M

vm_info: OpenJDK 64-Bit Server VM (25.0.2+-15348964-b329.117) for windows-amd64 JRE (25.0.2+-15348964-b329.117), built on 2026-05-05T18:25:19Z with MS VC++ 16.10 / 16.11 (VS2019)

END.
