#
# A fatal error has been detected by the Java Runtime Environment:
#
#  EXCEPTION_ACCESS_VIOLATION (0xc0000005) at pc=0x00007ff8a56711a1, pid=21104, tid=6756
#
# JRE version: OpenJDK Runtime Environment (25.0.2) (build 25.0.2+-15348964-b329.117)
# Java VM: OpenJDK 64-Bit Server VM (25.0.2+-15348964-b329.117, mixed mode, tiered, compressed oops, compressed class ptrs, g1 gc, windows-amd64)
# Problematic frame:
# V  [jvm.dll+0x2d11a1]
#
# No core dump will be written. Minidumps are not enabled by default on client versions of Windows
#
# If you would like to submit a bug report, please visit:
#   https://youtrack.jetbrains.com/issues/JBR
#

---------------  S U M M A R Y ------------

Command Line: --add-opens=java.base/java.lang=ALL-UNNAMED --add-opens=java.base/java.lang.invoke=ALL-UNNAMED --add-opens=java.base/java.util=ALL-UNNAMED --add-opens=java.prefs/java.util.prefs=ALL-UNNAMED --add-exports=jdk.compiler/com.sun.tools.javac.api=ALL-UNNAMED --add-exports=jdk.compiler/com.sun.tools.javac.util=ALL-UNNAMED --add-opens=java.base/java.util=ALL-UNNAMED --add-opens=java.prefs/java.util.prefs=ALL-UNNAMED --add-opens=java.base/java.nio.charset=ALL-UNNAMED --add-opens=java.base/java.net=ALL-UNNAMED --add-opens=java.base/java.util.concurrent=ALL-UNNAMED --add-opens=java.base/java.util.concurrent.atomic=ALL-UNNAMED --add-opens=java.xml/javax.xml.namespace=ALL-UNNAMED --add-opens=java.base/java.time=ALL-UNNAMED --enable-native-access=ALL-UNNAMED -XX:MaxMetaspaceSize=384m -XX:+HeapDumpOnOutOfMemoryError -Xms256m -Xmx512m -Dfile.encoding=UTF-8 -Duser.country=BE -Duser.language=nl -Duser.variant -javaagent:C:\Users\Intel\.gradle\wrapper\dists\gradle-9.3.0-bin\79n14ral3mx1ozqr3csh2u872\gradle-9.3.0\lib\agents\gradle-instrumentation-agent-9.3.0.jar org.gradle.launcher.daemon.bootstrap.GradleDaemon 9.3.0

Host: Intel(R) Core(TM) i9-14900K, 32 cores, 63G,  Windows 11 , 64 bit Build 26100 (10.0.26100.8875)
Time: Sat Aug  8 12:42:15 2026 Romance (zomertijd) elapsed time: 198.534862 seconds (0d 0h 3m 18s)

---------------  T H R E A D  ---------------

Current thread (0x00000225f0009ec0):  JavaThread "C2 CompilerThread9" daemon [_thread_in_native, id=6756, stack(0x0000003ab1c00000,0x0000003ab1d00000) (1024K)]


Current CompileTask:
C2:198534 30082       4       com.android.tools.r8.internal.v8::b (79 bytes)

Stack: [0x0000003ab1c00000,0x0000003ab1d00000],  sp=0x0000003ab1cfbfc0,  free space=1007k
Native frames: (J=compiled Java code, j=interpreted, Vv=VM code, C=native code)
V  [jvm.dll+0x2d11a1]  (no source info available)
V  [jvm.dll+0x7e71f4]  (no source info available)
V  [jvm.dll+0x7e48a9]  (no source info available)
V  [jvm.dll+0x2cf381]  (no source info available)
V  [jvm.dll+0x2cd122]  (no source info available)
V  [jvm.dll+0x242ffa]  (no source info available)
V  [jvm.dll+0x2dcc05]  (no source info available)
V  [jvm.dll+0x2dae06]  (no source info available)
V  [jvm.dll+0x49b59e]  (no source info available)
V  [jvm.dll+0x9ab9c8]  (no source info available)
V  [jvm.dll+0x7bb985]  (no source info available)
C  [ucrtbase.dll+0x2cd30]  (no source info available)
C  [KERNEL32.DLL+0x2e957]  (no source info available)
C  [ntdll.dll+0xaad6c]  (no source info available)


siginfo: EXCEPTION_ACCESS_VIOLATION (0xc0000005), reading address 0x0000022def2e9500


Registers:
RAX=0x00000000ffffefff, RBX=0x0000000000000005, RCX=0x00000225ff025377, RDX=0x000000000000001b
RSP=0x0000003ab1cfbfc0, RBP=0x00000225f23593f0, RSI=0x00000225f2f5f668, RDI=0x0000003ab1cfc050
R8 =0x0000000000000001, R9 =0x00000225ef2f1508, R10=0x00000225ef2f1510, R11=0x0000000000000002
R12=0x0000000000000040, R13=0x0000000000000000, R14=0x0000000000000001, R15=0x0000000000000002
RIP=0x00007ff8a56711a1, EFLAGS=0x0000000000010293

XMM[0]=0x0000000000000000 0x0000000000000000
XMM[1]=0x00000225f744dab0 0x00000225f744bf48
XMM[2]=0x00000225810f34a8 0x00000225ef2f56e0
XMM[3]=0x0000022580312f90 0x00000225f235e1e8
XMM[4]=0x00000225ff0250c8 0x00000225f235c760
XMM[5]=0x00000225f81d8eb0 0x00000225f7448e18
XMM[6]=0x0000000000000000 0x0000000000000000
XMM[7]=0x0000000000000000 0x0000000000000000
XMM[8]=0x0000000000000000 0x0000000000000000
XMM[9]=0x0000000000000000 0x0000000000000000
XMM[10]=0x0000000000000000 0x0000000000000000
XMM[11]=0x0000000000000000 0x0000000000000000
XMM[12]=0x0000000000000000 0x0000000000000000
XMM[13]=0x0000000000000000 0x0000000000000000
XMM[14]=0x0000000000000000 0x0000000000000000
XMM[15]=0x0000000000000000 0x0000000000000000
  MXCSR=0x00001fa0


Register to memory mapping:

RAX=0x00000000ffffefff is pointing into object: java.lang.String 
{0x00000000ffffeff8} - klass: 'java/lang/String' - flags: 

 - string: "C:\Users\Intel\.gradle\caches\9.3.0\transforms\495970a454a9b71425c3ec46ee60677a\workspace\transformed\instrumented\instrumented-tracker-31.7.3.jar"
 - ---- fields (total size 3 words):
 - private 'hash' 'I' @12  -1770411613 (0x9679a9a3)
 - private final 'coder' 'B' @16  0 (0x00)
 - private 'hashIsZero' 'Z' @17  false (0x00)
 - injected 'flags' 'B' @18  0 (0x00)
 - private final 'value' '[B' @20  [B{0x00000000fffff010} (0xfffff010)
RBX=0x0000000000000005 is an unknown value
RCX=0x00000225ff025377 points into unknown readable memory: ff
RDX=0x000000000000001b is an unknown value
RSP=0x0000003ab1cfbfc0 is pointing into the stack for thread: 0x00000225f0009ec0
RBP=0x00000225f23593f0 points into unknown readable memory: 0x00007ff8a5e98370 | 70 83 e9 a5 f8 7f 00 00
RSI=0x00000225f2f5f668 points into unknown readable memory: 0x0000003ab1cfe480 | 80 e4 cf b1 3a 00 00 00
RDI=0x0000003ab1cfc050 is pointing into the stack for thread: 0x00000225f0009ec0
R8 =0x0000000000000001 is an unknown value
R9 =0x00000225ef2f1508 points into unknown readable memory: 0x00000225f23593f0 | f0 93 35 f2 25 02 00 00
R10=0x00000225ef2f1510 points into unknown readable memory: 0x00000225ff025378 | 78 53 02 ff 25 02 00 00
R11=0x0000000000000002 is an unknown value
R12=0x0000000000000040 is an unknown value
R13=0x0 is null
R14=0x0000000000000001 is an unknown value
R15=0x0000000000000002 is an unknown value

Top of Stack: (sp=0x0000003ab1cfbfc0)
0x0000003ab1cfbfc0:   0000000000000001 00000225f2f5f668   ........h...%...
0x0000003ab1cfbfd0:   0000022580312668 00007ff8a5b878b5   h&1.%....x......
0x0000003ab1cfbfe0:   0000000000000002 0000000000000001   ................
0x0000003ab1cfbff0:   0000003ab1cfccd0 0000000000000001   ....:...........
0x0000003ab1cfc000:   00000225ef4f7bd0 0000003ab1cfc0e9   .{O.%.......:...
0x0000003ab1cfc010:   0000000000000000 00007ff8a5b871f4   .........q......
0x0000003ab1cfc020:   0000003ab1cfe350 0000022500000040   P...:...@...%...
0x0000003ab1cfc030:   0000000000000000 00000225ef4f7bd0   .........{O.%...
0x0000003ab1cfc040:   0000000000000000 00007ff8a616e7f0   ................
0x0000003ab1cfc050:   0000022580832ff0 0000000000000400   ./..%...........
0x0000003ab1cfc060:   00000225fe761eb8 00007ff8a5b8461d   ..v.%....F......
0x0000003ab1cfc070:   000002250000032d 0000004000000040   -...%...@...@...
0x0000003ab1cfc080:   00000225ffd985e8 0000022580832ff0   ....%..../..%...
0x0000003ab1cfc090:   0000003ab1cfe350 00007ff800000000   P...:...........
0x0000003ab1cfc0a0:   0000022580832ff0 0000022580832ff0   ./..%..../..%...
0x0000003ab1cfc0b0:   0000000000000800 00000225ffd945e8   .........E..%...
0x0000003ab1cfc0c0:   0000000000000000 0000000000000000   ................
0x0000003ab1cfc0d0:   0000003ab1cfc0a0 00000225ffd92278   ....:...x"..%...
0x0000003ab1cfc0e0:   00000225f8c7a500 0000000000018360   ....%...`.......
0x0000003ab1cfc0f0:   00000225f8c82240 00000225f8c824f0   @"..%....$..%...
0x0000003ab1cfc100:   00000225ffd92678 00000225d1d63d60   x&..%...`=..%...
0x0000003ab1cfc110:   00000225ef4f7b48 00000225cf80e390   H{O.%.......%...
0x0000003ab1cfc120:   0000000000000000 0000003ab1cfe350   ........P...:...
0x0000003ab1cfc130:   0000000000000009 0000003ab1cfccd0   ............:...
0x0000003ab1cfc140:   0000003ab1cfc280 00007ff8a5b848a9   ....:....H......
0x0000003ab1cfc150:   0000003ab1cfccd0 00000225ef4f7b48   ....:...H{O.%...
0x0000003ab1cfc160:   0000022580312668 0000000000000008   h&1.%...........
0x0000003ab1cfc170:   0000003ab1cfe350 00007ff8a566f381   P...:.....f.....
0x0000003ab1cfc180:   0000003ab1cfe350 0000003ab1cfc280   P...:.......:...
0x0000003ab1cfc190:   0000000000000009 0000000000000000   ................
0x0000003ab1cfc1a0:   00000225f826f2c8 00000225f8d082d8   ..&.%.......%...
0x0000003ab1cfc1b0:   0000000000000000 0000000000000000   ................

Instructions: (pc=0x00007ff8a56711a1)
  0x00007ff8a56710a1:   40 48 8b cf 48 89 44 24 40 e8 21 79 00 00 48 8b
  0x00007ff8a56710b1:   5c 24 30 48 8b 74 24 38 48 83 c4 20 5f c3 8b 53
  0x00007ff8a56710c1:   28 4c 8b c6 48 8b cf 48 8b 5c 24 30 48 8b 74 24
  0x00007ff8a56710d1:   38 48 83 c4 20 5f e9 f4 78 00 00 48 8b 5c 24 30
  0x00007ff8a56710e1:   32 c0 48 8b 74 24 38 48 83 c4 20 5f c3 cc cc 48
  0x00007ff8a56710f1:   89 4c 24 08 53 55 56 57 41 55 41 56 41 57 48 83
  0x00007ff8a5671101:   ec 20 45 33 ed 4c 89 64 24 70 49 8b f0 48 8b fa
  0x00007ff8a5671111:   48 8b d9 45 8b e5 44 39 6a 20 0f 86 95 01 00 00
  0x00007ff8a5671121:   48 8b 47 10 41 8b cc 41 ff c4 44 89 64 24 68 48
  0x00007ff8a5671131:   8b 2c c8 8b 45 2c 83 e0 03 3c 03 75 09 48 8d 4d
  0x00007ff8a5671141:   48 e8 a9 5a 54 00 8b 5d 20 45 8b fd 85 db 0f 8e
  0x00007ff8a5671151:   db 00 00 00 66 66 66 0f 1f 84 00 00 00 00 00 4c
  0x00007ff8a5671161:   8b 4d 10 41 8b c7 49 8b 0c c1 4d 8d 14 c1 8b 51
  0x00007ff8a5671171:   28 8b c2 c1 e8 05 3b 47 28 73 17 44 8b c0 83 e2
  0x00007ff8a5671181:   1f 48 8b 47 30 42 8b 04 80 0f a3 d0 0f 82 86 00
  0x00007ff8a5671191:   00 00 ff 4d 20 48 8b d5 8b 45 20 41 ff cf ff cb
=>0x00007ff8a56711a1:   49 8b 04 c1 49 89 02 e8 c3 2e 4c 00 84 c0 74 68
  0x00007ff8a56711b1:   44 8b 65 28 45 8b f4 41 c1 ee 05 44 3b 76 28 72
  0x00007ff8a56711c1:   0c 41 8b d6 48 8d 4e 28 e8 62 3f 72 00 48 8b 46
  0x00007ff8a56711d1:   30 41 83 e4 1f 4a 8d 14 b0 41 0f b6 cc 41 b8 01
  0x00007ff8a56711e1:   00 00 00 41 d3 e0 8b 0a 8b c1 41 0b c0 89 02 41
  0x00007ff8a56711f1:   85 c8 75 24 44 8b 76 20 41 8d 46 01 89 46 20 44
  0x00007ff8a5671201:   3b 76 08 72 0b 41 8b d6 48 8b ce e8 8f 28 4c 00
  0x00007ff8a5671211:   48 8b 46 10 4a 89 2c f0 41 ff c7 44 3b fb 0f 8c
  0x00007ff8a5671221:   3b ff ff ff 8b 5d 20 45 33 ed 44 8b 64 24 68 83
  0x00007ff8a5671231:   fb 01 75 72 48 8b cd e8 53 2a 4c 00 84 c0 74 66
  0x00007ff8a5671241:   48 8b 45 10 4c 8b 38 41 8b 6f 28 8b dd c1 eb 05
  0x00007ff8a5671251:   3b 5e 28 72 0b 8b d3 48 8d 4e 28 e8 cf 3e 72 00
  0x00007ff8a5671261:   48 8b 46 30 83 e5 1f 48 8d 14 98 40 0f b6 cd 41
  0x00007ff8a5671271:   b8 01 00 00 00 41 d3 e0 8b 0a 8b c1 41 0b c0 89
  0x00007ff8a5671281:   02 41 85 c8 75 20 8b 5e 20 8d 43 01 89 46 20 3b
  0x00007ff8a5671291:   5e 08 72 0a 8b d3 48 8b ce e8 01 28 4c 00 48 8b


Stack slot to memory mapping:

stack at sp + 0 slots: 0x0000000000000001 is an unknown value
stack at sp + 1 slots: 0x00000225f2f5f668 points into unknown readable memory: 0x0000003ab1cfe480 | 80 e4 cf b1 3a 00 00 00
stack at sp + 2 slots: 0x0000022580312668 points into unknown readable memory: 0x00007ff8a5e0c178 | 78 c1 e0 a5 f8 7f 00 00
stack at sp + 3 slots: 0x00007ff8a5b878b5 jvm.dll
stack at sp + 4 slots: 0x0000000000000002 is an unknown value
stack at sp + 5 slots: 0x0000000000000001 is an unknown value
stack at sp + 6 slots: 0x0000003ab1cfccd0 is pointing into the stack for thread: 0x00000225f0009ec0
stack at sp + 7 slots: 0x0000000000000001 is an unknown value

Lock stack of current Java thread (top to bottom):


---------------  P R O C E S S  ---------------

Threads class SMR info:
_java_thread_list=0x00000225ef353090, length=421, elements={
0x00000225d1d61b70, 0x00000225e9497f90, 0x00000225e949c240, 0x00000225e94ad030,
0x00000225e94ae5f0, 0x00000225ee0144a0, 0x00000225ee015060, 0x00000225ee015c20,
0x00000225ee03ee20, 0x00000225ee04b720, 0x00000225ee324680, 0x00000225f0965b80,
0x00000225f0c165d0, 0x00000225f0ee8d10, 0x00000225f0aa1620, 0x00000225f0aa3d30,
0x00000225f0aa4500, 0x00000225f22de150, 0x00000225f22e0860, 0x00000225f22df8c0,
0x00000225f22de920, 0x00000225f22e0090, 0x00000225f22df0f0, 0x00000225f22e2f70,
0x00000225f22e1fd0, 0x00000225f22e3740, 0x00000225f22e3f10, 0x00000225f2329580,
0x00000225f2328db0, 0x00000225f232acf0, 0x00000225f232b4c0, 0x00000225f23285e0,
0x00000225f232f340, 0x00000225f232eb70, 0x00000225f232cc30, 0x00000225f1212b00,
0x00000225f12103f0, 0x00000225f120fc20, 0x00000225f1212330, 0x00000225f1213aa0,
0x00000225f1211b60, 0x00000225f12159e0, 0x00000225f1216980, 0x00000225f2b5df50,
0x00000225f2b5e720, 0x00000225f2b5eef0, 0x00000225f2b5b840, 0x00000225f2b5c7e0,
0x00000225f2b5c010, 0x00000225f3e07ff0, 0x00000225f3e0be70, 0x00000225f3e09760,
0x00000225f517dff0, 0x00000225f5188400, 0x00000225f19f17c0, 0x00000225f67fb1f0,
0x00000225f67fa250, 0x00000225f67faa20, 0x00000225f26c9aa0, 0x00000225f26ca270,
0x00000225f26caa40, 0x00000225f67eaa80, 0x00000225f67eb250, 0x00000225f693cac0,
0x00000225f693d290, 0x00000225f693ea00, 0x00000225f7a03270, 0x00000225f7a01a40,
0x00000225f7a02250, 0x00000225f35462d0, 0x00000225f2e13100, 0x00000225f2e14120,
0x00000225f3544290, 0x00000225f3546ae0, 0x00000225f7a03a80, 0x00000225f7a01230,
0x00000225f7a00210, 0x00000225f29650d0, 0x00000225f65c8d00, 0x00000225f65c9ca0,
0x00000225f65ca470, 0x00000225f6759a50, 0x00000225f675b1c0, 0x00000225f675b990,
0x00000225f67582e0, 0x00000225f675a9f0, 0x00000225f6758ab0, 0x00000225f675a220,
0x00000225f6759280, 0x00000225efacb3a0, 0x00000225efacc340, 0x00000225efacabd0,
0x00000225f6aa5ab0, 0x00000225f6aa52e0, 0x00000225f6aa6280, 0x00000225f6aa6a50,
0x00000225f6aa33a0, 0x00000225f6aa3b70, 0x00000225f6aa4340, 0x00000225f6aa4b10,
0x00000225f4931760, 0x00000225f4931f30, 0x00000225f49307c0, 0x00000225f4930f90,
0x00000225f6ce9470, 0x00000225f6ce6d60, 0x00000225f6ce9c40, 0x00000225f6ce6590,
0x00000225f6ce7530, 0x00000225f6ce8ca0, 0x00000225f6ce7d00, 0x00000225f6ce84d0,
0x00000225fe3efac0, 0x00000225fe3ee350, 0x00000225fe3ed3b0, 0x00000225fe3edb80,
0x00000225fe3eeb20, 0x00000225fe3ef2f0, 0x00000225fe3f0290, 0x00000225fe3f0a60,
0x00000225f3da4420, 0x00000225f3da3c50, 0x00000225f3da2cb0, 0x00000225f3da0d70,
0x00000225f3da1540, 0x00000225f3da1d10, 0x00000225f3da24e0, 0x00000225f3da3480,
0x00000225f80e4890, 0x00000225f80e38f0, 0x00000225f5ecea90, 0x00000225f30b4510,
0x00000225f30b4ce0, 0x00000225f30b54b0, 0x00000225f30b3d40, 0x00000225f19bdf20,
0x00000225f19bf690, 0x00000225f19be6f0, 0x00000225f19beec0, 0x00000225f19bbfe0,
0x00000225f19bd750, 0x00000225f19bc7b0, 0x00000225f19bcf80, 0x00000225801ba690,
0x00000225801b7f80, 0x00000225801b6fe0, 0x00000225801b8750, 0x00000225801b8f20,
0x00000225801b77b0, 0x00000225801b9ec0, 0x00000225801b96f0, 0x00000225f6cb60d0,
0x00000225f6cb68a0, 0x00000225f6cb7070, 0x00000225f6cb4960, 0x00000225f6cb8010,
0x00000225f6cb5130, 0x00000225f6cb5900, 0x00000225f6cb7840, 0x00000225f8afea30,
0x00000225f8aff200, 0x00000225f8aff9d0, 0x00000225f8959000, 0x00000225f89568f0,
0x00000225f89570c0, 0x00000225f63b8510, 0x00000225f63b6da0, 0x00000225f5e526a0,
0x00000225f53a7f20, 0x00000225f53aa630, 0x00000225f53a9690, 0x00000225f53a9e60,
0x00000225805b1020, 0x00000225805af8b0, 0x00000225805af0e0, 0x00000225805ae910,
0x00000225805b0850, 0x00000225805b0080, 0x00000225805ad970, 0x00000225805ae140,
0x00000225f36583e0, 0x00000225f3659b50, 0x00000225f3659380, 0x00000225fed32a60,
0x00000225fed33230, 0x00000225fed349a0, 0x00000225fed32290, 0x00000225fed33a00,
0x00000225fed341d0, 0x00000225ffb95620, 0x00000225ffb965c0, 0x000002258161ceb0,
0x00000225ffb97d30, 0x00000225ffb95df0, 0x00000225ffb96d90, 0x00000225ffb97560,
0x00000225ffb94e50, 0x00000225f365ba90, 0x00000225f3658bb0, 0x00000225ffc70dc0,
0x00000225f5e21660, 0x00000225f5e22dd0, 0x00000225f5e206c0, 0x00000225f6945f30,
0x00000225f6942880, 0x00000225f6946700, 0x00000225f6943ff0, 0x00000225f6943050,
0x00000225f6946ed0, 0x00000225f6943820, 0x00000225f69495e0, 0x00000225f6949db0,
0x00000225f6947e70, 0x00000225f6948e10, 0x00000225f69476a0, 0x00000225f694a580,
0x00000225f694bcf0, 0x00000225f694b520, 0x00000225ffc734d0, 0x00000225ffc74470,
0x00000225ffc71d60, 0x00000225f7625760, 0x00000225f7623ff0, 0x00000225f76247c0,
0x00000225f7626ed0, 0x00000225f7624f90, 0x00000225f7623820, 0x00000225f7625f30,
0x00000225f7626700, 0x00000225f6948640, 0x00000225f694e400, 0x00000225f5b5c020,
0x00000225f5b5b850, 0x00000225f5b5b080, 0x00000225f5b5c7f0, 0x00000225ff27d2e0,
0x00000225ff27dab0, 0x00000225ff27e280, 0x00000225ff27ea50, 0x00000225ff27cb10,
0x00000225ff27f220, 0x00000225ff27bb70, 0x00000225808a8a60, 0x00000225808a8290,
0x00000225808a9230, 0x00000225808a9a00, 0x0000022580089860, 0x00000225800888c0,
0x00000225800880f0, 0x000002258008afd0, 0x00000225f2ab0c00, 0x00000225f2ab0430,
0x00000225f2120880, 0x00000225f2121820, 0x00000225f21200b0, 0x00000225f694d460,
0x00000225f694fb70, 0x00000225f5ed3270, 0x00000225f5ed1b00, 0x00000225f5ed2aa0,
0x00000225f822f090, 0x00000225f4d88aa0, 0x00000225f4d89270, 0x00000225f78295f0,
0x00000225f76ec800, 0x00000225f76eb090, 0x00000225f76ecfd0, 0x00000225f6cef200,
0x00000225f6cf01a0, 0x00000225f6cef9d0, 0x00000225f6ceea30, 0x0000022580c90f70,
0x0000022580c907a0, 0x0000022580c91740, 0x0000022580c8ffd0, 0x00000225ff6adcc0,
0x00000225ff6aa610, 0x00000225ff6aade0, 0x00000225ff6ab5b0, 0x00000225ff6abd80,
0x00000225ff6ac550, 0x00000225ff6ad4f0, 0x0000022580fc2cb0, 0x0000022580fc3480,
0x0000022580fc3c50, 0x0000022580fc4420, 0x0000022580fc4bf0, 0x0000022580fc53c0,
0x00000225f5285620, 0x00000225f5285df0, 0x00000225f52865c0, 0x00000225f5284e50,
0x00000225f5286d90, 0x00000225f5284680, 0x00000225f5287560, 0x00000225ef66ba20,
0x00000225ef66d960, 0x00000225ef66a2b0, 0x00000225ef66b250, 0x00000225f8b01910,
0x00000225f8afe260, 0x00000225fe448120, 0x00000225fe4469b0, 0x00000225fe4488f0,
0x00000225fe445240, 0x00000225fe445a10, 0x00000225fe4461e0, 0x00000225fe447180,
0x00000225fe447950, 0x000002258144a640, 0x00000225814496a0, 0x000002258144ae10,
0x000002258144b5e0, 0x0000022581448ed0, 0x0000022581449e70, 0x0000022581447f30,
0x0000022581448700, 0x00000225f880ecb0, 0x00000225f880f480, 0x00000225f880dd10,
0x00000225f880fc50, 0x00000225f880e4e0, 0x00000225f8810420, 0x00000225f8810bf0,
0x00000225f88113c0, 0x00000225f81c39f0, 0x00000225f4eab080, 0x00000225f4eab850,
0x00000225f4ea9140, 0x00000225f4ea81a0, 0x0000022580d60150, 0x0000022580d5f1b0,
0x0000022580d5e210, 0x0000022580d60920, 0x0000022580d610f0, 0x0000022580d5e9e0,
0x0000022580d618c0, 0x00000225ff7798d0, 0x00000225ff77b040, 0x00000225ff778160,
0x00000225f694f3a0, 0x00000225f694c4c0, 0x00000225f6952280, 0x00000225f6953220,
0x00000225f6951ab0, 0x00000225f6952a50, 0x00000225f69539f0, 0x00000225f6950340,
0x00000225f69541c0, 0x00000225f6950b10, 0x00000225f6954990, 0x00000225f69512e0,
0x00000225f69568d0, 0x00000225f6958040, 0x00000225f6956100, 0x00000225f6958810,
0x00000225f6955160, 0x00000225ff778930, 0x00000225f7827e80, 0x00000225f7828650,
0x00000225f7828e20, 0x00000225ffe04e20, 0x00000225ffe05dc0, 0x00000225ffe04650,
0x00000225ffe055f0, 0x00000225ffe06d60, 0x00000225ffe06590, 0x00000225ffe07530,
0x00000225ffe07d00, 0x00000225f8a74fe0, 0x00000225f8a757b0, 0x00000225f8a728d0,
0x00000225f8a73870, 0x00000225f8a75f80, 0x00000225f8a730a0, 0x00000225f8a74040,
0x00000225f8a74810, 0x00000225f8e118d0, 0x00000225f8e0f1c0, 0x00000225f8e0f990,
0x00000225f8e120a0, 0x00000225f8e11100, 0x00000225f8e12870, 0x00000225f8e10160,
0x00000225f8e10930, 0x00000225f88280f0, 0x00000225f88288c0, 0x00000225f8827920,
0x00000225f8827150, 0x00000225808259b0, 0x0000022580826180, 0x0000022580822ad0,
0x00000225808232a0, 0x0000022580823a70, 0x0000022580824240, 0x00000225f216d460,
0x00000225f216b520, 0x00000225f216cc90, 0x00000225fe43fe60, 0x00000225fe43e6f0,
0x00000225fe43eec0, 0x00000225fe43f690, 0x00000225fe440630, 0x00000225fe440e00,
0x00000225fe4415d0, 0x00000225fe441da0, 0x00000225f301b9f0, 0x00000225f301aa50,
0x00000225f301b220, 0x00000225ee2bc5e0, 0x00000225efde8a90, 0x00000225efde9a30,
0x00000225efde82c0, 0x00000225efde7af0, 0x00000225efde9260, 0x00000225efdea200,
0x00000225efdea9d0, 0x00000225efde7320, 0x00000225f8d00be0, 0x00000225f8d00410,
0x00000225f0009ec0
}

Java Threads: ( => current thread )
  0x00000225d1d61b70 JavaThread "main"                              [_thread_blocked, id=21160, stack(0x0000003aab100000,0x0000003aab200000) (1024K)]
  0x00000225e9497f90 JavaThread "Common-Cleaner"             daemon [_thread_blocked, id=21192, stack(0x0000003aab900000,0x0000003aaba00000) (1024K)]
  0x00000225e949c240 JavaThread "Reference Handler"          daemon [_thread_blocked, id=21196, stack(0x0000003aaba00000,0x0000003aabb00000) (1024K)]
  0x00000225e94ad030 JavaThread "Finalizer"                  daemon [_thread_blocked, id=21200, stack(0x0000003aabb00000,0x0000003aabc00000) (1024K)]
  0x00000225e94ae5f0 JavaThread "Signal Dispatcher"          daemon [_thread_blocked, id=21204, stack(0x0000003aabc00000,0x0000003aabd00000) (1024K)]
  0x00000225ee0144a0 JavaThread "Attach Listener"            daemon [_thread_blocked, id=21208, stack(0x0000003aabd00000,0x0000003aabe00000) (1024K)]
  0x00000225ee015060 JavaThread "Service Thread"             daemon [_thread_blocked, id=21212, stack(0x0000003aabe00000,0x0000003aabf00000) (1024K)]
  0x00000225ee015c20 JavaThread "Monitor Deflation Thread"   daemon [_thread_blocked, id=21216, stack(0x0000003aabf00000,0x0000003aac000000) (1024K)]
  0x00000225ee03ee20 JavaThread "C2 CompilerThread0"         daemon [_thread_in_native, id=21220, stack(0x0000003aac000000,0x0000003aac100000) (1024K)]
  0x00000225ee04b720 JavaThread "C1 CompilerThread0"         daemon [_thread_in_native, id=21224, stack(0x0000003aac100000,0x0000003aac200000) (1024K)]
  0x00000225ee324680 JavaThread "Notification Thread"        daemon [_thread_blocked, id=21232, stack(0x0000003aac300000,0x0000003aac400000) (1024K)]
  0x00000225f0965b80 JavaThread "Daemon health stats"               [_thread_blocked, id=21324, stack(0x0000003aacf00000,0x0000003aad000000) (1024K)]
  0x00000225f0c165d0 JavaThread "Incoming local TCP Connector on port 63479"        [_thread_in_native, id=21328, stack(0x0000003aad000000,0x0000003aad100000) (1024K)]
  0x00000225f0ee8d10 JavaThread "Daemon periodic checks"            [_thread_blocked, id=21332, stack(0x0000003aad100000,0x0000003aad200000) (1024K)]
  0x00000225f0aa1620 JavaThread "Cache worker for journal cache (C:\Users\Intel\.gradle\caches\journal-1)"        [_thread_blocked, id=21412, stack(0x0000003aae500000,0x0000003aae600000) (1024K)]
  0x00000225f0aa3d30 JavaThread "File lock request listener"        [_thread_in_native, id=21416, stack(0x0000003aae600000,0x0000003aae700000) (1024K)]
  0x00000225f0aa4500 JavaThread "Cache worker for file hash cache (C:\Users\Intel\.gradle\caches\9.3.0\fileHashes)"        [_thread_blocked, id=21420, stack(0x0000003aae700000,0x0000003aae800000) (1024K)]
  0x00000225f22de150 JavaThread "File watcher server"        daemon [_thread_in_native, id=21492, stack(0x0000003aaf400000,0x0000003aaf500000) (1024K)]
  0x00000225f22e0860 JavaThread "File watcher consumer"      daemon [_thread_blocked, id=21496, stack(0x0000003aaf500000,0x0000003aaf600000) (1024K)]
  0x00000225f22df8c0 JavaThread "jar transforms"                    [_thread_blocked, id=21500, stack(0x0000003aaf600000,0x0000003aaf700000) (1024K)]
  0x00000225f22de920 JavaThread "jar transforms Thread 2"           [_thread_blocked, id=17572, stack(0x0000003aaf700000,0x0000003aaf800000) (1024K)]
  0x00000225f22e0090 JavaThread "jar transforms Thread 3"           [_thread_blocked, id=17564, stack(0x0000003aaf800000,0x0000003aaf900000) (1024K)]
  0x00000225f22df0f0 JavaThread "jar transforms Thread 4"           [_thread_blocked, id=9844, stack(0x0000003aaf900000,0x0000003aafa00000) (1024K)]
  0x00000225f22e2f70 JavaThread "jar transforms Thread 5"           [_thread_blocked, id=10096, stack(0x0000003aafa00000,0x0000003aafb00000) (1024K)]
  0x00000225f22e1fd0 JavaThread "jar transforms Thread 6"           [_thread_blocked, id=3816, stack(0x0000003aafb00000,0x0000003aafc00000) (1024K)]
  0x00000225f22e3740 JavaThread "jar transforms Thread 7"           [_thread_blocked, id=10000, stack(0x0000003aafc00000,0x0000003aafd00000) (1024K)]
  0x00000225f22e3f10 JavaThread "jar transforms Thread 8"           [_thread_blocked, id=9920, stack(0x0000003aafd00000,0x0000003aafe00000) (1024K)]
  0x00000225f2329580 JavaThread "jar transforms Thread 9"           [_thread_blocked, id=10348, stack(0x0000003aafe00000,0x0000003aaff00000) (1024K)]
  0x00000225f2328db0 JavaThread "jar transforms Thread 10"          [_thread_blocked, id=16868, stack(0x0000003aaff00000,0x0000003ab0000000) (1024K)]
  0x00000225f232acf0 JavaThread "jar transforms Thread 11"          [_thread_blocked, id=11132, stack(0x0000003ab0000000,0x0000003ab0100000) (1024K)]
  0x00000225f232b4c0 JavaThread "jar transforms Thread 12"          [_thread_blocked, id=7500, stack(0x0000003ab0100000,0x0000003ab0200000) (1024K)]
  0x00000225f23285e0 JavaThread "jar transforms Thread 13"          [_thread_blocked, id=11256, stack(0x0000003ab0200000,0x0000003ab0300000) (1024K)]
  0x00000225f232f340 JavaThread "jar transforms Thread 14"          [_thread_blocked, id=10656, stack(0x0000003ab0300000,0x0000003ab0400000) (1024K)]
  0x00000225f232eb70 JavaThread "jar transforms Thread 15"          [_thread_blocked, id=6336, stack(0x0000003ab0400000,0x0000003ab0500000) (1024K)]
  0x00000225f232cc30 JavaThread "jar transforms Thread 16"          [_thread_blocked, id=17556, stack(0x0000003ab0500000,0x0000003ab0600000) (1024K)]
  0x00000225f1212b00 JavaThread "jar transforms Thread 17"          [_thread_blocked, id=3456, stack(0x0000003ab0600000,0x0000003ab0700000) (1024K)]
  0x00000225f12103f0 JavaThread "jar transforms Thread 18"          [_thread_blocked, id=20652, stack(0x0000003ab0700000,0x0000003ab0800000) (1024K)]
  0x00000225f120fc20 JavaThread "jar transforms Thread 19"          [_thread_blocked, id=20672, stack(0x0000003ab0800000,0x0000003ab0900000) (1024K)]
  0x00000225f1212330 JavaThread "jar transforms Thread 20"          [_thread_blocked, id=20668, stack(0x0000003ab0900000,0x0000003ab0a00000) (1024K)]
  0x00000225f1213aa0 JavaThread "jar transforms Thread 21"          [_thread_blocked, id=20648, stack(0x0000003ab0a00000,0x0000003ab0b00000) (1024K)]
  0x00000225f1211b60 JavaThread "jar transforms Thread 22"          [_thread_blocked, id=20644, stack(0x0000003ab0b00000,0x0000003ab0c00000) (1024K)]
  0x00000225f12159e0 JavaThread "jar transforms Thread 23"          [_thread_blocked, id=20640, stack(0x0000003ab0c00000,0x0000003ab0d00000) (1024K)]
  0x00000225f1216980 JavaThread "jar transforms Thread 24"          [_thread_blocked, id=20656, stack(0x0000003ab0d00000,0x0000003ab0e00000) (1024K)]
  0x00000225f2b5df50 JavaThread "jar transforms Thread 25"          [_thread_blocked, id=20664, stack(0x0000003ab0e00000,0x0000003ab0f00000) (1024K)]
  0x00000225f2b5e720 JavaThread "jar transforms Thread 26"          [_thread_blocked, id=20660, stack(0x0000003ab0f00000,0x0000003ab1000000) (1024K)]
  0x00000225f2b5eef0 JavaThread "jar transforms Thread 27"          [_thread_blocked, id=20636, stack(0x0000003ab1000000,0x0000003ab1100000) (1024K)]
  0x00000225f2b5b840 JavaThread "jar transforms Thread 28"          [_thread_blocked, id=20632, stack(0x0000003ab1100000,0x0000003ab1200000) (1024K)]
  0x00000225f2b5c7e0 JavaThread "jar transforms Thread 29"          [_thread_blocked, id=19888, stack(0x0000003ab1200000,0x0000003ab1300000) (1024K)]
  0x00000225f2b5c010 JavaThread "jar transforms Thread 30"          [_thread_blocked, id=17760, stack(0x0000003ab1300000,0x0000003ab1400000) (1024K)]
  0x00000225f3e07ff0 JavaThread "Cache worker for file content cache (C:\Users\Intel\.gradle\caches\9.3.0\fileContent)"        [_thread_blocked, id=17904, stack(0x0000003ab1500000,0x0000003ab1600000) (1024K)]
  0x00000225f3e0be70 JavaThread "jar transforms Thread 31"          [_thread_blocked, id=17932, stack(0x0000003ab1800000,0x0000003ab1900000) (1024K)]
  0x00000225f3e09760 JavaThread "jar transforms Thread 32"          [_thread_blocked, id=18100, stack(0x0000003ab1900000,0x0000003ab1a00000) (1024K)]
  0x00000225f517dff0 JavaThread "Memory manager"                    [_thread_blocked, id=21052, stack(0x0000003ab7700000,0x0000003ab7800000) (1024K)]
  0x00000225f5188400 JavaThread "pool-3-thread-1"                   [_thread_blocked, id=20976, stack(0x0000003ab6f00000,0x0000003ab7000000) (1024K)]
  0x00000225f19f17c0 JavaThread "Daemon Thread 2"                   [_thread_blocked, id=19172, stack(0x0000003aaae00000,0x0000003aaaf00000) (1024K)]
  0x00000225f67fb1f0 JavaThread "Handler for socket connection from /127.0.0.1:63479 to /127.0.0.1:49332"        [_thread_in_native, id=11600, stack(0x0000003aaaf00000,0x0000003aab000000) (1024K)]
  0x00000225f67fa250 JavaThread "Cancel handler"                    [_thread_blocked, id=17800, stack(0x0000003aab000000,0x0000003aab100000) (1024K)]
  0x00000225f67faa20 JavaThread "Daemon worker Thread 2"            [_thread_blocked, id=15352, stack(0x0000003aac200000,0x0000003aac300000) (1024K)]
  0x00000225f26c9aa0 JavaThread "Asynchronous log dispatcher for DefaultDaemonConnection: socket connection from /127.0.0.1:63479 to /127.0.0.1:49332"        [_thread_blocked, id=20992, stack(0x0000003aac400000,0x0000003aac500000) (1024K)]
  0x00000225f26ca270 JavaThread "Stdin handler"                     [_thread_blocked, id=9240, stack(0x0000003aac500000,0x0000003aac600000) (1024K)]
  0x00000225f26caa40 JavaThread "Daemon client event forwarder"        [_thread_blocked, id=13568, stack(0x0000003aac600000,0x0000003aac700000) (1024K)]
  0x00000225f67eaa80 JavaThread "Cache worker for file hash cache (C:\Users\Intel\Downloads\CRIAndroidSimple\.gradle\9.3.0\fileHashes)"        [_thread_blocked, id=9072, stack(0x0000003aac700000,0x0000003aac800000) (1024K)]
  0x00000225f67eb250 JavaThread "Cache worker for Build Output Cleanup Cache (C:\Users\Intel\Downloads\CRIAndroidSimple\.gradle\buildOutputCleanup)"        [_thread_blocked, id=19384, stack(0x0000003aacd00000,0x0000003aace00000) (1024K)]
  0x00000225f693cac0 JavaThread "Cache worker for checksums cache (C:\Users\Intel\Downloads\CRIAndroidSimple\.gradle\9.3.0\checksums)"        [_thread_blocked, id=18928, stack(0x0000003aace00000,0x0000003aacf00000) (1024K)]
  0x00000225f693d290 JavaThread "Cache worker for cache directory md-supplier (C:\Users\Intel\.gradle\caches\9.3.0\md-supplier)"        [_thread_blocked, id=18936, stack(0x0000003aad200000,0x0000003aad300000) (1024K)]
  0x00000225f693ea00 JavaThread "Cache worker for cache directory md-rule (C:\Users\Intel\.gradle\caches\9.3.0\md-rule)"        [_thread_blocked, id=19056, stack(0x0000003aad300000,0x0000003aad400000) (1024K)]
  0x00000225f7a03270 JavaThread "C1 CompilerThread1"         daemon [_thread_blocked, id=19660, stack(0x0000003aae000000,0x0000003aae100000) (1024K)]
  0x00000225f7a01a40 JavaThread "C1 CompilerThread2"         daemon [_thread_blocked, id=19484, stack(0x0000003aae100000,0x0000003aae200000) (1024K)]
  0x00000225f7a02250 JavaThread "C1 CompilerThread3"         daemon [_thread_blocked, id=2200, stack(0x0000003aae200000,0x0000003aae300000) (1024K)]
  0x00000225f35462d0 JavaThread "C2 CompilerThread1"         daemon [_thread_in_native, id=10496, stack(0x0000003aae300000,0x0000003aae400000) (1024K)]
  0x00000225f2e13100 JavaThread "C1 CompilerThread4"         daemon [_thread_blocked, id=8736, stack(0x0000003aae400000,0x0000003aae500000) (1024K)]
  0x00000225f2e14120 JavaThread "C2 CompilerThread2"         daemon [_thread_in_native, id=12904, stack(0x0000003aaf200000,0x0000003aaf300000) (1024K)]
  0x00000225f3544290 JavaThread "C2 CompilerThread3"         daemon [_thread_in_native, id=18712, stack(0x0000003aaf300000,0x0000003aaf400000) (1024K)]
  0x00000225f3546ae0 JavaThread "C2 CompilerThread4"         daemon [_thread_in_native, id=19736, stack(0x0000003ab1400000,0x0000003ab1500000) (1024K)]
  0x00000225f7a03a80 JavaThread "C2 CompilerThread5"         daemon [_thread_blocked, id=19232, stack(0x0000003ab1600000,0x0000003ab1700000) (1024K)]
  0x00000225f7a01230 JavaThread "C2 CompilerThread6"         daemon [_thread_in_native, id=18520, stack(0x0000003ab1700000,0x0000003ab1800000) (1024K)]
  0x00000225f7a00210 JavaThread "C2 CompilerThread7"         daemon [_thread_in_native, id=18956, stack(0x0000003ab1a00000,0x0000003ab1b00000) (1024K)]
  0x00000225f29650d0 JavaThread "C2 CompilerThread8"         daemon [_thread_in_native, id=1652, stack(0x0000003ab1b00000,0x0000003ab1c00000) (1024K)]
  0x00000225f65c8d00 JavaThread "Unconstrained build operations"        [_thread_blocked, id=18660, stack(0x0000003ab1d00000,0x0000003ab1e00000) (1024K)]
  0x00000225f65c9ca0 JavaThread "Unconstrained build operations Thread 2"        [_thread_blocked, id=3360, stack(0x0000003ab1e00000,0x0000003ab1f00000) (1024K)]
  0x00000225f65ca470 JavaThread "Unconstrained build operations Thread 3"        [_thread_blocked, id=13340, stack(0x0000003ab1f00000,0x0000003ab2000000) (1024K)]
  0x00000225f6759a50 JavaThread "Unconstrained build operations Thread 4"        [_thread_blocked, id=15036, stack(0x0000003ab2000000,0x0000003ab2100000) (1024K)]
  0x00000225f675b1c0 JavaThread "Unconstrained build operations Thread 5"        [_thread_blocked, id=15644, stack(0x0000003ab2100000,0x0000003ab2200000) (1024K)]
  0x00000225f675b990 JavaThread "Unconstrained build operations Thread 6"        [_thread_blocked, id=18856, stack(0x0000003ab2200000,0x0000003ab2300000) (1024K)]
  0x00000225f67582e0 JavaThread "Unconstrained build operations Thread 7"        [_thread_blocked, id=1712, stack(0x0000003ab2300000,0x0000003ab2400000) (1024K)]
  0x00000225f675a9f0 JavaThread "Unconstrained build operations Thread 8"        [_thread_blocked, id=16400, stack(0x0000003ab2400000,0x0000003ab2500000) (1024K)]
  0x00000225f6758ab0 JavaThread "Unconstrained build operations Thread 9"        [_thread_blocked, id=19144, stack(0x0000003ab2500000,0x0000003ab2600000) (1024K)]
  0x00000225f675a220 JavaThread "Unconstrained build operations Thread 10"        [_thread_blocked, id=19732, stack(0x0000003ab2600000,0x0000003ab2700000) (1024K)]
  0x00000225f6759280 JavaThread "Unconstrained build operations Thread 11"        [_thread_blocked, id=19480, stack(0x0000003ab2700000,0x0000003ab2800000) (1024K)]
  0x00000225efacb3a0 JavaThread "Unconstrained build operations Thread 12"        [_thread_blocked, id=19440, stack(0x0000003ab2800000,0x0000003ab2900000) (1024K)]
  0x00000225efacc340 JavaThread "Unconstrained build operations Thread 13"        [_thread_blocked, id=3356, stack(0x0000003ab2900000,0x0000003ab2a00000) (1024K)]
  0x00000225efacabd0 JavaThread "Unconstrained build operations Thread 14"        [_thread_blocked, id=21028, stack(0x0000003ab2a00000,0x0000003ab2b00000) (1024K)]
  0x00000225f6aa5ab0 JavaThread "Unconstrained build operations Thread 15"        [_thread_blocked, id=16800, stack(0x0000003ab2b00000,0x0000003ab2c00000) (1024K)]
  0x00000225f6aa52e0 JavaThread "Unconstrained build operations Thread 16"        [_thread_blocked, id=18496, stack(0x0000003ab2c00000,0x0000003ab2d00000) (1024K)]
  0x00000225f6aa6280 JavaThread "Unconstrained build operations Thread 17"        [_thread_blocked, id=22448, stack(0x0000003ab2d00000,0x0000003ab2e00000) (1024K)]
  0x00000225f6aa6a50 JavaThread "Unconstrained build operations Thread 18"        [_thread_blocked, id=9248, stack(0x0000003ab2e00000,0x0000003ab2f00000) (1024K)]
  0x00000225f6aa33a0 JavaThread "Unconstrained build operations Thread 19"        [_thread_blocked, id=2784, stack(0x0000003ab2f00000,0x0000003ab3000000) (1024K)]
  0x00000225f6aa3b70 JavaThread "Unconstrained build operations Thread 20"        [_thread_blocked, id=10868, stack(0x0000003ab3000000,0x0000003ab3100000) (1024K)]
  0x00000225f6aa4340 JavaThread "Unconstrained build operations Thread 21"        [_thread_blocked, id=18184, stack(0x0000003ab3100000,0x0000003ab3200000) (1024K)]
  0x00000225f6aa4b10 JavaThread "Unconstrained build operations Thread 22"        [_thread_blocked, id=18492, stack(0x0000003ab3200000,0x0000003ab3300000) (1024K)]
  0x00000225f4931760 JavaThread "Unconstrained build operations Thread 23"        [_thread_blocked, id=1716, stack(0x0000003ab3300000,0x0000003ab3400000) (1024K)]
  0x00000225f4931f30 JavaThread "Unconstrained build operations Thread 24"        [_thread_blocked, id=15072, stack(0x0000003ab3400000,0x0000003ab3500000) (1024K)]
  0x00000225f49307c0 JavaThread "Unconstrained build operations Thread 25"        [_thread_blocked, id=14980, stack(0x0000003ab3500000,0x0000003ab3600000) (1024K)]
  0x00000225f4930f90 JavaThread "Unconstrained build operations Thread 26"        [_thread_blocked, id=16468, stack(0x0000003ab3600000,0x0000003ab3700000) (1024K)]
  0x00000225f6ce9470 JavaThread "Unconstrained build operations Thread 27"        [_thread_blocked, id=12336, stack(0x0000003ab3700000,0x0000003ab3800000) (1024K)]
  0x00000225f6ce6d60 JavaThread "Unconstrained build operations Thread 28"        [_thread_blocked, id=5760, stack(0x0000003ab3800000,0x0000003ab3900000) (1024K)]
  0x00000225f6ce9c40 JavaThread "Unconstrained build operations Thread 29"        [_thread_blocked, id=14520, stack(0x0000003ab3900000,0x0000003ab3a00000) (1024K)]
  0x00000225f6ce6590 JavaThread "Unconstrained build operations Thread 30"        [_thread_blocked, id=15068, stack(0x0000003ab3a00000,0x0000003ab3b00000) (1024K)]
  0x00000225f6ce7530 JavaThread "Unconstrained build operations Thread 31"        [_thread_blocked, id=12804, stack(0x0000003ab3b00000,0x0000003ab3c00000) (1024K)]
  0x00000225f6ce8ca0 JavaThread "Unconstrained build operations Thread 32"        [_thread_blocked, id=2980, stack(0x0000003ab3c00000,0x0000003ab3d00000) (1024K)]
  0x00000225f6ce7d00 JavaThread "Unconstrained build operations Thread 33"        [_thread_blocked, id=15484, stack(0x0000003ab3d00000,0x0000003ab3e00000) (1024K)]
  0x00000225f6ce84d0 JavaThread "Unconstrained build operations Thread 34"        [_thread_blocked, id=3044, stack(0x0000003ab3e00000,0x0000003ab3f00000) (1024K)]
  0x00000225fe3efac0 JavaThread "Unconstrained build operations Thread 35"        [_thread_blocked, id=19380, stack(0x0000003ab3f00000,0x0000003ab4000000) (1024K)]
  0x00000225fe3ee350 JavaThread "Unconstrained build operations Thread 36"        [_thread_blocked, id=21048, stack(0x0000003ab4000000,0x0000003ab4100000) (1024K)]
  0x00000225fe3ed3b0 JavaThread "Unconstrained build operations Thread 37"        [_thread_blocked, id=3260, stack(0x0000003ab4100000,0x0000003ab4200000) (1024K)]
  0x00000225fe3edb80 JavaThread "Unconstrained build operations Thread 38"        [_thread_blocked, id=3084, stack(0x0000003ab4200000,0x0000003ab4300000) (1024K)]
  0x00000225fe3eeb20 JavaThread "Unconstrained build operations Thread 39"        [_thread_blocked, id=19112, stack(0x0000003ab4300000,0x0000003ab4400000) (1024K)]
  0x00000225fe3ef2f0 JavaThread "Unconstrained build operations Thread 40"        [_thread_blocked, id=1340, stack(0x0000003ab4400000,0x0000003ab4500000) (1024K)]
  0x00000225fe3f0290 JavaThread "Unconstrained build operations Thread 41"        [_thread_blocked, id=18708, stack(0x0000003ab4500000,0x0000003ab4600000) (1024K)]
  0x00000225fe3f0a60 JavaThread "Unconstrained build operations Thread 42"        [_thread_blocked, id=4572, stack(0x0000003ab4600000,0x0000003ab4700000) (1024K)]
  0x00000225f3da4420 JavaThread "Unconstrained build operations Thread 43"        [_thread_blocked, id=18136, stack(0x0000003ab4700000,0x0000003ab4800000) (1024K)]
  0x00000225f3da3c50 JavaThread "Unconstrained build operations Thread 44"        [_thread_blocked, id=12032, stack(0x0000003ab4800000,0x0000003ab4900000) (1024K)]
  0x00000225f3da2cb0 JavaThread "Unconstrained build operations Thread 45"        [_thread_blocked, id=4564, stack(0x0000003ab4900000,0x0000003ab4a00000) (1024K)]
  0x00000225f3da0d70 JavaThread "Unconstrained build operations Thread 46"        [_thread_blocked, id=3128, stack(0x0000003ab4a00000,0x0000003ab4b00000) (1024K)]
  0x00000225f3da1540 JavaThread "Unconstrained build operations Thread 47"        [_thread_blocked, id=3676, stack(0x0000003ab4b00000,0x0000003ab4c00000) (1024K)]
  0x00000225f3da1d10 JavaThread "Unconstrained build operations Thread 48"        [_thread_blocked, id=10684, stack(0x0000003ab4c00000,0x0000003ab4d00000) (1024K)]
  0x00000225f3da24e0 JavaThread "Unconstrained build operations Thread 49"        [_thread_blocked, id=2104, stack(0x0000003ab4d00000,0x0000003ab4e00000) (1024K)]
  0x00000225f3da3480 JavaThread "Unconstrained build operations Thread 50"        [_thread_blocked, id=11876, stack(0x0000003ab4e00000,0x0000003ab4f00000) (1024K)]
  0x00000225f80e4890 JavaThread "Unconstrained build operations Thread 51"        [_thread_blocked, id=19668, stack(0x0000003ab4f00000,0x0000003ab5000000) (1024K)]
  0x00000225f80e38f0 JavaThread "Unconstrained build operations Thread 52"        [_thread_blocked, id=11112, stack(0x0000003ab5000000,0x0000003ab5100000) (1024K)]
  0x00000225f5ecea90 JavaThread "Unconstrained build operations Thread 53"        [_thread_blocked, id=19028, stack(0x0000003ab5100000,0x0000003ab5200000) (1024K)]
  0x00000225f30b4510 JavaThread "Unconstrained build operations Thread 54"        [_thread_blocked, id=19676, stack(0x0000003ab5200000,0x0000003ab5300000) (1024K)]
  0x00000225f30b4ce0 JavaThread "Unconstrained build operations Thread 55"        [_thread_blocked, id=18472, stack(0x0000003ab5300000,0x0000003ab5400000) (1024K)]
  0x00000225f30b54b0 JavaThread "Unconstrained build operations Thread 56"        [_thread_blocked, id=19152, stack(0x0000003ab5400000,0x0000003ab5500000) (1024K)]
  0x00000225f30b3d40 JavaThread "Unconstrained build operations Thread 57"        [_thread_blocked, id=18076, stack(0x0000003ab5500000,0x0000003ab5600000) (1024K)]
  0x00000225f19bdf20 JavaThread "Unconstrained build operations Thread 58"        [_thread_blocked, id=19472, stack(0x0000003ab5600000,0x0000003ab5700000) (1024K)]
  0x00000225f19bf690 JavaThread "Unconstrained build operations Thread 59"        [_thread_blocked, id=19148, stack(0x0000003ab5700000,0x0000003ab5800000) (1024K)]
  0x00000225f19be6f0 JavaThread "Unconstrained build operations Thread 60"        [_thread_blocked, id=4568, stack(0x0000003ab5800000,0x0000003ab5900000) (1024K)]
  0x00000225f19beec0 JavaThread "Unconstrained build operations Thread 61"        [_thread_blocked, id=7596, stack(0x0000003ab5900000,0x0000003ab5a00000) (1024K)]
  0x00000225f19bbfe0 JavaThread "Unconstrained build operations Thread 62"        [_thread_blocked, id=5288, stack(0x0000003ab5a00000,0x0000003ab5b00000) (1024K)]
  0x00000225f19bd750 JavaThread "Unconstrained build operations Thread 63"        [_thread_blocked, id=13108, stack(0x0000003ab5b00000,0x0000003ab5c00000) (1024K)]
  0x00000225f19bc7b0 JavaThread "Unconstrained build operations Thread 64"        [_thread_blocked, id=16408, stack(0x0000003ab5c00000,0x0000003ab5d00000) (1024K)]
  0x00000225f19bcf80 JavaThread "Unconstrained build operations Thread 65"        [_thread_blocked, id=3432, stack(0x0000003ab5d00000,0x0000003ab5e00000) (1024K)]
  0x00000225801ba690 JavaThread "Unconstrained build operations Thread 66"        [_thread_blocked, id=5164, stack(0x0000003ab5e00000,0x0000003ab5f00000) (1024K)]
  0x00000225801b7f80 JavaThread "Unconstrained build operations Thread 67"        [_thread_blocked, id=3796, stack(0x0000003ab5f00000,0x0000003ab6000000) (1024K)]
  0x00000225801b6fe0 JavaThread "Unconstrained build operations Thread 68"        [_thread_blocked, id=3520, stack(0x0000003ab6000000,0x0000003ab6100000) (1024K)]
  0x00000225801b8750 JavaThread "Unconstrained build operations Thread 69"        [_thread_blocked, id=3780, stack(0x0000003ab6100000,0x0000003ab6200000) (1024K)]
  0x00000225801b8f20 JavaThread "Unconstrained build operations Thread 70"        [_thread_blocked, id=10812, stack(0x0000003ab6200000,0x0000003ab6300000) (1024K)]
  0x00000225801b77b0 JavaThread "Unconstrained build operations Thread 71"        [_thread_blocked, id=3756, stack(0x0000003ab6300000,0x0000003ab6400000) (1024K)]
  0x00000225801b9ec0 JavaThread "Unconstrained build operations Thread 72"        [_thread_blocked, id=8180, stack(0x0000003ab6400000,0x0000003ab6500000) (1024K)]
  0x00000225801b96f0 JavaThread "Unconstrained build operations Thread 73"        [_thread_blocked, id=3804, stack(0x0000003ab6500000,0x0000003ab6600000) (1024K)]
  0x00000225f6cb60d0 JavaThread "Unconstrained build operations Thread 74"        [_thread_blocked, id=20620, stack(0x0000003ab6600000,0x0000003ab6700000) (1024K)]
  0x00000225f6cb68a0 JavaThread "Unconstrained build operations Thread 75"        [_thread_blocked, id=21320, stack(0x0000003ab6700000,0x0000003ab6800000) (1024K)]
  0x00000225f6cb7070 JavaThread "Unconstrained build operations Thread 76"        [_thread_blocked, id=10364, stack(0x0000003ab6800000,0x0000003ab6900000) (1024K)]
  0x00000225f6cb4960 JavaThread "Unconstrained build operations Thread 77"        [_thread_blocked, id=19392, stack(0x0000003ab6900000,0x0000003ab6a00000) (1024K)]
  0x00000225f6cb8010 JavaThread "Unconstrained build operations Thread 78"        [_thread_blocked, id=16516, stack(0x0000003ab6a00000,0x0000003ab6b00000) (1024K)]
  0x00000225f6cb5130 JavaThread "Unconstrained build operations Thread 79"        [_thread_blocked, id=10460, stack(0x0000003ab6b00000,0x0000003ab6c00000) (1024K)]
  0x00000225f6cb5900 JavaThread "Unconstrained build operations Thread 80"        [_thread_blocked, id=4596, stack(0x0000003ab6c00000,0x0000003ab6d00000) (1024K)]
  0x00000225f6cb7840 JavaThread "Unconstrained build operations Thread 81"        [_thread_blocked, id=6768, stack(0x0000003ab6d00000,0x0000003ab6e00000) (1024K)]
  0x00000225f8afea30 JavaThread "Unconstrained build operations Thread 82"        [_thread_blocked, id=7612, stack(0x0000003ab6e00000,0x0000003ab6f00000) (1024K)]
  0x00000225f8aff200 JavaThread "Unconstrained build operations Thread 83"        [_thread_blocked, id=3496, stack(0x0000003ab7000000,0x0000003ab7100000) (1024K)]
  0x00000225f8aff9d0 JavaThread "Unconstrained build operations Thread 84"        [_thread_blocked, id=4068, stack(0x0000003ab7100000,0x0000003ab7200000) (1024K)]
  0x00000225f8959000 JavaThread "Problems report writer"            [_thread_blocked, id=6268, stack(0x0000003ab7200000,0x0000003ab7300000) (1024K)]
  0x00000225f89568f0 JavaThread "build event listener"              [_thread_blocked, id=4600, stack(0x0000003ab7300000,0x0000003ab7400000) (1024K)]
  0x00000225f89570c0 JavaThread "build event listener"              [_thread_blocked, id=13900, stack(0x0000003ab7400000,0x0000003ab7500000) (1024K)]
  0x00000225f63b8510 JavaThread "pool-6-thread-1"                   [_thread_blocked, id=3308, stack(0x0000003ab7500000,0x0000003ab7600000) (1024K)]
  0x00000225f63b6da0 JavaThread "build event listener"              [_thread_blocked, id=18576, stack(0x0000003ab7600000,0x0000003ab7700000) (1024K)]
  0x00000225f5e526a0 JavaThread "included builds"                   [_thread_blocked, id=6384, stack(0x0000003ab7800000,0x0000003ab7900000) (1024K)]
  0x00000225f53a7f20 JavaThread "Execution worker"                  [_thread_blocked, id=8052, stack(0x0000003ab7900000,0x0000003ab7a00000) (1024K)]
  0x00000225f53aa630 JavaThread "Execution worker Thread 2"         [_thread_blocked, id=10336, stack(0x0000003ab7a00000,0x0000003ab7b00000) (1024K)]
  0x00000225f53a9690 JavaThread "Execution worker Thread 3"         [_thread_blocked, id=20444, stack(0x0000003ab7b00000,0x0000003ab7c00000) (1024K)]
  0x00000225f53a9e60 JavaThread "Execution worker Thread 4"         [_thread_blocked, id=22208, stack(0x0000003ab7c00000,0x0000003ab7d00000) (1024K)]
  0x00000225805b1020 JavaThread "Execution worker Thread 5"         [_thread_blocked, id=6012, stack(0x0000003ab7d00000,0x0000003ab7e00000) (1024K)]
  0x00000225805af8b0 JavaThread "Execution worker Thread 6"         [_thread_blocked, id=22228, stack(0x0000003ab7e00000,0x0000003ab7f00000) (1024K)]
  0x00000225805af0e0 JavaThread "Execution worker Thread 7"         [_thread_blocked, id=6220, stack(0x0000003ab7f00000,0x0000003ab8000000) (1024K)]
  0x00000225805ae910 JavaThread "Execution worker Thread 8"         [_thread_blocked, id=10776, stack(0x0000003ab8000000,0x0000003ab8100000) (1024K)]
  0x00000225805b0850 JavaThread "Execution worker Thread 9"         [_thread_blocked, id=5084, stack(0x0000003ab8100000,0x0000003ab8200000) (1024K)]
  0x00000225805b0080 JavaThread "Execution worker Thread 10"        [_thread_blocked, id=2592, stack(0x0000003ab8200000,0x0000003ab8300000) (1024K)]
  0x00000225805ad970 JavaThread "Execution worker Thread 11"        [_thread_blocked, id=10624, stack(0x0000003ab8300000,0x0000003ab8400000) (1024K)]
  0x00000225805ae140 JavaThread "Execution worker Thread 12"        [_thread_blocked, id=11528, stack(0x0000003ab8400000,0x0000003ab8500000) (1024K)]
  0x00000225f36583e0 JavaThread "Execution worker Thread 13"        [_thread_blocked, id=20964, stack(0x0000003ab8500000,0x0000003ab8600000) (1024K)]
  0x00000225f3659b50 JavaThread "Execution worker Thread 14"        [_thread_blocked, id=10148, stack(0x0000003ab8600000,0x0000003ab8700000) (1024K)]
  0x00000225f3659380 JavaThread "Execution worker Thread 15"        [_thread_blocked, id=7580, stack(0x0000003ab8700000,0x0000003ab8800000) (1024K)]
  0x00000225fed32a60 JavaThread "Execution worker Thread 16"        [_thread_blocked, id=6044, stack(0x0000003ab8800000,0x0000003ab8900000) (1024K)]
  0x00000225fed33230 JavaThread "Execution worker Thread 17"        [_thread_blocked, id=7832, stack(0x0000003ab8900000,0x0000003ab8a00000) (1024K)]
  0x00000225fed349a0 JavaThread "Execution worker Thread 18"        [_thread_blocked, id=7540, stack(0x0000003ab8a00000,0x0000003ab8b00000) (1024K)]
  0x00000225fed32290 JavaThread "Execution worker Thread 19"        [_thread_blocked, id=7156, stack(0x0000003ab8b00000,0x0000003ab8c00000) (1024K)]
  0x00000225fed33a00 JavaThread "Execution worker Thread 20"        [_thread_blocked, id=8116, stack(0x0000003ab8c00000,0x0000003ab8d00000) (1024K)]
  0x00000225fed341d0 JavaThread "Execution worker Thread 21"        [_thread_blocked, id=7216, stack(0x0000003ab8d00000,0x0000003ab8e00000) (1024K)]
  0x00000225ffb95620 JavaThread "Execution worker Thread 22"        [_thread_blocked, id=6108, stack(0x0000003ab8e00000,0x0000003ab8f00000) (1024K)]
  0x00000225ffb965c0 JavaThread "Execution worker Thread 23"        [_thread_blocked, id=7212, stack(0x0000003ab8f00000,0x0000003ab9000000) (1024K)]
  0x000002258161ceb0 JavaThread "Cache worker for execution history cache (C:\Users\Intel\Downloads\CRIAndroidSimple\.gradle\9.3.0\executionHistory)"        [_thread_blocked, id=6584, stack(0x0000003ab9000000,0x0000003ab9100000) (1024K)]
  0x00000225ffb97d30 JavaThread "Execution worker Thread 24"        [_thread_blocked, id=6028, stack(0x0000003ab9100000,0x0000003ab9200000) (1024K)]
  0x00000225ffb95df0 JavaThread "Execution worker Thread 25"        [_thread_blocked, id=16252, stack(0x0000003ab9200000,0x0000003ab9300000) (1024K)]
  0x00000225ffb96d90 JavaThread "Execution worker Thread 26"        [_thread_blocked, id=19524, stack(0x0000003ab9300000,0x0000003ab9400000) (1024K)]
  0x00000225ffb97560 JavaThread "Execution worker Thread 27"        [_thread_blocked, id=11580, stack(0x0000003ab9400000,0x0000003ab9500000) (1024K)]
  0x00000225ffb94e50 JavaThread "Execution worker Thread 28"        [_thread_blocked, id=9708, stack(0x0000003ab9500000,0x0000003ab9600000) (1024K)]
  0x00000225f365ba90 JavaThread "Execution worker Thread 29"        [_thread_blocked, id=11656, stack(0x0000003ab9600000,0x0000003ab9700000) (1024K)]
  0x00000225f3658bb0 JavaThread "Execution worker Thread 30"        [_thread_blocked, id=11864, stack(0x0000003ab9700000,0x0000003ab9800000) (1024K)]
  0x00000225ffc70dc0 JavaThread "Execution worker Thread 31"        [_thread_blocked, id=11952, stack(0x0000003ab9800000,0x0000003ab9900000) (1024K)]
  0x00000225f5e21660 JavaThread "Unconstrained build operations Thread 85"        [_thread_blocked, id=17476, stack(0x0000003ab9900000,0x0000003ab9a00000) (1024K)]
  0x00000225f5e22dd0 JavaThread "Unconstrained build operations Thread 86"        [_thread_blocked, id=5184, stack(0x0000003ab9a00000,0x0000003ab9b00000) (1024K)]
  0x00000225f5e206c0 JavaThread "Unconstrained build operations Thread 87"        [_thread_blocked, id=15372, stack(0x0000003ab9b00000,0x0000003ab9c00000) (1024K)]
  0x00000225f6945f30 JavaThread "Unconstrained build operations Thread 88"        [_thread_blocked, id=15436, stack(0x0000003ab9c00000,0x0000003ab9d00000) (1024K)]
  0x00000225f6942880 JavaThread "Unconstrained build operations Thread 89"        [_thread_blocked, id=17660, stack(0x0000003ab9d00000,0x0000003ab9e00000) (1024K)]
  0x00000225f6946700 JavaThread "Unconstrained build operations Thread 90"        [_thread_blocked, id=7340, stack(0x0000003ab9e00000,0x0000003ab9f00000) (1024K)]
  0x00000225f6943ff0 JavaThread "Unconstrained build operations Thread 91"        [_thread_blocked, id=18128, stack(0x0000003ab9f00000,0x0000003aba000000) (1024K)]
  0x00000225f6943050 JavaThread "Unconstrained build operations Thread 92"        [_thread_blocked, id=22152, stack(0x0000003aba000000,0x0000003aba100000) (1024K)]
  0x00000225f6946ed0 JavaThread "Unconstrained build operations Thread 93"        [_thread_blocked, id=19788, stack(0x0000003aba100000,0x0000003aba200000) (1024K)]
  0x00000225f6943820 JavaThread "Unconstrained build operations Thread 94"        [_thread_blocked, id=11988, stack(0x0000003aba200000,0x0000003aba300000) (1024K)]
  0x00000225f69495e0 JavaThread "Unconstrained build operations Thread 95"        [_thread_blocked, id=12368, stack(0x0000003aba300000,0x0000003aba400000) (1024K)]
  0x00000225f6949db0 JavaThread "Unconstrained build operations Thread 96"        [_thread_blocked, id=12760, stack(0x0000003aba400000,0x0000003aba500000) (1024K)]
  0x00000225f6947e70 JavaThread "Unconstrained build operations Thread 97"        [_thread_blocked, id=10896, stack(0x0000003aba500000,0x0000003aba600000) (1024K)]
  0x00000225f6948e10 JavaThread "Unconstrained build operations Thread 98"        [_thread_blocked, id=8652, stack(0x0000003aba600000,0x0000003aba700000) (1024K)]
  0x00000225f69476a0 JavaThread "Unconstrained build operations Thread 99"        [_thread_blocked, id=12964, stack(0x0000003aba700000,0x0000003aba800000) (1024K)]
  0x00000225f694a580 JavaThread "Unconstrained build operations Thread 100"        [_thread_blocked, id=20816, stack(0x0000003aba800000,0x0000003aba900000) (1024K)]
  0x00000225f694bcf0 JavaThread "Unconstrained build operations Thread 101"        [_thread_blocked, id=9448, stack(0x0000003aba900000,0x0000003abaa00000) (1024K)]
  0x00000225f694b520 JavaThread "Unconstrained build operations Thread 102"        [_thread_blocked, id=20060, stack(0x0000003abaa00000,0x0000003abab00000) (1024K)]
  0x00000225ffc734d0 JavaThread "Unconstrained build operations Thread 103"        [_thread_blocked, id=11872, stack(0x0000003abab00000,0x0000003abac00000) (1024K)]
  0x00000225ffc74470 JavaThread "Unconstrained build operations Thread 104"        [_thread_blocked, id=12892, stack(0x0000003abac00000,0x0000003abad00000) (1024K)]
  0x00000225ffc71d60 JavaThread "Unconstrained build operations Thread 105"        [_thread_blocked, id=13136, stack(0x0000003abad00000,0x0000003abae00000) (1024K)]
  0x00000225f7625760 JavaThread "Unconstrained build operations Thread 106"        [_thread_blocked, id=20276, stack(0x0000003abb000000,0x0000003abb100000) (1024K)]
  0x00000225f7623ff0 JavaThread "Unconstrained build operations Thread 107"        [_thread_blocked, id=3488, stack(0x0000003abb100000,0x0000003abb200000) (1024K)]
  0x00000225f76247c0 JavaThread "Unconstrained build operations Thread 108"        [_thread_blocked, id=14752, stack(0x0000003abb200000,0x0000003abb300000) (1024K)]
  0x00000225f7626ed0 JavaThread "Unconstrained build operations Thread 109"        [_thread_blocked, id=14760, stack(0x0000003abb300000,0x0000003abb400000) (1024K)]
  0x00000225f7624f90 JavaThread "Unconstrained build operations Thread 110"        [_thread_blocked, id=14768, stack(0x0000003abb400000,0x0000003abb500000) (1024K)]
  0x00000225f7623820 JavaThread "Unconstrained build operations Thread 111"        [_thread_blocked, id=14732, stack(0x0000003abb500000,0x0000003abb600000) (1024K)]
  0x00000225f7625f30 JavaThread "Unconstrained build operations Thread 112"        [_thread_blocked, id=14736, stack(0x0000003abb600000,0x0000003abb700000) (1024K)]
  0x00000225f7626700 JavaThread "Unconstrained build operations Thread 113"        [_thread_blocked, id=14680, stack(0x0000003abb700000,0x0000003abb800000) (1024K)]
  0x00000225f6948640 JavaThread "Unconstrained build operations Thread 114"        [_thread_blocked, id=21788, stack(0x0000003abb800000,0x0000003abb900000) (1024K)]
  0x00000225f694e400 JavaThread "Unconstrained build operations Thread 115"        [_thread_blocked, id=14676, stack(0x0000003abb900000,0x0000003abba00000) (1024K)]
  0x00000225f5b5c020 JavaThread "WorkerExecutor Queue"              [_thread_blocked, id=21840, stack(0x0000003abba00000,0x0000003abbb00000) (1024K)]
  0x00000225f5b5b850 JavaThread "WorkerExecutor Queue Thread 2"        [_thread_blocked, id=21824, stack(0x0000003abbb00000,0x0000003abbc00000) (1024K)]
  0x00000225f5b5b080 JavaThread "WorkerExecutor Queue Thread 3"        [_thread_blocked, id=18888, stack(0x0000003abbc00000,0x0000003abbd00000) (1024K)]
  0x00000225f5b5c7f0 JavaThread "WorkerExecutor Queue Thread 4"        [_thread_blocked, id=20252, stack(0x0000003abbd00000,0x0000003abbe00000) (1024K)]
  0x00000225ff27d2e0 JavaThread "WorkerExecutor Queue Thread 5"        [_thread_blocked, id=15556, stack(0x0000003abbe00000,0x0000003abbf00000) (1024K)]
  0x00000225ff27dab0 JavaThread "WorkerExecutor Queue Thread 6"        [_thread_blocked, id=21296, stack(0x0000003abbf00000,0x0000003abc000000) (1024K)]
  0x00000225ff27e280 JavaThread "WorkerExecutor Queue Thread 7"        [_thread_blocked, id=20920, stack(0x0000003abc000000,0x0000003abc100000) (1024K)]
  0x00000225ff27ea50 JavaThread "WorkerExecutor Queue Thread 8"        [_thread_blocked, id=17812, stack(0x0000003abc100000,0x0000003abc200000) (1024K)]
  0x00000225ff27cb10 JavaThread "WorkerExecutor Queue Thread 9"        [_thread_blocked, id=3088, stack(0x0000003abc200000,0x0000003abc300000) (1024K)]
  0x00000225ff27f220 JavaThread "WorkerExecutor Queue Thread 10"        [_thread_blocked, id=21548, stack(0x0000003abc300000,0x0000003abc400000) (1024K)]
  0x00000225ff27bb70 JavaThread "WorkerExecutor Queue Thread 11"        [_thread_blocked, id=20896, stack(0x0000003abc400000,0x0000003abc500000) (1024K)]
  0x00000225808a8a60 JavaThread "WorkerExecutor Queue Thread 12"        [_thread_blocked, id=16180, stack(0x0000003abc500000,0x0000003abc600000) (1024K)]
  0x00000225808a8290 JavaThread "WorkerExecutor Queue Thread 13"        [_thread_blocked, id=16260, stack(0x0000003abc600000,0x0000003abc700000) (1024K)]
  0x00000225808a9230 JavaThread "WorkerExecutor Queue Thread 14"        [_thread_blocked, id=17464, stack(0x0000003abc700000,0x0000003abc800000) (1024K)]
  0x00000225808a9a00 JavaThread "WorkerExecutor Queue Thread 15"        [_thread_blocked, id=21512, stack(0x0000003abc800000,0x0000003abc900000) (1024K)]
  0x0000022580089860 JavaThread "WorkerExecutor Queue Thread 16"        [_thread_blocked, id=14856, stack(0x0000003abc900000,0x0000003abca00000) (1024K)]
  0x00000225800888c0 JavaThread "WorkerExecutor Queue Thread 17"        [_thread_blocked, id=4580, stack(0x0000003abca00000,0x0000003abcb00000) (1024K)]
  0x00000225800880f0 JavaThread "WorkerExecutor Queue Thread 18"        [_thread_blocked, id=11508, stack(0x0000003abcb00000,0x0000003abcc00000) (1024K)]
  0x000002258008afd0 JavaThread "WorkerExecutor Queue Thread 19"        [_thread_blocked, id=17720, stack(0x0000003abcc00000,0x0000003abcd00000) (1024K)]
  0x00000225f2ab0c00 JavaThread "WorkerExecutor Queue Thread 20"        [_thread_blocked, id=9776, stack(0x0000003abcd00000,0x0000003abce00000) (1024K)]
  0x00000225f2ab0430 JavaThread "WorkerExecutor Queue Thread 21"        [_thread_blocked, id=19952, stack(0x0000003abce00000,0x0000003abcf00000) (1024K)]
  0x00000225f2120880 JavaThread "WorkerExecutor Queue Thread 22"        [_thread_blocked, id=21528, stack(0x0000003abcf00000,0x0000003abd000000) (1024K)]
  0x00000225f2121820 JavaThread "WorkerExecutor Queue Thread 23"        [_thread_blocked, id=15656, stack(0x0000003abd000000,0x0000003abd100000) (1024K)]
  0x00000225f21200b0 JavaThread "WorkerExecutor Queue Thread 24"        [_thread_blocked, id=17808, stack(0x0000003abd100000,0x0000003abd200000) (1024K)]
  0x00000225f694d460 JavaThread "WorkerExecutor Queue Thread 25"        [_thread_blocked, id=21132, stack(0x0000003abd200000,0x0000003abd300000) (1024K)]
  0x00000225f694fb70 JavaThread "WorkerExecutor Queue Thread 26"        [_thread_blocked, id=16284, stack(0x0000003abd300000,0x0000003abd400000) (1024K)]
  0x00000225f5ed3270 JavaThread "WorkerExecutor Queue Thread 27"        [_thread_blocked, id=13820, stack(0x0000003abd400000,0x0000003abd500000) (1024K)]
  0x00000225f5ed1b00 JavaThread "WorkerExecutor Queue Thread 28"        [_thread_blocked, id=14000, stack(0x0000003abd500000,0x0000003abd600000) (1024K)]
  0x00000225f5ed2aa0 JavaThread "WorkerExecutor Queue Thread 29"        [_thread_blocked, id=17992, stack(0x0000003abd600000,0x0000003abd700000) (1024K)]
  0x00000225f822f090 JavaThread "WorkerExecutor Queue Thread 30"        [_thread_blocked, id=21764, stack(0x0000003abd700000,0x0000003abd800000) (1024K)]
  0x00000225f4d88aa0 JavaThread "WorkerExecutor Queue Thread 31"        [_thread_blocked, id=20000, stack(0x0000003abd800000,0x0000003abd900000) (1024K)]
  0x00000225f4d89270 JavaThread "WorkerExecutor Queue Thread 32"        [_thread_blocked, id=2388, stack(0x0000003abd900000,0x0000003abda00000) (1024K)]
  0x00000225f78295f0 JavaThread "Unconstrained build operations Thread 116"        [_thread_blocked, id=19960, stack(0x0000003abdb00000,0x0000003abdc00000) (1024K)]
  0x00000225f76ec800 JavaThread "Unconstrained build operations Thread 117"        [_thread_blocked, id=5628, stack(0x0000003abdc00000,0x0000003abdd00000) (1024K)]
  0x00000225f76eb090 JavaThread "Unconstrained build operations Thread 118"        [_thread_blocked, id=5596, stack(0x0000003abdd00000,0x0000003abde00000) (1024K)]
  0x00000225f76ecfd0 JavaThread "Unconstrained build operations Thread 119"        [_thread_blocked, id=5460, stack(0x0000003abde00000,0x0000003abdf00000) (1024K)]
  0x00000225f6cef200 JavaThread "Unconstrained build operations Thread 120"        [_thread_blocked, id=18632, stack(0x0000003abdf00000,0x0000003abe000000) (1024K)]
  0x00000225f6cf01a0 JavaThread "Unconstrained build operations Thread 121"        [_thread_blocked, id=16136, stack(0x0000003abe000000,0x0000003abe100000) (1024K)]
  0x00000225f6cef9d0 JavaThread "Unconstrained build operations Thread 122"        [_thread_blocked, id=16236, stack(0x0000003abe100000,0x0000003abe200000) (1024K)]
  0x00000225f6ceea30 JavaThread "Unconstrained build operations Thread 123"        [_thread_blocked, id=16216, stack(0x0000003abe200000,0x0000003abe300000) (1024K)]
  0x0000022580c90f70 JavaThread "Unconstrained build operations Thread 124"        [_thread_blocked, id=16176, stack(0x0000003abe300000,0x0000003abe400000) (1024K)]
  0x0000022580c907a0 JavaThread "Unconstrained build operations Thread 125"        [_thread_blocked, id=18896, stack(0x0000003abe400000,0x0000003abe500000) (1024K)]
  0x0000022580c91740 JavaThread "Unconstrained build operations Thread 126"        [_thread_blocked, id=11792, stack(0x0000003abe500000,0x0000003abe600000) (1024K)]
  0x0000022580c8ffd0 JavaThread "Unconstrained build operations Thread 127"        [_thread_blocked, id=9432, stack(0x0000003abe600000,0x0000003abe700000) (1024K)]
  0x00000225ff6adcc0 JavaThread "Unconstrained build operations Thread 128"        [_thread_blocked, id=11176, stack(0x0000003abe700000,0x0000003abe800000) (1024K)]
  0x00000225ff6aa610 JavaThread "Unconstrained build operations Thread 129"        [_thread_blocked, id=16452, stack(0x0000003abe800000,0x0000003abe900000) (1024K)]
  0x00000225ff6aade0 JavaThread "Unconstrained build operations Thread 130"        [_thread_blocked, id=11276, stack(0x0000003abe900000,0x0000003abea00000) (1024K)]
  0x00000225ff6ab5b0 JavaThread "Unconstrained build operations Thread 131"        [_thread_blocked, id=16064, stack(0x0000003abea00000,0x0000003abeb00000) (1024K)]
  0x00000225ff6abd80 JavaThread "Unconstrained build operations Thread 132"        [_thread_blocked, id=7848, stack(0x0000003abeb00000,0x0000003abec00000) (1024K)]
  0x00000225ff6ac550 JavaThread "Unconstrained build operations Thread 133"        [_thread_blocked, id=11908, stack(0x0000003abec00000,0x0000003abed00000) (1024K)]
  0x00000225ff6ad4f0 JavaThread "Unconstrained build operations Thread 134"        [_thread_blocked, id=12848, stack(0x0000003abed00000,0x0000003abee00000) (1024K)]
  0x0000022580fc2cb0 JavaThread "Unconstrained build operations Thread 135"        [_thread_blocked, id=16072, stack(0x0000003abee00000,0x0000003abef00000) (1024K)]
  0x0000022580fc3480 JavaThread "Unconstrained build operations Thread 136"        [_thread_blocked, id=16056, stack(0x0000003abef00000,0x0000003abf000000) (1024K)]
  0x0000022580fc3c50 JavaThread "Unconstrained build operations Thread 137"        [_thread_blocked, id=16212, stack(0x0000003abf000000,0x0000003abf100000) (1024K)]
  0x0000022580fc4420 JavaThread "Unconstrained build operations Thread 138"        [_thread_blocked, id=16116, stack(0x0000003abf100000,0x0000003abf200000) (1024K)]
  0x0000022580fc4bf0 JavaThread "Unconstrained build operations Thread 139"        [_thread_blocked, id=16124, stack(0x0000003abf200000,0x0000003abf300000) (1024K)]
  0x0000022580fc53c0 JavaThread "Unconstrained build operations Thread 140"        [_thread_blocked, id=4904, stack(0x0000003abf300000,0x0000003abf400000) (1024K)]
  0x00000225f5285620 JavaThread "Unconstrained build operations Thread 141"        [_thread_blocked, id=11916, stack(0x0000003abf400000,0x0000003abf500000) (1024K)]
  0x00000225f5285df0 JavaThread "Unconstrained build operations Thread 142"        [_thread_blocked, id=4776, stack(0x0000003abf500000,0x0000003abf600000) (1024K)]
  0x00000225f52865c0 JavaThread "Unconstrained build operations Thread 143"        [_thread_blocked, id=16104, stack(0x0000003abf600000,0x0000003abf700000) (1024K)]
  0x00000225f5284e50 JavaThread "Unconstrained build operations Thread 144"        [_thread_blocked, id=16208, stack(0x0000003abf700000,0x0000003abf800000) (1024K)]
  0x00000225f5286d90 JavaThread "Unconstrained build operations Thread 145"        [_thread_blocked, id=11776, stack(0x0000003abf800000,0x0000003abf900000) (1024K)]
  0x00000225f5284680 JavaThread "Unconstrained build operations Thread 146"        [_thread_blocked, id=15984, stack(0x0000003abf900000,0x0000003abfa00000) (1024K)]
  0x00000225f5287560 JavaThread "Unconstrained build operations Thread 147"        [_thread_blocked, id=16092, stack(0x0000003abfa00000,0x0000003abfb00000) (1024K)]
  0x00000225ef66ba20 JavaThread "Unconstrained build operations Thread 148"        [_thread_blocked, id=15976, stack(0x0000003abfb00000,0x0000003abfc00000) (1024K)]
  0x00000225ef66d960 JavaThread "Unconstrained build operations Thread 149"        [_thread_blocked, id=16264, stack(0x0000003abfc00000,0x0000003abfd00000) (1024K)]
  0x00000225ef66a2b0 JavaThread "Unconstrained build operations Thread 150"        [_thread_blocked, id=16200, stack(0x0000003abfd00000,0x0000003abfe00000) (1024K)]
  0x00000225ef66b250 JavaThread "Unconstrained build operations Thread 151"        [_thread_blocked, id=16120, stack(0x0000003abfe00000,0x0000003abff00000) (1024K)]
  0x00000225f8b01910 JavaThread "Unconstrained build operations Thread 152"        [_thread_blocked, id=15980, stack(0x0000003abff00000,0x0000003ac0000000) (1024K)]
  0x00000225f8afe260 JavaThread "Unconstrained build operations Thread 153"        [_thread_blocked, id=16040, stack(0x0000003ac0000000,0x0000003ac0100000) (1024K)]
  0x00000225fe448120 JavaThread "Unconstrained build operations Thread 154"        [_thread_blocked, id=16036, stack(0x0000003ac0100000,0x0000003ac0200000) (1024K)]
  0x00000225fe4469b0 JavaThread "Unconstrained build operations Thread 155"        [_thread_blocked, id=16160, stack(0x0000003ac0200000,0x0000003ac0300000) (1024K)]
  0x00000225fe4488f0 JavaThread "Unconstrained build operations Thread 156"        [_thread_blocked, id=16000, stack(0x0000003ac0300000,0x0000003ac0400000) (1024K)]
  0x00000225fe445240 JavaThread "Unconstrained build operations Thread 157"        [_thread_blocked, id=4988, stack(0x0000003ac0400000,0x0000003ac0500000) (1024K)]
  0x00000225fe445a10 JavaThread "Unconstrained build operations Thread 158"        [_thread_blocked, id=16012, stack(0x0000003ac0500000,0x0000003ac0600000) (1024K)]
  0x00000225fe4461e0 JavaThread "Unconstrained build operations Thread 159"        [_thread_blocked, id=15736, stack(0x0000003ac0600000,0x0000003ac0700000) (1024K)]
  0x00000225fe447180 JavaThread "Unconstrained build operations Thread 160"        [_thread_blocked, id=12144, stack(0x0000003ac0700000,0x0000003ac0800000) (1024K)]
  0x00000225fe447950 JavaThread "Unconstrained build operations Thread 161"        [_thread_blocked, id=14528, stack(0x0000003ac0800000,0x0000003ac0900000) (1024K)]
  0x000002258144a640 JavaThread "Unconstrained build operations Thread 162"        [_thread_blocked, id=16060, stack(0x0000003ac0900000,0x0000003ac0a00000) (1024K)]
  0x00000225814496a0 JavaThread "Unconstrained build operations Thread 163"        [_thread_blocked, id=13828, stack(0x0000003ac0a00000,0x0000003ac0b00000) (1024K)]
  0x000002258144ae10 JavaThread "Unconstrained build operations Thread 164"        [_thread_blocked, id=16044, stack(0x0000003ac0b00000,0x0000003ac0c00000) (1024K)]
  0x000002258144b5e0 JavaThread "Unconstrained build operations Thread 165"        [_thread_blocked, id=16156, stack(0x0000003ac0c00000,0x0000003ac0d00000) (1024K)]
  0x0000022581448ed0 JavaThread "Unconstrained build operations Thread 166"        [_thread_blocked, id=16052, stack(0x0000003ac0d00000,0x0000003ac0e00000) (1024K)]
  0x0000022581449e70 JavaThread "Unconstrained build operations Thread 167"        [_thread_blocked, id=21964, stack(0x0000003ac0e00000,0x0000003ac0f00000) (1024K)]
  0x0000022581447f30 JavaThread "Unconstrained build operations Thread 168"        [_thread_blocked, id=21968, stack(0x0000003ac0f00000,0x0000003ac1000000) (1024K)]
  0x0000022581448700 JavaThread "Unconstrained build operations Thread 169"        [_thread_blocked, id=16280, stack(0x0000003ac1000000,0x0000003ac1100000) (1024K)]
  0x00000225f880ecb0 JavaThread "Unconstrained build operations Thread 170"        [_thread_blocked, id=13124, stack(0x0000003ac1100000,0x0000003ac1200000) (1024K)]
  0x00000225f880f480 JavaThread "Unconstrained build operations Thread 171"        [_thread_blocked, id=12532, stack(0x0000003ac1200000,0x0000003ac1300000) (1024K)]
  0x00000225f880dd10 JavaThread "Unconstrained build operations Thread 172"        [_thread_blocked, id=12444, stack(0x0000003ac1300000,0x0000003ac1400000) (1024K)]
  0x00000225f880fc50 JavaThread "Unconstrained build operations Thread 173"        [_thread_blocked, id=15708, stack(0x0000003ac1400000,0x0000003ac1500000) (1024K)]
  0x00000225f880e4e0 JavaThread "Unconstrained build operations Thread 174"        [_thread_blocked, id=21996, stack(0x0000003ac1500000,0x0000003ac1600000) (1024K)]
  0x00000225f8810420 JavaThread "Unconstrained build operations Thread 175"        [_thread_blocked, id=17840, stack(0x0000003ac1600000,0x0000003ac1700000) (1024K)]
  0x00000225f8810bf0 JavaThread "Unconstrained build operations Thread 176"        [_thread_blocked, id=15744, stack(0x0000003ac1700000,0x0000003ac1800000) (1024K)]
  0x00000225f88113c0 JavaThread "Unconstrained build operations Thread 177"        [_thread_blocked, id=19792, stack(0x0000003ac1800000,0x0000003ac1900000) (1024K)]
  0x00000225f81c39f0 JavaThread "Unconstrained build operations Thread 178"        [_thread_blocked, id=20780, stack(0x0000003ac1900000,0x0000003ac1a00000) (1024K)]
  0x00000225f4eab080 JavaThread "Unconstrained build operations Thread 179"        [_thread_blocked, id=12536, stack(0x0000003ac1a00000,0x0000003ac1b00000) (1024K)]
  0x00000225f4eab850 JavaThread "Unconstrained build operations Thread 180"        [_thread_blocked, id=20856, stack(0x0000003ac1b00000,0x0000003ac1c00000) (1024K)]
  0x00000225f4ea9140 JavaThread "Unconstrained build operations Thread 181"        [_thread_blocked, id=12508, stack(0x0000003ac1c00000,0x0000003ac1d00000) (1024K)]
  0x00000225f4ea81a0 JavaThread "Unconstrained build operations Thread 182"        [_thread_blocked, id=12784, stack(0x0000003ac1d00000,0x0000003ac1e00000) (1024K)]
  0x0000022580d60150 JavaThread "Unconstrained build operations Thread 183"        [_thread_blocked, id=16152, stack(0x0000003ac1e00000,0x0000003ac1f00000) (1024K)]
  0x0000022580d5f1b0 JavaThread "Unconstrained build operations Thread 184"        [_thread_blocked, id=11460, stack(0x0000003ac1f00000,0x0000003ac2000000) (1024K)]
  0x0000022580d5e210 JavaThread "Unconstrained build operations Thread 185"        [_thread_blocked, id=15816, stack(0x0000003ac2000000,0x0000003ac2100000) (1024K)]
  0x0000022580d60920 JavaThread "Unconstrained build operations Thread 186"        [_thread_blocked, id=17036, stack(0x0000003ac2100000,0x0000003ac2200000) (1024K)]
  0x0000022580d610f0 JavaThread "Unconstrained build operations Thread 187"        [_thread_blocked, id=21720, stack(0x0000003ac2200000,0x0000003ac2300000) (1024K)]
  0x0000022580d5e9e0 JavaThread "Unconstrained build operations Thread 188"        [_thread_blocked, id=15600, stack(0x0000003ac2300000,0x0000003ac2400000) (1024K)]
  0x0000022580d618c0 JavaThread "Unconstrained build operations Thread 189"        [_thread_blocked, id=15676, stack(0x0000003ac2400000,0x0000003ac2500000) (1024K)]
  0x00000225ff7798d0 JavaThread "Unconstrained build operations Thread 190"        [_thread_blocked, id=15668, stack(0x0000003ac2500000,0x0000003ac2600000) (1024K)]
  0x00000225ff77b040 JavaThread "Unconstrained build operations Thread 191"        [_thread_blocked, id=15684, stack(0x0000003ac2600000,0x0000003ac2700000) (1024K)]
  0x00000225ff778160 JavaThread "Unconstrained build operations Thread 192"        [_thread_blocked, id=14792, stack(0x0000003ac2700000,0x0000003ac2800000) (1024K)]
  0x00000225f694f3a0 JavaThread "Unconstrained build operations Thread 193"        [_thread_blocked, id=15636, stack(0x0000003ac2800000,0x0000003ac2900000) (1024K)]
  0x00000225f694c4c0 JavaThread "Unconstrained build operations Thread 194"        [_thread_blocked, id=13132, stack(0x0000003ac2900000,0x0000003ac2a00000) (1024K)]
  0x00000225f6952280 JavaThread "Unconstrained build operations Thread 195"        [_thread_blocked, id=15680, stack(0x0000003ac2a00000,0x0000003ac2b00000) (1024K)]
  0x00000225f6953220 JavaThread "Unconstrained build operations Thread 196"        [_thread_blocked, id=15696, stack(0x0000003ac2b00000,0x0000003ac2c00000) (1024K)]
  0x00000225f6951ab0 JavaThread "Unconstrained build operations Thread 197"        [_thread_blocked, id=13260, stack(0x0000003ac2c00000,0x0000003ac2d00000) (1024K)]
  0x00000225f6952a50 JavaThread "Unconstrained build operations Thread 198"        [_thread_blocked, id=11568, stack(0x0000003ac2d00000,0x0000003ac2e00000) (1024K)]
  0x00000225f69539f0 JavaThread "Unconstrained build operations Thread 199"        [_thread_blocked, id=14360, stack(0x0000003ac2e00000,0x0000003ac2f00000) (1024K)]
  0x00000225f6950340 JavaThread "Unconstrained build operations Thread 200"        [_thread_blocked, id=14356, stack(0x0000003ac2f00000,0x0000003ac3000000) (1024K)]
  0x00000225f69541c0 JavaThread "Unconstrained build operations Thread 201"        [_thread_blocked, id=16140, stack(0x0000003ac3000000,0x0000003ac3100000) (1024K)]
  0x00000225f6950b10 JavaThread "Unconstrained build operations Thread 202"        [_thread_blocked, id=13996, stack(0x0000003ac3100000,0x0000003ac3200000) (1024K)]
  0x00000225f6954990 JavaThread "Unconstrained build operations Thread 203"        [_thread_blocked, id=13156, stack(0x0000003ac3200000,0x0000003ac3300000) (1024K)]
  0x00000225f69512e0 JavaThread "Unconstrained build operations Thread 204"        [_thread_blocked, id=15664, stack(0x0000003ac3300000,0x0000003ac3400000) (1024K)]
  0x00000225f69568d0 JavaThread "Unconstrained build operations Thread 205"        [_thread_blocked, id=15932, stack(0x0000003ac3400000,0x0000003ac3500000) (1024K)]
  0x00000225f6958040 JavaThread "Unconstrained build operations Thread 206"        [_thread_blocked, id=15948, stack(0x0000003ac3500000,0x0000003ac3600000) (1024K)]
  0x00000225f6956100 JavaThread "Unconstrained build operations Thread 207"        [_thread_blocked, id=15928, stack(0x0000003ac3600000,0x0000003ac3700000) (1024K)]
  0x00000225f6958810 JavaThread "Unconstrained build operations Thread 208"        [_thread_blocked, id=13396, stack(0x0000003ac3700000,0x0000003ac3800000) (1024K)]
  0x00000225f6955160 JavaThread "Unconstrained build operations Thread 209"        [_thread_blocked, id=15108, stack(0x0000003ac3800000,0x0000003ac3900000) (1024K)]
  0x00000225ff778930 JavaThread "WorkerExecutor Queue Thread 33"        [_thread_blocked, id=14932, stack(0x0000003ac3900000,0x0000003ac3a00000) (1024K)]
  0x00000225f7827e80 JavaThread "Unconstrained build operations Thread 210"        [_thread_blocked, id=14756, stack(0x0000003ac3a00000,0x0000003ac3b00000) (1024K)]
  0x00000225f7828650 JavaThread "Unconstrained build operations Thread 211"        [_thread_blocked, id=1552, stack(0x0000003ac3b00000,0x0000003ac3c00000) (1024K)]
  0x00000225f7828e20 JavaThread "Unconstrained build operations Thread 212"        [_thread_blocked, id=13564, stack(0x0000003ac3c00000,0x0000003ac3d00000) (1024K)]
  0x00000225ffe04e20 JavaThread "Unconstrained build operations Thread 213"        [_thread_blocked, id=20756, stack(0x0000003ac3d00000,0x0000003ac3e00000) (1024K)]
  0x00000225ffe05dc0 JavaThread "Unconstrained build operations Thread 214"        [_thread_blocked, id=15688, stack(0x0000003ac3e00000,0x0000003ac3f00000) (1024K)]
  0x00000225ffe04650 JavaThread "Unconstrained build operations Thread 215"        [_thread_blocked, id=14868, stack(0x0000003ac3f00000,0x0000003ac4000000) (1024K)]
  0x00000225ffe055f0 JavaThread "Unconstrained build operations Thread 216"        [_thread_blocked, id=14312, stack(0x0000003ac4000000,0x0000003ac4100000) (1024K)]
  0x00000225ffe06d60 JavaThread "Unconstrained build operations Thread 217"        [_thread_blocked, id=2332, stack(0x0000003ac4100000,0x0000003ac4200000) (1024K)]
  0x00000225ffe06590 JavaThread "Unconstrained build operations Thread 218"        [_thread_blocked, id=5232, stack(0x0000003ac4200000,0x0000003ac4300000) (1024K)]
  0x00000225ffe07530 JavaThread "Unconstrained build operations Thread 219"        [_thread_blocked, id=14912, stack(0x0000003ac4300000,0x0000003ac4400000) (1024K)]
  0x00000225ffe07d00 JavaThread "Unconstrained build operations Thread 220"        [_thread_blocked, id=2716, stack(0x0000003ac4400000,0x0000003ac4500000) (1024K)]
  0x00000225f8a74fe0 JavaThread "Unconstrained build operations Thread 221"        [_thread_blocked, id=15916, stack(0x0000003ac4500000,0x0000003ac4600000) (1024K)]
  0x00000225f8a757b0 JavaThread "Unconstrained build operations Thread 222"        [_thread_blocked, id=15924, stack(0x0000003ac4600000,0x0000003ac4700000) (1024K)]
  0x00000225f8a728d0 JavaThread "Unconstrained build operations Thread 223"        [_thread_blocked, id=15964, stack(0x0000003ac4700000,0x0000003ac4800000) (1024K)]
  0x00000225f8a73870 JavaThread "Unconstrained build operations Thread 224"        [_thread_blocked, id=14852, stack(0x0000003ac4800000,0x0000003ac4900000) (1024K)]
  0x00000225f8a75f80 JavaThread "Unconstrained build operations Thread 225"        [_thread_blocked, id=13932, stack(0x0000003ac4900000,0x0000003ac4a00000) (1024K)]
  0x00000225f8a730a0 JavaThread "Unconstrained build operations Thread 226"        [_thread_blocked, id=14456, stack(0x0000003ac4a00000,0x0000003ac4b00000) (1024K)]
  0x00000225f8a74040 JavaThread "Unconstrained build operations Thread 227"        [_thread_blocked, id=15492, stack(0x0000003ac4b00000,0x0000003ac4c00000) (1024K)]
  0x00000225f8a74810 JavaThread "Unconstrained build operations Thread 228"        [_thread_blocked, id=15244, stack(0x0000003ac4c00000,0x0000003ac4d00000) (1024K)]
  0x00000225f8e118d0 JavaThread "Unconstrained build operations Thread 229"        [_thread_blocked, id=13244, stack(0x0000003ac4d00000,0x0000003ac4e00000) (1024K)]
  0x00000225f8e0f1c0 JavaThread "Unconstrained build operations Thread 230"        [_thread_blocked, id=14824, stack(0x0000003ac4e00000,0x0000003ac4f00000) (1024K)]
  0x00000225f8e0f990 JavaThread "Unconstrained build operations Thread 231"        [_thread_blocked, id=14892, stack(0x0000003ac4f00000,0x0000003ac5000000) (1024K)]
  0x00000225f8e120a0 JavaThread "Unconstrained build operations Thread 232"        [_thread_blocked, id=15632, stack(0x0000003ac5000000,0x0000003ac5100000) (1024K)]
  0x00000225f8e11100 JavaThread "Unconstrained build operations Thread 233"        [_thread_blocked, id=13832, stack(0x0000003ac5100000,0x0000003ac5200000) (1024K)]
  0x00000225f8e12870 JavaThread "Unconstrained build operations Thread 234"        [_thread_blocked, id=13336, stack(0x0000003ac5200000,0x0000003ac5300000) (1024K)]
  0x00000225f8e10160 JavaThread "Unconstrained build operations Thread 235"        [_thread_blocked, id=3028, stack(0x0000003ac5300000,0x0000003ac5400000) (1024K)]
  0x00000225f8e10930 JavaThread "Unconstrained build operations Thread 236"        [_thread_blocked, id=16128, stack(0x0000003ac5400000,0x0000003ac5500000) (1024K)]
  0x00000225f88280f0 JavaThread "Unconstrained build operations Thread 237"        [_thread_blocked, id=14864, stack(0x0000003ac5500000,0x0000003ac5600000) (1024K)]
  0x00000225f88288c0 JavaThread "Unconstrained build operations Thread 238"        [_thread_blocked, id=6196, stack(0x0000003ac5600000,0x0000003ac5700000) (1024K)]
  0x00000225f8827920 JavaThread "Unconstrained build operations Thread 239"        [_thread_blocked, id=2400, stack(0x0000003ac5700000,0x0000003ac5800000) (1024K)]
  0x00000225f8827150 JavaThread "Unconstrained build operations Thread 240"        [_thread_blocked, id=14304, stack(0x0000003ac5800000,0x0000003ac5900000) (1024K)]
  0x00000225808259b0 JavaThread "Unconstrained build operations Thread 241"        [_thread_in_Java, id=15416, stack(0x0000003ac5900000,0x0000003ac5a00000) (1024K)]
  0x0000022580826180 JavaThread "Unconstrained build operations Thread 242"        [_thread_in_Java, id=15560, stack(0x0000003ac5a00000,0x0000003ac5b00000) (1024K)]
  0x0000022580822ad0 JavaThread "Unconstrained build operations Thread 243"        [_thread_in_Java, id=14860, stack(0x0000003ac5b00000,0x0000003ac5c00000) (1024K)]
  0x00000225808232a0 JavaThread "Unconstrained build operations Thread 244"        [_thread_in_Java, id=15024, stack(0x0000003ac5c00000,0x0000003ac5d00000) (1024K)]
  0x0000022580823a70 JavaThread "Unconstrained build operations Thread 245"        [_thread_blocked, id=14376, stack(0x0000003ac5d00000,0x0000003ac5e00000) (1024K)]
  0x0000022580824240 JavaThread "Unconstrained build operations Thread 246"        [_thread_in_Java, id=13212, stack(0x0000003ac5e00000,0x0000003ac5f00000) (1024K)]
  0x00000225f216d460 JavaThread "Unconstrained build operations Thread 247"        [_thread_in_Java, id=17532, stack(0x0000003ac5f00000,0x0000003ac6000000) (1024K)]
  0x00000225f216b520 JavaThread "Unconstrained build operations Thread 248"        [_thread_blocked, id=16604, stack(0x0000003ac6000000,0x0000003ac6100000) (1024K)]
  0x00000225f216cc90 JavaThread "Unconstrained build operations Thread 249"        [_thread_in_Java, id=8108, stack(0x0000003ac6100000,0x0000003ac6200000) (1024K)]
  0x00000225fe43fe60 JavaThread "Unconstrained build operations Thread 250"        [_thread_blocked, id=4028, stack(0x0000003ac6200000,0x0000003ac6300000) (1024K)]
  0x00000225fe43e6f0 JavaThread "Unconstrained build operations Thread 251"        [_thread_in_Java, id=4532, stack(0x0000003ac6300000,0x0000003ac6400000) (1024K)]
  0x00000225fe43eec0 JavaThread "Unconstrained build operations Thread 252"        [_thread_in_Java, id=16464, stack(0x0000003ac6400000,0x0000003ac6500000) (1024K)]
  0x00000225fe43f690 JavaThread "Unconstrained build operations Thread 253"        [_thread_in_Java, id=16004, stack(0x0000003ac6500000,0x0000003ac6600000) (1024K)]
  0x00000225fe440630 JavaThread "Unconstrained build operations Thread 254"        [_thread_in_Java, id=11084, stack(0x0000003ac6600000,0x0000003ac6700000) (1024K)]
  0x00000225fe440e00 JavaThread "Unconstrained build operations Thread 255"        [_thread_in_Java, id=20312, stack(0x0000003ac6700000,0x0000003ac6800000) (1024K)]
  0x00000225fe4415d0 JavaThread "Unconstrained build operations Thread 256"        [_thread_in_Java, id=15132, stack(0x0000003ac6800000,0x0000003ac6900000) (1024K)]
  0x00000225fe441da0 JavaThread "Unconstrained build operations Thread 257"        [_thread_blocked, id=6328, stack(0x0000003ac6900000,0x0000003ac6a00000) (1024K)]
  0x00000225f301b9f0 JavaThread "Unconstrained build operations Thread 258"        [_thread_blocked, id=12828, stack(0x0000003ac6a00000,0x0000003ac6b00000) (1024K)]
  0x00000225f301aa50 JavaThread "Unconstrained build operations Thread 259"        [_thread_blocked, id=6156, stack(0x0000003ac6b00000,0x0000003ac6c00000) (1024K)]
  0x00000225f301b220 JavaThread "Unconstrained build operations Thread 260"        [_thread_blocked, id=8112, stack(0x0000003ac6c00000,0x0000003ac6d00000) (1024K)]
  0x00000225ee2bc5e0 JavaThread "Unconstrained build operations Thread 261"        [_thread_in_Java, id=16580, stack(0x0000003ac6d00000,0x0000003ac6e00000) (1024K)]
  0x00000225efde8a90 JavaThread "Unconstrained build operations Thread 262"        [_thread_blocked, id=16612, stack(0x0000003ac6e00000,0x0000003ac6f00000) (1024K)]
  0x00000225efde9a30 JavaThread "Unconstrained build operations Thread 263"        [_thread_blocked, id=22260, stack(0x0000003ac6f00000,0x0000003ac7000000) (1024K)]
  0x00000225efde82c0 JavaThread "Unconstrained build operations Thread 264"        [_thread_blocked, id=10184, stack(0x0000003ac7000000,0x0000003ac7100000) (1024K)]
  0x00000225efde7af0 JavaThread "Unconstrained build operations Thread 265"        [_thread_blocked, id=11144, stack(0x0000003ac7100000,0x0000003ac7200000) (1024K)]
  0x00000225efde9260 JavaThread "Unconstrained build operations Thread 266"        [_thread_blocked, id=2820, stack(0x0000003ac7200000,0x0000003ac7300000) (1024K)]
  0x00000225efdea200 JavaThread "Unconstrained build operations Thread 267"        [_thread_blocked, id=7068, stack(0x0000003ac7300000,0x0000003ac7400000) (1024K)]
  0x00000225efdea9d0 JavaThread "Unconstrained build operations Thread 268"        [_thread_blocked, id=21860, stack(0x0000003ac7400000,0x0000003ac7500000) (1024K)]
  0x00000225efde7320 JavaThread "Unconstrained build operations Thread 269"        [_thread_blocked, id=2620, stack(0x0000003ac7500000,0x0000003ac7600000) (1024K)]
  0x00000225f8d00be0 JavaThread "Unconstrained build operations Thread 270"        [_thread_blocked, id=12148, stack(0x0000003ac7600000,0x0000003ac7700000) (1024K)]
  0x00000225f8d00410 JavaThread "Unconstrained build operations Thread 271"        [_thread_blocked, id=8088, stack(0x0000003ac7700000,0x0000003ac7800000) (1024K)]
=>0x00000225f0009ec0 JavaThread "C2 CompilerThread9"         daemon [_thread_in_native, id=6756, stack(0x0000003ab1c00000,0x0000003ab1d00000) (1024K)]
Total: 421

Other Threads:
  0x00000225e946e8a0 VMThread "VM Thread"                           [id=21188, stack(0x0000003aab800000,0x0000003aab900000) (1024K)]
  0x00000225e942bb80 WatcherThread "VM Periodic Task Thread"        [id=21184, stack(0x0000003aab700000,0x0000003aab800000) (1024K)]
  0x00000225d1d925d0 WorkerThread "GC Thread#0"                     [id=21164, stack(0x0000003aab200000,0x0000003aab300000) (1024K)]
  0x00000225ee64ee70 WorkerThread "GC Thread#1"                     [id=21252, stack(0x0000003aac800000,0x0000003aac900000) (1024K)]
  0x00000225ee64cbf0 WorkerThread "GC Thread#2"                     [id=21256, stack(0x0000003aac900000,0x0000003aaca00000) (1024K)]
  0x00000225ee64f710 WorkerThread "GC Thread#3"                     [id=21260, stack(0x0000003aaca00000,0x0000003aacb00000) (1024K)]
  0x00000225ee64dd30 WorkerThread "GC Thread#4"                     [id=21264, stack(0x0000003aacb00000,0x0000003aacc00000) (1024K)]
  0x00000225ee64ea20 WorkerThread "GC Thread#5"                     [id=21268, stack(0x0000003aacc00000,0x0000003aacd00000) (1024K)]
  0x00000225eefaa6c0 WorkerThread "GC Thread#6"                     [id=21344, stack(0x0000003aad400000,0x0000003aad500000) (1024K)]
  0x00000225eefaebc0 WorkerThread "GC Thread#7"                     [id=21348, stack(0x0000003aad500000,0x0000003aad600000) (1024K)]
  0x00000225eefae770 WorkerThread "GC Thread#8"                     [id=21352, stack(0x0000003aad600000,0x0000003aad700000) (1024K)]
  0x00000225eefae320 WorkerThread "GC Thread#9"                     [id=21356, stack(0x0000003aad700000,0x0000003aad800000) (1024K)]
  0x00000225eefaf010 WorkerThread "GC Thread#10"                    [id=21360, stack(0x0000003aad800000,0x0000003aad900000) (1024K)]
  0x00000225eefaf460 WorkerThread "GC Thread#11"                    [id=21364, stack(0x0000003aad900000,0x0000003aada00000) (1024K)]
  0x00000225eefac0a0 WorkerThread "GC Thread#12"                    [id=21368, stack(0x0000003aada00000,0x0000003aadb00000) (1024K)]
  0x00000225f145d510 WorkerThread "GC Thread#13"                    [id=21424, stack(0x0000003aae800000,0x0000003aae900000) (1024K)]
  0x00000225f145a150 WorkerThread "GC Thread#14"                    [id=21428, stack(0x0000003aae900000,0x0000003aaea00000) (1024K)]
  0x00000225f145b6e0 WorkerThread "GC Thread#15"                    [id=21432, stack(0x0000003aaea00000,0x0000003aaeb00000) (1024K)]
  0x00000225f145e200 WorkerThread "GC Thread#16"                    [id=21436, stack(0x0000003aaeb00000,0x0000003aaec00000) (1024K)]
  0x00000225f145a5a0 WorkerThread "GC Thread#17"                    [id=21440, stack(0x0000003aaec00000,0x0000003aaed00000) (1024K)]
  0x00000225f145bf80 WorkerThread "GC Thread#18"                    [id=21444, stack(0x0000003aaed00000,0x0000003aaee00000) (1024K)]
  0x00000225f145a9f0 WorkerThread "GC Thread#19"                    [id=21448, stack(0x0000003aaee00000,0x0000003aaef00000) (1024K)]
  0x00000225f145e650 WorkerThread "GC Thread#20"                    [id=21452, stack(0x0000003aaef00000,0x0000003aaf000000) (1024K)]
  0x00000225f145cc70 WorkerThread "GC Thread#21"                    [id=21456, stack(0x0000003aaf000000,0x0000003aaf100000) (1024K)]
  0x00000225f145d0c0 WorkerThread "GC Thread#22"                    [id=21460, stack(0x0000003aaf100000,0x0000003aaf200000) (1024K)]
  0x00000225d1da94e0 ConcurrentGCThread "G1 Main Marker"            [id=21168, stack(0x0000003aab300000,0x0000003aab400000) (1024K)]
  0x00000225d1dab830 WorkerThread "G1 Conc#0"                       [id=21172, stack(0x0000003aab400000,0x0000003aab500000) (1024K)]
  0x00000225eefab800 WorkerThread "G1 Conc#1"                       [id=21372, stack(0x0000003aadb00000,0x0000003aadc00000) (1024K)]
  0x00000225eefaf8b0 WorkerThread "G1 Conc#2"                       [id=21376, stack(0x0000003aadc00000,0x0000003aadd00000) (1024K)]
  0x00000225eefad630 WorkerThread "G1 Conc#3"                       [id=21380, stack(0x0000003aadd00000,0x0000003aade00000) (1024K)]
  0x00000225eefafd00 WorkerThread "G1 Conc#4"                       [id=21384, stack(0x0000003aade00000,0x0000003aadf00000) (1024K)]
  0x00000225eefb0150 WorkerThread "G1 Conc#5"                       [id=21388, stack(0x0000003aadf00000,0x0000003aae000000) (1024K)]
  0x00000225e93054e0 ConcurrentGCThread "G1 Refine#0"               [id=21176, stack(0x0000003aab500000,0x0000003aab600000) (1024K)]
  0x00000225e9306db0 ConcurrentGCThread "G1 Service"                [id=21180, stack(0x0000003aab600000,0x0000003aab700000) (1024K)]
Total: 34

Threads with active compile tasks:
C2 CompilerThread0  198615 30907       4       com.android.tools.r8.internal.pE::a (951 bytes)
C1 CompilerThread0  198615 30938       3       com.android.tools.r8.internal.no::hashCode (31 bytes)
C1 CompilerThread2  198615 30894       3       com.android.tools.r8.dex.n0::a (64 bytes)
C2 CompilerThread1  198615 30904       4       com.android.tools.r8.graph.K4$$Lambda/0x00000000c77f8e28::apply (16 bytes)
C1 CompilerThread4  198615 30895       3       com.android.tools.r8.dex.n0$$Lambda/0x00000000c7b30738::<init> (10 bytes)
C2 CompilerThread2  198615 30797 %     4       com.android.tools.r8.internal.u9::a @ 134 (1719 bytes)
C2 CompilerThread3  198615 30849       4       com.android.tools.r8.internal.L5::a (25 bytes)
C2 CompilerThread4  198615 30310       4       com.android.tools.r8.internal.Vz::a (595 bytes)
C2 CompilerThread5  198615 30896       4       com.android.tools.r8.internal.Vz::a (38 bytes)
C2 CompilerThread6  198615 29368       4       com.android.tools.r8.internal.f40::a (496 bytes)
C2 CompilerThread7  198615 30892   !   4       java.util.concurrent.ConcurrentHashMap::computeIfAbsent (576 bytes)
C2 CompilerThread8  198615 30853       4       com.android.tools.r8.internal.Re::b (50 bytes)
C2 CompilerThread9  198615 30082       4       com.android.tools.r8.internal.v8::b (79 bytes)
Total: 13

VM state: not at safepoint (normal execution)

VM Mutex/Monitor currently owned by a thread:  ([mutex/lock_event])
[0x00007ff8a6182f18] MethodCompileQueue_lock - owner thread: 0x00000225f7a03270
[0x00007ff8a6184498] CodeCache_lock - owner thread: 0x00000225f7a03270

Heap address: 0x00000000e0000000, size: 512 MB, Compressed Oops mode: 32-bit

CDS archive(s) not mapped
Compressed class space mapped at: 0x00000000c6000000-0x00000000da000000, reserved size: 335544320
UseCompressedClassPointers 1, UseCompactObjectHeaders 0
Narrow klass pointer bits 32, Max shift 3
Narrow klass base: 0x0000000000000000, Narrow klass shift: 0
Encoding Range: [0x0000000000000000 - 0x0000000100000000), (4294967296 bytes)
Klass Range:    [0x00000000c6000000 - 0x00000000da000000), (335544320 bytes)
Klass ID Range:  [3321888768 - 3657433081) (335544313)
No protection zone.

GC Precious Log:
 CardTable entry size: 512
 Card Set container configuration: InlinePtr #cards 5 size 8 Array Of Cards #cards 10 size 36 Howl #buckets 4 coarsen threshold 1843 Howl Bitmap #cards 512 size 80 coarsen threshold 460 Card regions per heap region 1 cards per card region 2048
 CPUs: 32 total, 32 available
 Memory: 65243M
 Large Page Support: Disabled
 NUMA Support: Disabled
 Compressed Oops: Enabled (32-bit)
 Heap Region Size: 1M
 Heap Min Capacity: 256M
 Heap Initial Capacity: 256M
 Heap Max Capacity: 512M
 Pre-touch: Disabled
 Parallel Workers: 23
 Concurrent Workers: 6
 Concurrent Refinement Workers: 23
 Periodic GC: Disabled

Heap:
 garbage-first heap   total reserved 524288K, committed 524288K, used 381097K [0x00000000e0000000, 0x0000000100000000)
  region size 1024K, 76 young (77824K), 9 survivors (9216K)

Heap Regions: E=young(eden), S=young(survivor), O=old, HS=humongous(starts), HC=humongous(continues), CS=collection set, F=free, TAMS=top-at-mark-start, PB=parsable bottom
|   0|0x00000000e0000000, 0x00000000e0100000, 0x00000000e0100000|100%|HS|  |TAMS 0x00000000e0100000| PB 0x00000000e0000000| Complete |  0
|   1|0x00000000e0100000, 0x00000000e0200000, 0x00000000e0200000|100%|HC|  |TAMS 0x00000000e0200000| PB 0x00000000e0100000| Complete |  0
|   2|0x00000000e0200000, 0x00000000e0300000, 0x00000000e0300000|100%|HC|  |TAMS 0x00000000e0300000| PB 0x00000000e0200000| Complete |  0
|   3|0x00000000e0300000, 0x00000000e0400000, 0x00000000e0400000|100%|HC|  |TAMS 0x00000000e0400000| PB 0x00000000e0300000| Complete |  0
|   4|0x00000000e0400000, 0x00000000e0500000, 0x00000000e0500000|100%|HS|  |TAMS 0x00000000e0500000| PB 0x00000000e0400000| Complete |  0
|   5|0x00000000e0500000, 0x00000000e0600000, 0x00000000e0600000|100%|HS|  |TAMS 0x00000000e0600000| PB 0x00000000e0500000| Complete |  0
|   6|0x00000000e0600000, 0x00000000e0700000, 0x00000000e0700000|100%|HS|  |TAMS 0x00000000e0700000| PB 0x00000000e0600000| Complete |  0
|   7|0x00000000e0700000, 0x00000000e0800000, 0x00000000e0800000|100%| O|  |TAMS 0x00000000e0800000| PB 0x00000000e0700000| Untracked |  0
|   8|0x00000000e0800000, 0x00000000e0900000, 0x00000000e0900000|100%| O|  |TAMS 0x00000000e0900000| PB 0x00000000e0800000| Untracked |  0
|   9|0x00000000e0900000, 0x00000000e0a00000, 0x00000000e0a00000|100%| O|  |TAMS 0x00000000e0a00000| PB 0x00000000e0900000| Untracked |  0
|  10|0x00000000e0a00000, 0x00000000e0b00000, 0x00000000e0b00000|100%| O|  |TAMS 0x00000000e0b00000| PB 0x00000000e0a00000| Untracked |  0
|  11|0x00000000e0b00000, 0x00000000e0c00000, 0x00000000e0c00000|100%| O|  |TAMS 0x00000000e0c00000| PB 0x00000000e0b00000| Untracked |  0
|  12|0x00000000e0c00000, 0x00000000e0d00000, 0x00000000e0d00000|100%| O|  |TAMS 0x00000000e0d00000| PB 0x00000000e0c00000| Untracked |  0
|  13|0x00000000e0d00000, 0x00000000e0e00000, 0x00000000e0e00000|100%| O|  |TAMS 0x00000000e0e00000| PB 0x00000000e0d00000| Untracked |  0
|  14|0x00000000e0e00000, 0x00000000e0f00000, 0x00000000e0f00000|100%| O|  |TAMS 0x00000000e0f00000| PB 0x00000000e0e00000| Untracked |  0
|  15|0x00000000e0f00000, 0x00000000e1000000, 0x00000000e1000000|100%|HS|  |TAMS 0x00000000e1000000| PB 0x00000000e0f00000| Complete |  0
|  16|0x00000000e1000000, 0x00000000e1100000, 0x00000000e1100000|100%|HC|  |TAMS 0x00000000e1100000| PB 0x00000000e1000000| Complete |  0
|  17|0x00000000e1100000, 0x00000000e1200000, 0x00000000e1200000|100%|HC|  |TAMS 0x00000000e1200000| PB 0x00000000e1100000| Complete |  0
|  18|0x00000000e1200000, 0x00000000e1300000, 0x00000000e1300000|100%|HC|  |TAMS 0x00000000e1300000| PB 0x00000000e1200000| Complete |  0
|  19|0x00000000e1300000, 0x00000000e1400000, 0x00000000e1400000|100%|HC|  |TAMS 0x00000000e1400000| PB 0x00000000e1300000| Complete |  0
|  20|0x00000000e1400000, 0x00000000e1500000, 0x00000000e1500000|100%|HC|  |TAMS 0x00000000e1500000| PB 0x00000000e1400000| Complete |  0
|  21|0x00000000e1500000, 0x00000000e1600000, 0x00000000e1600000|100%|HS|  |TAMS 0x00000000e1600000| PB 0x00000000e1500000| Complete |  0
|  22|0x00000000e1600000, 0x00000000e1700000, 0x00000000e1700000|100%|HC|  |TAMS 0x00000000e1700000| PB 0x00000000e1600000| Complete |  0
|  23|0x00000000e1700000, 0x00000000e1800000, 0x00000000e1800000|100%|HC|  |TAMS 0x00000000e1800000| PB 0x00000000e1700000| Complete |  0
|  24|0x00000000e1800000, 0x00000000e1900000, 0x00000000e1900000|100%|HC|  |TAMS 0x00000000e1900000| PB 0x00000000e1800000| Complete |  0
|  25|0x00000000e1900000, 0x00000000e1a00000, 0x00000000e1a00000|100%|HC|  |TAMS 0x00000000e1a00000| PB 0x00000000e1900000| Complete |  0
|  26|0x00000000e1a00000, 0x00000000e1b00000, 0x00000000e1b00000|100%|HC|  |TAMS 0x00000000e1b00000| PB 0x00000000e1a00000| Complete |  0
|  27|0x00000000e1b00000, 0x00000000e1c00000, 0x00000000e1c00000|100%|HS|  |TAMS 0x00000000e1c00000| PB 0x00000000e1b00000| Complete |  0
|  28|0x00000000e1c00000, 0x00000000e1d00000, 0x00000000e1d00000|100%|HS|  |TAMS 0x00000000e1d00000| PB 0x00000000e1c00000| Complete |  0
|  29|0x00000000e1d00000, 0x00000000e1e00000, 0x00000000e1e00000|100%| O|  |TAMS 0x00000000e1e00000| PB 0x00000000e1d00000| Untracked |  0
|  30|0x00000000e1e00000, 0x00000000e1f00000, 0x00000000e1f00000|100%| O|  |TAMS 0x00000000e1f00000| PB 0x00000000e1e00000| Untracked |  0
|  31|0x00000000e1f00000, 0x00000000e2000000, 0x00000000e2000000|100%| O|  |TAMS 0x00000000e2000000| PB 0x00000000e1f00000| Untracked |  0
|  32|0x00000000e2000000, 0x00000000e2100000, 0x00000000e2100000|100%| O|  |TAMS 0x00000000e2100000| PB 0x00000000e2000000| Untracked |  0
|  33|0x00000000e2100000, 0x00000000e2200000, 0x00000000e2200000|100%| O|  |TAMS 0x00000000e2200000| PB 0x00000000e2100000| Untracked |  0
|  34|0x00000000e2200000, 0x00000000e2300000, 0x00000000e2300000|100%| O|  |TAMS 0x00000000e2300000| PB 0x00000000e2200000| Untracked |  0
|  35|0x00000000e2300000, 0x00000000e2400000, 0x00000000e2400000|100%| O|  |TAMS 0x00000000e2400000| PB 0x00000000e2300000| Untracked |  0
|  36|0x00000000e2400000, 0x00000000e2500000, 0x00000000e2500000|100%| O|  |TAMS 0x00000000e2500000| PB 0x00000000e2400000| Untracked |  0
|  37|0x00000000e2500000, 0x00000000e2600000, 0x00000000e2600000|100%| O|  |TAMS 0x00000000e2600000| PB 0x00000000e2500000| Untracked |  0
|  38|0x00000000e2600000, 0x00000000e2700000, 0x00000000e2700000|100%| O|  |TAMS 0x00000000e2700000| PB 0x00000000e2600000| Untracked |  0
|  39|0x00000000e2700000, 0x00000000e2800000, 0x00000000e2800000|100%| O|  |TAMS 0x00000000e2800000| PB 0x00000000e2700000| Untracked |  0
|  40|0x00000000e2800000, 0x00000000e2900000, 0x00000000e2900000|100%| O|  |TAMS 0x00000000e2900000| PB 0x00000000e2800000| Untracked |  0
|  41|0x00000000e2900000, 0x00000000e2a00000, 0x00000000e2a00000|100%| O|  |TAMS 0x00000000e2a00000| PB 0x00000000e2900000| Untracked |  0
|  42|0x00000000e2a00000, 0x00000000e2b00000, 0x00000000e2b00000|100%| O|  |TAMS 0x00000000e2b00000| PB 0x00000000e2a00000| Untracked |  0
|  43|0x00000000e2b00000, 0x00000000e2c00000, 0x00000000e2c00000|100%| O|  |TAMS 0x00000000e2c00000| PB 0x00000000e2b00000| Untracked |  0
|  44|0x00000000e2c00000, 0x00000000e2d00000, 0x00000000e2d00000|100%| O|  |TAMS 0x00000000e2d00000| PB 0x00000000e2c00000| Untracked |  0
|  45|0x00000000e2d00000, 0x00000000e2e00000, 0x00000000e2e00000|100%| O|  |TAMS 0x00000000e2e00000| PB 0x00000000e2d00000| Untracked |  0
|  46|0x00000000e2e00000, 0x00000000e2f00000, 0x00000000e2f00000|100%| O|  |TAMS 0x00000000e2f00000| PB 0x00000000e2e00000| Untracked |  0
|  47|0x00000000e2f00000, 0x00000000e3000000, 0x00000000e3000000|100%| O|  |TAMS 0x00000000e3000000| PB 0x00000000e2f00000| Untracked |  0
|  48|0x00000000e3000000, 0x00000000e3100000, 0x00000000e3100000|100%| O|  |TAMS 0x00000000e3100000| PB 0x00000000e3000000| Untracked |  0
|  49|0x00000000e3100000, 0x00000000e3200000, 0x00000000e3200000|100%| O|  |TAMS 0x00000000e3200000| PB 0x00000000e3100000| Untracked |  0
|  50|0x00000000e3200000, 0x00000000e3300000, 0x00000000e3300000|100%| O|  |TAMS 0x00000000e3300000| PB 0x00000000e3200000| Untracked |  0
|  51|0x00000000e3300000, 0x00000000e3400000, 0x00000000e3400000|100%| O|  |TAMS 0x00000000e3400000| PB 0x00000000e3300000| Untracked |  0
|  52|0x00000000e3400000, 0x00000000e3500000, 0x00000000e3500000|100%| O|  |TAMS 0x00000000e3500000| PB 0x00000000e3400000| Untracked |  0
|  53|0x00000000e3500000, 0x00000000e3600000, 0x00000000e3600000|100%| O|  |TAMS 0x00000000e3600000| PB 0x00000000e3500000| Untracked |  0
|  54|0x00000000e3600000, 0x00000000e3700000, 0x00000000e3700000|100%| O|  |TAMS 0x00000000e3700000| PB 0x00000000e3600000| Untracked |  0
|  55|0x00000000e3700000, 0x00000000e3800000, 0x00000000e3800000|100%| O|  |TAMS 0x00000000e3800000| PB 0x00000000e3700000| Untracked |  0
|  56|0x00000000e3800000, 0x00000000e3900000, 0x00000000e3900000|100%| O|  |TAMS 0x00000000e3900000| PB 0x00000000e3800000| Untracked |  0
|  57|0x00000000e3900000, 0x00000000e3a00000, 0x00000000e3a00000|100%| O|  |TAMS 0x00000000e3a00000| PB 0x00000000e3900000| Untracked |  0
|  58|0x00000000e3a00000, 0x00000000e3b00000, 0x00000000e3b00000|100%| O|  |TAMS 0x00000000e3b00000| PB 0x00000000e3a00000| Untracked |  0
|  59|0x00000000e3b00000, 0x00000000e3c00000, 0x00000000e3c00000|100%| O|  |TAMS 0x00000000e3c00000| PB 0x00000000e3b00000| Untracked |  0
|  60|0x00000000e3c00000, 0x00000000e3d00000, 0x00000000e3d00000|100%| O|  |TAMS 0x00000000e3d00000| PB 0x00000000e3c00000| Untracked |  0
|  61|0x00000000e3d00000, 0x00000000e3e00000, 0x00000000e3e00000|100%| O|  |TAMS 0x00000000e3e00000| PB 0x00000000e3d00000| Untracked |  0
|  62|0x00000000e3e00000, 0x00000000e3f00000, 0x00000000e3f00000|100%| O|  |TAMS 0x00000000e3f00000| PB 0x00000000e3e00000| Untracked |  0
|  63|0x00000000e3f00000, 0x00000000e4000000, 0x00000000e4000000|100%| O|  |TAMS 0x00000000e4000000| PB 0x00000000e3f00000| Untracked |  0
|  64|0x00000000e4000000, 0x00000000e4100000, 0x00000000e4100000|100%| O|  |TAMS 0x00000000e4100000| PB 0x00000000e4000000| Untracked |  0
|  65|0x00000000e4100000, 0x00000000e4200000, 0x00000000e4200000|100%| O|  |TAMS 0x00000000e4200000| PB 0x00000000e4100000| Untracked |  0
|  66|0x00000000e4200000, 0x00000000e4300000, 0x00000000e4300000|100%| O|  |TAMS 0x00000000e4300000| PB 0x00000000e4200000| Untracked |  0
|  67|0x00000000e4300000, 0x00000000e4400000, 0x00000000e4400000|100%| O|  |TAMS 0x00000000e4400000| PB 0x00000000e4300000| Untracked |  0
|  68|0x00000000e4400000, 0x00000000e4500000, 0x00000000e4500000|100%| O|  |TAMS 0x00000000e4500000| PB 0x00000000e4400000| Untracked |  0
|  69|0x00000000e4500000, 0x00000000e4600000, 0x00000000e4600000|100%| O|  |TAMS 0x00000000e4600000| PB 0x00000000e4500000| Untracked |  0
|  70|0x00000000e4600000, 0x00000000e4700000, 0x00000000e4700000|100%| O|  |TAMS 0x00000000e4700000| PB 0x00000000e4600000| Untracked |  0
|  71|0x00000000e4700000, 0x00000000e4800000, 0x00000000e4800000|100%|HS|  |TAMS 0x00000000e4800000| PB 0x00000000e4700000| Complete |  0
|  72|0x00000000e4800000, 0x00000000e4900000, 0x00000000e4900000|100%|HS|  |TAMS 0x00000000e4900000| PB 0x00000000e4800000| Complete |  0
|  73|0x00000000e4900000, 0x00000000e4a00000, 0x00000000e4a00000|100%|HS|  |TAMS 0x00000000e4a00000| PB 0x00000000e4900000| Complete |  0
|  74|0x00000000e4a00000, 0x00000000e4b00000, 0x00000000e4b00000|100%|HC|  |TAMS 0x00000000e4b00000| PB 0x00000000e4a00000| Complete |  0
|  75|0x00000000e4b00000, 0x00000000e4c00000, 0x00000000e4c00000|100%|HS|  |TAMS 0x00000000e4c00000| PB 0x00000000e4b00000| Complete |  0
|  76|0x00000000e4c00000, 0x00000000e4d00000, 0x00000000e4d00000|100%|HC|  |TAMS 0x00000000e4d00000| PB 0x00000000e4c00000| Complete |  0
|  77|0x00000000e4d00000, 0x00000000e4e00000, 0x00000000e4e00000|100%|HS|  |TAMS 0x00000000e4e00000| PB 0x00000000e4d00000| Complete |  0
|  78|0x00000000e4e00000, 0x00000000e4f00000, 0x00000000e4f00000|100%|HS|  |TAMS 0x00000000e4f00000| PB 0x00000000e4e00000| Complete |  0
|  79|0x00000000e4f00000, 0x00000000e5000000, 0x00000000e5000000|100%|HS|  |TAMS 0x00000000e5000000| PB 0x00000000e4f00000| Complete |  0
|  80|0x00000000e5000000, 0x00000000e5100000, 0x00000000e5100000|100%|HC|  |TAMS 0x00000000e5100000| PB 0x00000000e5000000| Complete |  0
|  81|0x00000000e5100000, 0x00000000e5200000, 0x00000000e5200000|100%|HC|  |TAMS 0x00000000e5200000| PB 0x00000000e5100000| Complete |  0
|  82|0x00000000e5200000, 0x00000000e5300000, 0x00000000e5300000|100%|HS|  |TAMS 0x00000000e5300000| PB 0x00000000e5200000| Complete |  0
|  83|0x00000000e5300000, 0x00000000e5400000, 0x00000000e5400000|100%| O|  |TAMS 0x00000000e5400000| PB 0x00000000e5300000| Untracked |  0
|  84|0x00000000e5400000, 0x00000000e5500000, 0x00000000e5500000|100%|HS|  |TAMS 0x00000000e5500000| PB 0x00000000e5400000| Complete |  0
|  85|0x00000000e5500000, 0x00000000e5600000, 0x00000000e5600000|100%|HS|  |TAMS 0x00000000e5600000| PB 0x00000000e5500000| Complete |  0
|  86|0x00000000e5600000, 0x00000000e5700000, 0x00000000e5700000|100%|HC|  |TAMS 0x00000000e5700000| PB 0x00000000e5600000| Complete |  0
|  87|0x00000000e5700000, 0x00000000e5800000, 0x00000000e5800000|100%|HC|  |TAMS 0x00000000e5800000| PB 0x00000000e5700000| Complete |  0
|  88|0x00000000e5800000, 0x00000000e5900000, 0x00000000e5900000|100%| O|  |TAMS 0x00000000e5900000| PB 0x00000000e5800000| Untracked |  0
|  89|0x00000000e5900000, 0x00000000e5a00000, 0x00000000e5a00000|100%| O|  |TAMS 0x00000000e5a00000| PB 0x00000000e5900000| Untracked |  0
|  90|0x00000000e5a00000, 0x00000000e5b00000, 0x00000000e5b00000|100%|HS|  |TAMS 0x00000000e5b00000| PB 0x00000000e5a00000| Complete |  0
|  91|0x00000000e5b00000, 0x00000000e5c00000, 0x00000000e5c00000|100%| O|  |TAMS 0x00000000e5c00000| PB 0x00000000e5b00000| Untracked |  0
|  92|0x00000000e5c00000, 0x00000000e5d00000, 0x00000000e5d00000|100%| O|  |TAMS 0x00000000e5d00000| PB 0x00000000e5c00000| Untracked |  0
|  93|0x00000000e5d00000, 0x00000000e5e00000, 0x00000000e5e00000|100%| O|  |TAMS 0x00000000e5e00000| PB 0x00000000e5d00000| Untracked |  0
|  94|0x00000000e5e00000, 0x00000000e5f00000, 0x00000000e5f00000|100%| O|  |TAMS 0x00000000e5f00000| PB 0x00000000e5e00000| Untracked |  0
|  95|0x00000000e5f00000, 0x00000000e6000000, 0x00000000e6000000|100%| O|  |TAMS 0x00000000e6000000| PB 0x00000000e5f00000| Untracked |  0
|  96|0x00000000e6000000, 0x00000000e6100000, 0x00000000e6100000|100%| O|  |TAMS 0x00000000e6100000| PB 0x00000000e6000000| Untracked |  0
|  97|0x00000000e6100000, 0x00000000e6200000, 0x00000000e6200000|100%| O|  |TAMS 0x00000000e6200000| PB 0x00000000e6100000| Untracked |  0
|  98|0x00000000e6200000, 0x00000000e6300000, 0x00000000e6300000|100%| O|  |TAMS 0x00000000e6300000| PB 0x00000000e6200000| Untracked |  0
|  99|0x00000000e6300000, 0x00000000e6400000, 0x00000000e6400000|100%| O|  |TAMS 0x00000000e6400000| PB 0x00000000e6300000| Untracked |  0
| 100|0x00000000e6400000, 0x00000000e6500000, 0x00000000e6500000|100%| O|  |TAMS 0x00000000e6500000| PB 0x00000000e6400000| Untracked |  0
| 101|0x00000000e6500000, 0x00000000e6600000, 0x00000000e6600000|100%| O|  |TAMS 0x00000000e6600000| PB 0x00000000e6500000| Untracked |  0
| 102|0x00000000e6600000, 0x00000000e6700000, 0x00000000e6700000|100%| O|  |TAMS 0x00000000e6700000| PB 0x00000000e6600000| Untracked |  0
| 103|0x00000000e6700000, 0x00000000e6800000, 0x00000000e6800000|100%| O|  |TAMS 0x00000000e6800000| PB 0x00000000e6700000| Untracked |  0
| 104|0x00000000e6800000, 0x00000000e6900000, 0x00000000e6900000|100%| O|  |TAMS 0x00000000e6900000| PB 0x00000000e6800000| Untracked |  0
| 105|0x00000000e6900000, 0x00000000e6a00000, 0x00000000e6a00000|100%| O|  |TAMS 0x00000000e6a00000| PB 0x00000000e6900000| Untracked |  0
| 106|0x00000000e6a00000, 0x00000000e6b00000, 0x00000000e6b00000|100%| O|  |TAMS 0x00000000e6b00000| PB 0x00000000e6a00000| Untracked |  0
| 107|0x00000000e6b00000, 0x00000000e6c00000, 0x00000000e6c00000|100%| O|  |TAMS 0x00000000e6c00000| PB 0x00000000e6b00000| Untracked |  0
| 108|0x00000000e6c00000, 0x00000000e6d00000, 0x00000000e6d00000|100%| O|  |TAMS 0x00000000e6d00000| PB 0x00000000e6c00000| Untracked |  0
| 109|0x00000000e6d00000, 0x00000000e6e00000, 0x00000000e6e00000|100%| O|  |TAMS 0x00000000e6e00000| PB 0x00000000e6d00000| Untracked |  0
| 110|0x00000000e6e00000, 0x00000000e6f00000, 0x00000000e6f00000|100%| O|  |TAMS 0x00000000e6f00000| PB 0x00000000e6e00000| Untracked |  0
| 111|0x00000000e6f00000, 0x00000000e7000000, 0x00000000e7000000|100%| O|  |TAMS 0x00000000e7000000| PB 0x00000000e6f00000| Untracked |  0
| 112|0x00000000e7000000, 0x00000000e7100000, 0x00000000e7100000|100%| O|  |TAMS 0x00000000e7100000| PB 0x00000000e7000000| Untracked |  0
| 113|0x00000000e7100000, 0x00000000e7200000, 0x00000000e7200000|100%| O|  |TAMS 0x00000000e7200000| PB 0x00000000e7100000| Untracked |  0
| 114|0x00000000e7200000, 0x00000000e7300000, 0x00000000e7300000|100%| O|  |TAMS 0x00000000e7300000| PB 0x00000000e7200000| Untracked |  0
| 115|0x00000000e7300000, 0x00000000e7400000, 0x00000000e7400000|100%| O|  |TAMS 0x00000000e7400000| PB 0x00000000e7300000| Untracked |  0
| 116|0x00000000e7400000, 0x00000000e7500000, 0x00000000e7500000|100%| O|  |TAMS 0x00000000e7500000| PB 0x00000000e7400000| Untracked |  0
| 117|0x00000000e7500000, 0x00000000e7600000, 0x00000000e7600000|100%| O|  |TAMS 0x00000000e7600000| PB 0x00000000e7500000| Untracked |  0
| 118|0x00000000e7600000, 0x00000000e7700000, 0x00000000e7700000|100%| O|  |TAMS 0x00000000e7700000| PB 0x00000000e7600000| Untracked |  0
| 119|0x00000000e7700000, 0x00000000e7800000, 0x00000000e7800000|100%| O|  |TAMS 0x00000000e7800000| PB 0x00000000e7700000| Untracked |  0
| 120|0x00000000e7800000, 0x00000000e7900000, 0x00000000e7900000|100%| O|  |TAMS 0x00000000e7900000| PB 0x00000000e7800000| Untracked |  0
| 121|0x00000000e7900000, 0x00000000e7a00000, 0x00000000e7a00000|100%| O|  |TAMS 0x00000000e7a00000| PB 0x00000000e7900000| Untracked |  0
| 122|0x00000000e7a00000, 0x00000000e7b00000, 0x00000000e7b00000|100%| O|  |TAMS 0x00000000e7b00000| PB 0x00000000e7a00000| Untracked |  0
| 123|0x00000000e7b00000, 0x00000000e7c00000, 0x00000000e7c00000|100%| O|  |TAMS 0x00000000e7c00000| PB 0x00000000e7b00000| Untracked |  0
| 124|0x00000000e7c00000, 0x00000000e7d00000, 0x00000000e7d00000|100%| O|  |TAMS 0x00000000e7d00000| PB 0x00000000e7c00000| Untracked |  0
| 125|0x00000000e7d00000, 0x00000000e7e00000, 0x00000000e7e00000|100%| O|  |TAMS 0x00000000e7e00000| PB 0x00000000e7d00000| Untracked |  0
| 126|0x00000000e7e00000, 0x00000000e7f00000, 0x00000000e7f00000|100%| O|  |TAMS 0x00000000e7f00000| PB 0x00000000e7e00000| Untracked |  0
| 127|0x00000000e7f00000, 0x00000000e8000000, 0x00000000e8000000|100%| O|  |TAMS 0x00000000e8000000| PB 0x00000000e7f00000| Untracked |  0
| 128|0x00000000e8000000, 0x00000000e8100000, 0x00000000e8100000|100%| O|  |TAMS 0x00000000e8100000| PB 0x00000000e8000000| Untracked |  0
| 129|0x00000000e8100000, 0x00000000e8200000, 0x00000000e8200000|100%| O|  |TAMS 0x00000000e8200000| PB 0x00000000e8100000| Untracked |  0
| 130|0x00000000e8200000, 0x00000000e8300000, 0x00000000e8300000|100%| O|  |TAMS 0x00000000e8300000| PB 0x00000000e8200000| Untracked |  0
| 131|0x00000000e8300000, 0x00000000e8400000, 0x00000000e8400000|100%| O|  |TAMS 0x00000000e8400000| PB 0x00000000e8300000| Untracked |  0
| 132|0x00000000e8400000, 0x00000000e8500000, 0x00000000e8500000|100%| O|  |TAMS 0x00000000e8500000| PB 0x00000000e8400000| Untracked |  0
| 133|0x00000000e8500000, 0x00000000e8600000, 0x00000000e8600000|100%| O|  |TAMS 0x00000000e8600000| PB 0x00000000e8500000| Untracked |  0
| 134|0x00000000e8600000, 0x00000000e8700000, 0x00000000e8700000|100%| O|  |TAMS 0x00000000e8700000| PB 0x00000000e8600000| Untracked |  0
| 135|0x00000000e8700000, 0x00000000e8800000, 0x00000000e8800000|100%| O|  |TAMS 0x00000000e8800000| PB 0x00000000e8700000| Untracked |  0
| 136|0x00000000e8800000, 0x00000000e8900000, 0x00000000e8900000|100%| O|  |TAMS 0x00000000e8900000| PB 0x00000000e8800000| Untracked |  0
| 137|0x00000000e8900000, 0x00000000e8a00000, 0x00000000e8a00000|100%| O|  |TAMS 0x00000000e8a00000| PB 0x00000000e8900000| Untracked |  0
| 138|0x00000000e8a00000, 0x00000000e8b00000, 0x00000000e8b00000|100%| O|  |TAMS 0x00000000e8b00000| PB 0x00000000e8a00000| Untracked |  0
| 139|0x00000000e8b00000, 0x00000000e8c00000, 0x00000000e8c00000|100%| O|  |TAMS 0x00000000e8c00000| PB 0x00000000e8b00000| Untracked |  0
| 140|0x00000000e8c00000, 0x00000000e8d00000, 0x00000000e8d00000|100%| O|  |TAMS 0x00000000e8d00000| PB 0x00000000e8c00000| Untracked |  0
| 141|0x00000000e8d00000, 0x00000000e8e00000, 0x00000000e8e00000|100%| O|  |TAMS 0x00000000e8e00000| PB 0x00000000e8d00000| Untracked |  0
| 142|0x00000000e8e00000, 0x00000000e8f00000, 0x00000000e8f00000|100%| O|  |TAMS 0x00000000e8f00000| PB 0x00000000e8e00000| Untracked |  0
| 143|0x00000000e8f00000, 0x00000000e9000000, 0x00000000e9000000|100%| O|  |TAMS 0x00000000e9000000| PB 0x00000000e8f00000| Untracked |  0
| 144|0x00000000e9000000, 0x00000000e9100000, 0x00000000e9100000|100%| O|  |TAMS 0x00000000e9100000| PB 0x00000000e9000000| Untracked |  0
| 145|0x00000000e9100000, 0x00000000e9200000, 0x00000000e9200000|100%| O|  |TAMS 0x00000000e9200000| PB 0x00000000e9100000| Untracked |  0
| 146|0x00000000e9200000, 0x00000000e9300000, 0x00000000e9300000|100%| O|  |TAMS 0x00000000e9300000| PB 0x00000000e9200000| Untracked |  0
| 147|0x00000000e9300000, 0x00000000e9400000, 0x00000000e9400000|100%| O|  |TAMS 0x00000000e9400000| PB 0x00000000e9300000| Untracked |  0
| 148|0x00000000e9400000, 0x00000000e9500000, 0x00000000e9500000|100%| O|  |TAMS 0x00000000e9500000| PB 0x00000000e9400000| Untracked |  0
| 149|0x00000000e9500000, 0x00000000e9600000, 0x00000000e9600000|100%| O|  |TAMS 0x00000000e9600000| PB 0x00000000e9500000| Untracked |  0
| 150|0x00000000e9600000, 0x00000000e9700000, 0x00000000e9700000|100%| O|  |TAMS 0x00000000e9700000| PB 0x00000000e9600000| Untracked |  0
| 151|0x00000000e9700000, 0x00000000e9800000, 0x00000000e9800000|100%| O|  |TAMS 0x00000000e9800000| PB 0x00000000e9700000| Untracked |  0
| 152|0x00000000e9800000, 0x00000000e9900000, 0x00000000e9900000|100%| O|  |TAMS 0x00000000e9900000| PB 0x00000000e9800000| Untracked |  0
| 153|0x00000000e9900000, 0x00000000e9a00000, 0x00000000e9a00000|100%| O|  |TAMS 0x00000000e9a00000| PB 0x00000000e9900000| Untracked |  0
| 154|0x00000000e9a00000, 0x00000000e9b00000, 0x00000000e9b00000|100%| O|  |TAMS 0x00000000e9b00000| PB 0x00000000e9a00000| Untracked |  0
| 155|0x00000000e9b00000, 0x00000000e9c00000, 0x00000000e9c00000|100%| O|  |TAMS 0x00000000e9c00000| PB 0x00000000e9b00000| Untracked |  0
| 156|0x00000000e9c00000, 0x00000000e9d00000, 0x00000000e9d00000|100%| O|  |TAMS 0x00000000e9d00000| PB 0x00000000e9c00000| Untracked |  0
| 157|0x00000000e9d00000, 0x00000000e9e00000, 0x00000000e9e00000|100%| O|  |TAMS 0x00000000e9e00000| PB 0x00000000e9d00000| Untracked |  0
| 158|0x00000000e9e00000, 0x00000000e9f00000, 0x00000000e9f00000|100%| O|  |TAMS 0x00000000e9f00000| PB 0x00000000e9e00000| Untracked |  0
| 159|0x00000000e9f00000, 0x00000000ea000000, 0x00000000ea000000|100%| O|  |TAMS 0x00000000ea000000| PB 0x00000000e9f00000| Untracked |  0
| 160|0x00000000ea000000, 0x00000000ea100000, 0x00000000ea100000|100%| O|  |TAMS 0x00000000ea100000| PB 0x00000000ea000000| Untracked |  0
| 161|0x00000000ea100000, 0x00000000ea200000, 0x00000000ea200000|100%| O|  |TAMS 0x00000000ea200000| PB 0x00000000ea100000| Untracked |  0
| 162|0x00000000ea200000, 0x00000000ea300000, 0x00000000ea300000|100%| O|  |TAMS 0x00000000ea300000| PB 0x00000000ea200000| Untracked |  0
| 163|0x00000000ea300000, 0x00000000ea400000, 0x00000000ea400000|100%| O|  |TAMS 0x00000000ea400000| PB 0x00000000ea300000| Untracked |  0
| 164|0x00000000ea400000, 0x00000000ea500000, 0x00000000ea500000|100%| O|  |TAMS 0x00000000ea500000| PB 0x00000000ea400000| Untracked |  0
| 165|0x00000000ea500000, 0x00000000ea600000, 0x00000000ea600000|100%| O|  |TAMS 0x00000000ea600000| PB 0x00000000ea500000| Untracked |  0
| 166|0x00000000ea600000, 0x00000000ea700000, 0x00000000ea700000|100%| O|  |TAMS 0x00000000ea700000| PB 0x00000000ea600000| Untracked |  0
| 167|0x00000000ea700000, 0x00000000ea800000, 0x00000000ea800000|100%| O|  |TAMS 0x00000000ea800000| PB 0x00000000ea700000| Untracked |  0
| 168|0x00000000ea800000, 0x00000000ea900000, 0x00000000ea900000|100%| O|  |TAMS 0x00000000ea900000| PB 0x00000000ea800000| Untracked |  0
| 169|0x00000000ea900000, 0x00000000eaa00000, 0x00000000eaa00000|100%| O|  |TAMS 0x00000000eaa00000| PB 0x00000000ea900000| Untracked |  0
| 170|0x00000000eaa00000, 0x00000000eab00000, 0x00000000eab00000|100%| O|  |TAMS 0x00000000eab00000| PB 0x00000000eaa00000| Untracked |  0
| 171|0x00000000eab00000, 0x00000000eac00000, 0x00000000eac00000|100%| O|  |TAMS 0x00000000eac00000| PB 0x00000000eab00000| Untracked |  0
| 172|0x00000000eac00000, 0x00000000ead00000, 0x00000000ead00000|100%| O|  |TAMS 0x00000000ead00000| PB 0x00000000eac00000| Untracked |  0
| 173|0x00000000ead00000, 0x00000000eae00000, 0x00000000eae00000|100%| O|  |TAMS 0x00000000eae00000| PB 0x00000000ead00000| Untracked |  0
| 174|0x00000000eae00000, 0x00000000eaf00000, 0x00000000eaf00000|100%| O|  |TAMS 0x00000000eaf00000| PB 0x00000000eae00000| Untracked |  0
| 175|0x00000000eaf00000, 0x00000000eb000000, 0x00000000eb000000|100%| O|  |TAMS 0x00000000eb000000| PB 0x00000000eaf00000| Untracked |  0
| 176|0x00000000eb000000, 0x00000000eb100000, 0x00000000eb100000|100%| O|  |TAMS 0x00000000eb100000| PB 0x00000000eb000000| Untracked |  0
| 177|0x00000000eb100000, 0x00000000eb200000, 0x00000000eb200000|100%| O|  |TAMS 0x00000000eb200000| PB 0x00000000eb100000| Untracked |  0
| 178|0x00000000eb200000, 0x00000000eb300000, 0x00000000eb300000|100%| O|  |TAMS 0x00000000eb300000| PB 0x00000000eb200000| Untracked |  0
| 179|0x00000000eb300000, 0x00000000eb400000, 0x00000000eb400000|100%| O|  |TAMS 0x00000000eb400000| PB 0x00000000eb300000| Untracked |  0
| 180|0x00000000eb400000, 0x00000000eb500000, 0x00000000eb500000|100%| O|  |TAMS 0x00000000eb500000| PB 0x00000000eb400000| Untracked |  0
| 181|0x00000000eb500000, 0x00000000eb600000, 0x00000000eb600000|100%| O|  |TAMS 0x00000000eb600000| PB 0x00000000eb500000| Untracked |  0
| 182|0x00000000eb600000, 0x00000000eb700000, 0x00000000eb700000|100%| O|  |TAMS 0x00000000eb700000| PB 0x00000000eb600000| Untracked |  0
| 183|0x00000000eb700000, 0x00000000eb800000, 0x00000000eb800000|100%| O|  |TAMS 0x00000000eb800000| PB 0x00000000eb700000| Untracked |  0
| 184|0x00000000eb800000, 0x00000000eb900000, 0x00000000eb900000|100%| O|  |TAMS 0x00000000eb900000| PB 0x00000000eb800000| Untracked |  0
| 185|0x00000000eb900000, 0x00000000eba00000, 0x00000000eba00000|100%| O|  |TAMS 0x00000000eba00000| PB 0x00000000eb900000| Untracked |  0
| 186|0x00000000eba00000, 0x00000000ebb00000, 0x00000000ebb00000|100%| O|  |TAMS 0x00000000ebb00000| PB 0x00000000eba00000| Untracked |  0
| 187|0x00000000ebb00000, 0x00000000ebc00000, 0x00000000ebc00000|100%| O|  |TAMS 0x00000000ebc00000| PB 0x00000000ebb00000| Untracked |  0
| 188|0x00000000ebc00000, 0x00000000ebd00000, 0x00000000ebd00000|100%| O|  |TAMS 0x00000000ebd00000| PB 0x00000000ebc00000| Untracked |  0
| 189|0x00000000ebd00000, 0x00000000ebe00000, 0x00000000ebe00000|100%| O|  |TAMS 0x00000000ebe00000| PB 0x00000000ebd00000| Untracked |  0
| 190|0x00000000ebe00000, 0x00000000ebf00000, 0x00000000ebf00000|100%| O|  |TAMS 0x00000000ebf00000| PB 0x00000000ebe00000| Untracked |  0
| 191|0x00000000ebf00000, 0x00000000ec000000, 0x00000000ec000000|100%| O|  |TAMS 0x00000000ec000000| PB 0x00000000ebf00000| Untracked |  0
| 192|0x00000000ec000000, 0x00000000ec100000, 0x00000000ec100000|100%| O|  |TAMS 0x00000000ec100000| PB 0x00000000ec000000| Untracked |  0
| 193|0x00000000ec100000, 0x00000000ec200000, 0x00000000ec200000|100%| O|  |TAMS 0x00000000ec200000| PB 0x00000000ec100000| Untracked |  0
| 194|0x00000000ec200000, 0x00000000ec300000, 0x00000000ec300000|100%| O|  |TAMS 0x00000000ec300000| PB 0x00000000ec200000| Untracked |  0
| 195|0x00000000ec300000, 0x00000000ec400000, 0x00000000ec400000|100%| O|  |TAMS 0x00000000ec400000| PB 0x00000000ec300000| Untracked |  0
| 196|0x00000000ec400000, 0x00000000ec500000, 0x00000000ec500000|100%| O|  |TAMS 0x00000000ec500000| PB 0x00000000ec400000| Untracked |  0
| 197|0x00000000ec500000, 0x00000000ec600000, 0x00000000ec600000|100%| O|  |TAMS 0x00000000ec600000| PB 0x00000000ec500000| Untracked |  0
| 198|0x00000000ec600000, 0x00000000ec700000, 0x00000000ec700000|100%| O|  |TAMS 0x00000000ec700000| PB 0x00000000ec600000| Untracked |  0
| 199|0x00000000ec700000, 0x00000000ec800000, 0x00000000ec800000|100%| O|  |TAMS 0x00000000ec800000| PB 0x00000000ec700000| Untracked |  0
| 200|0x00000000ec800000, 0x00000000ec900000, 0x00000000ec900000|100%| O|  |TAMS 0x00000000ec900000| PB 0x00000000ec800000| Untracked |  0
| 201|0x00000000ec900000, 0x00000000eca00000, 0x00000000eca00000|100%| O|  |TAMS 0x00000000eca00000| PB 0x00000000ec900000| Untracked |  0
| 202|0x00000000eca00000, 0x00000000ecb00000, 0x00000000ecb00000|100%| O|  |TAMS 0x00000000ecb00000| PB 0x00000000eca00000| Untracked |  0
| 203|0x00000000ecb00000, 0x00000000ecc00000, 0x00000000ecc00000|100%| O|  |TAMS 0x00000000ecc00000| PB 0x00000000ecb00000| Untracked |  0
| 204|0x00000000ecc00000, 0x00000000ecd00000, 0x00000000ecd00000|100%| O|  |TAMS 0x00000000ecd00000| PB 0x00000000ecc00000| Untracked |  0
| 205|0x00000000ecd00000, 0x00000000ece00000, 0x00000000ece00000|100%| O|  |TAMS 0x00000000ece00000| PB 0x00000000ecd00000| Untracked |  0
| 206|0x00000000ece00000, 0x00000000ecf00000, 0x00000000ecf00000|100%| O|  |TAMS 0x00000000ecf00000| PB 0x00000000ece00000| Untracked |  0
| 207|0x00000000ecf00000, 0x00000000ed000000, 0x00000000ed000000|100%| O|  |TAMS 0x00000000ed000000| PB 0x00000000ecf00000| Untracked |  0
| 208|0x00000000ed000000, 0x00000000ed100000, 0x00000000ed100000|100%| O|  |TAMS 0x00000000ed100000| PB 0x00000000ed000000| Untracked |  0
| 209|0x00000000ed100000, 0x00000000ed200000, 0x00000000ed200000|100%| O|  |TAMS 0x00000000ed200000| PB 0x00000000ed100000| Untracked |  0
| 210|0x00000000ed200000, 0x00000000ed300000, 0x00000000ed300000|100%| O|  |TAMS 0x00000000ed300000| PB 0x00000000ed200000| Untracked |  0
| 211|0x00000000ed300000, 0x00000000ed400000, 0x00000000ed400000|100%| O|  |TAMS 0x00000000ed400000| PB 0x00000000ed300000| Untracked |  0
| 212|0x00000000ed400000, 0x00000000ed500000, 0x00000000ed500000|100%| O|  |TAMS 0x00000000ed500000| PB 0x00000000ed400000| Untracked |  0
| 213|0x00000000ed500000, 0x00000000ed500000, 0x00000000ed600000|  0%| F|  |TAMS 0x00000000ed500000| PB 0x00000000ed500000| Untracked |  0
| 214|0x00000000ed600000, 0x00000000ed700000, 0x00000000ed700000|100%| O|  |TAMS 0x00000000ed700000| PB 0x00000000ed600000| Untracked |  0
| 215|0x00000000ed700000, 0x00000000ed800000, 0x00000000ed800000|100%| O|  |TAMS 0x00000000ed800000| PB 0x00000000ed700000| Untracked |  0
| 216|0x00000000ed800000, 0x00000000ed900000, 0x00000000ed900000|100%| O|  |TAMS 0x00000000ed900000| PB 0x00000000ed800000| Untracked |  0
| 217|0x00000000ed900000, 0x00000000eda00000, 0x00000000eda00000|100%| O|  |TAMS 0x00000000eda00000| PB 0x00000000ed900000| Untracked |  0
| 218|0x00000000eda00000, 0x00000000edb00000, 0x00000000edb00000|100%| O|  |TAMS 0x00000000edb00000| PB 0x00000000eda00000| Untracked |  0
| 219|0x00000000edb00000, 0x00000000edc00000, 0x00000000edc00000|100%| O|  |TAMS 0x00000000edc00000| PB 0x00000000edb00000| Untracked |  0
| 220|0x00000000edc00000, 0x00000000edd00000, 0x00000000edd00000|100%| O|  |TAMS 0x00000000edd00000| PB 0x00000000edc00000| Untracked |  0
| 221|0x00000000edd00000, 0x00000000ede00000, 0x00000000ede00000|100%| O|  |TAMS 0x00000000ede00000| PB 0x00000000edd00000| Untracked |  0
| 222|0x00000000ede00000, 0x00000000edf00000, 0x00000000edf00000|100%| O|  |TAMS 0x00000000edf00000| PB 0x00000000ede00000| Untracked |  0
| 223|0x00000000edf00000, 0x00000000ee000000, 0x00000000ee000000|100%| O|  |TAMS 0x00000000ee000000| PB 0x00000000edf00000| Untracked |  0
| 224|0x00000000ee000000, 0x00000000ee100000, 0x00000000ee100000|100%| O|  |TAMS 0x00000000ee100000| PB 0x00000000ee000000| Untracked |  0
| 225|0x00000000ee100000, 0x00000000ee200000, 0x00000000ee200000|100%| O|  |TAMS 0x00000000ee200000| PB 0x00000000ee100000| Untracked |  0
| 226|0x00000000ee200000, 0x00000000ee300000, 0x00000000ee300000|100%| O|  |TAMS 0x00000000ee300000| PB 0x00000000ee200000| Untracked |  0
| 227|0x00000000ee300000, 0x00000000ee400000, 0x00000000ee400000|100%| O|  |TAMS 0x00000000ee400000| PB 0x00000000ee300000| Untracked |  0
| 228|0x00000000ee400000, 0x00000000ee500000, 0x00000000ee500000|100%| O|  |TAMS 0x00000000ee500000| PB 0x00000000ee400000| Untracked |  0
| 229|0x00000000ee500000, 0x00000000ee600000, 0x00000000ee600000|100%| O|  |TAMS 0x00000000ee600000| PB 0x00000000ee500000| Untracked |  0
| 230|0x00000000ee600000, 0x00000000ee700000, 0x00000000ee700000|100%| O|  |TAMS 0x00000000ee700000| PB 0x00000000ee600000| Untracked |  0
| 231|0x00000000ee700000, 0x00000000ee800000, 0x00000000ee800000|100%| O|  |TAMS 0x00000000ee800000| PB 0x00000000ee700000| Untracked |  0
| 232|0x00000000ee800000, 0x00000000ee900000, 0x00000000ee900000|100%| O|  |TAMS 0x00000000ee900000| PB 0x00000000ee800000| Untracked |  0
| 233|0x00000000ee900000, 0x00000000eea00000, 0x00000000eea00000|100%| O|  |TAMS 0x00000000eea00000| PB 0x00000000ee900000| Untracked |  0
| 234|0x00000000eea00000, 0x00000000eeb00000, 0x00000000eeb00000|100%| O|  |TAMS 0x00000000eeb00000| PB 0x00000000eea00000| Untracked |  0
| 235|0x00000000eeb00000, 0x00000000eec00000, 0x00000000eec00000|100%| O|  |TAMS 0x00000000eec00000| PB 0x00000000eeb00000| Untracked |  0
| 236|0x00000000eec00000, 0x00000000eed00000, 0x00000000eed00000|100%| O|  |TAMS 0x00000000eed00000| PB 0x00000000eec00000| Untracked |  0
| 237|0x00000000eed00000, 0x00000000eee00000, 0x00000000eee00000|100%| O|  |TAMS 0x00000000eee00000| PB 0x00000000eed00000| Untracked |  0
| 238|0x00000000eee00000, 0x00000000eef00000, 0x00000000eef00000|100%| O|  |TAMS 0x00000000eef00000| PB 0x00000000eee00000| Untracked |  0
| 239|0x00000000eef00000, 0x00000000eef00000, 0x00000000ef000000|  0%| F|  |TAMS 0x00000000eef00000| PB 0x00000000eef00000| Untracked |  0
| 240|0x00000000ef000000, 0x00000000ef100000, 0x00000000ef100000|100%| O|  |TAMS 0x00000000ef100000| PB 0x00000000ef000000| Untracked |  0
| 241|0x00000000ef100000, 0x00000000ef200000, 0x00000000ef200000|100%| O|  |TAMS 0x00000000ef200000| PB 0x00000000ef100000| Untracked |  0
| 242|0x00000000ef200000, 0x00000000ef300000, 0x00000000ef300000|100%| O|  |TAMS 0x00000000ef300000| PB 0x00000000ef200000| Untracked |  0
| 243|0x00000000ef300000, 0x00000000ef400000, 0x00000000ef400000|100%| O|  |TAMS 0x00000000ef400000| PB 0x00000000ef300000| Untracked |  0
| 244|0x00000000ef400000, 0x00000000ef500000, 0x00000000ef500000|100%| O|  |TAMS 0x00000000ef500000| PB 0x00000000ef400000| Untracked |  0
| 245|0x00000000ef500000, 0x00000000ef600000, 0x00000000ef600000|100%| O|  |TAMS 0x00000000ef600000| PB 0x00000000ef500000| Untracked |  0
| 246|0x00000000ef600000, 0x00000000ef700000, 0x00000000ef700000|100%| O|  |TAMS 0x00000000ef700000| PB 0x00000000ef600000| Untracked |  0
| 247|0x00000000ef700000, 0x00000000ef800000, 0x00000000ef800000|100%| O|  |TAMS 0x00000000ef800000| PB 0x00000000ef700000| Untracked |  0
| 248|0x00000000ef800000, 0x00000000ef900000, 0x00000000ef900000|100%| O|  |TAMS 0x00000000ef900000| PB 0x00000000ef800000| Untracked |  0
| 249|0x00000000ef900000, 0x00000000efa00000, 0x00000000efa00000|100%| O|  |TAMS 0x00000000efa00000| PB 0x00000000ef900000| Untracked |  0
| 250|0x00000000efa00000, 0x00000000efb00000, 0x00000000efb00000|100%| O|  |TAMS 0x00000000efb00000| PB 0x00000000efa00000| Untracked |  0
| 251|0x00000000efb00000, 0x00000000efc00000, 0x00000000efc00000|100%| O|  |TAMS 0x00000000efc00000| PB 0x00000000efb00000| Untracked |  0
| 252|0x00000000efc00000, 0x00000000efd00000, 0x00000000efd00000|100%| O|  |TAMS 0x00000000efd00000| PB 0x00000000efc00000| Untracked |  0
| 253|0x00000000efd00000, 0x00000000efe00000, 0x00000000efe00000|100%| O|  |TAMS 0x00000000efe00000| PB 0x00000000efd00000| Untracked |  0
| 254|0x00000000efe00000, 0x00000000eff00000, 0x00000000eff00000|100%| O|  |TAMS 0x00000000eff00000| PB 0x00000000efe00000| Untracked |  0
| 255|0x00000000eff00000, 0x00000000f0000000, 0x00000000f0000000|100%| O|  |TAMS 0x00000000f0000000| PB 0x00000000eff00000| Untracked |  0
| 256|0x00000000f0000000, 0x00000000f0100000, 0x00000000f0100000|100%| O|  |TAMS 0x00000000f0100000| PB 0x00000000f0000000| Untracked |  0
| 257|0x00000000f0100000, 0x00000000f0200000, 0x00000000f0200000|100%| O|  |TAMS 0x00000000f0200000| PB 0x00000000f0100000| Untracked |  0
| 258|0x00000000f0200000, 0x00000000f02d2978, 0x00000000f0300000| 82%| O|  |TAMS 0x00000000f02d2978| PB 0x00000000f0200000| Untracked |  0
| 259|0x00000000f0300000, 0x00000000f0300000, 0x00000000f0400000|  0%| F|  |TAMS 0x00000000f0300000| PB 0x00000000f0300000| Untracked |  0
| 260|0x00000000f0400000, 0x00000000f0500000, 0x00000000f0500000|100%| O|  |TAMS 0x00000000f0500000| PB 0x00000000f0400000| Untracked |  0
| 261|0x00000000f0500000, 0x00000000f0600000, 0x00000000f0600000|100%| O|  |TAMS 0x00000000f0600000| PB 0x00000000f0500000| Untracked |  0
| 262|0x00000000f0600000, 0x00000000f0700000, 0x00000000f0700000|100%| O|  |TAMS 0x00000000f0700000| PB 0x00000000f0600000| Untracked |  0
| 263|0x00000000f0700000, 0x00000000f0800000, 0x00000000f0800000|100%| O|  |TAMS 0x00000000f0800000| PB 0x00000000f0700000| Untracked |  0
| 264|0x00000000f0800000, 0x00000000f0900000, 0x00000000f0900000|100%| O|  |TAMS 0x00000000f0900000| PB 0x00000000f0800000| Untracked |  0
| 265|0x00000000f0900000, 0x00000000f0a00000, 0x00000000f0a00000|100%| O|  |TAMS 0x00000000f0a00000| PB 0x00000000f0900000| Untracked |  0
| 266|0x00000000f0a00000, 0x00000000f0a00000, 0x00000000f0b00000|  0%| F|  |TAMS 0x00000000f0a00000| PB 0x00000000f0a00000| Untracked |  0
| 267|0x00000000f0b00000, 0x00000000f0b00000, 0x00000000f0c00000|  0%| F|  |TAMS 0x00000000f0b00000| PB 0x00000000f0b00000| Untracked |  0
| 268|0x00000000f0c00000, 0x00000000f0c00000, 0x00000000f0d00000|  0%| F|  |TAMS 0x00000000f0c00000| PB 0x00000000f0c00000| Untracked |  0
| 269|0x00000000f0d00000, 0x00000000f0d00000, 0x00000000f0e00000|  0%| F|  |TAMS 0x00000000f0d00000| PB 0x00000000f0d00000| Untracked |  0
| 270|0x00000000f0e00000, 0x00000000f0e00000, 0x00000000f0f00000|  0%| F|  |TAMS 0x00000000f0e00000| PB 0x00000000f0e00000| Untracked |  0
| 271|0x00000000f0f00000, 0x00000000f0f00000, 0x00000000f1000000|  0%| F|  |TAMS 0x00000000f0f00000| PB 0x00000000f0f00000| Untracked |  0
| 272|0x00000000f1000000, 0x00000000f1000000, 0x00000000f1100000|  0%| F|  |TAMS 0x00000000f1000000| PB 0x00000000f1000000| Untracked |  0
| 273|0x00000000f1100000, 0x00000000f1100000, 0x00000000f1200000|  0%| F|  |TAMS 0x00000000f1100000| PB 0x00000000f1100000| Untracked |  0
| 274|0x00000000f1200000, 0x00000000f1200000, 0x00000000f1300000|  0%| F|  |TAMS 0x00000000f1200000| PB 0x00000000f1200000| Untracked |  0
| 275|0x00000000f1300000, 0x00000000f1300000, 0x00000000f1400000|  0%| F|  |TAMS 0x00000000f1300000| PB 0x00000000f1300000| Untracked |  0
| 276|0x00000000f1400000, 0x00000000f1400000, 0x00000000f1500000|  0%| F|  |TAMS 0x00000000f1400000| PB 0x00000000f1400000| Untracked |  0
| 277|0x00000000f1500000, 0x00000000f1500000, 0x00000000f1600000|  0%| F|  |TAMS 0x00000000f1500000| PB 0x00000000f1500000| Untracked |  0
| 278|0x00000000f1600000, 0x00000000f1600000, 0x00000000f1700000|  0%| F|  |TAMS 0x00000000f1600000| PB 0x00000000f1600000| Untracked |  0
| 279|0x00000000f1700000, 0x00000000f1700000, 0x00000000f1800000|  0%| F|  |TAMS 0x00000000f1700000| PB 0x00000000f1700000| Untracked |  0
| 280|0x00000000f1800000, 0x00000000f1800000, 0x00000000f1900000|  0%| F|  |TAMS 0x00000000f1800000| PB 0x00000000f1800000| Untracked |  0
| 281|0x00000000f1900000, 0x00000000f1900000, 0x00000000f1a00000|  0%| F|  |TAMS 0x00000000f1900000| PB 0x00000000f1900000| Untracked |  0
| 282|0x00000000f1a00000, 0x00000000f1a00000, 0x00000000f1b00000|  0%| F|  |TAMS 0x00000000f1a00000| PB 0x00000000f1a00000| Untracked |  0
| 283|0x00000000f1b00000, 0x00000000f1b00000, 0x00000000f1c00000|  0%| F|  |TAMS 0x00000000f1b00000| PB 0x00000000f1b00000| Untracked |  0
| 284|0x00000000f1c00000, 0x00000000f1c00000, 0x00000000f1d00000|  0%| F|  |TAMS 0x00000000f1c00000| PB 0x00000000f1c00000| Untracked |  0
| 285|0x00000000f1d00000, 0x00000000f1d00000, 0x00000000f1e00000|  0%| F|  |TAMS 0x00000000f1d00000| PB 0x00000000f1d00000| Untracked |  0
| 286|0x00000000f1e00000, 0x00000000f1e00000, 0x00000000f1f00000|  0%| F|  |TAMS 0x00000000f1e00000| PB 0x00000000f1e00000| Untracked |  0
| 287|0x00000000f1f00000, 0x00000000f1f00000, 0x00000000f2000000|  0%| F|  |TAMS 0x00000000f1f00000| PB 0x00000000f1f00000| Untracked |  0
| 288|0x00000000f2000000, 0x00000000f2000000, 0x00000000f2100000|  0%| F|  |TAMS 0x00000000f2000000| PB 0x00000000f2000000| Untracked |  0
| 289|0x00000000f2100000, 0x00000000f2100000, 0x00000000f2200000|  0%| F|  |TAMS 0x00000000f2100000| PB 0x00000000f2100000| Untracked |  0
| 290|0x00000000f2200000, 0x00000000f2200000, 0x00000000f2300000|  0%| F|  |TAMS 0x00000000f2200000| PB 0x00000000f2200000| Untracked |  0
| 291|0x00000000f2300000, 0x00000000f2300000, 0x00000000f2400000|  0%| F|  |TAMS 0x00000000f2300000| PB 0x00000000f2300000| Untracked |  0
| 292|0x00000000f2400000, 0x00000000f2457df0, 0x00000000f2500000| 34%| S|CS|TAMS 0x00000000f2400000| PB 0x00000000f2400000| Complete |  0
| 293|0x00000000f2500000, 0x00000000f2600000, 0x00000000f2600000|100%| S|CS|TAMS 0x00000000f2500000| PB 0x00000000f2500000| Complete |  0
| 294|0x00000000f2600000, 0x00000000f2700000, 0x00000000f2700000|100%| S|CS|TAMS 0x00000000f2600000| PB 0x00000000f2600000| Complete |  0
| 295|0x00000000f2700000, 0x00000000f2800000, 0x00000000f2800000|100%| S|CS|TAMS 0x00000000f2700000| PB 0x00000000f2700000| Complete |  0
| 296|0x00000000f2800000, 0x00000000f2900000, 0x00000000f2900000|100%| S|CS|TAMS 0x00000000f2800000| PB 0x00000000f2800000| Complete |  0
| 297|0x00000000f2900000, 0x00000000f2900000, 0x00000000f2a00000|  0%| F|  |TAMS 0x00000000f2900000| PB 0x00000000f2900000| Untracked |  0
| 298|0x00000000f2a00000, 0x00000000f2a00000, 0x00000000f2b00000|  0%| F|  |TAMS 0x00000000f2a00000| PB 0x00000000f2a00000| Untracked |  0
| 299|0x00000000f2b00000, 0x00000000f2b00000, 0x00000000f2c00000|  0%| F|  |TAMS 0x00000000f2b00000| PB 0x00000000f2b00000| Untracked |  0
| 300|0x00000000f2c00000, 0x00000000f2c00000, 0x00000000f2d00000|  0%| F|  |TAMS 0x00000000f2c00000| PB 0x00000000f2c00000| Untracked |  0
| 301|0x00000000f2d00000, 0x00000000f2d00000, 0x00000000f2e00000|  0%| F|  |TAMS 0x00000000f2d00000| PB 0x00000000f2d00000| Untracked |  0
| 302|0x00000000f2e00000, 0x00000000f2e00000, 0x00000000f2f00000|  0%| F|  |TAMS 0x00000000f2e00000| PB 0x00000000f2e00000| Untracked |  0
| 303|0x00000000f2f00000, 0x00000000f3000000, 0x00000000f3000000|100%| S|CS|TAMS 0x00000000f2f00000| PB 0x00000000f2f00000| Complete |  0
| 304|0x00000000f3000000, 0x00000000f3100000, 0x00000000f3100000|100%| S|CS|TAMS 0x00000000f3000000| PB 0x00000000f3000000| Complete |  0
| 305|0x00000000f3100000, 0x00000000f3200000, 0x00000000f3200000|100%| S|CS|TAMS 0x00000000f3100000| PB 0x00000000f3100000| Complete |  0
| 306|0x00000000f3200000, 0x00000000f3300000, 0x00000000f3300000|100%| S|CS|TAMS 0x00000000f3200000| PB 0x00000000f3200000| Complete |  0
| 307|0x00000000f3300000, 0x00000000f3300000, 0x00000000f3400000|  0%| F|  |TAMS 0x00000000f3300000| PB 0x00000000f3300000| Untracked |  0
| 308|0x00000000f3400000, 0x00000000f3400000, 0x00000000f3500000|  0%| F|  |TAMS 0x00000000f3400000| PB 0x00000000f3400000| Untracked |  0
| 309|0x00000000f3500000, 0x00000000f3500000, 0x00000000f3600000|  0%| F|  |TAMS 0x00000000f3500000| PB 0x00000000f3500000| Untracked |  0
| 310|0x00000000f3600000, 0x00000000f3600000, 0x00000000f3700000|  0%| F|  |TAMS 0x00000000f3600000| PB 0x00000000f3600000| Untracked |  0
| 311|0x00000000f3700000, 0x00000000f3700000, 0x00000000f3800000|  0%| F|  |TAMS 0x00000000f3700000| PB 0x00000000f3700000| Untracked |  0
| 312|0x00000000f3800000, 0x00000000f3800000, 0x00000000f3900000|  0%| F|  |TAMS 0x00000000f3800000| PB 0x00000000f3800000| Untracked |  0
| 313|0x00000000f3900000, 0x00000000f3900000, 0x00000000f3a00000|  0%| F|  |TAMS 0x00000000f3900000| PB 0x00000000f3900000| Untracked |  0
| 314|0x00000000f3a00000, 0x00000000f3a00000, 0x00000000f3b00000|  0%| F|  |TAMS 0x00000000f3a00000| PB 0x00000000f3a00000| Untracked |  0
| 315|0x00000000f3b00000, 0x00000000f3b00000, 0x00000000f3c00000|  0%| F|  |TAMS 0x00000000f3b00000| PB 0x00000000f3b00000| Untracked |  0
| 316|0x00000000f3c00000, 0x00000000f3c00000, 0x00000000f3d00000|  0%| F|  |TAMS 0x00000000f3c00000| PB 0x00000000f3c00000| Untracked |  0
| 317|0x00000000f3d00000, 0x00000000f3d00000, 0x00000000f3e00000|  0%| F|  |TAMS 0x00000000f3d00000| PB 0x00000000f3d00000| Untracked |  0
| 318|0x00000000f3e00000, 0x00000000f3e00000, 0x00000000f3f00000|  0%| F|  |TAMS 0x00000000f3e00000| PB 0x00000000f3e00000| Untracked |  0
| 319|0x00000000f3f00000, 0x00000000f3f00000, 0x00000000f4000000|  0%| F|  |TAMS 0x00000000f3f00000| PB 0x00000000f3f00000| Untracked |  0
| 320|0x00000000f4000000, 0x00000000f4000000, 0x00000000f4100000|  0%| F|  |TAMS 0x00000000f4000000| PB 0x00000000f4000000| Untracked |  0
| 321|0x00000000f4100000, 0x00000000f4100000, 0x00000000f4200000|  0%| F|  |TAMS 0x00000000f4100000| PB 0x00000000f4100000| Untracked |  0
| 322|0x00000000f4200000, 0x00000000f4200000, 0x00000000f4300000|  0%| F|  |TAMS 0x00000000f4200000| PB 0x00000000f4200000| Untracked |  0
| 323|0x00000000f4300000, 0x00000000f4300000, 0x00000000f4400000|  0%| F|  |TAMS 0x00000000f4300000| PB 0x00000000f4300000| Untracked |  0
| 324|0x00000000f4400000, 0x00000000f4400000, 0x00000000f4500000|  0%| F|  |TAMS 0x00000000f4400000| PB 0x00000000f4400000| Untracked |  0
| 325|0x00000000f4500000, 0x00000000f4500000, 0x00000000f4600000|  0%| F|  |TAMS 0x00000000f4500000| PB 0x00000000f4500000| Untracked |  0
| 326|0x00000000f4600000, 0x00000000f4600000, 0x00000000f4700000|  0%| F|  |TAMS 0x00000000f4600000| PB 0x00000000f4600000| Untracked |  0
| 327|0x00000000f4700000, 0x00000000f4700000, 0x00000000f4800000|  0%| F|  |TAMS 0x00000000f4700000| PB 0x00000000f4700000| Untracked |  0
| 328|0x00000000f4800000, 0x00000000f4800000, 0x00000000f4900000|  0%| F|  |TAMS 0x00000000f4800000| PB 0x00000000f4800000| Untracked |  0
| 329|0x00000000f4900000, 0x00000000f4900000, 0x00000000f4a00000|  0%| F|  |TAMS 0x00000000f4900000| PB 0x00000000f4900000| Untracked |  0
| 330|0x00000000f4a00000, 0x00000000f4a00000, 0x00000000f4b00000|  0%| F|  |TAMS 0x00000000f4a00000| PB 0x00000000f4a00000| Untracked |  0
| 331|0x00000000f4b00000, 0x00000000f4b00000, 0x00000000f4c00000|  0%| F|  |TAMS 0x00000000f4b00000| PB 0x00000000f4b00000| Untracked |  0
| 332|0x00000000f4c00000, 0x00000000f4c00000, 0x00000000f4d00000|  0%| F|  |TAMS 0x00000000f4c00000| PB 0x00000000f4c00000| Untracked |  0
| 333|0x00000000f4d00000, 0x00000000f4d00000, 0x00000000f4e00000|  0%| F|  |TAMS 0x00000000f4d00000| PB 0x00000000f4d00000| Untracked |  0
| 334|0x00000000f4e00000, 0x00000000f4e00000, 0x00000000f4f00000|  0%| F|  |TAMS 0x00000000f4e00000| PB 0x00000000f4e00000| Untracked |  0
| 335|0x00000000f4f00000, 0x00000000f4f00000, 0x00000000f5000000|  0%| F|  |TAMS 0x00000000f4f00000| PB 0x00000000f4f00000| Untracked |  0
| 336|0x00000000f5000000, 0x00000000f5000000, 0x00000000f5100000|  0%| F|  |TAMS 0x00000000f5000000| PB 0x00000000f5000000| Untracked |  0
| 337|0x00000000f5100000, 0x00000000f5100000, 0x00000000f5200000|  0%| F|  |TAMS 0x00000000f5100000| PB 0x00000000f5100000| Untracked |  0
| 338|0x00000000f5200000, 0x00000000f5200000, 0x00000000f5300000|  0%| F|  |TAMS 0x00000000f5200000| PB 0x00000000f5200000| Untracked |  0
| 339|0x00000000f5300000, 0x00000000f5300000, 0x00000000f5400000|  0%| F|  |TAMS 0x00000000f5300000| PB 0x00000000f5300000| Untracked |  0
| 340|0x00000000f5400000, 0x00000000f5400000, 0x00000000f5500000|  0%| F|  |TAMS 0x00000000f5400000| PB 0x00000000f5400000| Untracked |  0
| 341|0x00000000f5500000, 0x00000000f5500000, 0x00000000f5600000|  0%| F|  |TAMS 0x00000000f5500000| PB 0x00000000f5500000| Untracked |  0
| 342|0x00000000f5600000, 0x00000000f5600000, 0x00000000f5700000|  0%| F|  |TAMS 0x00000000f5600000| PB 0x00000000f5600000| Untracked |  0
| 343|0x00000000f5700000, 0x00000000f5700000, 0x00000000f5800000|  0%| F|  |TAMS 0x00000000f5700000| PB 0x00000000f5700000| Untracked |  0
| 344|0x00000000f5800000, 0x00000000f5800000, 0x00000000f5900000|  0%| F|  |TAMS 0x00000000f5800000| PB 0x00000000f5800000| Untracked |  0
| 345|0x00000000f5900000, 0x00000000f5900000, 0x00000000f5a00000|  0%| F|  |TAMS 0x00000000f5900000| PB 0x00000000f5900000| Untracked |  0
| 346|0x00000000f5a00000, 0x00000000f5a00000, 0x00000000f5b00000|  0%| F|  |TAMS 0x00000000f5a00000| PB 0x00000000f5a00000| Untracked |  0
| 347|0x00000000f5b00000, 0x00000000f5b00000, 0x00000000f5c00000|  0%| F|  |TAMS 0x00000000f5b00000| PB 0x00000000f5b00000| Untracked |  0
| 348|0x00000000f5c00000, 0x00000000f5c00000, 0x00000000f5d00000|  0%| F|  |TAMS 0x00000000f5c00000| PB 0x00000000f5c00000| Untracked |  0
| 349|0x00000000f5d00000, 0x00000000f5d00000, 0x00000000f5e00000|  0%| F|  |TAMS 0x00000000f5d00000| PB 0x00000000f5d00000| Untracked |  0
| 350|0x00000000f5e00000, 0x00000000f5e00000, 0x00000000f5f00000|  0%| F|  |TAMS 0x00000000f5e00000| PB 0x00000000f5e00000| Untracked |  0
| 351|0x00000000f5f00000, 0x00000000f5f00000, 0x00000000f6000000|  0%| F|  |TAMS 0x00000000f5f00000| PB 0x00000000f5f00000| Untracked |  0
| 352|0x00000000f6000000, 0x00000000f6000000, 0x00000000f6100000|  0%| F|  |TAMS 0x00000000f6000000| PB 0x00000000f6000000| Untracked |  0
| 353|0x00000000f6100000, 0x00000000f6100000, 0x00000000f6200000|  0%| F|  |TAMS 0x00000000f6100000| PB 0x00000000f6100000| Untracked |  0
| 354|0x00000000f6200000, 0x00000000f6200000, 0x00000000f6300000|  0%| F|  |TAMS 0x00000000f6200000| PB 0x00000000f6200000| Untracked |  0
| 355|0x00000000f6300000, 0x00000000f6300000, 0x00000000f6400000|  0%| F|  |TAMS 0x00000000f6300000| PB 0x00000000f6300000| Untracked |  0
| 356|0x00000000f6400000, 0x00000000f6400000, 0x00000000f6500000|  0%| F|  |TAMS 0x00000000f6400000| PB 0x00000000f6400000| Untracked |  0
| 357|0x00000000f6500000, 0x00000000f6500000, 0x00000000f6600000|  0%| F|  |TAMS 0x00000000f6500000| PB 0x00000000f6500000| Untracked |  0
| 358|0x00000000f6600000, 0x00000000f6600000, 0x00000000f6700000|  0%| F|  |TAMS 0x00000000f6600000| PB 0x00000000f6600000| Untracked |  0
| 359|0x00000000f6700000, 0x00000000f6700000, 0x00000000f6800000|  0%| F|  |TAMS 0x00000000f6700000| PB 0x00000000f6700000| Untracked |  0
| 360|0x00000000f6800000, 0x00000000f6800000, 0x00000000f6900000|  0%| F|  |TAMS 0x00000000f6800000| PB 0x00000000f6800000| Untracked |  0
| 361|0x00000000f6900000, 0x00000000f6900000, 0x00000000f6a00000|  0%| F|  |TAMS 0x00000000f6900000| PB 0x00000000f6900000| Untracked |  0
| 362|0x00000000f6a00000, 0x00000000f6a00000, 0x00000000f6b00000|  0%| F|  |TAMS 0x00000000f6a00000| PB 0x00000000f6a00000| Untracked |  0
| 363|0x00000000f6b00000, 0x00000000f6b00000, 0x00000000f6c00000|  0%| F|  |TAMS 0x00000000f6b00000| PB 0x00000000f6b00000| Untracked |  0
| 364|0x00000000f6c00000, 0x00000000f6c00000, 0x00000000f6d00000|  0%| F|  |TAMS 0x00000000f6c00000| PB 0x00000000f6c00000| Untracked |  0
| 365|0x00000000f6d00000, 0x00000000f6d00000, 0x00000000f6e00000|  0%| F|  |TAMS 0x00000000f6d00000| PB 0x00000000f6d00000| Untracked |  0
| 366|0x00000000f6e00000, 0x00000000f6e00000, 0x00000000f6f00000|  0%| F|  |TAMS 0x00000000f6e00000| PB 0x00000000f6e00000| Untracked |  0
| 367|0x00000000f6f00000, 0x00000000f6f00000, 0x00000000f7000000|  0%| F|  |TAMS 0x00000000f6f00000| PB 0x00000000f6f00000| Untracked |  0
| 368|0x00000000f7000000, 0x00000000f7000000, 0x00000000f7100000|  0%| F|  |TAMS 0x00000000f7000000| PB 0x00000000f7000000| Untracked |  0
| 369|0x00000000f7100000, 0x00000000f7100000, 0x00000000f7200000|  0%| F|  |TAMS 0x00000000f7100000| PB 0x00000000f7100000| Untracked |  0
| 370|0x00000000f7200000, 0x00000000f7200000, 0x00000000f7300000|  0%| F|  |TAMS 0x00000000f7200000| PB 0x00000000f7200000| Untracked |  0
| 371|0x00000000f7300000, 0x00000000f7300000, 0x00000000f7400000|  0%| F|  |TAMS 0x00000000f7300000| PB 0x00000000f7300000| Untracked |  0
| 372|0x00000000f7400000, 0x00000000f7400000, 0x00000000f7500000|  0%| F|  |TAMS 0x00000000f7400000| PB 0x00000000f7400000| Untracked |  0
| 373|0x00000000f7500000, 0x00000000f7500000, 0x00000000f7600000|  0%| F|  |TAMS 0x00000000f7500000| PB 0x00000000f7500000| Untracked |  0
| 374|0x00000000f7600000, 0x00000000f7600000, 0x00000000f7700000|  0%| F|  |TAMS 0x00000000f7600000| PB 0x00000000f7600000| Untracked |  0
| 375|0x00000000f7700000, 0x00000000f7700000, 0x00000000f7800000|  0%| F|  |TAMS 0x00000000f7700000| PB 0x00000000f7700000| Untracked |  0
| 376|0x00000000f7800000, 0x00000000f7800000, 0x00000000f7900000|  0%| F|  |TAMS 0x00000000f7800000| PB 0x00000000f7800000| Untracked |  0
| 377|0x00000000f7900000, 0x00000000f7900000, 0x00000000f7a00000|  0%| F|  |TAMS 0x00000000f7900000| PB 0x00000000f7900000| Untracked |  0
| 378|0x00000000f7a00000, 0x00000000f7a00000, 0x00000000f7b00000|  0%| F|  |TAMS 0x00000000f7a00000| PB 0x00000000f7a00000| Untracked |  0
| 379|0x00000000f7b00000, 0x00000000f7b00000, 0x00000000f7c00000|  0%| F|  |TAMS 0x00000000f7b00000| PB 0x00000000f7b00000| Untracked |  0
| 380|0x00000000f7c00000, 0x00000000f7c00000, 0x00000000f7d00000|  0%| F|  |TAMS 0x00000000f7c00000| PB 0x00000000f7c00000| Untracked |  0
| 381|0x00000000f7d00000, 0x00000000f7d00000, 0x00000000f7e00000|  0%| F|  |TAMS 0x00000000f7d00000| PB 0x00000000f7d00000| Untracked |  0
| 382|0x00000000f7e00000, 0x00000000f7e00000, 0x00000000f7f00000|  0%| F|  |TAMS 0x00000000f7e00000| PB 0x00000000f7e00000| Untracked |  0
| 383|0x00000000f7f00000, 0x00000000f7f00000, 0x00000000f8000000|  0%| F|  |TAMS 0x00000000f7f00000| PB 0x00000000f7f00000| Untracked |  0
| 384|0x00000000f8000000, 0x00000000f8000000, 0x00000000f8100000|  0%| F|  |TAMS 0x00000000f8000000| PB 0x00000000f8000000| Untracked |  0
| 385|0x00000000f8100000, 0x00000000f8100000, 0x00000000f8200000|  0%| F|  |TAMS 0x00000000f8100000| PB 0x00000000f8100000| Untracked |  0
| 386|0x00000000f8200000, 0x00000000f8200000, 0x00000000f8300000|  0%| F|  |TAMS 0x00000000f8200000| PB 0x00000000f8200000| Untracked |  0
| 387|0x00000000f8300000, 0x00000000f8300000, 0x00000000f8400000|  0%| F|  |TAMS 0x00000000f8300000| PB 0x00000000f8300000| Untracked |  0
| 388|0x00000000f8400000, 0x00000000f8400000, 0x00000000f8500000|  0%| F|  |TAMS 0x00000000f8400000| PB 0x00000000f8400000| Untracked |  0
| 389|0x00000000f8500000, 0x00000000f8500000, 0x00000000f8600000|  0%| F|  |TAMS 0x00000000f8500000| PB 0x00000000f8500000| Untracked |  0
| 390|0x00000000f8600000, 0x00000000f8600000, 0x00000000f8700000|  0%| F|  |TAMS 0x00000000f8600000| PB 0x00000000f8600000| Untracked |  0
| 391|0x00000000f8700000, 0x00000000f8700000, 0x00000000f8800000|  0%| F|  |TAMS 0x00000000f8700000| PB 0x00000000f8700000| Untracked |  0
| 392|0x00000000f8800000, 0x00000000f8800000, 0x00000000f8900000|  0%| F|  |TAMS 0x00000000f8800000| PB 0x00000000f8800000| Untracked |  0
| 393|0x00000000f8900000, 0x00000000f89a9ea0, 0x00000000f8a00000| 66%| E|  |TAMS 0x00000000f8900000| PB 0x00000000f8900000| Complete |  0
| 394|0x00000000f8a00000, 0x00000000f8b00000, 0x00000000f8b00000|100%| E|CS|TAMS 0x00000000f8a00000| PB 0x00000000f8a00000| Complete |  0
| 395|0x00000000f8b00000, 0x00000000f8c00000, 0x00000000f8c00000|100%| E|CS|TAMS 0x00000000f8b00000| PB 0x00000000f8b00000| Complete |  0
| 396|0x00000000f8c00000, 0x00000000f8d00000, 0x00000000f8d00000|100%| E|CS|TAMS 0x00000000f8c00000| PB 0x00000000f8c00000| Complete |  0
| 397|0x00000000f8d00000, 0x00000000f8e00000, 0x00000000f8e00000|100%| E|CS|TAMS 0x00000000f8d00000| PB 0x00000000f8d00000| Complete |  0
| 398|0x00000000f8e00000, 0x00000000f8f00000, 0x00000000f8f00000|100%| E|CS|TAMS 0x00000000f8e00000| PB 0x00000000f8e00000| Complete |  0
| 399|0x00000000f8f00000, 0x00000000f9000000, 0x00000000f9000000|100%| E|CS|TAMS 0x00000000f8f00000| PB 0x00000000f8f00000| Complete |  0
| 400|0x00000000f9000000, 0x00000000f9100000, 0x00000000f9100000|100%| E|CS|TAMS 0x00000000f9000000| PB 0x00000000f9000000| Complete |  0
| 401|0x00000000f9100000, 0x00000000f9200000, 0x00000000f9200000|100%| E|CS|TAMS 0x00000000f9100000| PB 0x00000000f9100000| Complete |  0
| 402|0x00000000f9200000, 0x00000000f9300000, 0x00000000f9300000|100%| E|CS|TAMS 0x00000000f9200000| PB 0x00000000f9200000| Complete |  0
| 403|0x00000000f9300000, 0x00000000f9400000, 0x00000000f9400000|100%| E|CS|TAMS 0x00000000f9300000| PB 0x00000000f9300000| Complete |  0
| 404|0x00000000f9400000, 0x00000000f9500000, 0x00000000f9500000|100%| E|CS|TAMS 0x00000000f9400000| PB 0x00000000f9400000| Complete |  0
| 405|0x00000000f9500000, 0x00000000f9600000, 0x00000000f9600000|100%| E|CS|TAMS 0x00000000f9500000| PB 0x00000000f9500000| Complete |  0
| 406|0x00000000f9600000, 0x00000000f9700000, 0x00000000f9700000|100%| E|CS|TAMS 0x00000000f9600000| PB 0x00000000f9600000| Complete |  0
| 407|0x00000000f9700000, 0x00000000f9800000, 0x00000000f9800000|100%| E|CS|TAMS 0x00000000f9700000| PB 0x00000000f9700000| Complete |  0
| 408|0x00000000f9800000, 0x00000000f9900000, 0x00000000f9900000|100%| E|CS|TAMS 0x00000000f9800000| PB 0x00000000f9800000| Complete |  0
| 409|0x00000000f9900000, 0x00000000f9a00000, 0x00000000f9a00000|100%| E|CS|TAMS 0x00000000f9900000| PB 0x00000000f9900000| Complete |  0
| 410|0x00000000f9a00000, 0x00000000f9b00000, 0x00000000f9b00000|100%| E|CS|TAMS 0x00000000f9a00000| PB 0x00000000f9a00000| Complete |  0
| 411|0x00000000f9b00000, 0x00000000f9c00000, 0x00000000f9c00000|100%| E|CS|TAMS 0x00000000f9b00000| PB 0x00000000f9b00000| Complete |  0
| 412|0x00000000f9c00000, 0x00000000f9d00000, 0x00000000f9d00000|100%| E|CS|TAMS 0x00000000f9c00000| PB 0x00000000f9c00000| Complete |  0
| 413|0x00000000f9d00000, 0x00000000f9e00000, 0x00000000f9e00000|100%| E|CS|TAMS 0x00000000f9d00000| PB 0x00000000f9d00000| Complete |  0
| 414|0x00000000f9e00000, 0x00000000f9f00000, 0x00000000f9f00000|100%| E|CS|TAMS 0x00000000f9e00000| PB 0x00000000f9e00000| Complete |  0
| 415|0x00000000f9f00000, 0x00000000fa000000, 0x00000000fa000000|100%| E|CS|TAMS 0x00000000f9f00000| PB 0x00000000f9f00000| Complete |  0
| 416|0x00000000fa000000, 0x00000000fa100000, 0x00000000fa100000|100%| E|CS|TAMS 0x00000000fa000000| PB 0x00000000fa000000| Complete |  0
| 417|0x00000000fa100000, 0x00000000fa200000, 0x00000000fa200000|100%| E|CS|TAMS 0x00000000fa100000| PB 0x00000000fa100000| Complete |  0
| 418|0x00000000fa200000, 0x00000000fa300000, 0x00000000fa300000|100%| E|CS|TAMS 0x00000000fa200000| PB 0x00000000fa200000| Complete |  0
| 419|0x00000000fa300000, 0x00000000fa400000, 0x00000000fa400000|100%| E|CS|TAMS 0x00000000fa300000| PB 0x00000000fa300000| Complete |  0
| 420|0x00000000fa400000, 0x00000000fa500000, 0x00000000fa500000|100%| E|CS|TAMS 0x00000000fa400000| PB 0x00000000fa400000| Complete |  0
| 421|0x00000000fa500000, 0x00000000fa600000, 0x00000000fa600000|100%| E|CS|TAMS 0x00000000fa500000| PB 0x00000000fa500000| Complete |  0
| 422|0x00000000fa600000, 0x00000000fa700000, 0x00000000fa700000|100%| E|CS|TAMS 0x00000000fa600000| PB 0x00000000fa600000| Complete |  0
| 423|0x00000000fa700000, 0x00000000fa800000, 0x00000000fa800000|100%| E|CS|TAMS 0x00000000fa700000| PB 0x00000000fa700000| Complete |  0
| 424|0x00000000fa800000, 0x00000000fa900000, 0x00000000fa900000|100%| E|CS|TAMS 0x00000000fa800000| PB 0x00000000fa800000| Complete |  0
| 425|0x00000000fa900000, 0x00000000faa00000, 0x00000000faa00000|100%| E|CS|TAMS 0x00000000fa900000| PB 0x00000000fa900000| Complete |  0
| 426|0x00000000faa00000, 0x00000000fab00000, 0x00000000fab00000|100%| E|CS|TAMS 0x00000000faa00000| PB 0x00000000faa00000| Complete |  0
| 427|0x00000000fab00000, 0x00000000fac00000, 0x00000000fac00000|100%| E|CS|TAMS 0x00000000fab00000| PB 0x00000000fab00000| Complete |  0
| 428|0x00000000fac00000, 0x00000000fad00000, 0x00000000fad00000|100%| E|CS|TAMS 0x00000000fac00000| PB 0x00000000fac00000| Complete |  0
| 429|0x00000000fad00000, 0x00000000fae00000, 0x00000000fae00000|100%| E|CS|TAMS 0x00000000fad00000| PB 0x00000000fad00000| Complete |  0
| 430|0x00000000fae00000, 0x00000000faf00000, 0x00000000faf00000|100%| E|CS|TAMS 0x00000000fae00000| PB 0x00000000fae00000| Complete |  0
| 431|0x00000000faf00000, 0x00000000fb000000, 0x00000000fb000000|100%| E|CS|TAMS 0x00000000faf00000| PB 0x00000000faf00000| Complete |  0
| 432|0x00000000fb000000, 0x00000000fb100000, 0x00000000fb100000|100%| E|CS|TAMS 0x00000000fb000000| PB 0x00000000fb000000| Complete |  0
| 433|0x00000000fb100000, 0x00000000fb200000, 0x00000000fb200000|100%| E|CS|TAMS 0x00000000fb100000| PB 0x00000000fb100000| Complete |  0
| 434|0x00000000fb200000, 0x00000000fb300000, 0x00000000fb300000|100%| E|CS|TAMS 0x00000000fb200000| PB 0x00000000fb200000| Complete |  0
| 435|0x00000000fb300000, 0x00000000fb400000, 0x00000000fb400000|100%| E|CS|TAMS 0x00000000fb300000| PB 0x00000000fb300000| Complete |  0
| 436|0x00000000fb400000, 0x00000000fb500000, 0x00000000fb500000|100%| E|CS|TAMS 0x00000000fb400000| PB 0x00000000fb400000| Complete |  0
| 437|0x00000000fb500000, 0x00000000fb600000, 0x00000000fb600000|100%| E|CS|TAMS 0x00000000fb500000| PB 0x00000000fb500000| Complete |  0
| 438|0x00000000fb600000, 0x00000000fb700000, 0x00000000fb700000|100%| E|CS|TAMS 0x00000000fb600000| PB 0x00000000fb600000| Complete |  0
| 439|0x00000000fb700000, 0x00000000fb800000, 0x00000000fb800000|100%| E|CS|TAMS 0x00000000fb700000| PB 0x00000000fb700000| Complete |  0
| 440|0x00000000fb800000, 0x00000000fb900000, 0x00000000fb900000|100%| E|CS|TAMS 0x00000000fb800000| PB 0x00000000fb800000| Complete |  0
| 441|0x00000000fb900000, 0x00000000fba00000, 0x00000000fba00000|100%| E|CS|TAMS 0x00000000fb900000| PB 0x00000000fb900000| Complete |  0
| 442|0x00000000fba00000, 0x00000000fbb00000, 0x00000000fbb00000|100%| E|CS|TAMS 0x00000000fba00000| PB 0x00000000fba00000| Complete |  0
| 443|0x00000000fbb00000, 0x00000000fbc00000, 0x00000000fbc00000|100%| E|CS|TAMS 0x00000000fbb00000| PB 0x00000000fbb00000| Complete |  0
| 444|0x00000000fbc00000, 0x00000000fbd00000, 0x00000000fbd00000|100%| E|CS|TAMS 0x00000000fbc00000| PB 0x00000000fbc00000| Complete |  0
| 445|0x00000000fbd00000, 0x00000000fbe00000, 0x00000000fbe00000|100%| E|CS|TAMS 0x00000000fbd00000| PB 0x00000000fbd00000| Complete |  0
| 446|0x00000000fbe00000, 0x00000000fbf00000, 0x00000000fbf00000|100%| E|CS|TAMS 0x00000000fbe00000| PB 0x00000000fbe00000| Complete |  0
| 447|0x00000000fbf00000, 0x00000000fc000000, 0x00000000fc000000|100%| E|CS|TAMS 0x00000000fbf00000| PB 0x00000000fbf00000| Complete |  0
| 448|0x00000000fc000000, 0x00000000fc100000, 0x00000000fc100000|100%| E|CS|TAMS 0x00000000fc000000| PB 0x00000000fc000000| Complete |  0
| 449|0x00000000fc100000, 0x00000000fc200000, 0x00000000fc200000|100%| E|CS|TAMS 0x00000000fc100000| PB 0x00000000fc100000| Complete |  0
| 450|0x00000000fc200000, 0x00000000fc300000, 0x00000000fc300000|100%| E|CS|TAMS 0x00000000fc200000| PB 0x00000000fc200000| Complete |  0
| 451|0x00000000fc300000, 0x00000000fc400000, 0x00000000fc400000|100%| E|CS|TAMS 0x00000000fc300000| PB 0x00000000fc300000| Complete |  0
| 452|0x00000000fc400000, 0x00000000fc500000, 0x00000000fc500000|100%| E|CS|TAMS 0x00000000fc400000| PB 0x00000000fc400000| Complete |  0
| 453|0x00000000fc500000, 0x00000000fc600000, 0x00000000fc600000|100%| E|CS|TAMS 0x00000000fc500000| PB 0x00000000fc500000| Complete |  0
| 454|0x00000000fc600000, 0x00000000fc700000, 0x00000000fc700000|100%| E|CS|TAMS 0x00000000fc600000| PB 0x00000000fc600000| Complete |  0
| 455|0x00000000fc700000, 0x00000000fc800000, 0x00000000fc800000|100%| O|  |TAMS 0x00000000fc800000| PB 0x00000000fc700000| Untracked |  0
| 456|0x00000000fc800000, 0x00000000fc900000, 0x00000000fc900000|100%| O|  |TAMS 0x00000000fc900000| PB 0x00000000fc800000| Untracked |  0
| 457|0x00000000fc900000, 0x00000000fca00000, 0x00000000fca00000|100%| E|CS|TAMS 0x00000000fc900000| PB 0x00000000fc900000| Complete |  0
| 458|0x00000000fca00000, 0x00000000fcb00000, 0x00000000fcb00000|100%| O|  |TAMS 0x00000000fcb00000| PB 0x00000000fca00000| Untracked |  0
| 459|0x00000000fcb00000, 0x00000000fcc00000, 0x00000000fcc00000|100%| E|CS|TAMS 0x00000000fcb00000| PB 0x00000000fcb00000| Complete |  0
| 460|0x00000000fcc00000, 0x00000000fcd00000, 0x00000000fcd00000|100%| O|  |TAMS 0x00000000fcd00000| PB 0x00000000fcc00000| Untracked |  0
| 461|0x00000000fcd00000, 0x00000000fce00000, 0x00000000fce00000|100%| E|CS|TAMS 0x00000000fcd00000| PB 0x00000000fcd00000| Complete |  0
| 462|0x00000000fce00000, 0x00000000fcf00000, 0x00000000fcf00000|100%| O|  |TAMS 0x00000000fcf00000| PB 0x00000000fce00000| Untracked |  0
| 463|0x00000000fcf00000, 0x00000000fd000000, 0x00000000fd000000|100%| O|  |TAMS 0x00000000fd000000| PB 0x00000000fcf00000| Untracked |  0
| 464|0x00000000fd000000, 0x00000000fd100000, 0x00000000fd100000|100%| O|  |TAMS 0x00000000fd100000| PB 0x00000000fd000000| Untracked |  0
| 465|0x00000000fd100000, 0x00000000fd200000, 0x00000000fd200000|100%| O|  |TAMS 0x00000000fd200000| PB 0x00000000fd100000| Untracked |  0
| 466|0x00000000fd200000, 0x00000000fd300000, 0x00000000fd300000|100%| O|  |TAMS 0x00000000fd300000| PB 0x00000000fd200000| Untracked |  0
| 467|0x00000000fd300000, 0x00000000fd400000, 0x00000000fd400000|100%| O|  |TAMS 0x00000000fd400000| PB 0x00000000fd300000| Untracked |  0
| 468|0x00000000fd400000, 0x00000000fd500000, 0x00000000fd500000|100%| O|  |TAMS 0x00000000fd500000| PB 0x00000000fd400000| Untracked |  0
| 469|0x00000000fd500000, 0x00000000fd600000, 0x00000000fd600000|100%| O|  |TAMS 0x00000000fd600000| PB 0x00000000fd500000| Untracked |  0
| 470|0x00000000fd600000, 0x00000000fd700000, 0x00000000fd700000|100%| E|CS|TAMS 0x00000000fd600000| PB 0x00000000fd600000| Complete |  0
| 471|0x00000000fd700000, 0x00000000fd800000, 0x00000000fd800000|100%| E|CS|TAMS 0x00000000fd700000| PB 0x00000000fd700000| Complete |  0
| 472|0x00000000fd800000, 0x00000000fd900000, 0x00000000fd900000|100%| O|  |TAMS 0x00000000fd900000| PB 0x00000000fd800000| Untracked |  0
| 473|0x00000000fd900000, 0x00000000fda00000, 0x00000000fda00000|100%| O|  |TAMS 0x00000000fda00000| PB 0x00000000fd900000| Untracked |  0
| 474|0x00000000fda00000, 0x00000000fdb00000, 0x00000000fdb00000|100%| O|  |TAMS 0x00000000fdb00000| PB 0x00000000fda00000| Untracked |  0
| 475|0x00000000fdb00000, 0x00000000fdc00000, 0x00000000fdc00000|100%| O|  |TAMS 0x00000000fdc00000| PB 0x00000000fdb00000| Untracked |  0
| 476|0x00000000fdc00000, 0x00000000fdd00000, 0x00000000fdd00000|100%| O|  |TAMS 0x00000000fdd00000| PB 0x00000000fdc00000| Untracked |  0
| 477|0x00000000fdd00000, 0x00000000fde00000, 0x00000000fde00000|100%| O|  |TAMS 0x00000000fde00000| PB 0x00000000fdd00000| Untracked |  0
| 478|0x00000000fde00000, 0x00000000fdf00000, 0x00000000fdf00000|100%| O|  |TAMS 0x00000000fdf00000| PB 0x00000000fde00000| Untracked |  0
| 479|0x00000000fdf00000, 0x00000000fe000000, 0x00000000fe000000|100%| O|  |TAMS 0x00000000fe000000| PB 0x00000000fdf00000| Untracked |  0
| 480|0x00000000fe000000, 0x00000000fe100000, 0x00000000fe100000|100%| O|  |TAMS 0x00000000fe100000| PB 0x00000000fe000000| Untracked |  0
| 481|0x00000000fe100000, 0x00000000fe200000, 0x00000000fe200000|100%| O|  |TAMS 0x00000000fe200000| PB 0x00000000fe100000| Untracked |  0
| 482|0x00000000fe200000, 0x00000000fe300000, 0x00000000fe300000|100%| O|  |TAMS 0x00000000fe300000| PB 0x00000000fe200000| Untracked |  0
| 483|0x00000000fe300000, 0x00000000fe400000, 0x00000000fe400000|100%| O|  |TAMS 0x00000000fe400000| PB 0x00000000fe300000| Untracked |  0
| 484|0x00000000fe400000, 0x00000000fe500000, 0x00000000fe500000|100%| O|  |TAMS 0x00000000fe500000| PB 0x00000000fe400000| Untracked |  0
| 485|0x00000000fe500000, 0x00000000fe600000, 0x00000000fe600000|100%| E|CS|TAMS 0x00000000fe500000| PB 0x00000000fe500000| Complete |  0
| 486|0x00000000fe600000, 0x00000000fe700000, 0x00000000fe700000|100%| E|CS|TAMS 0x00000000fe600000| PB 0x00000000fe600000| Complete |  0
| 487|0x00000000fe700000, 0x00000000fe800000, 0x00000000fe800000|100%| E|CS|TAMS 0x00000000fe700000| PB 0x00000000fe700000| Complete |  0
| 488|0x00000000fe800000, 0x00000000fe900000, 0x00000000fe900000|100%| E|CS|TAMS 0x00000000fe800000| PB 0x00000000fe800000| Complete |  0
| 489|0x00000000fe900000, 0x00000000fea00000, 0x00000000fea00000|100%| E|CS|TAMS 0x00000000fe900000| PB 0x00000000fe900000| Complete |  0
| 490|0x00000000fea00000, 0x00000000feb00000, 0x00000000feb00000|100%| E|CS|TAMS 0x00000000fea00000| PB 0x00000000fea00000| Complete |  0
| 491|0x00000000feb00000, 0x00000000fec00000, 0x00000000fec00000|100%| E|CS|TAMS 0x00000000feb00000| PB 0x00000000feb00000| Complete |  0
| 492|0x00000000fec00000, 0x00000000fed00000, 0x00000000fed00000|100%| E|CS|TAMS 0x00000000fec00000| PB 0x00000000fec00000| Complete |  0
| 493|0x00000000fed00000, 0x00000000fee00000, 0x00000000fee00000|100%| E|CS|TAMS 0x00000000fed00000| PB 0x00000000fed00000| Complete |  0
| 494|0x00000000fee00000, 0x00000000fef00000, 0x00000000fef00000|100%| E|CS|TAMS 0x00000000fee00000| PB 0x00000000fee00000| Complete |  0
| 495|0x00000000fef00000, 0x00000000ff000000, 0x00000000ff000000|100%| E|CS|TAMS 0x00000000fef00000| PB 0x00000000fef00000| Complete |  0
| 496|0x00000000ff000000, 0x00000000ff100000, 0x00000000ff100000|100%| E|CS|TAMS 0x00000000ff000000| PB 0x00000000ff000000| Complete |  0
| 497|0x00000000ff100000, 0x00000000ff200000, 0x00000000ff200000|100%| O|  |TAMS 0x00000000ff200000| PB 0x00000000ff100000| Untracked |  0
| 498|0x00000000ff200000, 0x00000000ff300000, 0x00000000ff300000|100%| O|  |TAMS 0x00000000ff300000| PB 0x00000000ff200000| Untracked |  0
| 499|0x00000000ff300000, 0x00000000ff400000, 0x00000000ff400000|100%| O|  |TAMS 0x00000000ff400000| PB 0x00000000ff300000| Untracked |  0
| 500|0x00000000ff400000, 0x00000000ff500000, 0x00000000ff500000|100%| O|  |TAMS 0x00000000ff500000| PB 0x00000000ff400000| Untracked |  0
| 501|0x00000000ff500000, 0x00000000ff600000, 0x00000000ff600000|100%| O|  |TAMS 0x00000000ff600000| PB 0x00000000ff500000| Untracked |  0
| 502|0x00000000ff600000, 0x00000000ff700000, 0x00000000ff700000|100%| O|  |TAMS 0x00000000ff700000| PB 0x00000000ff600000| Untracked |  0
| 503|0x00000000ff700000, 0x00000000ff800000, 0x00000000ff800000|100%| E|CS|TAMS 0x00000000ff700000| PB 0x00000000ff700000| Complete |  0
| 504|0x00000000ff800000, 0x00000000ff900000, 0x00000000ff900000|100%| E|  |TAMS 0x00000000ff800000| PB 0x00000000ff800000| Complete |  0
| 505|0x00000000ff900000, 0x00000000ffa00000, 0x00000000ffa00000|100%| E|CS|TAMS 0x00000000ff900000| PB 0x00000000ff900000| Complete |  0
| 506|0x00000000ffa00000, 0x00000000ffb00000, 0x00000000ffb00000|100%| O|  |TAMS 0x00000000ffb00000| PB 0x00000000ffa00000| Untracked |  0
| 507|0x00000000ffb00000, 0x00000000ffc00000, 0x00000000ffc00000|100%| E|CS|TAMS 0x00000000ffb00000| PB 0x00000000ffb00000| Complete |  0
| 508|0x00000000ffc00000, 0x00000000ffd00000, 0x00000000ffd00000|100%| O|  |TAMS 0x00000000ffd00000| PB 0x00000000ffc00000| Untracked |  0
| 509|0x00000000ffd00000, 0x00000000ffe00000, 0x00000000ffe00000|100%| O|  |TAMS 0x00000000ffe00000| PB 0x00000000ffd00000| Untracked |  0
| 510|0x00000000ffe00000, 0x00000000fff00000, 0x00000000fff00000|100%| O|  |TAMS 0x00000000fff00000| PB 0x00000000ffe00000| Untracked |  0
| 511|0x00000000fff00000, 0x0000000100000000, 0x0000000100000000|100%| O|  |TAMS 0x0000000100000000| PB 0x00000000fff00000| Untracked |  0

Card table byte_map: [0x00000225e5790000,0x00000225e5890000] _byte_map_base: 0x00000225e5090000

Marking Bits: (CMBitMap*) 0x00000225d1d92d60
 Bits: [0x00000225e5890000, 0x00000225e6090000)

Polling page: 0x00000225cfd80000

Metaspace:
Metaspace        used 183744K, committed 186112K, reserved 524288K
 class space     used 26926K, committed 28032K, reserved 327680K

Usage:
  Non-class:    153.14 MB used.
      Class:     26.30 MB used.
       Both:    179.44 MB used.

Virtual space:
  Non-class space:      192.00 MB reserved,     154.38 MB ( 80%) committed,  3 nodes.
      Class space:      320.00 MB reserved,      27.38 MB (  9%) committed,  1 nodes.
             Both:      512.00 MB reserved,     181.75 MB ( 35%) committed. 

Chunk freelists:
   Non-Class:  5.33 MB
       Class:  4.64 MB
        Both:  9.97 MB

MaxMetaspaceSize: 384.00 MB
CompressedClassSpaceSize: 320.00 MB
Initial GC threshold: 21.00 MB
Current GC threshold: 300.12 MB
CDS: off
 - commit_granule_bytes: 65536.
 - commit_granule_words: 8192.
 - virtual_space_node_default_size: 8388608.
 - enlarge_chunks_in_place: 1.
UseCompressedClassPointers 1, UseCompactObjectHeaders 0
Narrow klass pointer bits 32, Max shift 3
Narrow klass base: 0x0000000000000000, Narrow klass shift: 0
Encoding Range: [0x0000000000000000 - 0x0000000100000000), (4294967296 bytes)
Klass Range:    [0x00000000c6000000 - 0x00000000da000000), (335544320 bytes)
Klass ID Range:  [3321888768 - 3657433081) (335544313)
No protection zone.


Internal statistics:

num_allocs_failed_limit: 12.
num_arena_births: 4574.
num_arena_deaths: 52.
num_vsnodes_births: 4.
num_vsnodes_deaths: 0.
num_space_committed: 2903.
num_space_uncommitted: 0.
num_chunks_returned_to_freelist: 95.
num_chunks_taken_from_freelist: 11838.
num_chunk_merges: 31.
num_chunk_splits: 8191.
num_chunks_enlarged: 5781.
num_inconsistent_stats: 0.

CodeHeap 'non-profiled nmethods': size=118912Kb used=7978Kb max_used=10388Kb free=110933Kb
 bounds [0x00000225dce30000, 0x00000225dd870000, 0x00000225e4250000]
CodeHeap 'profiled nmethods': size=118848Kb used=14647Kb max_used=24873Kb free=104200Kb
 bounds [0x00000225d5250000, 0x00000225d6aa0000, 0x00000225dc660000]
CodeHeap 'non-nmethods': size=8000Kb used=4488Kb max_used=4666Kb free=3511Kb
 bounds [0x00000225dc660000, 0x00000225dcb10000, 0x00000225dce30000]
CodeCache: size=245760Kb, used=27113Kb, max_used=39927Kb, free=218644Kb
 total_blobs=11089, nmethods=10029, adapters=955, full_count=0
Compilation: enabled, stopped_count=0, restarted_count=0

Compilation events (20 events):
Event: 198.531 Thread 0x00000225f2e14120 nmethod 30053 0x00000225dd147108 code [0x00000225dd147200, 0x00000225dd147300]
Event: 198.531 Thread 0x00000225f2e14120 30101       4       com.android.tools.r8.internal.nE::next (5 bytes)
Event: 198.531 Thread 0x00000225f2e13100 nmethod 30249 0x00000225d5804c08 code [0x00000225d5804d00, 0x00000225d5805388]
Event: 198.531 Thread 0x00000225ee04b720 nmethod 30276 0x00000225d529ec08 code [0x00000225d529ed00, 0x00000225d52a0a58]
Event: 198.531 Thread 0x00000225f2e13100 30258       2       com.android.tools.r8.internal.Oa$$Lambda/0x00000000c7a38a28::<init> (15 bytes)
Event: 198.531 Thread 0x00000225f2e13100 nmethod 30258 0x00000225d5e79608 code [0x00000225d5e79700, 0x00000225d5e798a0]
Event: 198.531 Thread 0x00000225f2e13100 29064       1       com.android.tools.r8.internal.Qb::n (2 bytes)
Event: 198.531 Thread 0x00000225f2e13100 nmethod 29064 0x00000225dd150008 code [0x00000225dd150100, 0x00000225dd1501c8]
Event: 198.531 Thread 0x00000225f2e13100 30222       2       com.android.tools.r8.internal.F3::a (239 bytes)
Event: 198.532 Thread 0x00000225ee04b720 30284       3       com.android.tools.r8.internal.pI::a (81 bytes)
Event: 198.532 Thread 0x00000225f7a01a40 nmethod 30242 0x00000225dd150a88 code [0x00000225dd150b80, 0x00000225dd150c48]
Event: 198.532 Thread 0x00000225f7a01a40 30239       1       com.android.tools.r8.graph.y::x (5 bytes)
Event: 198.532 Thread 0x00000225f7a01a40 nmethod 30239 0x00000225dd160d08 code [0x00000225dd160e00, 0x00000225dd160ec8]
Event: 198.532 Thread 0x00000225f7a01a40 29835       2       java.util.BitSet::set (18 bytes)
Event: 198.532 Thread 0x00000225f7a01a40 nmethod 29835 0x00000225d5e7b988 code [0x00000225d5e7ba80, 0x00000225d5e7bbf0]
Event: 198.532 Thread 0x00000225f7a01a40 29437       2       com.android.tools.r8.internal.aB::get (29 bytes)
Event: 198.532 Thread 0x00000225f7a01a40 nmethod 29437 0x00000225d5e8f588 code [0x00000225d5e8f680, 0x00000225d5e8f858]
Event: 198.532 Thread 0x00000225f7a01a40 29422       2       com.android.tools.r8.internal.nE::<init> (23 bytes)
Event: 198.532 Thread 0x00000225f7a01a40 nmethod 29422 0x00000225d5eab908 code [0x00000225d5eaba00, 0x00000225d5eabbc8]
Event: 198.532 Thread 0x00000225f7a01a40 29461       2       com.android.tools.r8.internal.z8::hashCode (21 bytes)

GC Heap Usage History (20 events):
Event: 197.359 {heap Before GC invocations=45 (full 0):
 garbage-first heap   total reserved 524288K, committed 413696K, used 361763K [0x00000000e0000000, 0x0000000100000000)
  region size 1024K, 136 young (139264K), 10 survivors (10240K)
}
Event: 197.361 {heap After GC invocations=46 (full 0):
 garbage-first heap   total reserved 524288K, committed 413696K, used 238315K [0x00000000e0000000, 0x0000000100000000)
  region size 1024K, 10 young (10240K), 10 survivors (10240K)
}
Event: 197.389 {heap Before GC invocations=46 (full 0):
 garbage-first heap   total reserved 524288K, committed 413696K, used 380651K [0x00000000e0000000, 0x0000000100000000)
  region size 1024K, 150 young (153600K), 10 survivors (10240K)
}
Event: 197.392 {heap After GC invocations=47 (full 0):
 garbage-first heap   total reserved 524288K, committed 413696K, used 212992K [0x00000000e0000000, 0x0000000100000000)
  region size 1024K, 10 young (10240K), 10 survivors (10240K)
}
Event: 197.427 {heap Before GC invocations=47 (full 0):
 garbage-first heap   total reserved 524288K, committed 413696K, used 380928K [0x00000000e0000000, 0x0000000100000000)
  region size 1024K, 175 young (179200K), 10 survivors (10240K)
}
Event: 197.430 {heap After GC invocations=48 (full 0):
 garbage-first heap   total reserved 524288K, committed 413696K, used 215164K [0x00000000e0000000, 0x0000000100000000)
  region size 1024K, 11 young (11264K), 11 survivors (11264K)
}
Event: 197.575 {heap Before GC invocations=49 (full 0):
 garbage-first heap   total reserved 524288K, committed 413696K, used 384124K [0x00000000e0000000, 0x0000000100000000)
  region size 1024K, 177 young (181248K), 11 survivors (11264K)
}
Event: 197.578 {heap After GC invocations=50 (full 0):
 garbage-first heap   total reserved 524288K, committed 413696K, used 215658K [0x00000000e0000000, 0x0000000100000000)
  region size 1024K, 13 young (13312K), 13 survivors (13312K)
}
Event: 197.885 {heap Before GC invocations=50 (full 0):
 garbage-first heap   total reserved 524288K, committed 413696K, used 388714K [0x00000000e0000000, 0x0000000100000000)
  region size 1024K, 183 young (187392K), 13 survivors (13312K)
}
Event: 197.892 {heap After GC invocations=51 (full 0):
 garbage-first heap   total reserved 524288K, committed 431104K, used 235334K [0x00000000e0000000, 0x0000000100000000)
  region size 1024K, 23 young (23552K), 23 survivors (23552K)
}
Event: 198.037 {heap Before GC invocations=51 (full 0):
 garbage-first heap   total reserved 524288K, committed 431104K, used 393030K [0x00000000e0000000, 0x0000000100000000)
  region size 1024K, 178 young (182272K), 23 survivors (23552K)
}
Event: 198.046 {heap After GC invocations=52 (full 0):
 garbage-first heap   total reserved 524288K, committed 450560K, used 267712K [0x00000000e0000000, 0x0000000100000000)
  region size 1024K, 23 young (23552K), 23 survivors (23552K)
}
Event: 198.182 {heap Before GC invocations=53 (full 0):
 garbage-first heap   total reserved 524288K, committed 450560K, used 403904K [0x00000000e0000000, 0x0000000100000000)
  region size 1024K, 157 young (160768K), 23 survivors (23552K)
}
Event: 198.190 {heap After GC invocations=54 (full 0):
 garbage-first heap   total reserved 524288K, committed 451584K, used 290662K [0x00000000e0000000, 0x0000000100000000)
  region size 1024K, 20 young (20480K), 20 survivors (20480K)
}
Event: 198.252 {heap Before GC invocations=54 (full 0):
 garbage-first heap   total reserved 524288K, committed 451584K, used 409446K [0x00000000e0000000, 0x0000000100000000)
  region size 1024K, 137 young (140288K), 20 survivors (20480K)
}
Event: 198.259 {heap After GC invocations=55 (full 0):
 garbage-first heap   total reserved 524288K, committed 457728K, used 309863K [0x00000000e0000000, 0x0000000100000000)
  region size 1024K, 18 young (18432K), 18 survivors (18432K)
}
Event: 198.354 {heap Before GC invocations=55 (full 0):
 garbage-first heap   total reserved 524288K, committed 457728K, used 415335K [0x00000000e0000000, 0x0000000100000000)
  region size 1024K, 122 young (124928K), 18 survivors (18432K)
}
Event: 198.358 {heap After GC invocations=56 (full 0):
 garbage-first heap   total reserved 524288K, committed 460800K, used 317391K [0x00000000e0000000, 0x0000000100000000)
  region size 1024K, 6 young (6144K), 6 survivors (6144K)
}
Event: 198.468 {heap Before GC invocations=57 (full 0):
 garbage-first heap   total reserved 524288K, committed 524288K, used 425935K [0x00000000e0000000, 0x0000000100000000)
  region size 1024K, 112 young (114688K), 6 survivors (6144K)
}
Event: 198.470 {heap After GC invocations=58 (full 0):
 garbage-first heap   total reserved 524288K, committed 524288K, used 316961K [0x00000000e0000000, 0x0000000100000000)
  region size 1024K, 6 young (6144K), 6 survivors (6144K)
}

Metaspace Usage History (20 events):
Event: 197.359 {metaspace Before GC invocations=45 (full 0):
 Metaspace       used 159458K, committed 161856K, reserved 524288K
  class space    used 22267K, committed 23424K, reserved 327680K
}
Event: 197.361 {metaspace After GC invocations=46 (full 0):
 Metaspace       used 159458K, committed 161856K, reserved 524288K
  class space    used 22267K, committed 23424K, reserved 327680K
}
Event: 197.389 {metaspace Before GC invocations=46 (full 0):
 Metaspace       used 159719K, committed 162048K, reserved 524288K
  class space    used 22322K, committed 23424K, reserved 327680K
}
Event: 197.392 {metaspace After GC invocations=47 (full 0):
 Metaspace       used 159719K, committed 162048K, reserved 524288K
  class space    used 22322K, committed 23424K, reserved 327680K
}
Event: 197.427 {metaspace Before GC invocations=47 (full 0):
 Metaspace       used 159796K, committed 162112K, reserved 524288K
  class space    used 22327K, committed 23424K, reserved 327680K
}
Event: 197.430 {metaspace After GC invocations=48 (full 0):
 Metaspace       used 159796K, committed 162112K, reserved 524288K
  class space    used 22327K, committed 23424K, reserved 327680K
}
Event: 197.575 {metaspace Before GC invocations=49 (full 0):
 Metaspace       used 160697K, committed 163008K, reserved 524288K
  class space    used 22489K, committed 23616K, reserved 327680K
}
Event: 197.578 {metaspace After GC invocations=50 (full 0):
 Metaspace       used 160697K, committed 163008K, reserved 524288K
  class space    used 22489K, committed 23616K, reserved 327680K
}
Event: 197.885 {metaspace Before GC invocations=50 (full 0):
 Metaspace       used 167284K, committed 169664K, reserved 524288K
  class space    used 23728K, committed 24832K, reserved 327680K
}
Event: 197.892 {metaspace After GC invocations=51 (full 0):
 Metaspace       used 167284K, committed 169664K, reserved 524288K
  class space    used 23728K, committed 24832K, reserved 327680K
}
Event: 198.037 {metaspace Before GC invocations=51 (full 0):
 Metaspace       used 170650K, committed 172992K, reserved 524288K
  class space    used 24375K, committed 25472K, reserved 327680K
}
Event: 198.046 {metaspace After GC invocations=52 (full 0):
 Metaspace       used 170650K, committed 172992K, reserved 524288K
  class space    used 24375K, committed 25472K, reserved 327680K
}
Event: 198.182 {metaspace Before GC invocations=53 (full 0):
 Metaspace       used 174827K, committed 177216K, reserved 524288K
  class space    used 25362K, committed 26496K, reserved 327680K
}
Event: 198.190 {metaspace After GC invocations=54 (full 0):
 Metaspace       used 174827K, committed 177216K, reserved 524288K
  class space    used 25362K, committed 26496K, reserved 327680K
}
Event: 198.252 {metaspace Before GC invocations=54 (full 0):
 Metaspace       used 176760K, committed 179136K, reserved 524288K
  class space    used 25796K, committed 26944K, reserved 327680K
}
Event: 198.259 {metaspace After GC invocations=55 (full 0):
 Metaspace       used 176760K, committed 179136K, reserved 524288K
  class space    used 25796K, committed 26944K, reserved 327680K
}
Event: 198.354 {metaspace Before GC invocations=55 (full 0):
 Metaspace       used 180967K, committed 183296K, reserved 524288K
  class space    used 26557K, committed 27648K, reserved 327680K
}
Event: 198.358 {metaspace After GC invocations=56 (full 0):
 Metaspace       used 180967K, committed 183296K, reserved 524288K
  class space    used 26557K, committed 27648K, reserved 327680K
}
Event: 198.468 {metaspace Before GC invocations=57 (full 0):
 Metaspace       used 182197K, committed 184576K, reserved 524288K
  class space    used 26688K, committed 27776K, reserved 327680K
}
Event: 198.470 {metaspace After GC invocations=58 (full 0):
 Metaspace       used 182197K, committed 184576K, reserved 524288K
  class space    used 26688K, committed 27776K, reserved 327680K
}

Dll operation events (3 events):
Event: 0.004 Loaded shared library C:\Program Files\Android\Android Studio\jbr\bin\java.dll
Event: 0.007 Loaded shared library C:\Program Files\Android\Android Studio\jbr\bin\zip.dll
Event: 0.260 Loaded shared library C:\Program Files\Android\Android Studio\jbr\bin\verify.dll

Deoptimization events (20 events):
Event: 198.522 Thread 0x00000225f301b9f0 DEOPT PACKING pc=0x00000225dd29a1f0 sp=0x0000003ac6afaab0
Event: 198.522 Thread 0x00000225f301b9f0 DEOPT UNPACKING pc=0x00000225dc778582 sp=0x0000003ac6afaa48 mode 2
Event: 198.522 Thread 0x00000225fe43f690 Uncommon trap: trap_request=0xffffff45 fr.pc=0x00000225dd032c84 relative=0x0000000000000084
Event: 198.522 Thread 0x00000225fe43f690 Uncommon trap: reason=unstable_if action=reinterpret pc=0x00000225dd032c84 method=com.android.tools.r8.internal.CQ.a(Ljava/util/function/Predicate;Ljava/util/function/BiPredicate;ILcom/android/tools/r8/internal/YR;IZLcom/android/tools/r8/internal/oc0;Lcom
Event: 198.522 Thread 0x00000225fe43f690 DEOPT PACKING pc=0x00000225dd032c84 sp=0x0000003ac65f9b00
Event: 198.522 Thread 0x00000225fe43f690 DEOPT UNPACKING pc=0x00000225dc778582 sp=0x0000003ac65f9a68 mode 2
Event: 198.526 Thread 0x00000225f301b9f0 Uncommon trap: trap_request=0xffffff45 fr.pc=0x00000225dcfee07c relative=0x000000000000027c
Event: 198.526 Thread 0x00000225f301b9f0 Uncommon trap: reason=unstable_if action=reinterpret pc=0x00000225dcfee07c method=com.android.tools.r8.graph.I2.a(Lcom/android/tools/r8/graph/I2;)I @ 39 c2
Event: 198.526 Thread 0x00000225f301b9f0 DEOPT PACKING pc=0x00000225dcfee07c sp=0x0000003ac6afad30
Event: 198.526 Thread 0x00000225f301b9f0 DEOPT UNPACKING pc=0x00000225dc778582 sp=0x0000003ac6afacc0 mode 2
Event: 198.526 Thread 0x00000225808232a0 DEOPT PACKING pc=0x00000225d54ffa01 sp=0x0000003ac5cfa4c0
Event: 198.526 Thread 0x00000225808232a0 DEOPT UNPACKING pc=0x00000225dc6b1702 sp=0x0000003ac5cf9a80 mode 0
Event: 198.527 Thread 0x00000225fe43e6f0 DEOPT PACKING pc=0x00000225d53fe447 sp=0x0000003ac63fa530
Event: 198.527 Thread 0x00000225fe43e6f0 DEOPT UNPACKING pc=0x00000225dc6b1702 sp=0x0000003ac63f9a00 mode 0
Event: 198.530 Thread 0x00000225808232a0 DEOPT PACKING pc=0x00000225d52caba2 sp=0x0000003ac5cfa8a0
Event: 198.530 Thread 0x00000225808232a0 DEOPT UNPACKING pc=0x00000225dc6b1702 sp=0x0000003ac5cf9d70 mode 0
Event: 198.530 Thread 0x00000225fe440e00 DEOPT PACKING pc=0x00000225d54aef20 sp=0x0000003ac67fa490
Event: 198.530 Thread 0x00000225fe440e00 DEOPT UNPACKING pc=0x00000225dc6b1702 sp=0x0000003ac67f99c0 mode 0
Event: 198.530 Thread 0x00000225808232a0 DEOPT PACKING pc=0x00000225d54334dd sp=0x0000003ac5cfa640
Event: 198.530 Thread 0x00000225808232a0 DEOPT UNPACKING pc=0x00000225dc6b1702 sp=0x0000003ac5cf9ba8 mode 0

Classes loaded (20 events):
Event: 197.704 Loading class java/util/stream/IntPipeline$1
Event: 197.704 Loading class java/util/stream/IntPipeline$1 done
Event: 197.705 Loading class java/util/stream/IntPipeline$1$1
Event: 197.705 Loading class java/util/stream/IntPipeline$1$1 done
Event: 197.711 Loading class java/util/concurrent/RejectedExecutionException
Event: 197.711 Loading class java/util/concurrent/RejectedExecutionException done
Event: 198.276 Loading class java/util/IdentityHashMap$EntrySpliterator
Event: 198.276 Loading class java/util/IdentityHashMap$IdentityHashMapSpliterator
Event: 198.276 Loading class java/util/IdentityHashMap$IdentityHashMapSpliterator done
Event: 198.276 Loading class java/util/IdentityHashMap$EntrySpliterator done
Event: 198.285 Loading class java/util/SortedSet$1
Event: 198.285 Loading class java/util/SortedSet$1 done
Event: 198.290 Loading class java/util/PriorityQueue
Event: 198.291 Loading class java/util/PriorityQueue done
Event: 198.295 Loading class java/util/IdentityHashMap$ValueIterator
Event: 198.295 Loading class java/util/IdentityHashMap$ValueIterator done
Event: 198.303 Loading class java/util/AbstractList$SubList
Event: 198.303 Loading class java/util/AbstractList$SubList done
Event: 198.303 Loading class java/util/AbstractList$SubList$1
Event: 198.303 Loading class java/util/AbstractList$SubList$1 done

Classes unloaded (20 events):
Event: 198.430 Thread 0x00000225e946e8a0 Unloading class 0x00000000c7910000 'java/lang/invoke/LambdaForm$DMH+0x00000000c7910000'
Event: 198.430 Thread 0x00000225e946e8a0 Unloading class 0x00000000c790fc00 'java/lang/invoke/LambdaForm$DMH+0x00000000c790fc00'
Event: 198.430 Thread 0x00000225e946e8a0 Unloading class 0x00000000c790f800 'java/lang/invoke/LambdaForm$DMH+0x00000000c790f800'
Event: 198.430 Thread 0x00000225e946e8a0 Unloading class 0x00000000c790f400 'java/lang/invoke/LambdaForm$DMH+0x00000000c790f400'
Event: 198.430 Thread 0x00000225e946e8a0 Unloading class 0x00000000c790ec00 'java/lang/invoke/LambdaForm$DMH+0x00000000c790ec00'
Event: 198.430 Thread 0x00000225e946e8a0 Unloading class 0x00000000c790f000 'java/lang/invoke/LambdaForm$DMH+0x00000000c790f000'
Event: 198.430 Thread 0x00000225e946e8a0 Unloading class 0x00000000c790e800 'java/lang/invoke/LambdaForm$DMH+0x00000000c790e800'
Event: 198.430 Thread 0x00000225e946e8a0 Unloading class 0x00000000c790cc00 'java/lang/invoke/LambdaForm$DMH+0x00000000c790cc00'
Event: 198.430 Thread 0x00000225e946e8a0 Unloading class 0x00000000c790d800 'java/lang/invoke/LambdaForm$DMH+0x00000000c790d800'
Event: 198.430 Thread 0x00000225e946e8a0 Unloading class 0x00000000c790dc00 'java/lang/invoke/LambdaForm$DMH+0x00000000c790dc00'
Event: 198.430 Thread 0x00000225e946e8a0 Unloading class 0x00000000c790d000 'java/lang/invoke/LambdaForm$DMH+0x00000000c790d000'
Event: 198.430 Thread 0x00000225e946e8a0 Unloading class 0x00000000c790d400 'java/lang/invoke/LambdaForm$DMH+0x00000000c790d400'
Event: 198.430 Thread 0x00000225e946e8a0 Unloading class 0x00000000c790c400 'java/lang/invoke/LambdaForm$DMH+0x00000000c790c400'
Event: 198.430 Thread 0x00000225e946e8a0 Unloading class 0x00000000c790e000 'java/lang/invoke/LambdaForm$DMH+0x00000000c790e000'
Event: 198.430 Thread 0x00000225e946e8a0 Unloading class 0x00000000c790c800 'java/lang/invoke/LambdaForm$DMH+0x00000000c790c800'
Event: 198.430 Thread 0x00000225e946e8a0 Unloading class 0x00000000c790c000 'java/lang/invoke/LambdaForm$DMH+0x00000000c790c000'
Event: 198.430 Thread 0x00000225e946e8a0 Unloading class 0x00000000c77d8c00 'java/lang/invoke/LambdaForm$DMH+0x00000000c77d8c00'
Event: 198.430 Thread 0x00000225e946e8a0 Unloading class 0x00000000c77d9000 'java/lang/invoke/LambdaForm$DMH+0x00000000c77d9000'
Event: 198.430 Thread 0x00000225e946e8a0 Unloading class 0x00000000c77d8800 'java/lang/invoke/LambdaForm$DMH+0x00000000c77d8800'
Event: 198.430 Thread 0x00000225e946e8a0 Unloading class 0x00000000c77d8400 'java/lang/invoke/LambdaForm$DMH+0x00000000c77d8400'

Classes redefined (0 events):
No events

Internal exceptions (20 events):
Event: 198.248 Thread 0x00000225f216d460 Exception <a 'java/lang/NoSuchMethodError'{0x00000000f29ac108}: 'void java.lang.invoke.DirectMethodHandle$Holder.invokeSpecial(java.lang.Object, java.lang.Object, int, java.lang.Object)'> (0x00000000f29ac108) 
thrown [s\src\hotspot\share\interpreter\linkResolver.cpp, line 815]
Event: 198.248 Thread 0x00000225fe43e6f0 Exception <a 'java/lang/NoSuchMethodError'{0x00000000f2ffa8a0}: 'void java.lang.invoke.DirectMethodHandle$Holder.invokeSpecial(java.lang.Object, java.lang.Object, int, java.lang.Object)'> (0x00000000f2ffa8a0) 
thrown [s\src\hotspot\share\interpreter\linkResolver.cpp, line 815]
Event: 198.248 Thread 0x00000225efde7af0 Exception <a 'java/lang/NoSuchMethodError'{0x00000000f2eccc40}: 'void java.lang.invoke.DirectMethodHandle$Holder.invokeSpecial(java.lang.Object, java.lang.Object, int, java.lang.Object)'> (0x00000000f2eccc40) 
thrown [s\src\hotspot\share\interpreter\linkResolver.cpp, line 815]
Event: 198.249 Thread 0x00000225fe440630 Implicit null exception at 0x00000225dd278ae4 to 0x00000225dd279aa0
Event: 198.298 Thread 0x0000022580823a70 Exception <a 'java/lang/NoSuchMethodError'{0x00000000f6e97bb8}: 'int java.lang.invoke.DirectMethodHandle$Holder.invokeSpecial(java.lang.Object, java.lang.Object, java.lang.Object, int, java.lang.Object)'> (0x00000000f6e97bb8) 
thrown [s\src\hotspot\share\interpreter\linkResolver.cpp, line 815]
Event: 198.298 Thread 0x00000225f301b9f0 Exception <a 'java/lang/NoSuchMethodError'{0x00000000f70c50c8}: 'int java.lang.invoke.DirectMethodHandle$Holder.invokeSpecial(java.lang.Object, java.lang.Object, java.lang.Object, int, java.lang.Object)'> (0x00000000f70c50c8) 
thrown [s\src\hotspot\share\interpreter\linkResolver.cpp, line 815]
Event: 198.298 Thread 0x00000225efde7af0 Exception <a 'java/lang/NoSuchMethodError'{0x00000000f6e0a3e8}: 'int java.lang.invoke.DirectMethodHandle$Holder.invokeSpecial(java.lang.Object, java.lang.Object, java.lang.Object, int, java.lang.Object)'> (0x00000000f6e0a3e8) 
thrown [s\src\hotspot\share\interpreter\linkResolver.cpp, line 815]
Event: 198.298 Thread 0x00000225ee2bc5e0 Exception <a 'java/lang/NoSuchMethodError'{0x00000000f6fc3550}: 'int java.lang.invoke.DirectMethodHandle$Holder.invokeSpecial(java.lang.Object, java.lang.Object, java.lang.Object, int, java.lang.Object)'> (0x00000000f6fc3550) 
thrown [s\src\hotspot\share\interpreter\linkResolver.cpp, line 815]
Event: 198.298 Thread 0x00000225808259b0 Exception <a 'java/lang/NoSuchMethodError'{0x00000000f72dd778}: 'int java.lang.invoke.DirectMethodHandle$Holder.invokeSpecial(java.lang.Object, java.lang.Object, java.lang.Object, int, java.lang.Object)'> (0x00000000f72dd778) 
thrown [s\src\hotspot\share\interpreter\linkResolver.cpp, line 815]
Event: 198.298 Thread 0x0000022580824240 Exception <a 'java/lang/NoSuchMethodError'{0x00000000f6fb3dc8}: 'int java.lang.invoke.DirectMethodHandle$Holder.invokeSpecial(java.lang.Object, java.lang.Object, java.lang.Object, int, java.lang.Object)'> (0x00000000f6fb3dc8) 
thrown [s\src\hotspot\share\interpreter\linkResolver.cpp, line 815]
Event: 198.298 Thread 0x00000225efde7320 Exception <a 'java/lang/NoSuchMethodError'{0x00000000f78dc028}: 'int java.lang.invoke.DirectMethodHandle$Holder.invokeSpecial(java.lang.Object, java.lang.Object, java.lang.Object, int, java.lang.Object)'> (0x00000000f78dc028) 
thrown [s\src\hotspot\share\interpreter\linkResolver.cpp, line 815]
Event: 198.298 Thread 0x00000225fe43f690 Exception <a 'java/lang/NoSuchMethodError'{0x00000000f6e62428}: 'int java.lang.invoke.DirectMethodHandle$Holder.invokeSpecial(java.lang.Object, java.lang.Object, java.lang.Object, int, java.lang.Object)'> (0x00000000f6e62428) 
thrown [s\src\hotspot\share\interpreter\linkResolver.cpp, line 815]
Event: 198.314 Thread 0x0000022580824240 Exception <a 'java/lang/NoSuchMethodError'{0x00000000f659c268}: 'java.lang.Object java.lang.invoke.DirectMethodHandle$Holder.invokeInterface(java.lang.Object, java.lang.Object, int)'> (0x00000000f659c268) 
thrown [s\src\hotspot\share\interpreter\linkResolver.cpp, line 815]
Event: 198.366 Thread 0x00000225efde7320 Exception <a 'java/lang/IncompatibleClassChangeError'{0x00000000feb754c0}: Found class java.lang.Object, but interface was expected> (0x00000000feb754c0) 
thrown [s\src\hotspot\share\interpreter\linkResolver.cpp, line 882]
Event: 198.388 Thread 0x00000225f301b9f0 Exception <a 'java/lang/NoSuchMethodError'{0x00000000f6c27680}: 'java.lang.Object java.lang.invoke.DirectMethodHandle$Holder.newInvokeSpecial(java.lang.Object, java.lang.Object, int, java.lang.Object, java.lang.Object, java.lang.Object)'> (0x00000000f6c27680) 
thrown [s\src\hotspot\share\interpreter\linkResolver.cpp, line 815]
Event: 198.389 Thread 0x00000225f301b9f0 Exception <a 'java/lang/NoSuchMethodError'{0x00000000f6c30840}: 'java.lang.Object java.lang.invoke.Invokers$Holder.linkToTargetMethod(java.lang.Object, int, java.lang.Object, java.lang.Object, java.lang.Object, java.lang.Object)'> (0x00000000f6c30840) 
thrown [s\src\hotspot\share\interpreter\linkResolver.cpp, line 815]
Event: 198.389 Thread 0x00000225f301b9f0 Exception <a 'java/lang/NoSuchMethodError'{0x00000000f6ce81a8}: 'void java.lang.invoke.DirectMethodHandle$Holder.invokeSpecial(java.lang.Object, java.lang.Object, java.lang.Object, int, java.lang.Object, java.lang.Object, java.lang.Object, java.lang.Object)'> (0x00000000f6ce81a8) 
thrown [s\src\hotspot\share\interpreter\linkResolver.cpp, line 815]
Event: 198.391 Thread 0x00000225f301b9f0 Exception <a 'java/lang/NoSuchMethodError'{0x00000000f69d4800}: 'void java.lang.invoke.DirectMethodHandle$Holder.invokeStatic(java.lang.Object, java.lang.Object, java.lang.Object, java.lang.Object, java.lang.Object, java.lang.Object, java.lang.Object, java.lang.Object)'> (0x00000000f69d4800) 
thrown [s\src\hotspot\share\interpreter\linkResolver.cpp, line 815]
Event: 198.394 Thread 0x00000225fe43fe60 Exception <a 'java/lang/NoSuchMethodError'{0x00000000f649cff0}: 'void java.lang.invoke.DirectMethodHandle$Holder.invokeStatic(java.lang.Object, java.lang.Object, java.lang.Object, java.lang.Object, java.lang.Object, java.lang.Object, java.lang.Object)'> (0x00000000f649cff0) 
thrown [s\src\hotspot\share\interpreter\linkResolver.cpp, line 815]
Event: 198.522 Thread 0x00000225fe43e6f0 Exception <a 'java/lang/NoSuchMethodError'{0x00000000f60ba950}: 'int java.lang.invoke.DirectMethodHandle$Holder.invokeInterface(java.lang.Object, java.lang.Object, int)'> (0x00000000f60ba950) 
thrown [s\src\hotspot\share\interpreter\linkResolver.cpp, line 815]

VM Operations (20 events):
Event: 198.296 Executing non-safepoint VM operation: HandshakeAllThreads (Deoptimize)
Event: 198.296 Executing non-safepoint VM operation: HandshakeAllThreads (Deoptimize) done
Event: 198.311 Executing non-safepoint VM operation: HandshakeAllThreads (Deoptimize)
Event: 198.312 Executing non-safepoint VM operation: HandshakeAllThreads (Deoptimize) done
Event: 198.314 Executing non-safepoint VM operation: HandshakeAllThreads (Deoptimize)
Event: 198.314 Executing non-safepoint VM operation: HandshakeAllThreads (Deoptimize) done
Event: 198.319 Executing non-safepoint VM operation: HandshakeAllThreads (Deoptimize)
Event: 198.319 Executing non-safepoint VM operation: HandshakeAllThreads (Deoptimize) done
Event: 198.344 Executing non-safepoint VM operation: HandshakeAllThreads (Deoptimize)
Event: 198.345 Executing non-safepoint VM operation: HandshakeAllThreads (Deoptimize) done
Event: 198.347 Executing non-safepoint VM operation: HandshakeAllThreads (Deoptimize)
Event: 198.348 Executing non-safepoint VM operation: HandshakeAllThreads (Deoptimize) done
Event: 198.354 Executing safepoint VM operation: G1CollectForAllocation (G1 Evacuation Pause)
Event: 198.358 Executing safepoint VM operation: G1CollectForAllocation (G1 Evacuation Pause) done
Event: 198.430 Executing safepoint VM operation: G1PauseRemark
Event: 198.444 Executing safepoint VM operation: G1PauseRemark done
Event: 198.466 Executing safepoint VM operation: G1PauseCleanup
Event: 198.466 Executing safepoint VM operation: G1PauseCleanup done
Event: 198.468 Executing safepoint VM operation: G1CollectForAllocation (G1 Evacuation Pause)
Event: 198.470 Executing safepoint VM operation: G1CollectForAllocation (G1 Evacuation Pause) done

Memory protections (0 events):
No events

Nmethod flushes (20 events):
Event: 198.442 Thread 0x00000225e946e8a0 flushing  nmethod 0x00000225d635ea88
Event: 198.442 Thread 0x00000225e946e8a0 flushing  nmethod 0x00000225d635fc88
Event: 198.442 Thread 0x00000225e946e8a0 flushing  nmethod 0x00000225d6360f88
Event: 198.442 Thread 0x00000225e946e8a0 flushing  nmethod 0x00000225d6414b08
Event: 198.442 Thread 0x00000225e946e8a0 flushing  nmethod 0x00000225d6415308
Event: 198.442 Thread 0x00000225e946e8a0 flushing  nmethod 0x00000225d6416d08
Event: 198.442 Thread 0x00000225e946e8a0 flushing  nmethod 0x00000225d6417288
Event: 198.442 Thread 0x00000225e946e8a0 flushing  nmethod 0x00000225d6418d08
Event: 198.442 Thread 0x00000225e946e8a0 flushing  nmethod 0x00000225d6419a88
Event: 198.442 Thread 0x00000225e946e8a0 flushing  nmethod 0x00000225d65c2a08
Event: 198.442 Thread 0x00000225e946e8a0 flushing  nmethod 0x00000225d65c4d88
Event: 198.442 Thread 0x00000225e946e8a0 flushing  nmethod 0x00000225d65c5d88
Event: 198.442 Thread 0x00000225e946e8a0 flushing  nmethod 0x00000225d67f9c88
Event: 198.442 Thread 0x00000225e946e8a0 flushing  nmethod 0x00000225d67fae88
Event: 198.442 Thread 0x00000225e946e8a0 flushing  nmethod 0x00000225d67feb88
Event: 198.442 Thread 0x00000225e946e8a0 flushing  nmethod 0x00000225d67ff188
Event: 198.442 Thread 0x00000225e946e8a0 flushing  nmethod 0x00000225d6800c08
Event: 198.442 Thread 0x00000225e946e8a0 flushing  nmethod 0x00000225d6800f08
Event: 198.442 Thread 0x00000225e946e8a0 flushing  nmethod 0x00000225d6801a08
Event: 198.442 Thread 0x00000225e946e8a0 flushing  nmethod 0x00000225d6802308

Events (20 events):
Event: 197.515 Thread 0x00000225f3658bb0 Thread added: 0x00000225fe440630
Event: 197.515 Thread 0x00000225f3658bb0 Thread added: 0x00000225fe440e00
Event: 197.515 Thread 0x00000225f3658bb0 Thread added: 0x00000225fe4415d0
Event: 197.515 Thread 0x00000225f3658bb0 Thread added: 0x00000225fe441da0
Event: 197.515 Thread 0x00000225f3658bb0 Thread added: 0x00000225f301b9f0
Event: 197.515 Thread 0x00000225f3658bb0 Thread added: 0x00000225f301aa50
Event: 197.515 Thread 0x00000225f3658bb0 Thread added: 0x00000225f301b220
Event: 197.515 Thread 0x00000225f3658bb0 Thread added: 0x00000225ee2bc5e0
Event: 197.515 Thread 0x00000225f3658bb0 Thread added: 0x00000225efde8a90
Event: 197.515 Thread 0x00000225f3658bb0 Thread added: 0x00000225efde9a30
Event: 197.515 Thread 0x00000225f3658bb0 Thread added: 0x00000225efde82c0
Event: 197.515 Thread 0x00000225f3658bb0 Thread added: 0x00000225efde7af0
Event: 197.515 Thread 0x00000225f3658bb0 Thread added: 0x00000225efde9260
Event: 197.516 Thread 0x00000225f3658bb0 Thread added: 0x00000225efdea200
Event: 197.516 Thread 0x00000225f3658bb0 Thread added: 0x00000225efdea9d0
Event: 197.516 Thread 0x00000225f3658bb0 Thread added: 0x00000225efde7320
Event: 197.516 Thread 0x00000225f3658bb0 Thread added: 0x00000225f8d00be0
Event: 197.516 Thread 0x00000225f3658bb0 Thread added: 0x00000225f8d00410
Event: 197.773 Thread 0x00000225f7a04290 Thread exited: 0x00000225f7a04290
Event: 198.330 Thread 0x00000225ee04b720 Thread added: 0x00000225f0009ec0


Dynamic libraries:
0x00007ff6b9cd0000 - 0x00007ff6b9cda000 	C:\Program Files\Android\Android Studio\jbr\bin\java.exe
0x00007ff931a20000 - 0x00007ff931c86000 	C:\WINDOWS\SYSTEM32\ntdll.dll
0x00007ff9307a0000 - 0x00007ff930869000 	C:\WINDOWS\System32\KERNEL32.DLL
0x00007ff92f1e0000 - 0x00007ff92f5de000 	C:\WINDOWS\System32\KERNELBASE.dll
0x00007ff92f5f0000 - 0x00007ff92f73c000 	C:\WINDOWS\System32\ucrtbase.dll
0x00007ff8a5380000 - 0x00007ff8a539b000 	C:\Program Files\Android\Android Studio\jbr\bin\VCRUNTIME140.dll
0x00007ff8fc690000 - 0x00007ff8fc6a6000 	C:\Program Files\Android\Android Studio\jbr\bin\jli.dll
0x00007ff931100000 - 0x00007ff9312c7000 	C:\WINDOWS\System32\USER32.dll
0x00007ff92edc0000 - 0x00007ff92ede7000 	C:\WINDOWS\System32\win32u.dll
0x00007ff92ddd0000 - 0x00007ff92e062000 	C:\WINDOWS\WinSxS\amd64_microsoft.windows.common-controls_6595b64144ccf1df_6.0.26100.8875_none_3e0d5d42e32fe9dd\COMCTL32.dll
0x00007ff9314d0000 - 0x00007ff9314fb000 	C:\WINDOWS\System32\GDI32.dll
0x00007ff9306f0000 - 0x00007ff930799000 	C:\WINDOWS\System32\msvcrt.dll
0x00007ff92edf0000 - 0x00007ff92ef1a000 	C:\WINDOWS\System32\gdi32full.dll
0x00007ff92efb0000 - 0x00007ff92f053000 	C:\WINDOWS\System32\msvcp_win.dll
0x00007ff930040000 - 0x00007ff930072000 	C:\WINDOWS\System32\IMM32.DLL
0x00007ff8fc6e0000 - 0x00007ff8fc6ec000 	C:\Program Files\Android\Android Studio\jbr\bin\vcruntime140_1.dll
0x00007ff8a50b0000 - 0x00007ff8a513d000 	C:\Program Files\Android\Android Studio\jbr\bin\msvcp140.dll
0x00007ff8a53a0000 - 0x00007ff8a627a000 	C:\Program Files\Android\Android Studio\jbr\bin\server\jvm.dll
0x00007ff931040000 - 0x00007ff9310f7000 	C:\WINDOWS\System32\ADVAPI32.dll
0x00007ff9312d0000 - 0x00007ff93137a000 	C:\WINDOWS\System32\sechost.dll
0x00007ff931720000 - 0x00007ff931838000 	C:\WINDOWS\System32\RPCRT4.dll
0x00007ff930080000 - 0x00007ff930100000 	C:\WINDOWS\System32\WS2_32.dll
0x00007ff92eaa0000 - 0x00007ff92eafe000 	C:\WINDOWS\SYSTEM32\POWRPROF.dll
0x00007ff91ed20000 - 0x00007ff91ed56000 	C:\WINDOWS\SYSTEM32\WINMM.dll
0x00007ff92cb10000 - 0x00007ff92cb1b000 	C:\WINDOWS\SYSTEM32\VERSION.dll
0x00007ff92ea80000 - 0x00007ff92ea94000 	C:\WINDOWS\SYSTEM32\UMPDC.dll
0x00007ff92dc20000 - 0x00007ff92dc3b000 	C:\WINDOWS\SYSTEM32\kernel.appcore.dll
0x00007ff8f6140000 - 0x00007ff8f614a000 	C:\Program Files\Android\Android Studio\jbr\bin\jimage.dll
0x00007ff92e3d0000 - 0x00007ff92e612000 	C:\WINDOWS\SYSTEM32\DBGHELP.DLL
0x00007ff930870000 - 0x00007ff930bf3000 	C:\WINDOWS\System32\combase.dll
0x00007ff930180000 - 0x00007ff930259000 	C:\WINDOWS\System32\OLEAUT32.dll
0x00007ff92e280000 - 0x00007ff92e2bb000 	C:\WINDOWS\SYSTEM32\dbgcore.DLL
0x00007ff92f060000 - 0x00007ff92f10c000 	C:\WINDOWS\System32\bcryptPrimitives.dll
0x00007ff92aa90000 - 0x00007ff92aa9e000 	C:\Program Files\Android\Android Studio\jbr\bin\instrument.dll
0x00007ff8a5360000 - 0x00007ff8a537f000 	C:\Program Files\Android\Android Studio\jbr\bin\java.dll
0x00007ff931840000 - 0x00007ff9319d9000 	C:\WINDOWS\System32\ole32.dll
0x00007ff92f8a0000 - 0x00007ff930032000 	C:\WINDOWS\System32\SHELL32.dll
0x00007ff8a5340000 - 0x00007ff8a5357000 	C:\Program Files\Android\Android Studio\jbr\bin\zip.dll
0x00007ff92b6a0000 - 0x00007ff92bf32000 	C:\WINDOWS\SYSTEM32\windows.storage.dll
0x00007ff92f760000 - 0x00007ff92f857000 	C:\WINDOWS\System32\SHCORE.dll
0x00007ff930110000 - 0x00007ff930177000 	C:\WINDOWS\System32\shlwapi.dll
0x00007ff92eb60000 - 0x00007ff92eb89000 	C:\WINDOWS\SYSTEM32\profapi.dll
0x00007ff8f0490000 - 0x00007ff8f04a0000 	C:\Program Files\Android\Android Studio\jbr\bin\net.dll
0x00007ff92ce20000 - 0x00007ff92ce8c000 	C:\WINDOWS\system32\mswsock.dll
0x00007ff8a5320000 - 0x00007ff8a5336000 	C:\Program Files\Android\Android Studio\jbr\bin\nio.dll
0x00007ff8effd0000 - 0x00007ff8effe0000 	C:\Program Files\Android\Android Studio\jbr\bin\verify.dll
0x00007ff8fc6b0000 - 0x00007ff8fc6d7000 	C:\Users\Intel\.gradle\native\660c5614fbf4a5f2a75b1949f50a0caf5cd603558e7d8a26e50b933a0cfb79d1\windows-amd64\native-platform.dll
0x00007ff8e35c0000 - 0x00007ff8e3637000 	C:\Users\Intel\.gradle\native\0.2.8\x86_64-windows-gnu\gradle-fileevents.dll
0x00007ff8f6170000 - 0x00007ff8f6179000 	C:\Program Files\Android\Android Studio\jbr\bin\management.dll
0x00007ff8f6160000 - 0x00007ff8f616b000 	C:\Program Files\Android\Android Studio\jbr\bin\management_ext.dll
0x00007ff931710000 - 0x00007ff931718000 	C:\WINDOWS\System32\PSAPI.DLL
0x00007ff92c270000 - 0x00007ff92c2a3000 	C:\WINDOWS\SYSTEM32\IPHLPAPI.DLL
0x00007ff9314c0000 - 0x00007ff9314ca000 	C:\WINDOWS\System32\NSI.dll
0x00007ff8f6180000 - 0x00007ff8f6189000 	C:\Program Files\Android\Android Studio\jbr\bin\extnet.dll
0x00007ff92e740000 - 0x00007ff92e75b000 	C:\WINDOWS\SYSTEM32\CRYPTSP.dll
0x00007ff92c820000 - 0x00007ff92c859000 	C:\WINDOWS\system32\rsaenh.dll
0x00007ff92cee0000 - 0x00007ff92cf12000 	C:\WINDOWS\SYSTEM32\USERENV.dll
0x00007ff92eb30000 - 0x00007ff92eb5a000 	C:\WINDOWS\SYSTEM32\bcrypt.dll
0x00007ff92d090000 - 0x00007ff92d09c000 	C:\WINDOWS\SYSTEM32\CRYPTBASE.dll
0x00007ff8adcf0000 - 0x00007ff8adcf8000 	C:\WINDOWS\system32\wshunix.dll
0x00007ff908000000 - 0x00007ff908018000 	C:\WINDOWS\system32\napinsp.dll
0x00007ff92c300000 - 0x00007ff92c456000 	C:\WINDOWS\SYSTEM32\DNSAPI.dll
0x00007ff92cc40000 - 0x00007ff92cc4d000 	C:\WINDOWS\SYSTEM32\DSPARSE.dll
0x00007ff906480000 - 0x00007ff906493000 	C:\WINDOWS\System32\winrnr.dll
0x00007ff906450000 - 0x00007ff906472000 	C:\WINDOWS\system32\nlansp_c.dll
0x00007ff9259c0000 - 0x00007ff9259d6000 	C:\WINDOWS\system32\wshbth.dll
0x00007ff925790000 - 0x00007ff92579b000 	C:\Windows\System32\rasadhlp.dll
0x00007ff920080000 - 0x00007ff920106000 	C:\WINDOWS\System32\fwpuclnt.dll
0x00007ff92e390000 - 0x00007ff92e3c6000 	C:\WINDOWS\SYSTEM32\ntmarta.dll

JVMTI agents:
C:\Users\Intel\.gradle\wrapper\dists\gradle-9.3.0-bin\79n14ral3mx1ozqr3csh2u872\gradle-9.3.0\lib\agents\gradle-instrumentation-agent-9.3.0.jar path:C:\Program Files\Android\Android Studio\jbr\bin\instrument.dll, loaded, initialized, instrumentlib options:none

dbghelp: loaded successfully - version: 4.0.5 - missing functions: none
symbol engine: initialized successfully - sym options: 0x614 - pdb path: .;C:\Program Files\Android\Android Studio\jbr\bin;C:\WINDOWS\SYSTEM32;C:\WINDOWS\WinSxS\amd64_microsoft.windows.common-controls_6595b64144ccf1df_6.0.26100.8875_none_3e0d5d42e32fe9dd;C:\Program Files\Android\Android Studio\jbr\bin\server;C:\Users\Intel\.gradle\native\660c5614fbf4a5f2a75b1949f50a0caf5cd603558e7d8a26e50b933a0cfb79d1\windows-amd64;C:\Users\Intel\.gradle\native\0.2.8\x86_64-windows-gnu

VM Arguments:
jvm_args: --add-opens=java.base/java.lang=ALL-UNNAMED --add-opens=java.base/java.lang.invoke=ALL-UNNAMED --add-opens=java.base/java.util=ALL-UNNAMED --add-opens=java.prefs/java.util.prefs=ALL-UNNAMED --add-exports=jdk.compiler/com.sun.tools.javac.api=ALL-UNNAMED --add-exports=jdk.compiler/com.sun.tools.javac.util=ALL-UNNAMED --add-opens=java.base/java.util=ALL-UNNAMED --add-opens=java.prefs/java.util.prefs=ALL-UNNAMED --add-opens=java.base/java.nio.charset=ALL-UNNAMED --add-opens=java.base/java.net=ALL-UNNAMED --add-opens=java.base/java.util.concurrent=ALL-UNNAMED --add-opens=java.base/java.util.concurrent.atomic=ALL-UNNAMED --add-opens=java.xml/javax.xml.namespace=ALL-UNNAMED --add-opens=java.base/java.time=ALL-UNNAMED --enable-native-access=ALL-UNNAMED -XX:MaxMetaspaceSize=384m -XX:+HeapDumpOnOutOfMemoryError -Xms256m -Xmx512m -Dfile.encoding=UTF-8 -Duser.country=BE -Duser.language=nl -Duser.variant -javaagent:C:\Users\Intel\.gradle\wrapper\dists\gradle-9.3.0-bin\79n14ral3mx1ozqr3csh2u872\gradle-9.3.0\lib\agents\gradle-instrumentation-agent-9.3.0.jar 
java_command: org.gradle.launcher.daemon.bootstrap.GradleDaemon 9.3.0
java_class_path (initial): C:\Users\Intel\.gradle\wrapper\dists\gradle-9.3.0-bin\79n14ral3mx1ozqr3csh2u872\gradle-9.3.0\lib\gradle-daemon-main-9.3.0.jar
Launcher Type: SUN_STANDARD

[Global flags]
     intx CICompilerCount                          = 15                                        {product} {ergonomic}
   size_t CompressedClassSpaceSize                 = 335544320                                 {product} {ergonomic}
     uint ConcGCThreads                            = 6                                         {product} {ergonomic}
     uint G1ConcRefinementThreads                  = 23                                        {product} {ergonomic}
   size_t G1HeapRegionSize                         = 1048576                                   {product} {ergonomic}
     bool HeapDumpOnOutOfMemoryError               = true                                   {manageable} {command line}
   size_t InitialHeapSize                          = 268435456                                 {product} {command line}
   size_t MarkStackSize                            = 4194304                                   {product} {ergonomic}
   size_t MarkStackSizeMax                         = 536870912                                 {product} {ergonomic}
   size_t MaxHeapSize                              = 536870912                                 {product} {command line}
   size_t MaxMetaspaceSize                         = 402653184                                 {product} {command line}
   size_t MaxNewSize                               = 321912832                                 {product} {ergonomic}
   size_t MinHeapDeltaBytes                        = 1048576                                   {product} {ergonomic}
   size_t MinHeapSize                              = 268435456                                 {product} {command line}
    uintx NonNMethodCodeHeapSize                   = 8192000                                {pd product} {ergonomic}
    uintx NonProfiledCodeHeapSize                  = 121765888                              {pd product} {ergonomic}
    uintx ProfiledCodeHeapSize                     = 121700352                              {pd product} {ergonomic}
    uintx ReservedCodeCacheSize                    = 251658240                              {pd product} {ergonomic}
     bool SegmentedCodeCache                       = true                                      {product} {ergonomic}
   size_t SoftMaxHeapSize                          = 536870912                              {manageable} {ergonomic}
     bool UseCompressedOops                        = true                           {product lp64_product} {ergonomic}
     bool UseG1GC                                  = true                                      {product} {ergonomic}
     bool UseLargePagesIndividualAllocation        = false                                  {pd product} {ergonomic}

Logging:
Log output configuration:
 #0: stdout all=warning uptime,level,tags foldmultilines=false
 #1: stderr all=off uptime,level,tags foldmultilines=false

Release file:
JAVA_VERSION="25.0.2" 
MODULES="java.base java.compiler java.datatransfer java.xml java.prefs java.desktop java.instrument java.logging java.management java.security.sasl java.naming java.rmi java.management.rmi java.net.http java.scripting java.security.jgss java.transaction.xa java.sql java.sql.rowset java.xml.crypto java.se java.smartcardio jdk.accessibility jdk.internal.jvmstat jdk.attach jdk.charsets jdk.internal.opt jdk.zipfs jdk.compiler jdk.crypto.cryptoki jdk.crypto.ec jdk.dynalink jdk.hotspot.agent jdk.httpserver jdk.internal.ed jdk.internal.le jdk.internal.md jdk.internal.vm.ci jdk.jartool jdk.javadoc jdk.jcmd jdk.jdeps jdk.jdwp.agent jdk.jdi jdk.jfr jdk.jlink jdk.localedata jdk.management jdk.management.agent jdk.management.jfr jdk.naming.dns jdk.naming.rmi jdk.net jdk.sctp jdk.security.auth jdk.security.jgss jdk.unsupported jdk.unsupported.desktop jdk.xml.dom" 
IMPLEMENTOR="JetBrains s.r.o." 
JAVA_RUNTIME_VERSION="25.0.2+-15348964-b329.117" 
LIBC="default" 
OS_ARCH="x86_64" 
OS_NAME="Windows" 
SOURCE=".:git:3cf398e84a39" 

Environment Variables:
PATH=C:\Program Files\NVIDIA GPU Computing Toolkit\CUDA\v12.8\bin;C:\Program Files\NVIDIA GPU Computing Toolkit\CUDA\v12.8\libnvvp;;;;C:\WINDOWS\system32;C:\WINDOWS;C:\WINDOWS\System32\Wbem;C:\WINDOWS\System32\WindowsPowerShell\v1.0\;C:\WINDOWS\System32\OpenSSH\;C:\Program Files\Git\cmd;C:\Program Files (x86)\NVIDIA Corporation\PhysX\Common;C:\Program Files\NVIDIA Corporation\NVIDIA NvDLISR;C:\Program Files\NVIDIA Corporation\Nsight Compute 2025.1.0\;C:\Program Files\NVIDIA Corporation\NVIDIA app\NvDLISR;C:\Program Files\dotnet\;C:\Users\Intel\AppData\Local\Programs\Python\Python312\Scripts\;C:\Users\Intel\AppData\Local\Programs\Python\Python312\;C:\Users\Intel\AppData\Local\Programs\Python\Python311\Scripts\;C:\Users\Intel\AppData\Local\Programs\Python\Python311\;C:\Users\Intel\AppData\Local\Programs\Python\Python310\Scripts\;C:\Users\Intel\AppData\Local\Programs\Python\Python310\;C:\Users\Intel\AppData\Local\Microsoft\WindowsApps;C:\Users\Intel\.dotnet\tools
USERNAME=Intel
OS=Windows_NT
PROCESSOR_IDENTIFIER=Intel64 Family 6 Model 183 Stepping 1, GenuineIntel
TMP=C:\Users\Intel\AppData\Local\Temp
TEMP=C:\Users\Intel\AppData\Local\Temp




Compilation memory statistics disabled.

Periodic native trim disabled

JNI global refs:
JNI global refs: 51, weak refs: 376

JNI global refs memory usage: 835, weak refs: 4625

Process memory usage:
Resident Set Size: 1063572K (1% of 66809568K total physical memory with 52344044K free physical memory)

OOME stack traces (most recent first):
Classloader memory used:
Loader org.gradle.internal.classloader.VisitableURLClassLoader$InstrumentingVisitableURLClassLoader: 73633 K
Loader org.gradle.internal.classloader.VisitableURLClassLoader                         : 54883 K
Loader bootstrap                                                                       : 31812 K
Loader org.gradle.initialization.MixInLegacyTypesClassLoader                           : 14113 K
Loader org.gradle.internal.classloader.VisitableURLClassLoader                         : 8467 K
Loader jdk.internal.loader.ClassLoaders$PlatformClassLoader                            : 443 K
Loader jdk.internal.loader.ClassLoaders$AppClassLoader                                 : 225 K
Loader org.gradle.groovy.scripts.internal.DefaultScriptCompilationHandler$ScriptClassLoader: 200 K
Loader sun.reflect.misc.MethodUtil                                                     : 2968 B

Classes loaded by more than one classloader:
Class Program                                                                         : loaded 5 times (x 74B)
Class com.google.common.collect.UnmodifiableIterator                                  : loaded 4 times (x 82B)
Class com.google.common.collect.Iterators                                             : loaded 4 times (x 73B)
Class com.google.common.collect.Lists$StringAsImmutableList                           : loaded 4 times (x 209B)
Class com.google.common.collect.ImmutableList                                         : loaded 4 times (x 208B)
Class com.google.common.collect.UnmodifiableListIterator                              : loaded 4 times (x 97B)
Class com.google.common.collect.AbstractIterator                                      : loaded 4 times (x 84B)
Class com.google.common.collect.AbstractIndexedListIterator                           : loaded 4 times (x 98B)
Class com.google.common.collect.Iterators$MergingIterator                             : loaded 4 times (x 83B)
Class com.google.common.collect.Iterators$1                                           : loaded 4 times (x 83B)
Class com.google.common.collect.Iterators$4                                           : loaded 4 times (x 84B)
Class com.google.common.collect.PeekingIterator                                       : loaded 4 times (x 72B)
Class com.google.common.collect.Iterators$5                                           : loaded 4 times (x 84B)
Class com.google.common.base.Preconditions                                            : loaded 4 times (x 73B)
Class com.google.common.collect.ImmutableCollection                                   : loaded 4 times (x 127B)
Class com.google.common.collect.Lists                                                 : loaded 4 times (x 73B)
Class com.google.common.collect.Iterators$9                                           : loaded 4 times (x 83B)
Class com.google.common.collect.Iterators$ArrayItr                                    : loaded 4 times (x 99B)
Class com.google.common.collect.ImmutableRangeSet$ComplementRanges                    : loaded 3 times (x 209B)
Class org.gradle.internal.IoActions                                                   : loaded 3 times (x 73B)
Class org.gradle.api.GradleException                                                  : loaded 3 times (x 84B)
Class com.google.common.base.CharMatcher$NegatedFastMatcher                           : loaded 3 times (x 115B)
Class com.google.common.collect.AbstractRangeSet                                      : loaded 3 times (x 116B)
Class com.google.common.base.Predicate                                                : loaded 3 times (x 72B)
Class com.google.common.base.CharMatcher$FastMatcher                                  : loaded 3 times (x 113B)
Class org.gradle.api.Action                                                           : loaded 3 times (x 72B)
Class org.gradle.internal.Cast                                                        : loaded 3 times (x 73B)
Class com.google.common.base.CharMatcher$Or                                           : loaded 3 times (x 114B)
Class com.google.common.base.CharMatcher$BitSetMatcher                                : loaded 3 times (x 114B)
Class com.google.common.collect.ImmutableSet                                          : loaded 3 times (x 147B)
Class com.google.common.collect.ImmutableRangeSet$Builder                             : loaded 3 times (x 79B)
Class com.google.common.collect.ImmutableList$1                                       : loaded 3 times (x 99B)
Class com.google.common.collect.RegularImmutableList                                  : loaded 3 times (x 214B)
Class com.google.common.base.Function                                                 : loaded 3 times (x 72B)
Class com.google.common.collect.RegularImmutableSortedSet                             : loaded 3 times (x 301B)
Class com.google.common.base.CharMatcher$IsNot                                        : loaded 3 times (x 113B)
Class com.google.common.base.CharMatcher$IsEither                                     : loaded 3 times (x 113B)
Class com.google.common.collect.ImmutableSortedSet                                    : loaded 3 times (x 301B)
Class com.google.common.collect.ImmutableAsList                                       : loaded 3 times (x 211B)
Class com.google.common.collect.ImmutableSet$RegularSetBuilderImpl                    : loaded 3 times (x 78B)
Class com.google.common.base.CharMatcher$Negated                                      : loaded 3 times (x 115B)
Class com.google.common.collect.ImmutableSet$CachingAsList                            : loaded 3 times (x 149B)
Class com.google.common.base.CharMatcher$AnyOf                                        : loaded 3 times (x 114B)
Class com.google.common.base.CharMatcher$Is                                           : loaded 3 times (x 113B)
Class com.google.common.base.CharMatcher$ForPredicate                                 : loaded 3 times (x 114B)
Class com.google.common.base.Joiner$1                                                 : loaded 3 times (x 82B)
Class com.google.common.base.CharMatcher                                              : loaded 3 times (x 113B)
Class com.google.common.collect.SortedIterable                                        : loaded 3 times (x 72B)
Class com.google.common.collect.SingletonImmutableSet                                 : loaded 3 times (x 148B)
Class com.google.common.base.Joiner$2                                                 : loaded 3 times (x 81B)
Class com.google.common.collect.ImmutableList$ReverseImmutableList                    : loaded 3 times (x 210B)
Class com.google.common.collect.SingletonImmutableList                                : loaded 3 times (x 209B)
Class com.google.common.base.CharMatcher$1                                            : loaded 3 times (x 115B)
Class com.google.common.base.ExtraObjectsMethodsForWeb                                : loaded 3 times (x 73B)
Class com.google.common.collect.Multimap                                              : loaded 3 times (x 72B)
Class com.google.common.base.CharMatcher$NamedFastMatcher                             : loaded 3 times (x 114B)
Class com.google.common.collect.RangeSet                                              : loaded 3 times (x 72B)
Class com.google.common.base.Objects                                                  : loaded 3 times (x 73B)
Class com.google.common.base.CharMatcher$InRange                                      : loaded 3 times (x 113B)
Class com.google.common.base.CharMatcher$And                                          : loaded 3 times (x 114B)
Class com.google.common.collect.ImmutableSet$SetBuilderImpl                           : loaded 3 times (x 78B)
Class com.google.common.collect.ForwardingObject                                      : loaded 3 times (x 74B)
Class com.google.common.collect.Range                                                 : loaded 3 times (x 89B)
Class com.google.common.collect.RegularImmutableAsList                                : loaded 3 times (x 218B)
Class com.google.common.collect.ImmutableRangeSet$1                                   : loaded 3 times (x 211B)
Class com.google.common.collect.ImmutableList$Builder                                 : loaded 3 times (x 79B)
Class com.google.common.collect.Iterators$SingletonIterator                           : loaded 3 times (x 83B)
Class com.intellij.gradle.toolingExtension.util.GradleVersionUtil                     : loaded 3 times (x 73B)
Class com.google.common.collect.ImmutableList$SubList                                 : loaded 3 times (x 210B)
Class com.google.common.base.Joiner                                                   : loaded 3 times (x 81B)
Class com.google.common.collect.ImmutableCollection$Builder                           : loaded 3 times (x 78B)
Class com.google.common.collect.RegularImmutableSet                                   : loaded 3 times (x 149B)
Class com.google.common.collect.ImmutableRangeSet$AsSet                               : loaded 3 times (x 301B)
Class com.google.common.collect.ImmutableRangeSet                                     : loaded 3 times (x 117B)
Class io.opentelemetry.api.GlobalOpenTelemetry                                        : loaded 2 times (x 73B)
Class com.intellij.util.containers.IntObjectHashMap$ArrayProducer                     : loaded 2 times (x 72B)
Class org.gradle.internal.classloader.DefaultClassLoaderFactory                       : loaded 2 times (x 84B)
Class com.google.common.base.CharMatcher$None                                         : loaded 2 times (x 114B)
Class com.amazon.ion.impl.bin.IonManagedBinaryWriter$ImportedSymbolResolverMode$2     : loaded 2 times (x 82B)
Class io.opentelemetry.context.Scope                                                  : loaded 2 times (x 72B)
Class com.google.common.collect.ReverseNaturalOrdering                                : loaded 2 times (x 116B)
Class kotlin.text.MatcherMatchResult$groupValues$1                                    : loaded 2 times (x 200B)
Class kotlin.sequences.SequencesKt___SequencesKt                                      : loaded 2 times (x 73B)
Class kotlin.collections.AbstractList$Companion                                       : loaded 2 times (x 73B)
Class org.gradle.internal.classloader.ClassLoaderVisitor                              : loaded 2 times (x 78B)
Class [Lcom.google.common.collect.ImmutableMapEntry;                                  : loaded 2 times (x 71B)
Class org.jetbrains.kotlin.idea.projectModel.KotlinTaskProperties                     : loaded 2 times (x 72B)
Class org.jetbrains.plugins.gradle.tooling.serialization.internal.IdeaProjectSerializationService: loaded 2 times (x 79B)
Class com.google.common.collect.Ordering                                              : loaded 2 times (x 116B)
Class kotlin.sequences.SequencesKt___SequencesKt$flatMap$2                            : loaded 2 times (x 131B)
Class org.gradle.api.internal.classpath.EffectiveClassPath                            : loaded 2 times (x 92B)
Class com.android.builder.model.v2.models.AndroidDsl                                  : loaded 2 times (x 72B)
Class com.amazon.ion.impl.bin.IonManagedBinaryWriter$ImportedSymbolResolverMode$1     : loaded 2 times (x 82B)
Class com.google.common.collect.ImmutableEnumMap                                      : loaded 2 times (x 127B)
Class com.google.common.collect.ListMultimap                                          : loaded 2 times (x 72B)
Class com.amazon.ion.impl.lite.IonSystemLite                                          : loaded 2 times (x 277B)
Class com.amazon.ion.util.InputStreamInterceptor                                      : loaded 2 times (x 72B)
Class com.amazon.ion.impl.bin.IonRawBinaryWriter$PreallocationMode                    : loaded 2 times (x 83B)
Class com.amazon.ion.impl.bin._Private_IonRawWriter                                   : loaded 2 times (x 72B)
Class com.amazon.ion.IonWriter                                                        : loaded 2 times (x 72B)
Class kotlin.text.StringsKt__AppendableKt                                             : loaded 2 times (x 73B)
Class org.gradle.tooling.internal.gradle.DefaultProjectIdentifier                     : loaded 2 times (x 88B)
Class com.google.common.collect.Iterators$EmptyModifiableIterator                     : loaded 2 times (x 88B)
Class com.android.ide.common.gradle.Numeric                                           : loaded 2 times (x 79B)
Class com.google.common.collect.Sets$1                                                : loaded 2 times (x 141B)
Class org.objectweb.asm.AnnotationVisitor                                             : loaded 2 times (x 80B)
Class com.google.common.base.Splitter                                                 : loaded 2 times (x 74B)
Class com.amazon.ion.impl._Private_IonContainer                                       : loaded 2 times (x 72B)
Class com.intellij.gradle.toolingExtension.impl.model.buildScriptClasspathModel.GradleBuildScriptClasspathSerializationService$ReadContext: loaded 2 times (x 74B)
Class kotlin.jvm.internal.ArrayIteratorKt                                             : loaded 2 times (x 73B)
Class com.google.common.collect.ComparatorOrdering                                    : loaded 2 times (x 117B)
Class org.gradle.api.internal.DefaultClassPathProvider                                : loaded 2 times (x 78B)
Class com.google.common.collect.MapMakerInternalMap$Strength$1                        : loaded 2 times (x 82B)
Class com.google.common.collect.Maps$ViewCachingAbstractMap                           : loaded 2 times (x 127B)
Class com.android.builder.model.v2.models.BasicAndroidProject                         : loaded 2 times (x 72B)
Class com.google.common.collect.Sets$2                                                : loaded 2 times (x 141B)
Class com.amazon.ion.impl.SharedSymbolTable                                           : loaded 2 times (x 95B)
Class com.amazon.ion.impl.bin.IonRawBinaryWriter                                      : loaded 2 times (x 170B)
Class com.amazon.ion.SymbolToken                                                      : loaded 2 times (x 72B)
Class kotlin.sequences.SequencesKt__SequencesKt$sequenceOf$$inlined$Sequence$1        : loaded 2 times (x 77B)
Class kotlin.text.StringsKt__StringNumberConversionsJVMKt                             : loaded 2 times (x 73B)
Class com.google.common.collect.NaturalOrdering                                       : loaded 2 times (x 117B)
Class kotlin.text.MatchResult                                                         : loaded 2 times (x 72B)
Class kotlin.sequences.SequenceScope                                                  : loaded 2 times (x 75B)
Class kotlin.sequences.Sequence                                                       : loaded 2 times (x 72B)
Class org.gradle.tooling.ToolingModelContract                                         : loaded 2 times (x 72B)
Class [Lorg.gradle.api.internal.ClassPathProvider;                                    : loaded 2 times (x 71B)
Class org.gradle.api.internal.ClassPathProvider                                       : loaded 2 times (x 72B)
Class com.google.common.collect.MapMakerInternalMap$Strength$2                        : loaded 2 times (x 82B)
Class [Lorg.objectweb.asm.AnnotationVisitor;                                          : loaded 2 times (x 71B)
Class com.google.common.collect.Sets$3                                                : loaded 2 times (x 141B)
Class com.google.common.cache.LocalCache$LocalLoadingCache                            : loaded 2 times (x 136B)
Class com.google.common.base.AbstractIterator$State                                   : loaded 2 times (x 81B)
Class com.amazon.ion.impl.lite.IonBoolLite                                            : loaded 2 times (x 181B)
Class kotlin.collections.CollectionsKt___CollectionsKt$asSequence$$inlined$Sequence$1 : loaded 2 times (x 77B)
Class org.gradle.internal.service.UnknownServiceException                             : loaded 2 times (x 85B)
Class com.google.common.io.ByteArrayDataInput                                         : loaded 2 times (x 72B)
Class com.google.common.collect.MapMakerInternalMap$StrongValueEntry                  : loaded 2 times (x 72B)
Class com.google.common.collect.Sets$4                                                : loaded 2 times (x 141B)
Class org.objectweb.asm.ModuleVisitor                                                 : loaded 2 times (x 83B)
Class com.google.common.cache.LocalCache$Strength$1                                   : loaded 2 times (x 83B)
Class org.jetbrains.kotlin.idea.gradleTooling.model.kapt.KaptGradleModel              : loaded 2 times (x 72B)
Class org.jetbrains.kotlin.idea.gradleTooling.KotlinDslScriptAdditionalTask           : loaded 2 times (x 72B)
Class org.jetbrains.plugins.gradle.model.ClasspathEntryModel                          : loaded 2 times (x 72B)
Class com.google.common.util.concurrent.SettableFuture                                : loaded 2 times (x 116B)
Class com.google.common.cache.LocalCache$Strength$2                                   : loaded 2 times (x 83B)
Class com.amazon.ion.IonTimestamp                                                     : loaded 2 times (x 72B)
Class com.amazon.ion.impl.bin.PooledBlockAllocatorProvider$PooledBlockAllocator       : loaded 2 times (x 83B)
Class com.intellij.platform.diagnostic.telemetry.rt.context.TelemetryContextGetter    : loaded 2 times (x 77B)
Class org.jetbrains.plugins.gradle.tooling.serialization.GradleExtensionsSerializationService: loaded 2 times (x 79B)
Class com.android.ide.gradle.model.AdditionalClassifierArtifactsModelParameter        : loaded 2 times (x 72B)
Class org.gradle.api.JavaVersion                                                      : loaded 2 times (x 81B)
Class org.gradle.tooling.model.Dependency                                             : loaded 2 times (x 72B)
Class ijJvmDebugger1_ewkv1r8vhe7wre3euz9djkhur$_run_closure1$_closure2                : loaded 2 times (x 141B)
Class com.google.common.io.ByteStreams                                                : loaded 2 times (x 73B)
Class com.google.common.collect.Interners$InternerImpl                                : loaded 2 times (x 77B)
Class com.google.common.collect.Interner                                              : loaded 2 times (x 72B)
Class com.google.common.collect.TransformedIterator                                   : loaded 2 times (x 82B)
Class com.android.builder.model.v2.ide.AbstractArtifact                               : loaded 2 times (x 72B)
Class com.google.common.cache.LocalCache$Strength$3                                   : loaded 2 times (x 83B)
Class com.google.common.collect.MapDifference                                         : loaded 2 times (x 72B)
Class com.google.common.base.Splitter$1                                               : loaded 2 times (x 79B)
Class com.amazon.ion.IonDatagram                                                      : loaded 2 times (x 72B)
Class com.amazon.ion.impl.bin.IonManagedBinaryWriter$ImportedSymbolResolverMode$1$1   : loaded 2 times (x 80B)
Class com.amazon.ion.impl._Private_ByteTransferSink                                   : loaded 2 times (x 72B)
Class com.intellij.openapi.externalSystem.model.project.dependencies.ResolutionState  : loaded 2 times (x 81B)
Class kotlin.text.StringsKt__RegexExtensionsJVMKt                                     : loaded 2 times (x 73B)
Class com.google.common.collect.AllEqualOrdering                                      : loaded 2 times (x 116B)
Class kotlin.collections.ArraysKt___ArraysJvmKt                                       : loaded 2 times (x 73B)
Class kotlin.collections.CollectionsKt__CollectionsKt                                 : loaded 2 times (x 73B)
Class com.google.common.collect.MapMaker$Dummy                                        : loaded 2 times (x 81B)
Class org.objectweb.asm.FieldWriter                                                   : loaded 2 times (x 79B)
Class com.google.common.cache.CacheBuilder$NullListener                               : loaded 2 times (x 84B)
Class org.jetbrains.plugins.gradle.model.ExternalLibraryDependency                    : loaded 2 times (x 72B)
Class kotlin.text.Regex$Companion                                                     : loaded 2 times (x 73B)
Class org.gradle.internal.classpath.TransformedClassPath                              : loaded 2 times (x 98B)
Class org.gradle.internal.classloader.InstrumentingClassLoader                        : loaded 2 times (x 72B)
Class com.google.common.collect.ImmutableListMultimap                                 : loaded 2 times (x 178B)
Class com.amazon.ion.impl.lite.IonSymbolLite                                          : loaded 2 times (x 249B)
Class com.google.common.cache.CacheLoader$FunctionToCacheLoader                       : loaded 2 times (x 77B)
Class [Lcom.amazon.ion.impl.bin.IonRawBinaryWriter$StreamCloseMode;                   : loaded 2 times (x 71B)
Class org.jetbrains.kotlin.idea.gradleTooling.AndroidAwareGradleModelProvider$Companion: loaded 2 times (x 73B)
Class com.amazon.ion.IonValue                                                         : loaded 2 times (x 72B)
Class ijInit1_cw2zc3w9p265jgr2j09q3y34p                                               : loaded 2 times (x 173B)
Class kotlin.jvm.internal.FunctionReference                                           : loaded 2 times (x 128B)
Class [Lkotlin.coroutines.intrinsics.CoroutineSingletons;                             : loaded 2 times (x 71B)
Class kotlin.jvm.internal.FunctionBase                                                : loaded 2 times (x 72B)
Class kotlin.enums.EnumEntriesList                                                    : loaded 2 times (x 225B)
Class com.google.common.collect.EmptyImmutableListMultimap                            : loaded 2 times (x 178B)
Class com.google.common.collect.BaseImmutableMultimap                                 : loaded 2 times (x 125B)
Class com.google.common.base.Platform$JdkPatternCompiler                              : loaded 2 times (x 77B)
Class com.google.common.base.MoreObjects                                              : loaded 2 times (x 73B)
Class com.amazon.ion.impl.bin.IonRawBinaryWriter$ContainerType                        : loaded 2 times (x 81B)
Class com.amazon.ion.impl._Private_IonTextWriterBuilder$Mutable                       : loaded 2 times (x 103B)
Class kotlin.comparisons.ComparisonsKt___ComparisonsJvmKt                             : loaded 2 times (x 73B)
Class kotlin.collections.CollectionsKt__IteratorsJVMKt                                : loaded 2 times (x 73B)
Class [Lorg.objectweb.asm.Attribute;                                                  : loaded 2 times (x 71B)
Class com.android.builder.model.v2.ide.TestInfo$Execution                             : loaded 2 times (x 81B)
Class [Lorg.objectweb.asm.Type;                                                       : loaded 2 times (x 71B)
Class com.google.common.collect.Platform                                              : loaded 2 times (x 73B)
Class com.google.common.base.Suppliers                                                : loaded 2 times (x 73B)
Class org.jetbrains.kotlin.idea.gradleTooling.KotlinSourceSetContainer                : loaded 2 times (x 72B)
Class io.opentelemetry.context.ContextStorageWrappers                                 : loaded 2 times (x 73B)
Class io.opentelemetry.context.propagation.DefaultContextPropagators                  : loaded 2 times (x 77B)
Class org.jetbrains.plugins.gradle.model.IntelliJSettings                             : loaded 2 times (x 72B)
Class kotlin.Result                                                                   : loaded 2 times (x 74B)
Class org.gradle.internal.service.ServiceLocator                                      : loaded 2 times (x 72B)
Class [Lcom.google.common.cache.CacheBuilder$OneWeigher;                              : loaded 2 times (x 71B)
Class com.google.common.collect.HashBiMap$BiEntry                                     : loaded 2 times (x 84B)
Class com.google.common.base.Ascii                                                    : loaded 2 times (x 73B)
Class com.google.common.collect.SingletonImmutableBiMap                               : loaded 2 times (x 145B)
Class com.google.common.cache.LocalCache$1                                            : loaded 2 times (x 91B)
Class com.google.common.collect.AbstractMapEntry                                      : loaded 2 times (x 83B)
Class com.amazon.ion.impl.IonWriterSystem                                             : loaded 2 times (x 172B)
Class com.amazon.ion.impl.bin.Symbols$2                                               : loaded 2 times (x 109B)
Class com.amazon.ion.impl.bin._Private_IonManagedWriter                               : loaded 2 times (x 72B)
Class org.objectweb.asm.MethodTooLargeException                                       : loaded 2 times (x 84B)
Class com.android.ide.gradle.model.GradlePropertiesModel                              : loaded 2 times (x 72B)
Class kotlin.sequences.TransformingSequence$iterator$1                                : loaded 2 times (x 81B)
Class kotlin.Pair                                                                     : loaded 2 times (x 74B)
Class org.gradle.tooling.internal.adapter.ProtocolToModelAdapter$SupportedPropertyInvoker: loaded 2 times (x 78B)
Class org.gradle.tooling.model.UnsupportedMethodException                             : loaded 2 times (x 84B)
Class com.google.common.collect.MapMakerInternalMap$AbstractStrongKeyEntry            : loaded 2 times (x 82B)
Class com.google.common.collect.Sets$ImprovedAbstractSet                              : loaded 2 times (x 137B)
Class com.android.builder.model.v2.ide.BytecodeTransformation                         : loaded 2 times (x 81B)
Class com.google.common.collect.MapMakerInternalMap$Strength                          : loaded 2 times (x 82B)
Class com.google.common.cache.LocalCache$2                                            : loaded 2 times (x 144B)
Class com.google.common.collect.AbstractMultimap                                      : loaded 2 times (x 125B)
Class com.amazon.ion.impl.lite.IonContainerLite                                       : loaded 2 times (x 250B)
Class com.amazon.ion.IonBufferConfiguration$OversizedSymbolTableHandler               : loaded 2 times (x 72B)
Class com.amazon.ion.system.IonWriterBuilder                                          : loaded 2 times (x 76B)
Class org.jetbrains.plugins.gradle.tooling.serialization.ToolingStreamApiUtils        : loaded 2 times (x 73B)
Class com.amazon.ion.facet.Faceted                                                    : loaded 2 times (x 72B)
Class kotlin.collections.CollectionsKt__MutableCollectionsKt                          : loaded 2 times (x 73B)
Class com.android.builder.model.v2.ide.CodeShrinker                                   : loaded 2 times (x 81B)
Class com.google.common.collect.MapMakerInternalMap$StrongKeyDummyValueEntry$LinkedStrongKeyDummyValueEntry: loaded 2 times (x 84B)
Class org.gradle.internal.operations.MultipleBuildOperationFailures                   : loaded 2 times (x 97B)
Class com.amazon.ion.impl.bin.utf8.Poolable                                           : loaded 2 times (x 81B)
Class com.amazon.ion.IonSymbol                                                        : loaded 2 times (x 72B)
Class io.opentelemetry.api.trace.SpanContext                                          : loaded 2 times (x 72B)
Class io.opentelemetry.api.trace.DefaultTracer$NoopSpanBuilder                        : loaded 2 times (x 93B)
Class org.jetbrains.plugins.gradle.tooling.serialization.AnnotationProcessingModelSerializationService$WriteContext: loaded 2 times (x 74B)
Class kotlin.io.TerminateException                                                    : loaded 2 times (x 84B)
Class kotlin.io.FilesKt__FilePathComponentsKt                                         : loaded 2 times (x 73B)
Class kotlin.reflect.KCallable                                                        : loaded 2 times (x 72B)
Class com.google.common.base.Optional                                                 : loaded 2 times (x 82B)
Class org.gradle.tooling.internal.adapter.MethodInvocation                            : loaded 2 times (x 87B)
Class com.google.common.util.concurrent.AbstractFuture$Trusted                        : loaded 2 times (x 72B)
Class kotlin.sequences.TransformingSequence                                           : loaded 2 times (x 77B)
Class org.jetbrains.kotlin.idea.gradleTooling.KotlinGradlePluginVersion               : loaded 2 times (x 72B)
Class com.intellij.compose.ide.plugin.gradleTooling.rt.ComposeResourcesModel          : loaded 2 times (x 72B)
Class com.intellij.gradle.toolingExtension.impl.util.collectionUtil.GradleCollections : loaded 2 times (x 73B)
Class com.amazon.ion.impl.lite.IonStructLite                                          : loaded 2 times (x 300B)
Class com.amazon.ion.impl._Private_ReaderWriter                                       : loaded 2 times (x 72B)
Class com.amazon.ion.impl.bin.AbstractSymbolTable                                     : loaded 2 times (x 109B)
Class com.amazon.ion.Decimal                                                          : loaded 2 times (x 136B)
Class com.amazon.ion.impl.bin._Private_IonManagedBinaryWriterBuilder$AllocatorMode$1  : loaded 2 times (x 82B)
Class org.jetbrains.plugins.gradle.tooling.serialization.ProjectDependenciesSerializationService$WriteContext: loaded 2 times (x 74B)
Class org.jetbrains.plugins.gradle.tooling.serialization.ProjectDependenciesSerializationService: loaded 2 times (x 79B)
Class kotlin.collections.AbstractIterator                                             : loaded 2 times (x 85B)
Class kotlin.text.CharsKt                                                             : loaded 2 times (x 73B)
Class org.gradle.tooling.model.kotlin.dsl.KotlinDslScriptModel                        : loaded 2 times (x 72B)
Class org.gradle.tooling.internal.adapter.CollectionMapper                            : loaded 2 times (x 75B)
Class com.google.common.io.ByteSink$AsCharSink                                        : loaded 2 times (x 82B)
Class org.jetbrains.kotlin.tooling.core.KotlinToolingVersion                          : loaded 2 times (x 77B)
Class [Lcom.android.builder.model.v2.ide.LibraryType;                                 : loaded 2 times (x 71B)
Class com.android.builder.model.v2.ide.LibraryType                                    : loaded 2 times (x 81B)
Class com.google.common.util.concurrent.UncheckedExecutionException                   : loaded 2 times (x 84B)
Class io.opentelemetry.api.internal.OtelEncodingUtils                                 : loaded 2 times (x 73B)
Class com.amazon.ion.impl.lite.IonFloatLite                                           : loaded 2 times (x 189B)
Class com.amazon.ion.impl._Private_IonTextWriterBuilder                               : loaded 2 times (x 103B)
Class com.amazon.ion.impl.bin._Private_IonManagedBinaryWriterBuilder$AllocatorMode$2  : loaded 2 times (x 82B)
Class io.opentelemetry.api.trace.DefaultTracerProvider                                : loaded 2 times (x 81B)
Class com.android.ide.gradle.model.ArtifactIdentifierImpl                             : loaded 2 times (x 79B)
Class com.google.common.collect.ExplicitOrdering                                      : loaded 2 times (x 117B)
Class org.jetbrains.plugins.gradle.ExternalDependencyId                               : loaded 2 times (x 72B)
Class com.amazon.ion.impl._Private_IonReaderBuilder                                   : loaded 2 times (x 99B)
Class com.amazon.ion.IonMutableCatalog                                                : loaded 2 times (x 72B)
Class gnu.trove.THash                                                                 : loaded 2 times (x 83B)
Class com.intellij.gradle.toolingExtension.impl.model.buildScriptClasspathModel.GradleBuildScriptClasspathSerializationService$WriteContext: loaded 2 times (x 74B)
Class org.gradle.tooling.internal.adapter.ProtocolToModelAdapter                      : loaded 2 times (x 82B)
Class com.google.common.collect.AbstractMapBasedMultimap$KeySet$1                     : loaded 2 times (x 84B)
Class com.android.builder.model.v2.ide.AndroidGradlePluginProjectFlags$BooleanFlag    : loaded 2 times (x 81B)
Class com.android.ide.common.gradle.Separator                                         : loaded 2 times (x 81B)
Class org.objectweb.asm.ClassWriter                                                   : loaded 2 times (x 107B)
Class com.google.common.cache.CacheLoader$UnsupportedLoadingOperationException        : loaded 2 times (x 84B)
Class com.intellij.util.ThrowableConsumer                                             : loaded 2 times (x 72B)
Class [Lio.opentelemetry.context.ThreadLocalContextStorage$NoopScope;                 : loaded 2 times (x 71B)
Class io.opentelemetry.context.ThreadLocalContextStorage$NoopScope                    : loaded 2 times (x 87B)
Class kotlin.collections.ArraysKt___ArraysKt$asSequence$$inlined$Sequence$1           : loaded 2 times (x 77B)
Class kotlin.collections.MapsKt__MapsJVMKt                                            : loaded 2 times (x 73B)
Class kotlin.collections.EmptyList                                                    : loaded 2 times (x 176B)
Class org.gradle.internal.time.DefaultTimer                                           : loaded 2 times (x 82B)
Class org.gradle.internal.classloader.ClasspathUtil$1                                 : loaded 2 times (x 78B)
Class org.objectweb.asm.ClassVisitor                                                  : loaded 2 times (x 90B)
Class org.objectweb.asm.FieldVisitor                                                  : loaded 2 times (x 79B)
Class com.google.common.collect.IndexedImmutableSet                                   : loaded 2 times (x 152B)
Class com.google.common.collect.ImmutableMap$1                                        : loaded 2 times (x 83B)
Class com.google.common.collect.BiMap                                                 : loaded 2 times (x 72B)
Class com.amazon.ion.impl.bin.PooledBlockAllocatorProvider$PooledBlockAllocator$1     : loaded 2 times (x 81B)
Class com.amazon.ion.impl.lite.IonStringLite                                          : loaded 2 times (x 215B)
Class io.opentelemetry.context.ImplicitContextKeyed                                   : loaded 2 times (x 72B)
Class org.gradle.tooling.internal.adapter.ProtocolToModelAdapter$ViewKey              : loaded 2 times (x 74B)
Class org.gradle.api.internal.classpath.DefaultModuleRegistry$DefaultModule           : loaded 2 times (x 88B)
Class com.android.builder.model.v2.CustomSourceDirectory                              : loaded 2 times (x 72B)
Class com.google.common.primitives.Ints                                               : loaded 2 times (x 73B)
Class [Lorg.objectweb.asm.Symbol;                                                     : loaded 2 times (x 71B)
Class com.amazon.ion.impl.bin.Block                                                   : loaded 2 times (x 81B)
Class io.opentelemetry.context.DefaultContextKey                                      : loaded 2 times (x 74B)
Class com.google.common.collect.NullsFirstOrdering                                    : loaded 2 times (x 117B)
Class kotlin.ResultKt                                                                 : loaded 2 times (x 73B)
Class org.gradle.tooling.internal.adapter.ProtocolToModelAdapter$PropertyCachingMethodInvoker: loaded 2 times (x 78B)
Class com.android.builder.model.v2.models.ProjectSyncIssues                           : loaded 2 times (x 72B)
Class com.google.common.math.MathPreconditions                                        : loaded 2 times (x 73B)
Class com.google.common.collect.Multiset                                              : loaded 2 times (x 72B)
Class com.google.common.collect.ArrayListMultimapGwtSerializationDependencies         : loaded 2 times (x 173B)
Class com.google.common.collect.ObjectArrays                                          : loaded 2 times (x 73B)
Class com.android.utils.FileUtils                                                     : loaded 2 times (x 73B)
Class org.jetbrains.plugins.gradle.model.ExternalTask                                 : loaded 2 times (x 72B)
Class com.amazon.ion.impl.bin.utf8.Utf8StringEncoderPool$1                            : loaded 2 times (x 78B)
Class com.amazon.ion.impl.lite.IonLoaderLite                                          : loaded 2 times (x 84B)
Class com.amazon.ion.impl.lite.IonContext                                             : loaded 2 times (x 72B)
Class com.amazon.ion.impl.IonWriterSystemText                                         : loaded 2 times (x 191B)
Class [Lcom.amazon.ion.impl.bin.IonManagedBinaryWriter$ImportedSymbolResolverMode;    : loaded 2 times (x 71B)
Class com.amazon.ion.ValueFactory                                                     : loaded 2 times (x 72B)
Class io.opentelemetry.api.internal.IncubatingUtil                                    : loaded 2 times (x 73B)
Class io.opentelemetry.api.GlobalOpenTelemetry$ObfuscatedOpenTelemetry                : loaded 2 times (x 94B)
Class kotlin.collections.ArraysKt__ArraysKt                                           : loaded 2 times (x 73B)
Class kotlin.Result$Failure                                                           : loaded 2 times (x 74B)
Class org.gradle.internal.time.DefaultCountdownTimer                                  : loaded 2 times (x 90B)
Class com.google.common.collect.ImmutableMapEntrySet                                  : loaded 2 times (x 153B)
Class com.amazon.ion.impl.bin.IonManagedBinaryWriter$SymbolResolver                   : loaded 2 times (x 72B)
Class com.amazon.ion.impl._Private_SymbolToken                                        : loaded 2 times (x 72B)
Class com.amazon.ion.impl.bin._Private_IonManagedBinaryWriterBuilder$AllocatorMode    : loaded 2 times (x 82B)
Class org.jetbrains.plugins.gradle.model.GradleTaskModel                              : loaded 2 times (x 72B)
Class org.jetbrains.plugins.gradle.tooling.util.ObjectCollector                       : loaded 2 times (x 74B)
Class ijInit1_cw2zc3w9p265jgr2j09q3y34p$_run_closure1                                 : loaded 2 times (x 141B)
Class kotlin.collections.SetsKt__SetsJVMKt                                            : loaded 2 times (x 73B)
Class kotlin.Function                                                                 : loaded 2 times (x 72B)
Class org.gradle.tooling.internal.adapter.ProtocolToModelAdapter$AdaptingMethodInvoker: loaded 2 times (x 78B)
Class org.gradle.tooling.internal.gradle.DefaultBuildIdentifier                       : loaded 2 times (x 81B)
Class org.gradle.api.internal.classpath.Module                                        : loaded 2 times (x 72B)
Class com.google.common.cache.Weigher                                                 : loaded 2 times (x 72B)
Class [Lcom.amazon.ion.util.GzipStreamInterceptor;                                    : loaded 2 times (x 71B)
Class com.amazon.ion.impl._Private_IonReaderBuilder$Mutable                           : loaded 2 times (x 99B)
Class com.intellij.openapi.externalSystem.model.project.IExternalSystemSourceType     : loaded 2 times (x 72B)
Class kotlin.io.FileAlreadyExistsException                                            : loaded 2 times (x 84B)
Class kotlin.internal.ProgressionUtilKt                                               : loaded 2 times (x 73B)
Class org.gradle.api.internal.classpath.UnknownModuleException                        : loaded 2 times (x 84B)
Class com.google.common.base.Stopwatch                                                : loaded 2 times (x 74B)
Class com.google.common.cache.LocalCache$Strength                                     : loaded 2 times (x 83B)
Class com.google.common.cache.Cache                                                   : loaded 2 times (x 72B)
Class io.opentelemetry.api.trace.TraceStateBuilder                                    : loaded 2 times (x 72B)
Class com.intellij.openapi.externalSystem.model.project.dependencies.ProjectDependencies: loaded 2 times (x 72B)
Class org.jetbrains.plugins.gradle.tooling.serialization.ProjectDependenciesSerializationService$ReadContext: loaded 2 times (x 74B)
Class kotlin.sequences.DistinctIterator                                               : loaded 2 times (x 85B)
Class com.google.common.io.AppendableWriter                                           : loaded 2 times (x 101B)
Class com.google.common.util.concurrent.AbstractFuture$Cancellation                   : loaded 2 times (x 74B)
Class com.google.common.collect.ImmutableMap$Builder                                  : loaded 2 times (x 84B)
Class com.google.common.base.NullnessCasts                                            : loaded 2 times (x 73B)
Class ijKotlinCoroutineJvmDebugInit1_6cshnk5ey2f3nejrfkwgib8o4                        : loaded 2 times (x 173B)
Class com.google.common.base.Present                                                  : loaded 2 times (x 83B)
Class com.google.common.collect.AbstractMapBasedMultimap$WrappedCollection$WrappedIterator: loaded 2 times (x 86B)
Class com.google.common.cache.RemovalListener                                         : loaded 2 times (x 72B)
Class com.amazon.ion.IonBufferConfiguration                                           : loaded 2 times (x 74B)
Class com.amazon.ion.impl.bin.Symbols                                                 : loaded 2 times (x 73B)
Class org.jetbrains.plugins.gradle.tooling.serialization.RepositoriesModelSerializationService: loaded 2 times (x 84B)
Class com.android.ide.gradle.model.artifacts.AdditionalClassifierArtifactsModel       : loaded 2 times (x 72B)
Class sync_studio_tooling7_abwd1ulvmybn5sqgrq1kcl271                                  : loaded 2 times (x 173B)
Class org.gradle.tooling.internal.gradle.GradleProjectIdentity                        : loaded 2 times (x 72B)
Class org.gradle.api.internal.DefaultClassPathRegistry                                : loaded 2 times (x 78B)
Class com.google.common.collect.ImmutableMultimap$Keys                                : loaded 2 times (x 168B)
Class com.android.builder.model.v2.ide.JavaArtifact                                   : loaded 2 times (x 72B)
Class com.google.common.primitives.IntsMethodsForWeb                                  : loaded 2 times (x 73B)
Class com.android.builder.model.v2.ide.AaptOptions$Namespacing                        : loaded 2 times (x 81B)
Class [Lcom.amazon.ion.impl.bin.AbstractIonWriter$WriteValueOptimization;             : loaded 2 times (x 71B)
Class io.opentelemetry.api.internal.AutoValue_ImmutableSpanContext                    : loaded 2 times (x 94B)
Class org.jetbrains.plugins.gradle.tooling.serialization.RepositoriesModelSerializationService$ReadContext: loaded 2 times (x 74B)
Class kotlin.ranges.ClosedRange                                                       : loaded 2 times (x 72B)
Class org.gradle.api.internal.ClassPathRegistry                                       : loaded 2 times (x 72B)
Class org.gradle.internal.classpath.DefaultClassPath$ImmutableUniqueList              : loaded 2 times (x 201B)
Class com.google.common.collect.MapMakerInternalMap$Segment                           : loaded 2 times (x 143B)
Class com.google.common.collect.TransformedListIterator                               : loaded 2 times (x 95B)
Class com.amazon.ion.impl.bin.IonManagedBinaryWriter$UserState                        : loaded 2 times (x 87B)
Class com.amazon.ion.impl._Private_IonWriter                                          : loaded 2 times (x 72B)
Class com.amazon.ion.impl.bin._Private_IonManagedBinaryWriterBuilder                  : loaded 2 times (x 74B)
Class com.intellij.gradle.toolingExtension.impl.model.projectModel.GradleExternalProjectSerializationService$WriteContext: loaded 2 times (x 75B)
Class kotlin.text.StringsKt__StringsJVMKt                                             : loaded 2 times (x 73B)
Class kotlin.collections.IntIterator                                                  : loaded 2 times (x 84B)
Class com.google.common.collect.NullnessCasts                                         : loaded 2 times (x 73B)
Class ijKotlinCoroutineJvmDebugInit1_6cshnk5ey2f3nejrfkwgib8o4$_run_closure1$_closure2: loaded 2 times (x 140B)
Class com.google.common.io.ByteSink                                                   : loaded 2 times (x 78B)
Class com.android.builder.model.v2.dsl.SigningConfig                                  : loaded 2 times (x 72B)
Class com.android.builder.model.v2.models.AndroidProject                              : loaded 2 times (x 72B)
Class com.android.builder.model.v2.AndroidModel                                       : loaded 2 times (x 72B)
Class com.google.common.cache.CacheBuilder                                            : loaded 2 times (x 74B)
Class org.gradle.tooling.internal.adapter.TargetTypeProvider                          : loaded 2 times (x 72B)
Class Settings_gradle$1                                                               : loaded 2 times (x 76B)
Class [Lcom.amazon.ion.SymbolToken;                                                   : loaded 2 times (x 71B)
Class io.opentelemetry.api.trace.ImmutableTraceFlags                                  : loaded 2 times (x 79B)
Class kotlin.text.StringsKt__IndentKt                                                 : loaded 2 times (x 73B)
Class kotlin.collections.SetsKt                                                       : loaded 2 times (x 73B)
Class org.gradle.internal.classpath.ClassPath                                         : loaded 2 times (x 72B)
Class com.google.common.collect.Interners$InternerBuilder                             : loaded 2 times (x 78B)
Class com.google.common.io.Files$FileByteSource                                       : loaded 2 times (x 87B)
Class kotlin.ranges.IntProgression$Companion                                          : loaded 2 times (x 73B)
Class com.google.common.base.JdkPattern                                               : loaded 2 times (x 77B)
Class org.jetbrains.plugins.gradle.model.ExternalProjectDependency                    : loaded 2 times (x 72B)
Class org.jetbrains.plugins.gradle.tooling.serialization.KotlinDslScriptsModelSerializationService: loaded 2 times (x 83B)
Class kotlin.reflect.KFunction                                                        : loaded 2 times (x 72B)
Class kotlin.collections.ArrayDeque                                                   : loaded 2 times (x 209B)
Class com.google.common.io.CharStreams$NullWriter                                     : loaded 2 times (x 101B)
Class org.objectweb.asm.SymbolTable$Entry                                             : loaded 2 times (x 75B)
Class com.amazon.ion.system.IonSystemBuilder$Mutable                                  : loaded 2 times (x 77B)
Class com.amazon.ion.impl.bin.IonManagedBinaryWriter$SymbolResolverBuilder            : loaded 2 times (x 72B)
Class org.jetbrains.kotlin.idea.gradleTooling.KotlinGradleModel                       : loaded 2 times (x 72B)
Class [Lio.opentelemetry.api.trace.TraceFlags;                                        : loaded 2 times (x 71B)
Class [Lio.opentelemetry.context.ContextStorage;                                      : loaded 2 times (x 71B)
Class com.intellij.platform.diagnostic.telemetry.rt.context.TelemetryContext          : loaded 2 times (x 135B)
Class org.jetbrains.plugins.gradle.tooling.serialization.ExternalTestsSerializationService$WriteContext: loaded 2 times (x 74B)
Class kotlin.collections.MapsKt__MapsKt                                               : loaded 2 times (x 73B)
Class com.android.builder.model.v2.ide.Variant                                        : loaded 2 times (x 72B)
Class org.objectweb.asm.Edge                                                          : loaded 2 times (x 74B)
Class com.google.common.base.Suppliers$SupplierOfInstance                             : loaded 2 times (x 81B)
Class org.jetbrains.plugins.gradle.model.GradleExtensions                             : loaded 2 times (x 72B)
Class com.amazon.ion.impl.bin.IonManagedBinaryWriter$LocalSymbolTableView             : loaded 2 times (x 121B)
Class com.amazon.ion.impl.bin.IonRawBinaryWriter$ThrowingRunnable                     : loaded 2 times (x 72B)
Class io.opentelemetry.context.ThreadLocalContextStorage                              : loaded 2 times (x 87B)
Class com.android.ide.gradle.model.ArtifactIdentifier                                 : loaded 2 times (x 72B)
Class org.gradle.tooling.model.Model                                                  : loaded 2 times (x 72B)
Class com.android.builder.model.v2.ide.SyncIssue                                      : loaded 2 times (x 72B)
Class com.google.common.cache.LocalCache$ComputingValueReference                      : loaded 2 times (x 98B)
Class org.jetbrains.plugins.gradle.model.AnnotationProcessingModel                    : loaded 2 times (x 72B)
Class com.google.common.collect.ImmutableMap$IteratorBasedImmutableMap                : loaded 2 times (x 127B)
Class com.amazon.ion.UnknownSymbolException                                           : loaded 2 times (x 87B)
Class com.android.ide.gradle.model.composites.BuildMap                                : loaded 2 times (x 72B)
Class kotlin.Metadata                                                                 : loaded 2 times (x 72B)
Class kotlin.UninitializedPropertyAccessException                                     : loaded 2 times (x 84B)
Class com.google.common.collect.AbstractMapBasedMultimap$AsMap$AsMapEntries           : loaded 2 times (x 140B)
Class com.android.builder.model.v2.ide.Library                                        : loaded 2 times (x 72B)
Class com.android.builder.model.v2.ide.ArtifactDependenciesAdjacencyList              : loaded 2 times (x 72B)
Class com.android.builder.model.v2.models.Versions                                    : loaded 2 times (x 72B)
Class com.google.common.cache.LocalCache$Segment                                      : loaded 2 times (x 155B)
Class io.opentelemetry.context.Context                                                : loaded 2 times (x 72B)
Class org.jetbrains.plugins.gradle.model.IntelliJProjectSettings                      : loaded 2 times (x 72B)
Class org.gradle.tooling.internal.adapter.ProtocolToModelAdapter$MethodInvocationCache: loaded 2 times (x 75B)
Class com.android.builder.model.v2.models.ndk.NativeModule                            : loaded 2 times (x 72B)
Class io.opentelemetry.context.ContextStorageProvider                                 : loaded 2 times (x 72B)
Class [Lorg.objectweb.asm.SymbolTable$Entry;                                          : loaded 2 times (x 71B)
Class com.google.common.cache.CacheLoader                                             : loaded 2 times (x 76B)
Class com.amazon.ion.system.IonBinaryWriterBuilder                                    : loaded 2 times (x 101B)
Class com.google.common.collect.ImmutableBiMap                                        : loaded 2 times (x 145B)
Class com.google.common.collect.AbstractListMultimap                                  : loaded 2 times (x 173B)
Class org.jetbrains.plugins.gradle.model.ExternalDependency                           : loaded 2 times (x 72B)
Class com.intellij.util.containers.IntObjectHashMap                                   : loaded 2 times (x 74B)
Class org.gradle.api.internal.classpath.ModuleRegistry                                : loaded 2 times (x 72B)
Class org.gradle.internal.installation.GradleInstallation$1                           : loaded 2 times (x 77B)
Class ijJvmDebugger1_ewkv1r8vhe7wre3euz9djkhur                                        : loaded 2 times (x 173B)
Class com.google.common.util.concurrent.internal.InternalFutureFailureAccess          : loaded 2 times (x 74B)
Class com.amazon.ion.impl.bin.IonManagedBinaryWriter$UserState$4                      : loaded 2 times (x 87B)
Class com.google.common.collect.ImmutableSet$JdkBackedSetBuilderImpl                  : loaded 2 times (x 78B)
Class com.google.common.base.Splitter$SplittingIterator                               : loaded 2 times (x 85B)
Class com.amazon.ion.impl.bin.IonManagedBinaryWriter$SymbolState$1                    : loaded 2 times (x 82B)
Class com.amazon.ion.impl.LocalSymbolTableAsStruct$Factory                            : loaded 2 times (x 81B)
Class [Lcom.amazon.ion.IonType;                                                       : loaded 2 times (x 71B)
Class org.jetbrains.plugins.gradle.model.VersionCatalogsModel                         : loaded 2 times (x 72B)
Class com.intellij.gradle.toolingExtension.impl.model.sourceSetDependencyModel.GradleSourceSetDependencySerialisationService$SourceSetDependencyModelReadContext: loaded 2 times (x 74B)
Class com.intellij.gradle.toolingExtension.impl.model.dependencyModel.DependencyReadContext: loaded 2 times (x 74B)
Class org.gradle.tooling.internal.adapter.ObjectGraphAdapter                          : loaded 2 times (x 72B)
Class com.google.common.collect.ImmutableMultimap$Values                              : loaded 2 times (x 128B)
Class com.android.builder.model.v2.ide.Installation                                   : loaded 2 times (x 72B)
Class com.google.common.collect.HashBiMap$Inverse                                     : loaded 2 times (x 144B)
Class com.google.common.cache.LocalCache$LocalManualCache$1                           : loaded 2 times (x 77B)
Class org.jetbrains.plugins.gradle.model.UnresolvedExternalDependency                 : loaded 2 times (x 72B)
Class org.jetbrains.plugins.gradle.model.ProjectImportModelProvider                   : loaded 2 times (x 72B)
Class org.jetbrains.plugins.gradle.model.ExternalSourceSet                            : loaded 2 times (x 72B)
Class com.amazon.ion.impl.bin.IonManagedBinaryWriter$SymbolState$2                    : loaded 2 times (x 82B)
Class com.amazon.ion.IonNull                                                          : loaded 2 times (x 72B)
Class com.intellij.gradle.toolingExtension.impl.model.warmUp.GradleTaskWarmUpRequest  : loaded 2 times (x 72B)
Class com.android.ide.gradle.model.LegacyAndroidGradlePluginPropertiesModelParameters : loaded 2 times (x 72B)
Class com.google.common.collect.ImmutableSortedAsList                                 : loaded 2 times (x 223B)
Class kotlin.text.RegexKt                                                             : loaded 2 times (x 73B)
Class kotlin.coroutines.intrinsics.IntrinsicsKt__IntrinsicsKt                         : loaded 2 times (x 73B)
Class com.android.builder.model.v2.models.ModelBuilderParameter                       : loaded 2 times (x 72B)
Class com.google.common.collect.ImmutableMap$MapViewOfValuesAsSingletonSets           : loaded 2 times (x 127B)
Class com.google.common.collect.RegularImmutableMap                                   : loaded 2 times (x 122B)
Class com.amazon.ion.impl.bin.IonRawBinaryWriter$ContainerInfo                        : loaded 2 times (x 76B)
Class com.amazon.ion.impl.bin.IonManagedBinaryWriter$SymbolState$3                    : loaded 2 times (x 82B)
Class com.amazon.ion.impl.bin.IonRawBinaryWriter$StreamFlushMode                      : loaded 2 times (x 81B)
Class com.amazon.ion.IonBinaryWriter                                                  : loaded 2 times (x 72B)
Class com.intellij.gradle.toolingExtension.impl.model.sourceSetArtifactIndex.GradleSourceSetArtifactBuildRequest: loaded 2 times (x 72B)
Class kotlin.io.FilesKt__UtilsKt                                                      : loaded 2 times (x 73B)
Class com.google.common.collect.Lists$TransformingRandomAccessList                    : loaded 2 times (x 201B)
Class kotlin.collections.CollectionsKt__CollectionsJVMKt                              : loaded 2 times (x 73B)
Class org.gradle.api.internal.classpath.DefaultModuleRegistry                         : loaded 2 times (x 88B)
Class com.google.common.util.concurrent.ListenableFuture                              : loaded 2 times (x 72B)
Class com.google.common.cache.ReferenceEntry                                          : loaded 2 times (x 72B)
Class com.android.builder.model.v2.ide.AndroidArtifact                                : loaded 2 times (x 72B)
Class com.google.common.base.Converter                                                : loaded 2 times (x 92B)
Class com.google.common.io.ByteArrayDataOutput                                        : loaded 2 times (x 72B)
Class com.amazon.ion.impl.bin.IonManagedBinaryWriter$SymbolState$4                    : loaded 2 times (x 82B)
Class [Lcom.amazon.ion.util.InputStreamInterceptor;                                   : loaded 2 times (x 71B)
Class org.jetbrains.plugins.gradle.tooling.serialization.internal.IdeaProjectSerializationService$WriteContext$1: loaded 2 times (x 85B)
Class org.jetbrains.plugins.gradle.model.ExternalProject                              : loaded 2 times (x 72B)
Class kotlin.sequences.SequencesKt                                                    : loaded 2 times (x 73B)
Class kotlin.collections.CollectionsKt__IteratorsKt                                   : loaded 2 times (x 73B)
Class [Lcom.android.builder.model.v2.ide.CodeShrinker;                                : loaded 2 times (x 71B)
Class com.google.common.util.concurrent.AbstractFuture                                : loaded 2 times (x 108B)
Class com.google.common.base.FunctionalEquivalence                                    : loaded 2 times (x 85B)
Class org.gradle.api.internal.classpath.ManifestUtil                                  : loaded 2 times (x 73B)
Class com.google.common.collect.AbstractMapBasedMultimap                              : loaded 2 times (x 140B)
Class org.gradle.tooling.internal.adapter.ProtocolToModelAdapter$InvocationHandlerImpl: loaded 2 times (x 79B)
Class com.amazon.ion.impl.bin.utf8.Pool                                               : loaded 2 times (x 76B)
Class org.jetbrains.plugins.gradle.tooling.serialization.internal.IdeaProjectSerializationService$WriteContext$2: loaded 2 times (x 85B)
Class kotlin.text.StringsKt                                                           : loaded 2 times (x 73B)
Class com.google.common.io.CharStreams                                                : loaded 2 times (x 73B)
Class com.google.common.collect.ImmutableMultiset                                     : loaded 2 times (x 165B)
Class org.objectweb.asm.RecordComponentVisitor                                        : loaded 2 times (x 79B)
Class com.google.common.cache.CacheLoader$SupplierToCacheLoader                       : loaded 2 times (x 77B)
Class com.amazon.ion.impl._Private_IonSymbol                                          : loaded 2 times (x 72B)
Class com.amazon.ion.impl.lite.IonValueLite                                           : loaded 2 times (x 150B)
Class com.amazon.ion.IonContainer                                                     : loaded 2 times (x 72B)
Class com.amazon.ion.impl.bin.PooledBlockAllocatorProvider                            : loaded 2 times (x 75B)
Class [Lio.opentelemetry.context.Scope;                                               : loaded 2 times (x 71B)
Class org.jetbrains.plugins.gradle.tooling.serialization.AnnotationProcessingModelSerializationService$ReadContext: loaded 2 times (x 74B)
Class org.jetbrains.plugins.gradle.tooling.serialization.internal.IdeaProjectSerializationService$WriteContext$3: loaded 2 times (x 85B)
Class gnu.trove.TObjectHash$NULL                                                      : loaded 2 times (x 73B)
Class com.android.ide.gradle.model.artifacts.AdditionalClassifierArtifacts            : loaded 2 times (x 72B)
Class org.gradle.util.internal.DefaultGradleVersion$Stage                             : loaded 2 times (x 77B)
Class kotlin.coroutines.jvm.internal.RestrictedContinuationImpl                       : loaded 2 times (x 89B)
Class com.google.common.collect.Maps$EntryTransformer                                 : loaded 2 times (x 72B)
Class org.jetbrains.kotlin.idea.gradleTooling.AndroidAwareGradleModelProvider         : loaded 2 times (x 81B)
Class com.intellij.gradle.toolingExtension.impl.telemetry.GradleOpenTelemetry         : loaded 2 times (x 74B)
Class org.jetbrains.plugins.gradle.tooling.serialization.internal.IdeaProjectSerializationService$WriteContext$4: loaded 2 times (x 85B)
Class com.intellij.gradle.toolingExtension.impl.model.sourceSetDependencyModel.GradleSourceSetDependencySerialisationService$Companion: loaded 2 times (x 73B)
Class [Lkotlin.Pair;                                                                  : loaded 2 times (x 71B)
Class kotlin.text.StringsKt__StringNumberConversionsKt                                : loaded 2 times (x 73B)
Class kotlin.io.FilesKt__FileReadWriteKt                                              : loaded 2 times (x 73B)
Class com.google.common.collect.UsingToStringOrdering                                 : loaded 2 times (x 116B)
Class kotlin.text.MatchNamedGroupCollection                                           : loaded 2 times (x 72B)
Class kotlin.jvm.internal.markers.KMutableList                                        : loaded 2 times (x 72B)
Class org.gradle.internal.time.MonotonicClock                                         : loaded 2 times (x 79B)
Class org.gradle.internal.service.ServiceLookupException                              : loaded 2 times (x 84B)
Class com.google.common.collect.Lists$ReverseList                                     : loaded 2 times (x 202B)
Class org.gradle.tooling.model.build.GradleEnvironment                                : loaded 2 times (x 72B)
Class [Lcom.google.common.cache.LocalCache$EntryFactory;                              : loaded 2 times (x 71B)
Class org.jetbrains.plugins.gradle.tooling.util.IntObjectMap$ObjectFactory            : loaded 2 times (x 72B)
Class com.intellij.gradle.toolingExtension.util.GradleVersionSpecificsUtil            : loaded 2 times (x 73B)
Class io.opentelemetry.context.ContextStorage                                         : loaded 2 times (x 72B)
Class org.jetbrains.plugins.gradle.tooling.serialization.internal.IdeaProjectSerializationService$WriteContext$5: loaded 2 times (x 85B)
Class com.intellij.gradle.toolingExtension.impl.model.sourceSetDependencyModel.GradleSourceSetDependencySerialisationService$SourceSetDependencyModelWriteContext: loaded 2 times (x 74B)
Class sync_studio_tooling7_abwd1ulvmybn5sqgrq1kcl271$_run_closure1                    : loaded 2 times (x 140B)
Class [Lkotlin.sequences.Sequence;                                                    : loaded 2 times (x 71B)
Class kotlin.sequences.SequencesKt___SequencesKt$sortedWith$1                         : loaded 2 times (x 77B)
Class org.gradle.internal.classloader.ClassLoaderFactory                              : loaded 2 times (x 72B)
Class com.android.builder.model.v2.ide.LibraryInfo                                    : loaded 2 times (x 72B)
Class com.google.common.cache.LocalCache$LocalManualCache                             : loaded 2 times (x 101B)
Class [Lio.opentelemetry.api.trace.ImmutableTraceFlags;                               : loaded 2 times (x 71B)
Class com.google.common.base.CommonPattern                                            : loaded 2 times (x 76B)
Class com.amazon.ion.impl.bin.IntList                                                 : loaded 2 times (x 79B)
Class com.amazon.ion.impl.lite._Private_LiteDomTrampoline                             : loaded 2 times (x 73B)
Class com.amazon.ion.IonType                                                          : loaded 2 times (x 81B)
Class org.jetbrains.plugins.gradle.tooling.serialization.internal.IdeaProjectSerializationService$WriteContext$6: loaded 2 times (x 85B)
Class org.jetbrains.plugins.gradle.tooling.util.IntObjectMap                          : loaded 2 times (x 75B)
Class org.gradle.internal.service.CachingServiceLocator                               : loaded 2 times (x 84B)
Class ijJvmDebugger1_ewkv1r8vhe7wre3euz9djkhur$_run_closure1                          : loaded 2 times (x 140B)
Class com.google.common.collect.AbstractMapBasedMultimap$KeySet                       : loaded 2 times (x 139B)
Class com.google.common.collect.Streams                                               : loaded 2 times (x 73B)
Class com.amazon.ion.IonException                                                     : loaded 2 times (x 86B)
Class com.google.common.math.IntMath                                                  : loaded 2 times (x 73B)
Class com.amazon.ion.impl.lite.ValueFactoryLite                                       : loaded 2 times (x 220B)
Class org.jetbrains.plugins.gradle.model.RepositoryModels                             : loaded 2 times (x 72B)
Class org.jetbrains.plugins.gradle.tooling.serialization.internal.IdeaProjectSerializationService$WriteContext$7: loaded 2 times (x 85B)
Class kotlin.jvm.internal.CallableReference                                           : loaded 2 times (x 112B)
Class com.google.common.collect.MapMakerInternalMap$InternalEntry                     : loaded 2 times (x 72B)
Class [Lcom.google.common.collect.HashBiMap$BiEntry;                                  : loaded 2 times (x 71B)
Class org.objectweb.asm.commons.InstructionAdapter                                    : loaded 2 times (x 190B)
Class com.google.common.collect.ImmutableMapEntry                                     : loaded 2 times (x 87B)
Class com.amazon.ion.impl.bin.WriteBuffer                                             : loaded 2 times (x 80B)
Class com.amazon.ion.impl.bin.IonManagedBinaryWriter                                  : loaded 2 times (x 167B)
Class org.jetbrains.plugins.gradle.tooling.serialization.internal.IdeaProjectSerializationService$WriteContext$8: loaded 2 times (x 85B)
Class gnu.trove.TObjectIntProcedure                                                   : loaded 2 times (x 72B)
Class [Lorg.gradle.api.JavaVersion;                                                   : loaded 2 times (x 71B)
Class kotlin.ranges.IntRange                                                          : loaded 2 times (x 95B)
Class org.gradle.tooling.model.idea.IdeaDependencyScope                               : loaded 2 times (x 72B)
Class org.gradle.internal.time.TimeSource                                             : loaded 2 times (x 72B)
Class org.gradle.tooling.model.kotlin.dsl.KotlinDslScriptsModel                       : loaded 2 times (x 72B)
Class com.google.common.collect.ImmutableMultimap                                     : loaded 2 times (x 148B)
Class com.android.builder.model.v2.ide.TestInfo                                       : loaded 2 times (x 72B)
Class com.google.common.base.Equivalence                                              : loaded 2 times (x 84B)
Class com.google.common.collect.ImmutableMapEntry$NonTerminalImmutableMapEntry        : loaded 2 times (x 87B)
Class com.amazon.ion.util.GzipStreamInterceptor                                       : loaded 2 times (x 87B)
Class com.amazon.ion.impl.lite.IonBlobLite                                            : loaded 2 times (x 222B)
Class com.amazon.ion.impl.LocalSymbolTable                                            : loaded 2 times (x 129B)
Class org.jetbrains.plugins.gradle.tooling.serialization.SerializationService         : loaded 2 times (x 72B)
Class org.gradle.tooling.internal.gradle.GradleBuildIdentity                          : loaded 2 times (x 72B)
Class kotlin.enums.EnumEntries                                                        : loaded 2 times (x 72B)
Class com.android.builder.model.v2.ide.JavaCompileOptions                             : loaded 2 times (x 72B)
Class com.google.common.collect.IndexedImmutableSet$1                                 : loaded 2 times (x 214B)
Class com.google.common.cache.CacheBuilder$OneWeigher                                 : loaded 2 times (x 84B)
Class com.amazon.ion.impl.bin.IonManagedBinaryWriter$UserState$3                      : loaded 2 times (x 87B)
Class com.amazon.ion.IonList                                                          : loaded 2 times (x 72B)
Class org.jetbrains.plugins.gradle.tooling.serialization.internal.adapter.Supplier    : loaded 2 times (x 72B)
Class org.gradle.tooling.internal.adapter.ProtocolToModelAdapter$MixInMappingAction   : loaded 2 times (x 82B)
Class org.gradle.internal.exceptions.ResolutionProvider                               : loaded 2 times (x 72B)
Class com.amazon.ion.IonSystem                                                        : loaded 2 times (x 72B)
Class com.amazon.ion.impl.bin.IonManagedBinaryWriter$ImportedSymbolContext            : loaded 2 times (x 74B)
Class org.gradle.tooling.model.idea.IdeaCompilerOutput                                : loaded 2 times (x 72B)
Class org.gradle.tooling.model.ProjectIdentifier                                      : loaded 2 times (x 72B)
Class org.gradle.internal.classloader.ClasspathUtil                                   : loaded 2 times (x 73B)
Class com.android.builder.model.v2.ide.ComponentInfo                                  : loaded 2 times (x 72B)
Class org.jetbrains.kotlin.tooling.core.HasExtras                                     : loaded 2 times (x 72B)
Class com.google.common.util.concurrent.Uninterruptibles                              : loaded 2 times (x 73B)
Class com.android.builder.model.v2.ide.ProjectType                                    : loaded 2 times (x 81B)
Class com.intellij.gradle.toolingExtension.impl.model.sourceSetModel.GradleSourceSetSerialisationService: loaded 2 times (x 79B)
Class kotlin.io.FileSystemException                                                   : loaded 2 times (x 84B)
Class com.android.builder.model.v2.dsl.BaseConfig                                     : loaded 2 times (x 72B)
Class com.google.common.collect.Maps                                                  : loaded 2 times (x 73B)
Class com.amazon.ion.impl.lite.IonIntLite                                             : loaded 2 times (x 191B)
Class com.amazon.ion.impl._Private_IonReaderBuilder$TwoElementInputStream             : loaded 2 times (x 94B)
Class com.amazon.ion.util._Private_FastAppendable                                     : loaded 2 times (x 72B)
Class [Lcom.amazon.ion.impl.bin.IonRawBinaryWriter$PreallocationMode;                 : loaded 2 times (x 71B)
Class io.opentelemetry.context.propagation.TextMapGetter                              : loaded 2 times (x 72B)
Class kotlin.sequences.DistinctSequence                                               : loaded 2 times (x 77B)
Class org.gradle.internal.time.TimeSource$1                                           : loaded 2 times (x 79B)
Class kotlin.jvm.internal.DefaultConstructorMarker                                    : loaded 2 times (x 73B)
Class org.gradle.api.specs.Spec                                                       : loaded 2 times (x 72B)
Class com.google.common.collect.MapMaker                                              : loaded 2 times (x 74B)
Class [Lcom.google.common.collect.ImmutableEntry;                                     : loaded 2 times (x 71B)
Class com.amazon.ion.impl.lite.IonSexpLite                                            : loaded 2 times (x 492B)
Class com.amazon.ion.impl.lite.IonListLite                                            : loaded 2 times (x 492B)
Class com.amazon.ion.IonFloat                                                         : loaded 2 times (x 72B)
Class io.opentelemetry.context.ThreadLocalContextStorage$ScopeImpl                    : loaded 2 times (x 81B)
Class com.google.common.cache.LocalCache$LoadingValueReference                        : loaded 2 times (x 98B)
Class com.amazon.ion.impl.LocalSymbolTable$Factory                                    : loaded 2 times (x 79B)
Class com.amazon.ion.impl.bin.IonManagedBinaryWriter$ImportedSymbolResolverMode       : loaded 2 times (x 82B)
Class com.intellij.gradle.toolingExtension.impl.model.buildScriptClasspathModel.GradleBuildScriptClasspathSerializationService: loaded 2 times (x 79B)
Class kotlin.jvm.internal.ArrayIterator                                               : loaded 2 times (x 81B)
Class com.google.common.io.LineReader$1                                               : loaded 2 times (x 77B)
Class com.google.common.collect.CollectSpliterators                                   : loaded 2 times (x 73B)
Class com.google.common.collect.AbstractMapBasedMultimap$AsMap                        : loaded 2 times (x 130B)
Class com.google.common.collect.MapMakerInternalMap$StrongKeyDummyValueEntry          : loaded 2 times (x 84B)
Class com.google.common.base.Platform                                                 : loaded 2 times (x 73B)
Class com.amazon.ion.impl.LocalSymbolTableAsStruct                                    : loaded 2 times (x 134B)
Class com.amazon.ion.impl.lite.IonTimestampLite                                       : loaded 2 times (x 195B)
Class org.jetbrains.plugins.gradle.model.FileCollectionDependency                     : loaded 2 times (x 72B)
Class io.opentelemetry.api.trace.SpanBuilder                                          : loaded 2 times (x 72B)
Class io.opentelemetry.api.DefaultOpenTelemetry                                       : loaded 2 times (x 91B)
Class com.intellij.gradle.toolingExtension.impl.model.utilDummyModel.DummyModel       : loaded 2 times (x 72B)
Class kotlin.text.StringsKt__RegexExtensionsKt                                        : loaded 2 times (x 73B)
Class kotlin.collections.EmptyIterator                                                : loaded 2 times (x 91B)
Class org.gradle.internal.time.Clock                                                  : loaded 2 times (x 72B)
Class ijKotlinCoroutineJvmDebugInit1_6cshnk5ey2f3nejrfkwgib8o4$_run_closure1          : loaded 2 times (x 140B)
Class com.google.common.collect.AbstractMapBasedMultimap$WrappedList                  : loaded 2 times (x 207B)
Class com.android.builder.model.v2.dsl.ProductFlavor                                  : loaded 2 times (x 72B)
Class [Lcom.android.builder.model.v2.ide.TestInfo$Execution;                          : loaded 2 times (x 71B)
Class [Lorg.objectweb.asm.AnnotationWriter;                                           : loaded 2 times (x 71B)
Class com.google.common.collect.Maps$8                                                : loaded 2 times (x 84B)
Class com.amazon.ion.IonString                                                        : loaded 2 times (x 72B)
Class io.opentelemetry.context.propagation.TextMapPropagator                          : loaded 2 times (x 72B)
Class org.jetbrains.plugins.gradle.model.GradleSourceSetDependencyModel               : loaded 2 times (x 72B)
Class kotlin.io.FilePathComponents                                                    : loaded 2 times (x 74B)
Class com.google.common.collect.CompoundOrdering                                      : loaded 2 times (x 117B)
Class kotlin.sequences.SequencesKt__SequencesJVMKt                                    : loaded 2 times (x 73B)
Class kotlin.coroutines.jvm.internal.RestrictedSuspendLambda                          : loaded 2 times (x 93B)
Class org.gradle.tooling.internal.adapter.TypeInspector                               : loaded 2 times (x 75B)
Class org.gradle.tooling.internal.adapter.ProtocolToModelAdapter$NoOpDecoration       : loaded 2 times (x 81B)
Class org.gradle.tooling.model.Element                                                : loaded 2 times (x 72B)
Class kotlin.collections.AbstractList                                                 : loaded 2 times (x 199B)
Class kotlin.collections.AbstractCollection                                           : loaded 2 times (x 119B)
Class [Lcom.google.common.collect.Iterators$EmptyModifiableIterator;                  : loaded 2 times (x 71B)
Class com.google.common.collect.Lists$ReverseList$1                                   : loaded 2 times (x 101B)
Class com.google.common.util.concurrent.ExecutionError                                : loaded 2 times (x 84B)
Class org.jetbrains.kotlin.tooling.core.Extras                                        : loaded 2 times (x 72B)
Class com.google.common.collect.Sets$SetView                                          : loaded 2 times (x 140B)
Class com.google.common.cache.LocalCache$StrongValueReference                         : loaded 2 times (x 92B)
Class com.amazon.ion.BufferConfiguration                                              : loaded 2 times (x 74B)
Class com.amazon.ion.system.SimpleCatalog                                             : loaded 2 times (x 93B)
Class io.opentelemetry.context.ArrayBasedContext                                      : loaded 2 times (x 102B)
Class com.intellij.gradle.toolingExtension.impl.model.taskModel.GradleTaskSerialisationService: loaded 2 times (x 78B)
Class com.android.ide.gradle.model.LegacyV1AgpVersionModel                            : loaded 2 times (x 72B)
Class kotlin.text.StringsKt__StringBuilderJVMKt                                       : loaded 2 times (x 73B)
Class kotlin.text.Regex                                                               : loaded 2 times (x 74B)
Class kotlin.sequences.SequencesKt__SequenceBuilderKt$sequence$$inlined$Sequence$1    : loaded 2 times (x 77B)
Class kotlin.Triple                                                                   : loaded 2 times (x 74B)
Class com.google.common.graph.SuccessorsFunction                                      : loaded 2 times (x 72B)
Class org.objectweb.asm.Type                                                          : loaded 2 times (x 74B)
Class org.jetbrains.plugins.gradle.tooling.util.IntObjectMap$1                        : loaded 2 times (x 79B)
Class org.gradle.tooling.model.internal.ImmutableDomainObjectSet                      : loaded 2 times (x 157B)
Class org.gradle.internal.classloader.VisitableURLClassLoader$InstrumentingVisitableURLClassLoader: loaded 2 times (x 124B)
Class com.google.common.collect.MapMakerInternalMap$StrongKeyDummyValueEntry$Helper   : loaded 2 times (x 81B)
Class com.google.common.io.Files$FileByteSink                                         : loaded 2 times (x 79B)
Class com.android.builder.model.v2.ide.AndroidGradlePluginProjectFlags                : loaded 2 times (x 72B)
Class [Lcom.android.builder.model.v2.ide.AndroidGradlePluginProjectFlags$BooleanFlag; : loaded 2 times (x 71B)
Class com.android.builder.model.v2.ide.BasicVariant                                   : loaded 2 times (x 72B)
Class org.objectweb.asm.ByteVector                                                    : loaded 2 times (x 81B)
Class [Lcom.google.common.cache.CacheBuilder$NullListener;                            : loaded 2 times (x 71B)
Class com.google.common.math.IntMath$1                                                : loaded 2 times (x 73B)
Class [Lcom.amazon.ion.impl.bin.IonRawBinaryWriter$StreamFlushMode;                   : loaded 2 times (x 71B)
Class com.amazon.ion.UnsupportedIonVersionException                                   : loaded 2 times (x 87B)
Class io.opentelemetry.api.trace.SpanId                                               : loaded 2 times (x 73B)
Class kotlin.sequences.SequencesKt__SequencesKt$sequenceOf$1$1                        : loaded 2 times (x 81B)
Class kotlin.comparisons.ComparisonsKt__ComparisonsKt                                 : loaded 2 times (x 73B)
Class kotlin.ranges.RangesKt__RangesKt                                                : loaded 2 times (x 73B)
Class kotlin.collections.SetsKt___SetsKt                                              : loaded 2 times (x 73B)
Class kotlin.sequences.SequencesKt__SequencesKt                                       : loaded 2 times (x 73B)
Class kotlin.coroutines.Continuation                                                  : loaded 2 times (x 72B)
Class org.gradle.internal.classloader.VisitableURLClassLoader$Spec                    : loaded 2 times (x 76B)
Class org.gradle.internal.classpath.DefaultClassPath                                  : loaded 2 times (x 92B)
Class com.android.builder.model.v2.ide.BundleInfo                                     : loaded 2 times (x 72B)
Class com.android.builder.model.v2.ide.SourceProvider                                 : loaded 2 times (x 72B)
Class org.objectweb.asm.Symbol                                                        : loaded 2 times (x 75B)
Class com.google.common.base.AbstractIterator                                         : loaded 2 times (x 82B)
Class com.amazon.ion.impl.bin.IonManagedBinaryWriter$SymbolState                      : loaded 2 times (x 82B)
Class com.amazon.ion.IonStruct                                                        : loaded 2 times (x 72B)
Class org.jetbrains.plugins.gradle.model.GradleBuildScriptClasspathModel              : loaded 2 times (x 72B)
Class kotlin.sequences.FilteringSequence                                              : loaded 2 times (x 77B)
Class kotlin.text.CharsKt__CharJVMKt                                                  : loaded 2 times (x 73B)
Class kotlin.comparisons.ComparisonsKt                                                : loaded 2 times (x 73B)
Class kotlin.comparisons.ComparisonsKt___ComparisonsKt                                : loaded 2 times (x 73B)
Class kotlin.coroutines.jvm.internal.BaseContinuationImpl                             : loaded 2 times (x 89B)
Class kotlin.Result$Companion                                                         : loaded 2 times (x 73B)
Class org.gradle.util.internal.DefaultGradleVersion                                   : loaded 2 times (x 84B)
Class com.google.common.io.Java8Compatibility                                         : loaded 2 times (x 73B)
Class com.google.common.io.Closer                                                     : loaded 2 times (x 80B)
Class com.google.common.collect.RegularImmutableMap$Values                            : loaded 2 times (x 209B)
Class com.google.common.collect.ImmutableEnumSet                                      : loaded 2 times (x 148B)
Class com.android.builder.model.v2.models.VariantDependenciesAdjacencyList            : loaded 2 times (x 72B)
Class [Lio.opentelemetry.context.ThreadLocalContextStorage;                           : loaded 2 times (x 71B)
Class org.gradle.internal.classloader.ClassLoaderSpec                                 : loaded 2 times (x 73B)
Class org.objectweb.asm.AnnotationWriter                                              : loaded 2 times (x 80B)
Class com.google.common.cache.CacheStats                                              : loaded 2 times (x 73B)
Class com.amazon.ion.impl.IonWriterSystemTextMarkup                                   : loaded 2 times (x 193B)
Class com.amazon.ion.impl.bin.BlockAllocator                                          : loaded 2 times (x 82B)
Class kotlin.jvm.internal.FunctionReferenceImpl                                       : loaded 2 times (x 128B)
Class kotlin.collections.CollectionsKt___CollectionsJvmKt                             : loaded 2 times (x 73B)
Class com.google.common.collect.Interners                                             : loaded 2 times (x 73B)
Class com.google.common.io.Closer$Suppressor                                          : loaded 2 times (x 72B)
Class com.google.common.io.LineProcessor                                              : loaded 2 times (x 72B)
Class com.google.common.collect.ImmutableMultisetGwtSerializationDependencies         : loaded 2 times (x 127B)
Class org.objectweb.asm.RecordComponentWriter                                         : loaded 2 times (x 79B)
Class [Lcom.android.builder.model.v2.ide.ProjectType;                                 : loaded 2 times (x 71B)
Class com.google.common.util.concurrent.AbstractFuture$Listener                       : loaded 2 times (x 74B)
Class com.google.common.collect.AbstractMapBasedMultimap$WrappedCollection            : loaded 2 times (x 126B)
Class Settings_gradle$1$1                                                             : loaded 2 times (x 76B)
Class com.amazon.ion.system.IonWriterBuilderBase                                      : loaded 2 times (x 85B)
Class io.opentelemetry.api.trace.Tracer                                               : loaded 2 times (x 72B)
Class kotlin.TuplesKt                                                                 : loaded 2 times (x 73B)
Class kotlin.jvm.internal.markers.KMutableIterable                                    : loaded 2 times (x 72B)
Class kotlin.Unit                                                                     : loaded 2 times (x 73B)
Class kotlin.sequences.SequencesKt___SequencesJvmKt                                   : loaded 2 times (x 73B)
Class org.gradle.tooling.internal.adapter.ProtocolToModelAdapter$DefaultViewBuilder   : loaded 2 times (x 82B)
Class [Lorg.objectweb.asm.Label;                                                      : loaded 2 times (x 71B)
Class [Lcom.android.builder.model.v2.ide.AaptOptions$Namespacing;                     : loaded 2 times (x 71B)
Class com.android.ide.common.gradle.Version$Companion$ParseState                      : loaded 2 times (x 72B)
Class org.objectweb.asm.Attribute                                                     : loaded 2 times (x 79B)
Class com.google.common.base.Supplier                                                 : loaded 2 times (x 72B)
Class io.opentelemetry.api.trace.ArrayBasedTraceState                                 : loaded 2 times (x 88B)
Class io.opentelemetry.context.ContextKey                                             : loaded 2 times (x 72B)
Class io.opentelemetry.context.propagation.TextMapSetter                              : loaded 2 times (x 72B)
Class kotlin.ranges.RangesKt                                                          : loaded 2 times (x 73B)
Class org.gradle.tooling.internal.adapter.ProtocolToModelAdapter$ViewGraphDetails$1   : loaded 2 times (x 79B)
Class org.gradle.internal.classloader.VisitableURLClassLoader                         : loaded 2 times (x 118B)
Class Settings_gradle                                                                 : loaded 2 times (x 126B)
Class [Lcom.amazon.ion.SymbolTable;                                                   : loaded 2 times (x 71B)
Class com.amazon.ion.impl.bin.IonBinaryWriterAdapter$Factory                          : loaded 2 times (x 72B)
Class com.amazon.ion.impl.BlockedBuffer$BufferedOutputStream                          : loaded 2 times (x 92B)
Class org.jetbrains.plugins.gradle.tooling.serialization.ExternalTestsSerializationService$ReadContext: loaded 2 times (x 74B)
Class kotlin.sequences.FlatteningSequence$iterator$1                                  : loaded 2 times (x 81B)
Class kotlin.jvm.functions.Function0                                                  : loaded 2 times (x 72B)
Class kotlin.collections.ArraysUtilJVM                                                : loaded 2 times (x 73B)
Class org.gradle.internal.classloader.ClassLoaderHierarchy                            : loaded 2 times (x 72B)
Class kotlin.collections.CollectionsKt__ReversedViewsKt                               : loaded 2 times (x 73B)
Class org.gradle.tooling.model.idea.IdeaDependency                                    : loaded 2 times (x 72B)
Class com.google.common.collect.MapMakerInternalMap                                   : loaded 2 times (x 162B)
Class com.android.builder.model.v2.ide.AaptOptions                                    : loaded 2 times (x 72B)
Class [Lcom.android.builder.model.v2.ide.BytecodeTransformation;                      : loaded 2 times (x 71B)
Class com.google.common.collect.HashBiMap                                             : loaded 2 times (x 144B)
Class com.android.ide.common.gradle.Version$Companion                                 : loaded 2 times (x 73B)
Class com.google.common.collect.Sets                                                  : loaded 2 times (x 73B)
Class org.objectweb.asm.Handler                                                       : loaded 2 times (x 74B)
Class com.google.common.base.Ticker                                                   : loaded 2 times (x 74B)
Class com.google.common.base.Strings                                                  : loaded 2 times (x 73B)
Class kotlin.sequences.SequencesKt__SequenceBuilderKt                                 : loaded 2 times (x 73B)
Class com.amazon.ion.impl.bin.AbstractIonWriter$WriteValueOptimization                : loaded 2 times (x 81B)
Class kotlin.collections.AbstractMutableList                                          : loaded 2 times (x 208B)
Class kotlin.jvm.functions.Function1                                                  : loaded 2 times (x 72B)
Class com.android.builder.model.v2.models.ndk.NativeModelBuilderParameter             : loaded 2 times (x 72B)
Class [Lcom.google.common.cache.LocalCache$Segment;                                   : loaded 2 times (x 71B)
Class [Lcom.google.common.cache.LocalCache$Strength;                                  : loaded 2 times (x 71B)
Class com.google.common.cache.CacheBuilder$1                                          : loaded 2 times (x 87B)
Class com.google.common.collect.ImmutableMap                                          : loaded 2 times (x 122B)
Class kotlin.io.FilesKt__FileTreeWalkKt                                               : loaded 2 times (x 73B)
Class com.amazon.ion.impl.bin.BlockAllocatorProvider                                  : loaded 2 times (x 74B)
Class io.opentelemetry.api.trace.ArrayBasedTraceStateBuilder                          : loaded 2 times (x 79B)
Class org.jetbrains.plugins.gradle.tooling.serialization.internal.IdeaProjectSerializationService$WriteContext: loaded 2 times (x 74B)
Class com.intellij.gradle.toolingExtension.impl.model.sourceSetDependencyModel.GradleSourceSetDependencySerialisationService: loaded 2 times (x 79B)
Class org.jetbrains.plugins.gradle.model.GradleSourceSetModel                         : loaded 2 times (x 72B)
Class kotlin.KotlinNothingValueException                                              : loaded 2 times (x 84B)
Class kotlin.jvm.functions.Function2                                                  : loaded 2 times (x 72B)
Class org.gradle.internal.classpath.DefaultClassPath$ImmutableUniqueList$Builder      : loaded 2 times (x 77B)
Class com.google.common.collect.MapMakerInternalMap$WeakValueReference                : loaded 2 times (x 72B)
Class kotlin.jvm.internal.CollectionToArray                                           : loaded 2 times (x 73B)
Class com.google.common.cache.LocalCache                                              : loaded 2 times (x 188B)
Class com.google.common.cache.CacheBuilder$2                                          : loaded 2 times (x 74B)
Class kotlin.sequences.FilteringSequence$iterator$1                                   : loaded 2 times (x 81B)
Class com.amazon.ion.impl.lite.IonSequenceLite                                        : loaded 2 times (x 434B)
Class com.amazon.ion.impl._Private_Utils$1                                            : loaded 2 times (x 100B)
Class com.amazon.ion.impl.SymbolTableAsStruct                                         : loaded 2 times (x 72B)
Class io.opentelemetry.api.trace.TracerProvider                                       : loaded 2 times (x 72B)
Class com.android.ide.gradle.model.dependencies.Coordinates                           : loaded 2 times (x 72B)
Class kotlin.collections.MapsKt___MapsJvmKt                                           : loaded 2 times (x 73B)
Class org.gradle.tooling.internal.adapter.WeakIdentityHashMap$AbsentValueProvider     : loaded 2 times (x 72B)
Class [Lcom.google.common.collect.AbstractMapEntry;                                   : loaded 2 times (x 71B)
Class com.google.common.collect.ImmutableEntry                                        : loaded 2 times (x 84B)
Class com.google.common.collect.ArrayListMultimap                                     : loaded 2 times (x 173B)
Class com.amazon.ion.impl.bin.AbstractIonWriter                                       : loaded 2 times (x 162B)
Class io.opentelemetry.api.trace.AutoValue_ArrayBasedTraceState                       : loaded 2 times (x 89B)
Class gnu.trove.TObjectHash                                                           : loaded 2 times (x 96B)
Class org.jetbrains.plugins.gradle.tooling.util.ObjectCollector$Processor             : loaded 2 times (x 72B)
Class kotlin.jvm.functions.Function4                                                  : loaded 2 times (x 72B)
Class kotlin.collections.EmptySet                                                     : loaded 2 times (x 124B)
Class kotlin.annotation.Target                                                        : loaded 2 times (x 72B)
Class kotlin.collections.CollectionsKt___CollectionsKt                                : loaded 2 times (x 73B)
Class com.intellij.gradle.toolingExtension.impl.model.sourceSetModel.GradleSourceSetSerialisationService$Companion: loaded 2 times (x 73B)
Class org.gradle.internal.exceptions.NonGradleCauseExceptionsHolder                   : loaded 2 times (x 72B)
Class org.gradle.tooling.model.idea.IdeaModuleDependency                              : loaded 2 times (x 72B)
Class org.gradle.tooling.internal.adapter.ViewBuilder                                 : loaded 2 times (x 72B)
Class com.google.common.base.Suppliers$MemoizingSupplier                              : loaded 2 times (x 81B)
Class com.android.builder.model.v2.ide.AndroidLibraryData                             : loaded 2 times (x 72B)
Class com.android.builder.model.v2.ide.ApiVersion                                     : loaded 2 times (x 72B)
Class com.android.ide.common.gradle.Version                                           : loaded 2 times (x 77B)
Class com.google.common.collect.CollectPreconditions                                  : loaded 2 times (x 73B)
Class com.amazon.ion.system.IonReaderBuilder                                          : loaded 2 times (x 97B)
Class io.opentelemetry.api.trace.TraceState                                           : loaded 2 times (x 72B)
Class org.jetbrains.plugins.gradle.model.AnnotationProcessingConfig                   : loaded 2 times (x 72B)
Class com.amazon.ion.IonReader                                                        : loaded 2 times (x 72B)
Class gnu.trove.Equality                                                              : loaded 2 times (x 72B)
Class kotlin.text.StringsKt___StringsJvmKt                                            : loaded 2 times (x 73B)
Class kotlin.reflect.KDeclarationContainer                                            : loaded 2 times (x 72B)
Class kotlin.annotation.Retention                                                     : loaded 2 times (x 72B)
Class [Lcom.google.common.collect.MapMakerInternalMap$Strength;                       : loaded 2 times (x 71B)
Class [Lcom.google.common.io.FileWriteMode;                                           : loaded 2 times (x 71B)
Class com.android.builder.model.v2.models.Versions$Version                            : loaded 2 times (x 72B)
Class com.google.common.collect.SortedMapDifference                                   : loaded 2 times (x 72B)
Class com.amazon.ion.IonClob                                                          : loaded 2 times (x 72B)
Class io.opentelemetry.context.LazyStorage                                            : loaded 2 times (x 73B)
Class org.jetbrains.plugins.gradle.tooling.ModelBuilderService$Parameter              : loaded 2 times (x 72B)
Class kotlin.io.FilesKt                                                               : loaded 2 times (x 73B)
Class kotlin.collections.MapsKt___MapsKt                                              : loaded 2 times (x 73B)
Class kotlin.collections.ArraysKt___ArraysKt                                          : loaded 2 times (x 73B)
Class com.google.common.collect.MapMakerInternalMap$StrongKeyDummyValueSegment        : loaded 2 times (x 143B)
Class com.google.common.io.Files                                                      : loaded 2 times (x 73B)
Class com.google.common.cache.LocalCache$WriteThroughEntry                            : loaded 2 times (x 81B)
Class com.google.common.cache.LocalCache$HashIterator                                 : loaded 2 times (x 88B)
Class com.google.common.cache.LocalCache$EntryFactory                                 : loaded 2 times (x 85B)
Class com.amazon.ion.impl.lite.IonLobLite                                             : loaded 2 times (x 187B)
Class com.amazon.ion.impl.lite.IonTextLite                                            : loaded 2 times (x 184B)
Class com.amazon.ion.IonNumber                                                        : loaded 2 times (x 72B)
Class gnu.trove.TObjectHashingStrategy                                                : loaded 2 times (x 72B)
Class kotlin.collections.MapsKt__MapWithDefaultKt                                     : loaded 2 times (x 73B)
Class org.gradle.tooling.internal.adapter.ProtocolToModelAdapter$ReflectionMethodInvoker: loaded 2 times (x 78B)
Class [Lcom.google.common.collect.MapMaker$Dummy;                                     : loaded 2 times (x 71B)
Class [Lcom.android.ide.common.gradle.Separator;                                      : loaded 2 times (x 71B)
Class org.jetbrains.kotlin.tooling.core.HasMutableExtras                              : loaded 2 times (x 72B)
Class com.google.common.cache.LocalCache$AbstractReferenceEntry                       : loaded 2 times (x 109B)
Class [Lcom.amazon.ion.impl.bin.IonManagedBinaryWriter$UserState;                     : loaded 2 times (x 71B)
Class com.amazon.ion.impl.bin.utf8.Utf8StringEncoder                                  : loaded 2 times (x 82B)
Class com.amazon.ion.IonBool                                                          : loaded 2 times (x 72B)
Class kotlin.text.StringsKt___StringsKt                                               : loaded 2 times (x 73B)
Class com.google.common.collect.NullsLastOrdering                                     : loaded 2 times (x 117B)
Class kotlin.collections.CollectionsKt__MutableCollectionsJVMKt                       : loaded 2 times (x 73B)
Class com.amazon.ion.impl._Private_IonValue                                           : loaded 2 times (x 72B)
Class kotlin.enums.EnumEntriesKt                                                      : loaded 2 times (x 73B)
Class com.google.common.collect.ImmutableMapKeySet                                    : loaded 2 times (x 152B)
Class com.android.builder.model.v2.models.VariantDependencies                         : loaded 2 times (x 72B)
Class com.amazon.ion.impl.bin.IonManagedBinaryWriter$UserState$2                      : loaded 2 times (x 87B)
Class org.objectweb.asm.SymbolTable                                                   : loaded 2 times (x 74B)
Class com.google.common.cache.CacheLoader$InvalidCacheLoadException                   : loaded 2 times (x 84B)
Class [Lcom.google.common.base.AbstractIterator$State;                                : loaded 2 times (x 71B)
Class com.amazon.ion.IonLoader                                                        : loaded 2 times (x 72B)
Class io.opentelemetry.context.propagation.NoopTextMapPropagator                      : loaded 2 times (x 78B)
Class com.intellij.gradle.toolingExtension.model.repositoryModel.ProjectRepositoriesModel: loaded 2 times (x 72B)
Class org.jetbrains.plugins.gradle.model.GradleProperty                               : loaded 2 times (x 72B)
Class gnu.trove.TObjectCanonicalHashingStrategy                                       : loaded 2 times (x 80B)
Class org.gradle.internal.classloader.SystemClassLoaderSpec                           : loaded 2 times (x 73B)
Class com.android.builder.model.v2.ide.TestedTargetVariant                            : loaded 2 times (x 72B)
Class com.google.common.cache.LocalCache$StrongEntry                                  : loaded 2 times (x 110B)
Class com.google.common.util.concurrent.AbstractFuture$TrustedFuture                  : loaded 2 times (x 116B)
Class com.google.common.cache.LoadingCache                                            : loaded 2 times (x 72B)
Class com.amazon.ion.impl._Private_Utils                                              : loaded 2 times (x 73B)
Class kotlin.ranges.IntRange$Companion                                                : loaded 2 times (x 73B)
Class kotlin.text.MatcherMatchResult$groups$1                                         : loaded 2 times (x 153B)
Class kotlin.collections.EmptyMap                                                     : loaded 2 times (x 110B)
Class kotlin.reflect.KAnnotatedElement                                                : loaded 2 times (x 72B)
Class kotlin.jvm.internal.markers.KMutableCollection                                  : loaded 2 times (x 72B)
Class kotlin.coroutines.intrinsics.IntrinsicsKt                                       : loaded 2 times (x 73B)
Class org.gradle.internal.exceptions.MultiCauseException                              : loaded 2 times (x 72B)
Class org.gradle.internal.time.CountdownTimer                                         : loaded 2 times (x 72B)
Class kotlin.jvm.internal.Intrinsics                                                  : loaded 2 times (x 73B)
Class com.google.common.io.ByteStreams$LimitedInputStream                             : loaded 2 times (x 94B)
Class com.google.common.base.Suppliers$NonSerializableMemoizingSupplier               : loaded 2 times (x 81B)
Class org.objectweb.asm.MethodWriter                                                  : loaded 2 times (x 107B)
Class [Lcom.google.common.cache.Weigher;                                              : loaded 2 times (x 71B)
Class com.google.common.collect.RegularImmutableMap$BucketOverflowException           : loaded 2 times (x 84B)
Class io.opentelemetry.api.trace.Span                                                 : loaded 2 times (x 72B)
Class com.intellij.gradle.toolingExtension.impl.model.projectModel.GradleExternalProjectSerializationService$ReadContext: loaded 2 times (x 75B)
Class com.intellij.gradle.toolingExtension.impl.model.dependencyModel.DependencyWriteContext: loaded 2 times (x 74B)
Class kotlin.collections.MapsKt                                                       : loaded 2 times (x 73B)
Class kotlin.coroutines.intrinsics.CoroutineSingletons                                : loaded 2 times (x 81B)
Class kotlin.collections.CollectionsKt__IterablesKt                                   : loaded 2 times (x 73B)
Class org.gradle.tooling.model.ProjectModel                                           : loaded 2 times (x 72B)
Class com.google.common.collect.AbstractMapBasedMultimap$RandomAccessWrappedList      : loaded 2 times (x 207B)
Class com.google.common.collect.ImmutableMultimap$1                                   : loaded 2 times (x 84B)
Class com.android.ide.common.gradle.Version$Companion$ParseState$EMPTY                : loaded 2 times (x 76B)
Class org.jetbrains.plugins.gradle.model.GradleConfiguration                          : loaded 2 times (x 72B)
Class com.amazon.ion.impl.bin.utf8.Utf8StringEncoderPool                              : loaded 2 times (x 76B)
Class com.amazon.ion.impl._Private_IonSystem                                          : loaded 2 times (x 72B)
Class com.amazon.ion.BufferConfiguration$OversizedValueHandler                        : loaded 2 times (x 72B)
Class kotlin.ranges.OpenEndRange                                                      : loaded 2 times (x 72B)
Class kotlin.sequences.SequenceBuilderIterator                                        : loaded 2 times (x 87B)
Class kotlin.KotlinNullPointerException                                               : loaded 2 times (x 84B)
Class com.google.common.collect.ImmutableMultimap$2                                   : loaded 2 times (x 83B)
Class com.google.common.collect.RegularImmutableBiMap                                 : loaded 2 times (x 149B)
Class com.google.common.cache.LocalCache$ValueReference                               : loaded 2 times (x 72B)
Class com.google.common.io.FileWriteMode                                              : loaded 2 times (x 81B)
Class [Lcom.google.common.collect.MapMakerInternalMap$Segment;                        : loaded 2 times (x 71B)
Class com.amazon.ion.IonDecimal                                                       : loaded 2 times (x 72B)
Class io.opentelemetry.api.OpenTelemetry                                              : loaded 2 times (x 72B)
Class org.jetbrains.plugins.gradle.model.tests.ExternalTestsModel                     : loaded 2 times (x 72B)
Class kotlin.ranges.RangesKt___RangesKt                                               : loaded 2 times (x 73B)
Class org.gradle.tooling.model.idea.IdeaLanguageLevel                                 : loaded 2 times (x 72B)
Class org.gradle.tooling.internal.adapter.ProtocolToModelAdapter$SafeMethodInvoker    : loaded 2 times (x 78B)
Class org.gradle.tooling.internal.adapter.WeakIdentityHashMap$WeakKey                 : loaded 2 times (x 82B)
Class org.gradle.internal.exceptions.DefaultMultiCauseException                       : loaded 2 times (x 97B)
Class com.google.common.hash.PrimitiveSink                                            : loaded 2 times (x 72B)
Class com.android.builder.model.v2.ide.ProjectInfo                                    : loaded 2 times (x 72B)
Class com.google.common.util.concurrent.AbstractFuture$Failure                        : loaded 2 times (x 74B)
Class com.google.common.base.Equivalence$Equals                                       : loaded 2 times (x 84B)
Class com.google.common.collect.Hashing                                               : loaded 2 times (x 73B)
Class com.google.common.base.PatternCompiler                                          : loaded 2 times (x 72B)
Class org.gradle.internal.classloader.FilteringClassLoader                            : loaded 2 times (x 106B)
Class com.amazon.ion.impl.bin.IonRawBinaryWriter$StreamCloseMode                      : loaded 2 times (x 81B)
Class com.amazon.ion.impl._Private_IonBinaryWriterBuilder$Mutable                     : loaded 2 times (x 117B)
Class io.opentelemetry.api.trace.PropagatedSpan                                       : loaded 2 times (x 114B)
Class com.intellij.gradle.toolingExtension.impl.model.projectModel.GradleExternalProjectSerializationService: loaded 2 times (x 79B)
Class kotlin.text.CharsKt__CharKt                                                     : loaded 2 times (x 73B)
Class kotlin.collections.ArrayDeque$Companion                                         : loaded 2 times (x 73B)
Class kotlin.collections.ArraysKt                                                     : loaded 2 times (x 73B)
Class org.gradle.tooling.model.HierarchicalElement                                    : loaded 2 times (x 72B)
Class com.google.common.collect.ImmutableSetMultimap                                  : loaded 2 times (x 182B)
Class com.google.common.io.CharSink                                                   : loaded 2 times (x 81B)
Class com.android.builder.model.v2.dsl.DependenciesInfo                               : loaded 2 times (x 72B)
Class kotlin.NotImplementedError                                                      : loaded 2 times (x 84B)
Class org.objectweb.asm.Label                                                         : loaded 2 times (x 75B)
Class org.objectweb.asm.CurrentFrame                                                  : loaded 2 times (x 75B)
Class org.objectweb.asm.ClassTooLargeException                                        : loaded 2 times (x 84B)
Class kotlin.sequences.FlatteningSequence                                             : loaded 2 times (x 77B)
Class kotlin.text.MatcherMatchResult                                                  : loaded 2 times (x 82B)
Class com.amazon.ion.impl.bin.IonRawBinaryWriter$PatchPoint                           : loaded 2 times (x 74B)
Class com.amazon.ion.IonBlob                                                          : loaded 2 times (x 72B)
Class com.amazon.ion.IonLob                                                           : loaded 2 times (x 72B)
Class com.amazon.ion.IonSequence                                                      : loaded 2 times (x 72B)
Class io.opentelemetry.api.trace.TraceFlags                                           : loaded 2 times (x 72B)
Class org.jetbrains.plugins.gradle.tooling.serialization.ExternalTestsSerializationService: loaded 2 times (x 79B)
Class com.google.common.collect.ByFunctionOrdering                                    : loaded 2 times (x 117B)
Class kotlin.collections.SetsKt__SetsKt                                               : loaded 2 times (x 73B)
Class kotlin.coroutines.EmptyCoroutineContext                                         : loaded 2 times (x 79B)
Class org.gradle.internal.time.Time                                                   : loaded 2 times (x 73B)
Class com.google.common.collect.MapMakerInternalMap$InternalEntryHelper               : loaded 2 times (x 72B)
Class com.google.common.collect.Table                                                 : loaded 2 times (x 72B)
Class com.android.builder.model.v2.models.ProjectGraph                                : loaded 2 times (x 72B)
Class com.google.common.collect.Maps$IteratorBasedAbstractMap                         : loaded 2 times (x 127B)
Class com.android.ide.common.gradle.Version$Companion$ParseState$NUMERIC              : loaded 2 times (x 76B)
Class com.google.common.collect.RangeGwtSerializationDependencies                     : loaded 2 times (x 73B)
Class kotlin.text.MatchGroupCollection                                                : loaded 2 times (x 72B)
Class org.objectweb.asm.Frame                                                         : loaded 2 times (x 75B)
Class org.objectweb.asm.MethodVisitor                                                 : loaded 2 times (x 107B)
Class com.google.common.cache.LocalCache$EntryFactory$1                               : loaded 2 times (x 85B)
Class [Lcom.google.common.cache.RemovalListener;                                      : loaded 2 times (x 71B)
Class kotlin.text.StringsKt__StringsKt                                                : loaded 2 times (x 73B)
Class com.android.ide.gradle.model.dependencies.DeclaredDependencies                  : loaded 2 times (x 72B)
Class com.amazon.ion.system.IonTextWriterBuilder                                      : loaded 2 times (x 99B)
Class com.amazon.ion.impl.bin.IonManagedBinaryWriter$ImportedSymbolResolverMode$1$1$1 : loaded 2 times (x 78B)
Class com.amazon.ion.impl._Private_LocalSymbolTableFactory                            : loaded 2 times (x 72B)
Class org.jetbrains.plugins.gradle.tooling.serialization.AnnotationProcessingModelSerializationService: loaded 2 times (x 79B)
Class kotlin.collections.ArraysKt__ArraysJVMKt                                        : loaded 2 times (x 73B)
Class org.jetbrains.plugins.gradle.tooling.serialization.internal.IdeaProjectSerializationService$ReadContext: loaded 2 times (x 74B)
Class com.google.common.cache.LocalCache$EntryFactory$2                               : loaded 2 times (x 85B)
Class com.amazon.ion.impl.lite.IonNullLite                                            : loaded 2 times (x 178B)
Class org.jetbrains.plugins.gradle.model.DependencyAccessorsModel                     : loaded 2 times (x 72B)
Class [Lcom.intellij.openapi.externalSystem.model.project.dependencies.ResolutionState;: loaded 2 times (x 71B)
Class gnu.trove.TObjectIntHashMap                                                     : loaded 2 times (x 111B)
Class kotlin.text.StringsKt__StringBuilderKt                                          : loaded 2 times (x 73B)
Class kotlin.jvm.internal.CallableReference$NoReceiver                                : loaded 2 times (x 73B)
Class org.gradle.api.internal.classpath.GlobalCacheRootsProvider                      : loaded 2 times (x 72B)
Class com.google.common.collect.CollectCollectors                                     : loaded 2 times (x 73B)
Class org.objectweb.asm.ModuleWriter                                                  : loaded 2 times (x 83B)
Class com.google.common.cache.LocalCache$EntryFactory$3                               : loaded 2 times (x 85B)
Class com.google.common.base.Ticker$1                                                 : loaded 2 times (x 74B)
Class com.google.common.collect.ImmutableMapEntrySet$RegularEntrySet                  : loaded 2 times (x 153B)
Class com.google.common.collect.Maps$BiMapConverter                                   : loaded 2 times (x 92B)
Class com.amazon.ion.impl.lite.IonClobLite                                            : loaded 2 times (x 223B)
Class com.amazon.ion.impl._Private_ValueFactory                                       : loaded 2 times (x 72B)
Class com.amazon.ion.impl.bin.IonRawBinaryWriter$PreallocationMode$1                  : loaded 2 times (x 83B)
Class [Lcom.amazon.ion.impl.bin._Private_IonManagedBinaryWriterBuilder$AllocatorMode; : loaded 2 times (x 71B)
Class org.jetbrains.kotlin.idea.gradleTooling.KotlinMPPGradleModel                    : loaded 2 times (x 72B)
Class io.opentelemetry.context.propagation.ContextPropagators                         : loaded 2 times (x 72B)
Class com.intellij.gradle.toolingExtension.impl.model.dependencyDownloadPolicyModel.GradleDependencyDownloadPolicy: loaded 2 times (x 72B)
Class org.gradle.tooling.model.BuildIdentifier                                        : loaded 2 times (x 72B)
Class kotlin.NoWhenBranchMatchedException                                             : loaded 2 times (x 84B)
Class com.google.common.collect.SetMultimap                                           : loaded 2 times (x 72B)
Class com.android.builder.model.v2.ide.VectorDrawablesOptions                         : loaded 2 times (x 72B)
Class com.google.common.cache.LocalCache$EntryFactory$4                               : loaded 2 times (x 85B)
Class com.google.common.collect.ImmutableSet$Builder                                  : loaded 2 times (x 87B)
Class com.amazon.ion.impl.bin.IonManagedBinaryWriter$UserState$1                      : loaded 2 times (x 87B)
Class com.amazon.ion.IonInt                                                           : loaded 2 times (x 72B)
Class com.amazon.ion.impl.bin.IonRawBinaryWriter$PreallocationMode$2                  : loaded 2 times (x 83B)
Class org.jetbrains.kotlin.idea.gradleTooling.PrepareKotlinIdeImportTaskModel         : loaded 2 times (x 72B)
Class com.google.common.io.ByteStreams$1                                              : loaded 2 times (x 87B)
Class com.android.builder.model.v2.ide.Edge                                           : loaded 2 times (x 72B)
Class com.android.builder.model.v2.models.VariantDependenciesFlatList                 : loaded 2 times (x 72B)
Class com.google.common.cache.LocalCache$EntryFactory$5                               : loaded 2 times (x 85B)
Class com.amazon.ion.impl.bin.IonRawBinaryWriter$PreallocationMode$3                  : loaded 2 times (x 83B)
Class com.android.ide.gradle.model.GradlePluginModel                                  : loaded 2 times (x 72B)
Class com.google.common.collect.ReverseOrdering                                       : loaded 2 times (x 117B)
Class org.gradle.tooling.model.build.JavaEnvironment                                  : loaded 2 times (x 72B)
Class com.android.builder.model.v2.ide.SourceSetContainer                             : loaded 2 times (x 72B)
Class com.google.common.cache.LocalCache$EntryFactory$6                               : loaded 2 times (x 85B)
Class org.jetbrains.plugins.gradle.model.GradleExtension                              : loaded 2 times (x 72B)
Class com.amazon.ion.impl.lite.IonDecimalLite                                         : loaded 2 times (x 191B)
Class com.amazon.ion.IonBufferConfiguration$Builder                                   : loaded 2 times (x 80B)
Class org.gradle.internal.time.Timer                                                  : loaded 2 times (x 72B)
Class kotlin.jvm.internal.markers.KMappedMarker                                       : loaded 2 times (x 72B)
Class org.gradle.internal.installation.CurrentGradleInstallationLocator               : loaded 2 times (x 73B)
Class org.objectweb.asm.ClassReader                                                   : loaded 2 times (x 95B)
Class com.google.common.collect.Maps$KeySet                                           : loaded 2 times (x 139B)
Class com.google.common.collect.ImmutableMultimap$Builder                             : loaded 2 times (x 85B)
Class com.android.builder.model.v2.ide.LintOptions                                    : loaded 2 times (x 72B)
Class com.google.common.cache.LocalCache$EntryFactory$7                               : loaded 2 times (x 85B)
Class com.google.common.collect.ImmutableSet$EmptySetBuilderImpl                      : loaded 2 times (x 78B)
Class com.google.common.collect.RegularImmutableMap$KeySet                            : loaded 2 times (x 152B)
Class [Lcom.amazon.ion.impl.bin.IonRawBinaryWriter$ContainerType;                     : loaded 2 times (x 71B)
Class kotlin.coroutines.jvm.internal.SpillingKt                                       : loaded 2 times (x 73B)
Class org.gradle.tooling.internal.adapter.ProtocolToModelAdapter$ViewGraphDetails     : loaded 2 times (x 74B)
Class org.gradle.tooling.model.idea.IdeaProject                                       : loaded 2 times (x 72B)
Class org.gradle.tooling.model.DomainObjectSet                                        : loaded 2 times (x 72B)
Class org.gradle.internal.service.DefaultServiceLocator                               : loaded 2 times (x 85B)
Class com.google.common.collect.Maps$EntrySet                                         : loaded 2 times (x 138B)
Class com.google.common.collect.ImmutableMultimap$EntryCollection                     : loaded 2 times (x 129B)
Class com.android.builder.model.v2.ide.BasicArtifact                                  : loaded 2 times (x 72B)
Class com.google.common.cache.LocalCache$EntryFactory$8                               : loaded 2 times (x 85B)
Class com.google.common.base.Equivalence$Identity                                     : loaded 2 times (x 84B)
Class com.amazon.ion.impl.bin.utf8.Utf8StringEncoder$Result                           : loaded 2 times (x 76B)
Class com.amazon.ion.impl.bin.utf8.Pool$Allocator                                     : loaded 2 times (x 72B)
Class com.amazon.ion.IonText                                                          : loaded 2 times (x 72B)
Class com.amazon.ion.impl.SymbolTokenImpl                                             : loaded 2 times (x 83B)
Class com.amazon.ion.SubstituteSymbolTableException                                   : loaded 2 times (x 86B)
Class io.opentelemetry.api.trace.SpanContextKey                                       : loaded 2 times (x 73B)
Class kotlin.coroutines.jvm.internal.SuspendFunction                                  : loaded 2 times (x 72B)
Class org.gradle.util.GradleVersion                                                   : loaded 2 times (x 83B)
Class org.gradle.internal.installation.CurrentGradleInstallation                      : loaded 2 times (x 75B)
Class com.google.common.cache.CacheLoader$1                                           : loaded 2 times (x 77B)
Class com.google.common.base.PairwiseEquivalence                                      : loaded 2 times (x 85B)
Class com.android.builder.model.v2.ide.ViewBindingOptions                             : loaded 2 times (x 72B)
Class com.amazon.ion.impl.bin.IonManagedBinaryWriter$ImportDescriptor                 : loaded 2 times (x 78B)
Class com.amazon.ion.SymbolTable                                                      : loaded 2 times (x 72B)
Class org.jetbrains.plugins.gradle.javaModel.JavaGradleManifestModel                  : loaded 2 times (x 72B)
Class org.jetbrains.plugins.gradle.tooling.serialization.GradleExtensionsSerializationService$WriteContext: loaded 2 times (x 74B)
Class com.intellij.gradle.toolingExtension.impl.model.taskModel.GradleTaskSerialisationService$Companion: loaded 2 times (x 73B)
Class kotlin.jvm.internal.Ref$BooleanRef                                              : loaded 2 times (x 73B)
Class kotlin.jvm.internal.StringCompanionObject                                       : loaded 2 times (x 73B)
Class kotlin.coroutines.intrinsics.IntrinsicsKt__IntrinsicsJvmKt                      : loaded 2 times (x 73B)
Class kotlin.coroutines.jvm.internal.CoroutineStackFrame                              : loaded 2 times (x 72B)
Class org.gradle.tooling.internal.adapter.ProtocolToModelAdapter$MethodInvocationCache$MethodInvocationKey: loaded 2 times (x 75B)
Class org.gradle.util.internal.GUtil                                                  : loaded 2 times (x 73B)
Class com.google.common.io.ByteSource                                                 : loaded 2 times (x 86B)
Class com.android.utils.StringHelper                                                  : loaded 2 times (x 73B)
Class com.google.common.cache.AbstractCache$StatsCounter                              : loaded 2 times (x 72B)
Class [Lcom.amazon.ion.impl.bin.IonManagedBinaryWriter$SymbolState;                   : loaded 2 times (x 71B)
Class com.amazon.ion.impl._Private_IonWriterBase                                      : loaded 2 times (x 164B)
Class com.amazon.ion.system.IonSystemBuilder                                          : loaded 2 times (x 77B)
Class com.amazon.ion.IonCatalog                                                       : loaded 2 times (x 72B)
Class io.opentelemetry.api.trace.TraceId                                              : loaded 2 times (x 73B)
Class com.intellij.gradle.toolingExtension.impl.model.utilTurnOffDefaultTasksModel.TurnOffDefaultTasks: loaded 2 times (x 72B)
Class com.intellij.gradle.toolingExtension.impl.model.sourceSetModel.GradleSourceSetSerialisationService$SourceSetModelReadContext: loaded 2 times (x 74B)
Class kotlin.io.NoSuchFileException                                                   : loaded 2 times (x 84B)
Class kotlin.collections.CollectionsKt                                                : loaded 2 times (x 73B)
Class com.google.common.io.LineBuffer                                                 : loaded 2 times (x 77B)
Class com.google.common.collect.MapMakerInternalMap$1                                 : loaded 2 times (x 85B)
Class org.objectweb.asm.Context                                                       : loaded 2 times (x 74B)
Class com.android.builder.model.v2.dsl.BuildType                                      : loaded 2 times (x 72B)
Class com.amazon.ion.BufferConfiguration$Builder                                      : loaded 2 times (x 80B)
Class com.google.common.io.LineReader                                                 : loaded 2 times (x 74B)
Class io.opentelemetry.api.internal.ImmutableSpanContext                              : loaded 2 times (x 93B)
Class com.intellij.gradle.toolingExtension.impl.model.sourceSetModel.GradleSourceSetSerialisationService$SourceSetModelWriteContext: loaded 2 times (x 74B)
Class kotlin.ranges.IntProgressionIterator                                            : loaded 2 times (x 84B)
Class kotlin.coroutines.CoroutineContext                                              : loaded 2 times (x 72B)
Class kotlin.coroutines.jvm.internal.DebugProbesKt                                    : loaded 2 times (x 73B)
Class org.gradle.tooling.internal.adapter.WeakIdentityHashMap                         : loaded 2 times (x 78B)
Class org.gradle.tooling.GradleConnectionException                                    : loaded 2 times (x 85B)
Class org.gradle.tooling.internal.adapter.ProtocolToModelAdapter$1                    : loaded 2 times (x 77B)
Class org.gradle.tooling.internal.adapter.ProtocolToModelAdapter$ViewDecoration       : loaded 2 times (x 72B)
Class org.gradle.internal.installation.GradleInstallation                             : loaded 2 times (x 77B)
Class com.google.common.collect.Iterables                                             : loaded 2 times (x 73B)
Class com.google.common.base.Splitter$Strategy                                        : loaded 2 times (x 72B)
Class com.amazon.ion.impl.lite.ContainerlessContext                                   : loaded 2 times (x 82B)
Class io.opentelemetry.api.trace.DefaultTracer                                        : loaded 2 times (x 76B)
Class org.jetbrains.plugins.gradle.tooling.serialization.GradleExtensionsSerializationService$ReadContext: loaded 2 times (x 74B)
Class com.google.common.collect.ForwardingCollection                                  : loaded 2 times (x 132B)
Class com.google.common.collect.LexicographicalOrdering                               : loaded 2 times (x 117B)
Class org.gradle.tooling.internal.adapter.MethodInvoker                               : loaded 2 times (x 72B)
Class com.android.ide.common.gradle.Part                                              : loaded 2 times (x 79B)
Class com.google.common.collect.Lists$RandomAccessReverseList                         : loaded 2 times (x 202B)
Class gnu.trove.PrimeFinder                                                           : loaded 2 times (x 73B)
Class com.amazon.ion.UnexpectedEofException                                           : loaded 2 times (x 86B)
Class com.amazon.ion.IonSexp                                                          : loaded 2 times (x 72B)
Class com.amazon.ion.ReadOnlyValueException                                           : loaded 2 times (x 86B)
Class com.amazon.ion.impl._Private_LocalSymbolTable                                   : loaded 2 times (x 72B)
Class com.amazon.ion.BufferConfiguration$DataHandler                                  : loaded 2 times (x 72B)
Class com.amazon.ion.impl._Private_IonBinaryWriterBuilder                             : loaded 2 times (x 117B)
Class org.jetbrains.plugins.gradle.tooling.serialization.RepositoriesModelSerializationService$WriteContext: loaded 2 times (x 74B)
Class com.android.ide.gradle.model.LegacyAndroidGradlePluginProperties                : loaded 2 times (x 72B)
Class kotlin.ranges.IntProgression                                                    : loaded 2 times (x 83B)
Class kotlin.jvm.KotlinReflectionNotSupportedError                                    : loaded 2 times (x 84B)
Class org.gradle.tooling.model.gradle.GradleScript                                    : loaded 2 times (x 72B)

---------------  S Y S T E M  ---------------

OS:
 Windows 11 , 64 bit Build 26100 (10.0.26100.8875)
OS uptime: 0 days 0:05 hours
Hyper-V role detected

CPU: total 32 (initial active 32) (16 cores per cpu, 2 threads per core) family 6 model 183 stepping 1 microcode 0x115, cx8, cmov, fxsr, ht, mmx, 3dnowpref, sse, sse2, sse3, ssse3, sse4.1, sse4.2, popcnt, lzcnt, tsc, tscinvbit, avx, avx2, aes, erms, clmul, bmi1, bmi2, adx, sha, fma, vzeroupper, clflush, clflushopt, clwb, hv, serialize, rdtscp, rdpid, fsrm, gfni, f16c, cet_ibt, cet_ss
Processor Information for the first 32 processors :
  Max Mhz: 3200, Current Mhz: 3200, Mhz Limit: 3200

Memory: 4k page, system-wide physical 65243M (51120M free)
TotalPageFile size 130779M (AvailPageFile size 116872M)
current process WorkingSet (physical memory assigned to process): 1035M, peak: 1039M
current process commit charge ("private bytes"): 1114M, peak: 1130M

vm_info: OpenJDK 64-Bit Server VM (25.0.2+-15348964-b329.117) for windows-amd64 JRE (25.0.2+-15348964-b329.117), built on 2026-05-05T18:25:19Z with MS VC++ 16.10 / 16.11 (VS2019)

END.
