#
# A fatal error has been detected by the Java Runtime Environment:
#
#  EXCEPTION_ACCESS_VIOLATION (0xc0000005) at pc=0x00007ff8a5bb39fe, pid=22396, tid=12104
#
# JRE version: OpenJDK Runtime Environment (25.0.2) (build 25.0.2+-15348964-b329.117)
# Java VM: OpenJDK 64-Bit Server VM (25.0.2+-15348964-b329.117, mixed mode, tiered, compressed oops, compressed class ptrs, g1 gc, windows-amd64)
# Problematic frame:
# V  [jvm.dll+0x8139fe]
#
# No core dump will be written. Minidumps are not enabled by default on client versions of Windows
#
# If you would like to submit a bug report, please visit:
#   https://youtrack.jetbrains.com/issues/JBR
#

---------------  S U M M A R Y ------------

Command Line: --add-opens=java.base/java.lang=ALL-UNNAMED --add-opens=java.base/java.lang.invoke=ALL-UNNAMED --add-opens=java.base/java.util=ALL-UNNAMED --add-opens=java.prefs/java.util.prefs=ALL-UNNAMED --add-exports=jdk.compiler/com.sun.tools.javac.api=ALL-UNNAMED --add-exports=jdk.compiler/com.sun.tools.javac.util=ALL-UNNAMED --add-opens=java.base/java.util=ALL-UNNAMED --add-opens=java.prefs/java.util.prefs=ALL-UNNAMED --add-opens=java.base/java.nio.charset=ALL-UNNAMED --add-opens=java.base/java.net=ALL-UNNAMED --add-opens=java.base/java.util.concurrent=ALL-UNNAMED --add-opens=java.base/java.util.concurrent.atomic=ALL-UNNAMED --add-opens=java.xml/javax.xml.namespace=ALL-UNNAMED --add-opens=java.base/java.time=ALL-UNNAMED --enable-native-access=ALL-UNNAMED -XX:MaxMetaspaceSize=384m -XX:+HeapDumpOnOutOfMemoryError -Xms256m -Xmx512m -Dfile.encoding=UTF-8 -Duser.country=BE -Duser.language=nl -Duser.variant -javaagent:C:\Users\Intel\.gradle\wrapper\dists\gradle-9.3.0-bin\79n14ral3mx1ozqr3csh2u872\gradle-9.3.0\lib\agents\gradle-instrumentation-agent-9.3.0.jar org.gradle.launcher.daemon.bootstrap.GradleDaemon 9.3.0

Host: Intel(R) Core(TM) i9-14900K, 32 cores, 63G,  Windows 11 , 64 bit Build 26100 (10.0.26100.8875)
Time: Sat Aug  8 12:49:27 2026 Romance (zomertijd) elapsed time: 10.270163 seconds (0d 0h 0m 10s)

---------------  T H R E A D  ---------------

Current thread (0x00000170f00f9090):  JavaThread "C2 CompilerThread7" daemon [_thread_in_native, id=12104, stack(0x0000006a20400000,0x0000006a20500000) (1024K)]


Current CompileTask:
C2:10270 24464       4       com.android.tools.r8.internal.vd::a (6886 bytes)

Stack: [0x0000006a20400000,0x0000006a20500000],  sp=0x0000006a204fc2c0,  free space=1008k
Native frames: (J=compiled Java code, j=interpreted, Vv=VM code, C=native code)
V  [jvm.dll+0x8139fe]  (no source info available)
V  [jvm.dll+0x2b1a32]  (no source info available)
V  [jvm.dll+0x2b0240]  (no source info available)
V  [jvm.dll+0x3be6d5]  (no source info available)
V  [jvm.dll+0x7c54ee]  (no source info available)
V  [jvm.dll+0x7c2e39]  (no source info available)
V  [jvm.dll+0x2ce046]  (no source info available)
V  [jvm.dll+0x2cd221]  (no source info available)
V  [jvm.dll+0x242ffa]  (no source info available)
V  [jvm.dll+0x2dcc05]  (no source info available)
V  [jvm.dll+0x2dae06]  (no source info available)
V  [jvm.dll+0x49b59e]  (no source info available)
V  [jvm.dll+0x9ab9c8]  (no source info available)
V  [jvm.dll+0x7bb985]  (no source info available)
C  [ucrtbase.dll+0x2cd30]  (no source info available)
C  [KERNEL32.DLL+0x2e957]  (no source info available)
C  [ntdll.dll+0xaad6c]  (no source info available)


siginfo: EXCEPTION_ACCESS_VIOLATION (0xc0000005), reading address 0xffffffffffffffff


Registers:
RAX=0x8776e90000000000, RBX=0x0000006a204fc4d8, RCX=0x00000170cec82c5b, RDX=0x00000170ce902d20
RSP=0x0000006a204fc2c0, RBP=0x00000170cec82c5b, RSI=0x0000006a204fc450, RDI=0x00000170ce902d20
R8 =0x0000000000000001, R9 =0x0000000000000001, R10=0x00000170f98243be, R11=0x000000000000000f
R12=0x0000000000000002, R13=0x00000170cec94200, R14=0x0000000000007800, R15=0x0000000000000000
RIP=0x00007ff8a5bb39fe, EFLAGS=0x0000000000010206

XMM[0]=0x48fffffffbe90000 0x000000000000bb48
XMM[1]=0x0000bb48fffffffb 0xe900000000000000
XMM[2]=0x000000bb48ffffff 0xfbe9000000000000
XMM[3]=0x0000000000bb48ff 0xfffffbe900000000
XMM[4]=0x00000000000000bb 0x48fffffffbe90000
XMM[5]=0x00000000bb48ffff 0xfffbe90000000000
XMM[6]=0x0000000000000000 0x0000000000000000
XMM[7]=0x0000000000000000 0x0000000000000000
XMM[8]=0x0000000000000000 0x0000000000000000
XMM[9]=0x0000000000000000 0x0000000000000000
XMM[10]=0x0000000000000000 0x0000000000000000
XMM[11]=0x0000000000000000 0x0000000000000000
XMM[12]=0x0000000000000000 0x0000000000000000
XMM[13]=0x0000000000000000 0x0000000000000000
XMM[14]=0x0000000000000000 0x0000000000000000
XMM[15]=0x0000000000000000 0x0000000000000000
  MXCSR=0x00001fa0


Register to memory mapping:

RAX=0x8776e90000000000 is an unknown value
RBX=0x0000006a204fc4d8 is pointing into the stack for thread: 0x00000170f00f9090
RCX=0x00000170cec82c5b is at code_begin+31995 in 
[CodeBlob kind:2 (0x00000170cec7af08)]
Framesize: 0
BufferBlob (0x00000170cec7af08) used for Compile::Fill_buffer
RDX=0x00000170ce902d20 is at code_begin+520384 in 
[CodeBlob kind:2 (0x00000170ce883c08)]
Framesize: 0
BufferBlob (0x00000170ce883c08) used for C1 temporary CodeBuffer
RSP=0x0000006a204fc2c0 is pointing into the stack for thread: 0x00000170f00f9090
RBP=0x00000170cec82c5b is at code_begin+31995 in 
[CodeBlob kind:2 (0x00000170cec7af08)]
Framesize: 0
BufferBlob (0x00000170cec7af08) used for Compile::Fill_buffer
RSI=0x0000006a204fc450 is pointing into the stack for thread: 0x00000170f00f9090
RDI=0x00000170ce902d20 is at code_begin+520384 in 
[CodeBlob kind:2 (0x00000170ce883c08)]
Framesize: 0
BufferBlob (0x00000170ce883c08) used for C1 temporary CodeBuffer
R8 =0x0000000000000001 is an unknown value
R9 =0x0000000000000001 is an unknown value
R10=0x00000170f98243be points into unknown readable memory: 17 63
R11=0x000000000000000f is an unknown value
R12=0x0000000000000002 is an unknown value
R13=0x00000170cec94200 points into unknown readable memory: 0x00841f01000001af | af 01 00 00 01 1f 84 00
R14=0x0000000000007800 is an unknown value
R15=0x0 is null

Top of Stack: (sp=0x0000006a204fc2c0)
0x0000006a204fc2c0:   0000006a204fc388 0000006a204fd240   ..O j...@.O j...
0x0000006a204fc2d0:   00000170cec82c5b 0000006a204fc450   [,..p...P.O j...
0x0000006a204fc2e0:   000000000000f800 00007ff8a5651a32   ........2.e.....
0x0000006a204fc2f0:   0000006a204fc4d8 0000006a204fd240   ..O j...@.O j...
0x0000006a204fc300:   0000006a204fc450 00000000ffffffff   P.O j...........
0x0000006a204fc310:   00000170cec94200 0000000000000000   .B..p...........
0x0000006a204fc320:   00000170f98244c6 00000170f9824702   .D..p....G..p...
0x0000006a204fc330:   0000000000000000 00000170cec82c5b   ........[,..p...
0x0000006a204fc340:   0000000000270005 0000006a204fc340   ..'.....@.O j...
0x0000006a204fc350:   0000000000a00000 00000170cec91fe8   ............p...
0x0000006a204fc360:   00000170cec7af60 00000170cec93008   `...p....0..p...
0x0000006a204fc370:   00000170cec91fe8 00000170cec86759   ....p...Yg..p...
0x0000006a204fc380:   00000170cec931d9 00007ff8a5e991c8   .1..p...........
0x0000006a204fc390:   0000006a204fc318 0000006a00000006   ..O j.......j...
0x0000006a204fc3a0:   0000017000000000 0000017000000000   ....p.......p...
0x0000006a204fc3b0:   00000d47c13c9e01 00007ff8a564dbe9   ..<.G.....d.....
0x0000006a204fc3c0:   0000006a204fd240 fffffffffffff220   @.O j... .......
0x0000006a204fc3d0:   0000000000000008 fffffffffffff218   ................
0x0000006a204fc3e0:   00000000ffffffff 0000006a204fc60c   ..........O j...
0x0000006a204fc3f0:   0000006a204fc500 00007ff8a5650240   ..O j...@.e.....
0x0000006a204fc400:   0000000000019209 00000170fba05938   ........8Y..p...
0x0000006a204fc410:   0000006a204fd1f0 000000000000000a   ..O j...........
0x0000006a204fc420:   fffffffffffff260 fffffffffffff258   `.......X.......
0x0000006a204fc430:   fffffffffffff248 fffffffffffff210   H...............
0x0000006a204fc440:   fffffffffffff228 00007ff8a5a98526   (.......&.......
0x0000006a204fc450:   00007ff8a5f3de90 00000170cec91fe8   ............p...
0x0000006a204fc460:   0000000000000000 00000170cec91fe8   ............p...
0x0000006a204fc470:   00000170cec92fe8 0000000000000000   ./..p...........
0x0000006a204fc480:   0000000000000000 0000000000000000   ................
0x0000006a204fc490:   00000170cec91fe8 0000000000000000   ....p...........
0x0000006a204fc4a0:   0000006a204fc600 0000006a204fc450   ..O j...P.O j...
0x0000006a204fc4b0:   00000170cec7af60 0000000000000000   `...p...........

Instructions: (pc=0x00007ff8a5bb39fe)
  0x00007ff8a5bb38fe:   c8 48 3b c8 75 05 48 8b c3 eb 46 48 8d 04 39 eb
  0x00007ff8a5bb390e:   40 8b 03 25 ff f0 00 00 3d 0f 80 00 00 74 27 40
  0x00007ff8a5bb391e:   0f b6 cd 80 e1 f0 80 f9 70 74 1b 48 8b cb e8 3f
  0x00007ff8a5bb392e:   76 d3 ff 84 c0 74 2f 40 80 fd d5 40 0f 94 c6 48
  0x00007ff8a5bb393e:   8b 44 1e 02 eb 0b 48 8b cb e8 f4 2b f7 ff 48 03
  0x00007ff8a5bb394e:   c7 48 8b 5c 24 30 48 8b 6c 24 38 48 8b 74 24 40
  0x00007ff8a5bb395e:   48 83 c4 20 5f c3 48 8b 05 a5 8b 53 00 48 8d 0d
  0x00007ff8a5bb396e:   3e 1d 39 00 ba 6e 00 00 00 c6 00 58 e8 21 61 af
  0x00007ff8a5bb397e:   ff cc 48 83 ec 28 48 8b 49 08 48 8b 41 08 0f b7
  0x00007ff8a5bb398e:   10 c1 ea 08 83 e2 07 74 36 48 89 5c 24 30 48 89
  0x00007ff8a5bb399e:   7c 24 20 48 8b 79 20 48 8b cf e8 e3 6c 94 ff 48
  0x00007ff8a5bb39ae:   8b cf 48 8b d8 e8 c8 6c 94 ff 48 63 0b 48 8b 7c
  0x00007ff8a5bb39be:   24 20 48 03 c1 48 8b 5c 24 30 48 83 c4 28 c3 48
  0x00007ff8a5bb39ce:   8b 49 20 33 d2 e8 b8 6c 94 ff 48 8b 00 48 83 c4
  0x00007ff8a5bb39de:   28 c3 48 89 5c 24 08 48 89 6c 24 10 48 89 74 24
  0x00007ff8a5bb39ee:   18 57 48 83 ec 20 48 8b 41 08 48 8b fa 48 8b e9
=>0x00007ff8a5bb39fe:   48 8b 58 20 0f b6 33 40 80 fe e8 75 30 48 8b ca
  0x00007ff8a5bb3a0e:   48 2b cb 48 83 e9 05 48 63 c1 48 3b c8 0f 85 dc
  0x00007ff8a5bb3a1e:   00 00 00 2b fb ba 01 00 00 00 83 ef 05 48 8b cb
  0x00007ff8a5bb3a2e:   89 7b 01 e8 3a 2d f7 ff e9 ad 00 00 00 8d 46 17
  0x00007ff8a5bb3a3e:   a8 fd 75 45 48 63 43 01 48 8d 53 05 48 03 d0 48
  0x00007ff8a5bb3a4e:   8b cb 48 3b d3 48 c7 c0 ff ff ff ff 48 0f 44 d0
  0x00007ff8a5bb3a5e:   48 3b d0 b8 fb ff ff ff 48 0f 44 fb 8b d7 2b d3
  0x00007ff8a5bb3a6e:   83 ea 05 48 83 ff ff 0f 45 c2 ba 01 00 00 00 89
  0x00007ff8a5bb3a7e:   43 01 e8 eb 2c f7 ff eb 61 8b 03 25 ff f0 00 00
  0x00007ff8a5bb3a8e:   3d 0f 80 00 00 74 32 40 0f b6 c6 24 f0 3c 70 74
  0x00007ff8a5bb3a9e:   28 48 8b cb e8 c9 74 d3 ff 84 c0 74 7c 33 c0 48
  0x00007ff8a5bb3aae:   8b cb 40 80 fe d5 0f 94 c0 83 c0 02 8b d0 48 89
  0x00007ff8a5bb3abe:   3c 18 e8 ab 2c f7 ff eb 21 48 8b cb e8 71 2a f7
  0x00007ff8a5bb3ace:   ff 48 8b 4d 08 ba 02 00 00 00 48 8b d8 48 8b 49
  0x00007ff8a5bb3ade:   20 e8 ac 6b 94 ff 2b fb 01 38 48 8b 5c 24 30 48
  0x00007ff8a5bb3aee:   8b 6c 24 38 48 8b 74 24 40 48 83 c4 20 5f c3 48


Stack slot to memory mapping:

stack at sp + 0 slots: 0x0000006a204fc388 is pointing into the stack for thread: 0x00000170f00f9090
stack at sp + 1 slots: 0x0000006a204fd240 is pointing into the stack for thread: 0x00000170f00f9090
stack at sp + 2 slots: 0x00000170cec82c5b is at code_begin+31995 in 
[CodeBlob kind:2 (0x00000170cec7af08)]
Framesize: 0
BufferBlob (0x00000170cec7af08) used for Compile::Fill_buffer
stack at sp + 3 slots: 0x0000006a204fc450 is pointing into the stack for thread: 0x00000170f00f9090
stack at sp + 4 slots: 0x000000000000f800 is an unknown value
stack at sp + 5 slots: 0x00007ff8a5651a32 jvm.dll
stack at sp + 6 slots: 0x0000006a204fc4d8 is pointing into the stack for thread: 0x00000170f00f9090
stack at sp + 7 slots: 0x0000006a204fd240 is pointing into the stack for thread: 0x00000170f00f9090

Lock stack of current Java thread (top to bottom):


---------------  P R O C E S S  ---------------

Threads class SMR info:
_java_thread_list=0x00000170f2b18c40, length=446, elements={
0x00000170c3f00a50, 0x00000170db747840, 0x00000170db74a910, 0x00000170db75cb40,
0x00000170e0022df0, 0x00000170e00235b0, 0x00000170e0025c60, 0x00000170e0026420,
0x00000170e0028720, 0x00000170e0017c20, 0x00000170e00fb960, 0x00000170e03a2240,
0x00000170e03a4630, 0x00000170e0923980, 0x00000170e0abc9d0, 0x00000170e1064f00,
0x00000170e1067de0, 0x00000170e1068d80, 0x00000170e106bc60, 0x00000170e2852360,
0x00000170e2f0ae60, 0x00000170e2f0b630, 0x00000170e2f08750, 0x00000170e4ded820,
0x00000170e4dec0b0, 0x00000170e4ded050, 0x00000170e2fc9e00, 0x00000170e2fca5d0,
0x00000170e2fccce0, 0x00000170e2fcdc80, 0x00000170e2fcfbc0, 0x00000170e2fcec20,
0x00000170e2fcf3f0, 0x00000170e2fd0b60, 0x00000170e2fd1330, 0x00000170e533eb50,
0x00000170e5341260, 0x00000170e53402c0, 0x00000170e5340a90, 0x00000170e5341a30,
0x00000170e5342200, 0x00000170e53431a0, 0x00000170e5343970, 0x00000170e5344140,
0x00000170e5344910, 0x00000170e53458b0, 0x00000170e36e2a30, 0x00000170e36e12c0,
0x00000170e36e5910, 0x00000170e36e2260, 0x00000170e36e60e0, 0x00000170e36e68b0,
0x00000170e36e39d0, 0x00000170e36e41a0, 0x00000170e36e87f0, 0x00000170e54ae3d0,
0x00000170e47e2920, 0x00000170e47e30f0, 0x00000170e4e60730, 0x00000170e5e6def0,
0x00000170e74bb3b0, 0x00000170e6070c00, 0x00000170e606e4f0, 0x00000170e752e690,
0x00000170e752dec0, 0x00000170e752ee60, 0x00000170edb72840, 0x00000170edb72070,
0x00000170edb737e0, 0x00000170edb73010, 0x00000170e53f14b0, 0x00000170e53f2450,
0x00000170e53f2c20, 0x00000170e53f33f0, 0x00000170e02a7e90, 0x00000170e02a8660,
0x00000170e02a9dd0, 0x00000170e02aad70, 0x00000170e02a76c0, 0x00000170e74b8ca0,
0x00000170e74b9470, 0x00000170e74b9c40, 0x00000170e4d838c0, 0x00000170e4d82150,
0x00000170e4d82920, 0x00000170e5dd0260, 0x00000170e5dcdb50, 0x00000170e5dce320,
0x00000170e5dceaf0, 0x00000170e5dccbb0, 0x00000170e5dcfa90, 0x00000170e5dcf2c0,
0x00000170ed330080, 0x00000170ed331020, 0x00000170ed3317f0, 0x00000170ed332f60,
0x00000170ed53b2d0, 0x00000170ed53d310, 0x00000170ed53cb00, 0x00000170ed331fc0,
0x00000170ed332790, 0x00000170ed330850, 0x00000170ed32f8b0, 0x00000170e5d18150,
0x00000170e5d171b0, 0x00000170e5d17980, 0x00000170e5d18920, 0x00000170e5d190f0,
0x00000170e5d15a40, 0x00000170e5d16210, 0x00000170e5d169e0, 0x00000170edba31d0,
0x00000170edba4940, 0x00000170edba4170, 0x00000170edba1290, 0x00000170edba1a60,
0x00000170edba39a0, 0x00000170edba2230, 0x00000170edba2a00, 0x00000170e389ca70,
0x00000170e389da10, 0x00000170e389d240, 0x00000170e389e1e0, 0x00000170e389f180,
0x00000170e389e9b0, 0x00000170e389bad0, 0x00000170e389c2a0, 0x00000170e606a4e0,
0x00000170e606acb0, 0x00000170e606b480, 0x00000170e606bc50, 0x00000170e606db90,
0x00000170e606c420, 0x00000170e606cbf0, 0x00000170e606d3c0, 0x00000170e1e7d8d0,
0x00000170e1e7f040, 0x00000170e1e7b990, 0x00000170e1e7c930, 0x00000170e1e7d100,
0x00000170e1e7c160, 0x00000170e1e7e0a0, 0x00000170e1e7e870, 0x00000170e828b960,
0x00000170e828c900, 0x00000170e828d8a0, 0x00000170e828b190, 0x00000170e828a1f0,
0x00000170e828d0d0, 0x00000170e828a9c0, 0x00000170e828c130, 0x00000170e614dd00,
0x00000170e614bdc0, 0x00000170e614b5f0, 0x00000170e614c590, 0x00000170e614e4d0,
0x00000170e614cd60, 0x00000170e614d530, 0x00000170e614eca0, 0x00000170ee4a0c00,
0x00000170ee49e4f0, 0x00000170ee49fc60, 0x00000170ee49d550, 0x00000170ee49ecc0,
0x00000170e606fc60, 0x00000170e60713d0, 0x00000170e81fd2e0, 0x00000170e81ff220,
0x00000170e81fea50, 0x00000170e81ff9f0, 0x00000170e81fc340, 0x00000170e81fcb10,
0x00000170ef6be260, 0x00000170ef6bea30, 0x00000170ef6bf200, 0x00000170ef6bf9d0,
0x00000170ef6bda90, 0x00000170ef6bc320, 0x00000170ef6bcaf0, 0x00000170ef6bd2c0,
0x00000170eff29ab0, 0x00000170eff2b220, 0x00000170eff28b10, 0x00000170eff292e0,
0x00000170eff2a280, 0x00000170eff2b9f0, 0x00000170eff28340, 0x00000170eff2aa50,
0x00000170f1964a40, 0x00000170f1962b00, 0x00000170f1965210, 0x00000170f1964270,
0x00000170f19632d0, 0x00000170f19659e0, 0x00000170f1962330, 0x00000170f1963aa0,
0x00000170e79877b0, 0x00000170e7987f80, 0x00000170ef7d5810, 0x00000170e3bbc690,
0x00000170e3bbb6f0, 0x00000170e3bbbec0, 0x00000170e59e6850, 0x00000170e59e4910,
0x00000170e59e58b0, 0x00000170e59e77f0, 0x00000170e59e50e0, 0x00000170e59e4140,
0x00000170e59e6080, 0x00000170e59e7020, 0x00000170e20594e0, 0x00000170e205a480,
0x00000170e2057d70, 0x00000170e205ac50, 0x00000170e205b420, 0x00000170e2059cb0,
0x00000170e2058540, 0x00000170e2058d10, 0x00000170ef7d9ff0, 0x00000170ef7da7c0,
0x00000170ef7daf90, 0x00000170ef7d9820, 0x00000170f1966b10, 0x00000170f19672e0,
0x00000170f1966340, 0x00000170f1967ab0, 0x00000170efd16f50, 0x00000170e759d350,
0x00000170e20f7010, 0x00000170e20f4900, 0x00000170e50292b0, 0x00000170e5029a80,
0x00000170e5026ba0, 0x00000170e5027370, 0x00000170e5028ae0, 0x00000170e5028310,
0x00000170e50263d0, 0x00000170e5027b40, 0x00000170ee6daf50, 0x00000170ee6db720,
0x00000170ee6dc6c0, 0x00000170ee6dce90, 0x00000170ee6dd660, 0x00000170ee6dbef0,
0x00000170ee6de600, 0x00000170eddf11d0, 0x00000170eddf2170, 0x00000170eddf3110,
0x00000170eddf19a0, 0x00000170eddf0a00, 0x00000170eddf38e0, 0x00000170eddf0230,
0x00000170eddf2940, 0x00000170ee6dde30, 0x00000170e03c8c10, 0x00000170e03c74a0,
0x00000170e03c8440, 0x00000170e03c7c70, 0x00000170e03c93e0, 0x00000170e03c6cd0,
0x00000170e03c9bb0, 0x00000170ef333610, 0x00000170ef332e40, 0x00000170ef335550,
0x00000170ef334d80, 0x00000170ef333de0, 0x00000170ef335d20, 0x00000170ef332670,
0x00000170ef3345b0, 0x00000170ef094790, 0x00000170ef095730, 0x00000170ef093020,
0x00000170ef0937f0, 0x00000170ef092080, 0x00000170ef092850, 0x00000170ef094f60,
0x00000170ef093fc0, 0x00000170ef4f3800, 0x00000170ef4f5740, 0x00000170ef4f6eb0,
0x00000170ef4f3fd0, 0x00000170ef4f4f70, 0x00000170ef4f5f10, 0x00000170ef4f66e0,
0x00000170ef4f47a0, 0x00000170f121c5b0, 0x00000170f121cd80, 0x00000170f121d550,
0x00000170f121dd20, 0x00000170f121ae40, 0x00000170f121b610, 0x00000170f121a670,
0x00000170f121bde0, 0x00000170ef7d8ec0, 0x00000170ede7de70, 0x00000170ede7d6a0,
0x00000170ede7ced0, 0x00000170ede7e640, 0x00000170ef771d30, 0x00000170ef774c10,
0x00000170ef772500, 0x00000170ef772cd0, 0x00000170ef771560, 0x00000170ef773c70,
0x00000170ef774440, 0x00000170ef7734a0, 0x00000170ed640160, 0x00000170ed642870,
0x00000170ed643810, 0x00000170ed6418d0, 0x00000170ed640930, 0x00000170ed6420a0,
0x00000170ed643040, 0x00000170ed641100, 0x00000170ef035040, 0x00000170ef032160,
0x00000170ef032930, 0x00000170ef034870, 0x00000170ef035810, 0x00000170ef0338d0,
0x00000170ef0340a0, 0x00000170ef033100, 0x00000170f0009410, 0x00000170f000ab80,
0x00000170e630b8b0, 0x00000170e630c850, 0x00000170e630c080, 0x00000170e66838d0,
0x00000170e66840a0, 0x00000170e6684870, 0x00000170e6685040, 0x00000170e6683100,
0x00000170e6685810, 0x00000170e6685fe0, 0x00000170e66867b0, 0x00000170f2a36880,
0x00000170e205cd20, 0x00000170e205c550, 0x00000170e205d4f0, 0x00000170e205dcc0,
0x00000170e205e490, 0x00000170e205f430, 0x00000170e205bd80, 0x00000170edc652a0,
0x00000170edc63b30, 0x00000170edc64300, 0x00000170edc64ad0, 0x00000170edc61bf0,
0x00000170edc623c0, 0x00000170edc62b90, 0x00000170edc63360, 0x00000170ef6f9880,
0x00000170ef6f61d0, 0x00000170ef6f7940, 0x00000170ef6f7170, 0x00000170ef6f8110,
0x00000170f0009be0, 0x00000170f000a3b0, 0x00000170f00074d0, 0x00000170f0007ca0,
0x00000170f0008470, 0x00000170f0008c40, 0x00000170edb3b4a0, 0x00000170edb3acd0,
0x00000170edb39d30, 0x00000170edb3bc70, 0x00000170edb38d90, 0x00000170edb3cc10,
0x00000170edb3c440, 0x00000170edb39560, 0x00000170edb3a500, 0x00000170edb3e380,
0x00000170edb3eb50, 0x00000170edb3d3e0, 0x00000170edb402c0, 0x00000170edb3f320,
0x00000170edb3faf0, 0x00000170edb3dbb0, 0x00000170e4c6e9d0, 0x00000170e4c70910,
0x00000170e4c710e0, 0x00000170e4c6da30, 0x00000170e4c6f970, 0x00000170e4c6e200,
0x00000170e4c70140, 0x00000170e4c72850, 0x00000170e4c718b0, 0x00000170e03cd3f0,
0x00000170e03cace0, 0x00000170e818ae40, 0x00000170e8189ea0, 0x00000170e8188f00,
0x00000170e81896d0, 0x00000170e818bde0, 0x00000170ed9090a0, 0x00000170f11b19d0,
0x00000170f11b0260, 0x00000170f11b1200, 0x00000170f11b21a0, 0x00000170f11b0a30,
0x00000170f11b2970, 0x00000170f11b3140, 0x00000170f11b3910, 0x00000170ef32ed00,
0x00000170ef32d590, 0x00000170ef32f4d0, 0x00000170ef32fca0, 0x00000170ef32c5f0,
0x00000170ef32cdc0, 0x00000170ef32dd60, 0x00000170ef32e530, 0x00000170f2799cd0,
0x00000170f279bc10, 0x00000170f279a4a0, 0x00000170f279d380, 0x00000170f279c3e0,
0x00000170f279cbb0, 0x00000170f279ac70, 0x00000170ee15e2f0, 0x00000170ee15fa60,
0x00000170ee15eac0, 0x00000170ee15f290, 0x00000170eddd20a0, 0x00000170eddcf1c0,
0x00000170eddd2870, 0x00000170eddcf990, 0x00000170eddd1100, 0x00000170eddd0160,
0x00000170f01640e0, 0x00000170f0165850, 0x00000170f01667f0, 0x00000170f0166020,
0x00000170f0167790, 0x00000170f0165080, 0x00000170f0166fc0, 0x00000170e23efce0,
0x00000170effa5cc0, 0x00000170f00f9090, 0x00000170f277a2e0, 0x00000170f277aaf0,
0x00000170f03615e0, 0x00000170f0363520, 0x00000170f0361db0, 0x00000170ed749ca0,
0x00000170ed74a470, 0x00000170ef2f29e0
}

Java Threads: ( => current thread )
  0x00000170c3f00a50 JavaThread "main"                              [_thread_blocked, id=18564, stack(0x0000006a02a00000,0x0000006a02b00000) (1024K)]
  0x00000170db747840 JavaThread "Common-Cleaner"             daemon [_thread_blocked, id=10204, stack(0x0000006a03200000,0x0000006a03300000) (1024K)]
  0x00000170db74a910 JavaThread "Reference Handler"          daemon [_thread_blocked, id=18688, stack(0x0000006a03300000,0x0000006a03400000) (1024K)]
  0x00000170db75cb40 JavaThread "Finalizer"                  daemon [_thread_blocked, id=13868, stack(0x0000006a03400000,0x0000006a03500000) (1024K)]
  0x00000170e0022df0 JavaThread "Signal Dispatcher"          daemon [_thread_blocked, id=19340, stack(0x0000006a03500000,0x0000006a03600000) (1024K)]
  0x00000170e00235b0 JavaThread "Attach Listener"            daemon [_thread_blocked, id=21052, stack(0x0000006a03600000,0x0000006a03700000) (1024K)]
  0x00000170e0025c60 JavaThread "Service Thread"             daemon [_thread_blocked, id=23252, stack(0x0000006a03700000,0x0000006a03800000) (1024K)]
  0x00000170e0026420 JavaThread "Monitor Deflation Thread"   daemon [_thread_blocked, id=23280, stack(0x0000006a03800000,0x0000006a03900000) (1024K)]
  0x00000170e0028720 JavaThread "C2 CompilerThread0"         daemon [_thread_in_native, id=12304, stack(0x0000006a03900000,0x0000006a03a00000) (1024K)]
  0x00000170e0017c20 JavaThread "C1 CompilerThread0"         daemon [_thread_blocked, id=2004, stack(0x0000006a03a00000,0x0000006a03b00000) (1024K)]
  0x00000170e00fb960 JavaThread "C1 CompilerThread1"         daemon [_thread_in_vm, id=22664, stack(0x0000006a03b00000,0x0000006a03c00000) (1024K)]
  0x00000170e03a2240 JavaThread "Notification Thread"        daemon [_thread_blocked, id=2884, stack(0x0000006a03c00000,0x0000006a03d00000) (1024K)]
  0x00000170e03a4630 JavaThread "C2 CompilerThread1"         daemon [_thread_in_native, id=17476, stack(0x0000006a03d00000,0x0000006a03e00000) (1024K)]
  0x00000170e0923980 JavaThread "C2 CompilerThread2"         daemon [_thread_in_native, id=15580, stack(0x0000006a03e00000,0x0000006a03f00000) (1024K)]
  0x00000170e0abc9d0 JavaThread "C2 CompilerThread3"         daemon [_thread_in_native, id=16772, stack(0x0000006a03f00000,0x0000006a04000000) (1024K)]
  0x00000170e1064f00 JavaThread "Daemon health stats"               [_thread_blocked, id=22660, stack(0x0000006a04700000,0x0000006a04800000) (1024K)]
  0x00000170e1067de0 JavaThread "Incoming local TCP Connector on port 52012"        [_thread_in_native, id=21932, stack(0x0000006a04900000,0x0000006a04a00000) (1024K)]
  0x00000170e1068d80 JavaThread "Daemon periodic checks"            [_thread_blocked, id=8020, stack(0x0000006a04a00000,0x0000006a04b00000) (1024K)]
  0x00000170e106bc60 JavaThread "Daemon"                            [_thread_blocked, id=15336, stack(0x0000006a04b00000,0x0000006a04c00000) (1024K)]
  0x00000170e2852360 JavaThread "Daemon worker"                     [_thread_blocked, id=19116, stack(0x0000006a05a00000,0x0000006a05b00000) (1024K)]
  0x00000170e2f0ae60 JavaThread "Cache worker for journal cache (C:\Users\Intel\.gradle\caches\journal-1)"        [_thread_blocked, id=8608, stack(0x0000006a05e00000,0x0000006a05f00000) (1024K)]
  0x00000170e2f0b630 JavaThread "File lock request listener"        [_thread_in_native, id=22976, stack(0x0000006a05f00000,0x0000006a06000000) (1024K)]
  0x00000170e2f08750 JavaThread "Cache worker for file hash cache (C:\Users\Intel\.gradle\caches\9.3.0\fileHashes)"        [_thread_blocked, id=9080, stack(0x0000006a06000000,0x0000006a06100000) (1024K)]
  0x00000170e4ded820 JavaThread "File watcher server"        daemon [_thread_in_native, id=2372, stack(0x0000006a06d00000,0x0000006a06e00000) (1024K)]
  0x00000170e4dec0b0 JavaThread "File watcher consumer"      daemon [_thread_blocked, id=17152, stack(0x0000006a06e00000,0x0000006a06f00000) (1024K)]
  0x00000170e4ded050 JavaThread "jar transforms"                    [_thread_blocked, id=18184, stack(0x0000006a06f00000,0x0000006a07000000) (1024K)]
  0x00000170e2fc9e00 JavaThread "jar transforms Thread 2"           [_thread_blocked, id=10728, stack(0x0000006a07000000,0x0000006a07100000) (1024K)]
  0x00000170e2fca5d0 JavaThread "jar transforms Thread 3"           [_thread_blocked, id=21308, stack(0x0000006a07100000,0x0000006a07200000) (1024K)]
  0x00000170e2fccce0 JavaThread "jar transforms Thread 4"           [_thread_blocked, id=19200, stack(0x0000006a07200000,0x0000006a07300000) (1024K)]
  0x00000170e2fcdc80 JavaThread "jar transforms Thread 5"           [_thread_blocked, id=12676, stack(0x0000006a07300000,0x0000006a07400000) (1024K)]
  0x00000170e2fcfbc0 JavaThread "jar transforms Thread 6"           [_thread_blocked, id=21792, stack(0x0000006a07400000,0x0000006a07500000) (1024K)]
  0x00000170e2fcec20 JavaThread "jar transforms Thread 7"           [_thread_blocked, id=2188, stack(0x0000006a07500000,0x0000006a07600000) (1024K)]
  0x00000170e2fcf3f0 JavaThread "jar transforms Thread 8"           [_thread_blocked, id=20956, stack(0x0000006a07600000,0x0000006a07700000) (1024K)]
  0x00000170e2fd0b60 JavaThread "jar transforms Thread 9"           [_thread_blocked, id=5800, stack(0x0000006a07700000,0x0000006a07800000) (1024K)]
  0x00000170e2fd1330 JavaThread "jar transforms Thread 10"          [_thread_blocked, id=12308, stack(0x0000006a07800000,0x0000006a07900000) (1024K)]
  0x00000170e533eb50 JavaThread "jar transforms Thread 11"          [_thread_blocked, id=16016, stack(0x0000006a07900000,0x0000006a07a00000) (1024K)]
  0x00000170e5341260 JavaThread "jar transforms Thread 12"          [_thread_blocked, id=18304, stack(0x0000006a07a00000,0x0000006a07b00000) (1024K)]
  0x00000170e53402c0 JavaThread "jar transforms Thread 13"          [_thread_blocked, id=5524, stack(0x0000006a07b00000,0x0000006a07c00000) (1024K)]
  0x00000170e5340a90 JavaThread "jar transforms Thread 14"          [_thread_blocked, id=15812, stack(0x0000006a07c00000,0x0000006a07d00000) (1024K)]
  0x00000170e5341a30 JavaThread "jar transforms Thread 15"          [_thread_blocked, id=2260, stack(0x0000006a07d00000,0x0000006a07e00000) (1024K)]
  0x00000170e5342200 JavaThread "jar transforms Thread 16"          [_thread_blocked, id=2316, stack(0x0000006a07e00000,0x0000006a07f00000) (1024K)]
  0x00000170e53431a0 JavaThread "jar transforms Thread 17"          [_thread_blocked, id=5844, stack(0x0000006a07f00000,0x0000006a08000000) (1024K)]
  0x00000170e5343970 JavaThread "jar transforms Thread 18"          [_thread_blocked, id=16400, stack(0x0000006a08000000,0x0000006a08100000) (1024K)]
  0x00000170e5344140 JavaThread "jar transforms Thread 19"          [_thread_blocked, id=21008, stack(0x0000006a08100000,0x0000006a08200000) (1024K)]
  0x00000170e5344910 JavaThread "jar transforms Thread 20"          [_thread_blocked, id=14944, stack(0x0000006a08200000,0x0000006a08300000) (1024K)]
  0x00000170e53458b0 JavaThread "jar transforms Thread 21"          [_thread_blocked, id=10760, stack(0x0000006a08300000,0x0000006a08400000) (1024K)]
  0x00000170e36e2a30 JavaThread "jar transforms Thread 22"          [_thread_blocked, id=22992, stack(0x0000006a08400000,0x0000006a08500000) (1024K)]
  0x00000170e36e12c0 JavaThread "jar transforms Thread 23"          [_thread_blocked, id=22608, stack(0x0000006a08500000,0x0000006a08600000) (1024K)]
  0x00000170e36e5910 JavaThread "jar transforms Thread 24"          [_thread_blocked, id=22776, stack(0x0000006a08600000,0x0000006a08700000) (1024K)]
  0x00000170e36e2260 JavaThread "jar transforms Thread 25"          [_thread_blocked, id=6932, stack(0x0000006a08700000,0x0000006a08800000) (1024K)]
  0x00000170e36e60e0 JavaThread "jar transforms Thread 26"          [_thread_blocked, id=22600, stack(0x0000006a08800000,0x0000006a08900000) (1024K)]
  0x00000170e36e68b0 JavaThread "jar transforms Thread 27"          [_thread_blocked, id=23484, stack(0x0000006a08900000,0x0000006a08a00000) (1024K)]
  0x00000170e36e39d0 JavaThread "jar transforms Thread 28"          [_thread_blocked, id=22616, stack(0x0000006a08a00000,0x0000006a08b00000) (1024K)]
  0x00000170e36e41a0 JavaThread "jar transforms Thread 29"          [_thread_blocked, id=22972, stack(0x0000006a08b00000,0x0000006a08c00000) (1024K)]
  0x00000170e36e87f0 JavaThread "jar transforms Thread 30"          [_thread_blocked, id=14940, stack(0x0000006a08c00000,0x0000006a08d00000) (1024K)]
  0x00000170e54ae3d0 JavaThread "Cache worker for file content cache (C:\Users\Intel\.gradle\caches\9.3.0\fileContent)"        [_thread_blocked, id=14492, stack(0x0000006a08e00000,0x0000006a08f00000) (1024K)]
  0x00000170e47e2920 JavaThread "jar transforms Thread 31"          [_thread_blocked, id=23508, stack(0x0000006a09100000,0x0000006a09200000) (1024K)]
  0x00000170e47e30f0 JavaThread "jar transforms Thread 32"          [_thread_blocked, id=23024, stack(0x0000006a09200000,0x0000006a09300000) (1024K)]
  0x00000170e4e60730 JavaThread "C2 CompilerThread4"         daemon [_thread_in_native, id=11564, stack(0x0000006a0b000000,0x0000006a0b100000) (1024K)]
  0x00000170e5e6def0 JavaThread "C2 CompilerThread5"         daemon [_thread_in_native, id=16408, stack(0x0000006a10e00000,0x0000006a10f00000) (1024K)]
  0x00000170e74bb3b0 JavaThread "Memory manager"                    [_thread_blocked, id=23144, stack(0x0000006a10f00000,0x0000006a11000000) (1024K)]
  0x00000170e6070c00 JavaThread "pool-3-thread-1"                   [_thread_blocked, id=10496, stack(0x0000006a11200000,0x0000006a11300000) (1024K)]
  0x00000170e606e4f0 JavaThread "included builds"                   [_thread_blocked, id=4632, stack(0x0000006a11300000,0x0000006a11400000) (1024K)]
  0x00000170e752e690 JavaThread "VFS cleanup"                       [_thread_blocked, id=15964, stack(0x0000006a05b00000,0x0000006a05c00000) (1024K)]
  0x00000170e752dec0 JavaThread "Handler for socket connection from /127.0.0.1:52012 to /127.0.0.1:52017"        [_thread_in_native, id=16492, stack(0x0000006a04500000,0x0000006a04600000) (1024K)]
  0x00000170e752ee60 JavaThread "Cancel handler"                    [_thread_blocked, id=15664, stack(0x0000006a04600000,0x0000006a04700000) (1024K)]
  0x00000170edb72840 JavaThread "Asynchronous log dispatcher for DefaultDaemonConnection: socket connection from /127.0.0.1:52012 to /127.0.0.1:52017"        [_thread_blocked, id=22112, stack(0x0000006a04800000,0x0000006a04900000) (1024K)]
  0x00000170edb72070 JavaThread "Stdin handler"                     [_thread_blocked, id=1552, stack(0x0000006a04c00000,0x0000006a04d00000) (1024K)]
  0x00000170edb737e0 JavaThread "Daemon client event forwarder"        [_thread_blocked, id=15340, stack(0x0000006a05900000,0x0000006a05a00000) (1024K)]
  0x00000170edb73010 JavaThread "Cache worker for file hash cache (C:\Users\Intel\Downloads\CRIAndroidSimple\.gradle\9.3.0\fileHashes)"        [_thread_blocked, id=20016, stack(0x0000006a05c00000,0x0000006a05d00000) (1024K)]
  0x00000170e53f14b0 JavaThread "Cache worker for Build Output Cleanup Cache (C:\Users\Intel\Downloads\CRIAndroidSimple\.gradle\buildOutputCleanup)"        [_thread_blocked, id=22512, stack(0x0000006a05d00000,0x0000006a05e00000) (1024K)]
  0x00000170e53f2450 JavaThread "Cache worker for checksums cache (C:\Users\Intel\Downloads\CRIAndroidSimple\.gradle\9.3.0\checksums)"        [_thread_blocked, id=5724, stack(0x0000006a06b00000,0x0000006a06c00000) (1024K)]
  0x00000170e53f2c20 JavaThread "Cache worker for cache directory md-supplier (C:\Users\Intel\.gradle\caches\9.3.0\md-supplier)"        [_thread_blocked, id=18672, stack(0x0000006a06c00000,0x0000006a06d00000) (1024K)]
  0x00000170e53f33f0 JavaThread "Cache worker for cache directory md-rule (C:\Users\Intel\.gradle\caches\9.3.0\md-rule)"        [_thread_blocked, id=9964, stack(0x0000006a08d00000,0x0000006a08e00000) (1024K)]
  0x00000170e02a7e90 JavaThread "Unconstrained build operations"        [_thread_blocked, id=3712, stack(0x0000006a08f00000,0x0000006a09000000) (1024K)]
  0x00000170e02a8660 JavaThread "Unconstrained build operations Thread 2"        [_thread_blocked, id=6736, stack(0x0000006a09000000,0x0000006a09100000) (1024K)]
  0x00000170e02a9dd0 JavaThread "Unconstrained build operations Thread 3"        [_thread_blocked, id=5888, stack(0x0000006a09300000,0x0000006a09400000) (1024K)]
  0x00000170e02aad70 JavaThread "Unconstrained build operations Thread 4"        [_thread_blocked, id=18956, stack(0x0000006a09400000,0x0000006a09500000) (1024K)]
  0x00000170e02a76c0 JavaThread "Unconstrained build operations Thread 5"        [_thread_blocked, id=21288, stack(0x0000006a09500000,0x0000006a09600000) (1024K)]
  0x00000170e74b8ca0 JavaThread "Unconstrained build operations Thread 6"        [_thread_blocked, id=19384, stack(0x0000006a09600000,0x0000006a09700000) (1024K)]
  0x00000170e74b9470 JavaThread "Unconstrained build operations Thread 7"        [_thread_blocked, id=6044, stack(0x0000006a09700000,0x0000006a09800000) (1024K)]
  0x00000170e74b9c40 JavaThread "Unconstrained build operations Thread 8"        [_thread_blocked, id=13020, stack(0x0000006a09800000,0x0000006a09900000) (1024K)]
  0x00000170e4d838c0 JavaThread "Unconstrained build operations Thread 9"        [_thread_blocked, id=4084, stack(0x0000006a09900000,0x0000006a09a00000) (1024K)]
  0x00000170e4d82150 JavaThread "Unconstrained build operations Thread 10"        [_thread_blocked, id=10076, stack(0x0000006a09a00000,0x0000006a09b00000) (1024K)]
  0x00000170e4d82920 JavaThread "Unconstrained build operations Thread 11"        [_thread_blocked, id=17880, stack(0x0000006a09b00000,0x0000006a09c00000) (1024K)]
  0x00000170e5dd0260 JavaThread "Unconstrained build operations Thread 12"        [_thread_blocked, id=20780, stack(0x0000006a09c00000,0x0000006a09d00000) (1024K)]
  0x00000170e5dcdb50 JavaThread "Unconstrained build operations Thread 13"        [_thread_blocked, id=19172, stack(0x0000006a09d00000,0x0000006a09e00000) (1024K)]
  0x00000170e5dce320 JavaThread "Unconstrained build operations Thread 14"        [_thread_blocked, id=18224, stack(0x0000006a09e00000,0x0000006a09f00000) (1024K)]
  0x00000170e5dceaf0 JavaThread "Unconstrained build operations Thread 15"        [_thread_blocked, id=15728, stack(0x0000006a09f00000,0x0000006a0a000000) (1024K)]
  0x00000170e5dccbb0 JavaThread "Unconstrained build operations Thread 16"        [_thread_blocked, id=17404, stack(0x0000006a0a000000,0x0000006a0a100000) (1024K)]
  0x00000170e5dcfa90 JavaThread "Unconstrained build operations Thread 17"        [_thread_blocked, id=23308, stack(0x0000006a0a100000,0x0000006a0a200000) (1024K)]
  0x00000170e5dcf2c0 JavaThread "Unconstrained build operations Thread 18"        [_thread_blocked, id=21464, stack(0x0000006a0a200000,0x0000006a0a300000) (1024K)]
  0x00000170ed330080 JavaThread "Unconstrained build operations Thread 19"        [_thread_blocked, id=4580, stack(0x0000006a0a300000,0x0000006a0a400000) (1024K)]
  0x00000170ed331020 JavaThread "Unconstrained build operations Thread 20"        [_thread_blocked, id=16468, stack(0x0000006a0a400000,0x0000006a0a500000) (1024K)]
  0x00000170ed3317f0 JavaThread "Unconstrained build operations Thread 21"        [_thread_blocked, id=23292, stack(0x0000006a0a500000,0x0000006a0a600000) (1024K)]
  0x00000170ed332f60 JavaThread "Unconstrained build operations Thread 22"        [_thread_blocked, id=1876, stack(0x0000006a0a600000,0x0000006a0a700000) (1024K)]
  0x00000170ed53b2d0 JavaThread "C1 CompilerThread2"         daemon [_thread_blocked, id=17720, stack(0x0000006a0a700000,0x0000006a0a800000) (1024K)]
  0x00000170ed53d310 JavaThread "C1 CompilerThread3"         daemon [_thread_blocked, id=11112, stack(0x0000006a0a800000,0x0000006a0a900000) (1024K)]
  0x00000170ed53cb00 JavaThread "C1 CompilerThread4"         daemon [_thread_blocked, id=16952, stack(0x0000006a0a900000,0x0000006a0aa00000) (1024K)]
  0x00000170ed331fc0 JavaThread "Unconstrained build operations Thread 23"        [_thread_blocked, id=6432, stack(0x0000006a0aa00000,0x0000006a0ab00000) (1024K)]
  0x00000170ed332790 JavaThread "Unconstrained build operations Thread 24"        [_thread_blocked, id=21692, stack(0x0000006a0ab00000,0x0000006a0ac00000) (1024K)]
  0x00000170ed330850 JavaThread "Unconstrained build operations Thread 25"        [_thread_blocked, id=2404, stack(0x0000006a0ac00000,0x0000006a0ad00000) (1024K)]
  0x00000170ed32f8b0 JavaThread "Unconstrained build operations Thread 26"        [_thread_blocked, id=18892, stack(0x0000006a0ad00000,0x0000006a0ae00000) (1024K)]
  0x00000170e5d18150 JavaThread "Unconstrained build operations Thread 27"        [_thread_blocked, id=11876, stack(0x0000006a0ae00000,0x0000006a0af00000) (1024K)]
  0x00000170e5d171b0 JavaThread "Unconstrained build operations Thread 28"        [_thread_blocked, id=8588, stack(0x0000006a0af00000,0x0000006a0b000000) (1024K)]
  0x00000170e5d17980 JavaThread "Unconstrained build operations Thread 29"        [_thread_blocked, id=13232, stack(0x0000006a0b100000,0x0000006a0b200000) (1024K)]
  0x00000170e5d18920 JavaThread "Unconstrained build operations Thread 30"        [_thread_blocked, id=23276, stack(0x0000006a0b200000,0x0000006a0b300000) (1024K)]
  0x00000170e5d190f0 JavaThread "Unconstrained build operations Thread 31"        [_thread_blocked, id=8668, stack(0x0000006a0b300000,0x0000006a0b400000) (1024K)]
  0x00000170e5d15a40 JavaThread "Unconstrained build operations Thread 32"        [_thread_blocked, id=5080, stack(0x0000006a0b400000,0x0000006a0b500000) (1024K)]
  0x00000170e5d16210 JavaThread "Unconstrained build operations Thread 33"        [_thread_blocked, id=11840, stack(0x0000006a0b500000,0x0000006a0b600000) (1024K)]
  0x00000170e5d169e0 JavaThread "Unconstrained build operations Thread 34"        [_thread_blocked, id=20428, stack(0x0000006a0b600000,0x0000006a0b700000) (1024K)]
  0x00000170edba31d0 JavaThread "Unconstrained build operations Thread 35"        [_thread_blocked, id=5848, stack(0x0000006a0b700000,0x0000006a0b800000) (1024K)]
  0x00000170edba4940 JavaThread "Unconstrained build operations Thread 36"        [_thread_blocked, id=23268, stack(0x0000006a0b800000,0x0000006a0b900000) (1024K)]
  0x00000170edba4170 JavaThread "Unconstrained build operations Thread 37"        [_thread_blocked, id=23136, stack(0x0000006a0b900000,0x0000006a0ba00000) (1024K)]
  0x00000170edba1290 JavaThread "Unconstrained build operations Thread 38"        [_thread_blocked, id=10828, stack(0x0000006a0ba00000,0x0000006a0bb00000) (1024K)]
  0x00000170edba1a60 JavaThread "Unconstrained build operations Thread 39"        [_thread_blocked, id=2284, stack(0x0000006a0bb00000,0x0000006a0bc00000) (1024K)]
  0x00000170edba39a0 JavaThread "Unconstrained build operations Thread 40"        [_thread_blocked, id=17824, stack(0x0000006a0bc00000,0x0000006a0bd00000) (1024K)]
  0x00000170edba2230 JavaThread "Unconstrained build operations Thread 41"        [_thread_blocked, id=10848, stack(0x0000006a0bd00000,0x0000006a0be00000) (1024K)]
  0x00000170edba2a00 JavaThread "Unconstrained build operations Thread 42"        [_thread_blocked, id=22948, stack(0x0000006a0be00000,0x0000006a0bf00000) (1024K)]
  0x00000170e389ca70 JavaThread "Unconstrained build operations Thread 43"        [_thread_blocked, id=7040, stack(0x0000006a0bf00000,0x0000006a0c000000) (1024K)]
  0x00000170e389da10 JavaThread "Unconstrained build operations Thread 44"        [_thread_blocked, id=22116, stack(0x0000006a0c000000,0x0000006a0c100000) (1024K)]
  0x00000170e389d240 JavaThread "Unconstrained build operations Thread 45"        [_thread_blocked, id=17936, stack(0x0000006a0c100000,0x0000006a0c200000) (1024K)]
  0x00000170e389e1e0 JavaThread "Unconstrained build operations Thread 46"        [_thread_blocked, id=19888, stack(0x0000006a0c200000,0x0000006a0c300000) (1024K)]
  0x00000170e389f180 JavaThread "Unconstrained build operations Thread 47"        [_thread_blocked, id=13896, stack(0x0000006a0c300000,0x0000006a0c400000) (1024K)]
  0x00000170e389e9b0 JavaThread "Unconstrained build operations Thread 48"        [_thread_blocked, id=2592, stack(0x0000006a0c400000,0x0000006a0c500000) (1024K)]
  0x00000170e389bad0 JavaThread "Unconstrained build operations Thread 49"        [_thread_blocked, id=6264, stack(0x0000006a0c500000,0x0000006a0c600000) (1024K)]
  0x00000170e389c2a0 JavaThread "Unconstrained build operations Thread 50"        [_thread_blocked, id=19660, stack(0x0000006a0c600000,0x0000006a0c700000) (1024K)]
  0x00000170e606a4e0 JavaThread "Unconstrained build operations Thread 51"        [_thread_blocked, id=9120, stack(0x0000006a0c700000,0x0000006a0c800000) (1024K)]
  0x00000170e606acb0 JavaThread "Unconstrained build operations Thread 52"        [_thread_blocked, id=18408, stack(0x0000006a0c800000,0x0000006a0c900000) (1024K)]
  0x00000170e606b480 JavaThread "Unconstrained build operations Thread 53"        [_thread_blocked, id=20060, stack(0x0000006a0c900000,0x0000006a0ca00000) (1024K)]
  0x00000170e606bc50 JavaThread "Unconstrained build operations Thread 54"        [_thread_blocked, id=20092, stack(0x0000006a0ca00000,0x0000006a0cb00000) (1024K)]
  0x00000170e606db90 JavaThread "Unconstrained build operations Thread 55"        [_thread_blocked, id=18280, stack(0x0000006a0cb00000,0x0000006a0cc00000) (1024K)]
  0x00000170e606c420 JavaThread "Unconstrained build operations Thread 56"        [_thread_blocked, id=4284, stack(0x0000006a0cc00000,0x0000006a0cd00000) (1024K)]
  0x00000170e606cbf0 JavaThread "Unconstrained build operations Thread 57"        [_thread_blocked, id=15620, stack(0x0000006a0cd00000,0x0000006a0ce00000) (1024K)]
  0x00000170e606d3c0 JavaThread "Unconstrained build operations Thread 58"        [_thread_blocked, id=21596, stack(0x0000006a0ce00000,0x0000006a0cf00000) (1024K)]
  0x00000170e1e7d8d0 JavaThread "Unconstrained build operations Thread 59"        [_thread_blocked, id=14228, stack(0x0000006a0cf00000,0x0000006a0d000000) (1024K)]
  0x00000170e1e7f040 JavaThread "Unconstrained build operations Thread 60"        [_thread_blocked, id=6084, stack(0x0000006a0d000000,0x0000006a0d100000) (1024K)]
  0x00000170e1e7b990 JavaThread "Unconstrained build operations Thread 61"        [_thread_blocked, id=17568, stack(0x0000006a0d100000,0x0000006a0d200000) (1024K)]
  0x00000170e1e7c930 JavaThread "Unconstrained build operations Thread 62"        [_thread_blocked, id=21156, stack(0x0000006a0d200000,0x0000006a0d300000) (1024K)]
  0x00000170e1e7d100 JavaThread "Unconstrained build operations Thread 63"        [_thread_blocked, id=18480, stack(0x0000006a0d300000,0x0000006a0d400000) (1024K)]
  0x00000170e1e7c160 JavaThread "Unconstrained build operations Thread 64"        [_thread_blocked, id=14444, stack(0x0000006a0d400000,0x0000006a0d500000) (1024K)]
  0x00000170e1e7e0a0 JavaThread "Unconstrained build operations Thread 65"        [_thread_blocked, id=7340, stack(0x0000006a0d500000,0x0000006a0d600000) (1024K)]
  0x00000170e1e7e870 JavaThread "Unconstrained build operations Thread 66"        [_thread_blocked, id=5720, stack(0x0000006a0d600000,0x0000006a0d700000) (1024K)]
  0x00000170e828b960 JavaThread "Unconstrained build operations Thread 67"        [_thread_blocked, id=2660, stack(0x0000006a0d700000,0x0000006a0d800000) (1024K)]
  0x00000170e828c900 JavaThread "Unconstrained build operations Thread 68"        [_thread_blocked, id=20804, stack(0x0000006a0d800000,0x0000006a0d900000) (1024K)]
  0x00000170e828d8a0 JavaThread "Unconstrained build operations Thread 69"        [_thread_blocked, id=1008, stack(0x0000006a0d900000,0x0000006a0da00000) (1024K)]
  0x00000170e828b190 JavaThread "Unconstrained build operations Thread 70"        [_thread_blocked, id=21448, stack(0x0000006a0da00000,0x0000006a0db00000) (1024K)]
  0x00000170e828a1f0 JavaThread "Unconstrained build operations Thread 71"        [_thread_blocked, id=7952, stack(0x0000006a0db00000,0x0000006a0dc00000) (1024K)]
  0x00000170e828d0d0 JavaThread "Unconstrained build operations Thread 72"        [_thread_blocked, id=19752, stack(0x0000006a0dc00000,0x0000006a0dd00000) (1024K)]
  0x00000170e828a9c0 JavaThread "Unconstrained build operations Thread 73"        [_thread_blocked, id=21148, stack(0x0000006a0dd00000,0x0000006a0de00000) (1024K)]
  0x00000170e828c130 JavaThread "Unconstrained build operations Thread 74"        [_thread_blocked, id=1656, stack(0x0000006a0de00000,0x0000006a0df00000) (1024K)]
  0x00000170e614dd00 JavaThread "Unconstrained build operations Thread 75"        [_thread_blocked, id=5988, stack(0x0000006a0df00000,0x0000006a0e000000) (1024K)]
  0x00000170e614bdc0 JavaThread "Unconstrained build operations Thread 76"        [_thread_blocked, id=6984, stack(0x0000006a0e000000,0x0000006a0e100000) (1024K)]
  0x00000170e614b5f0 JavaThread "Unconstrained build operations Thread 77"        [_thread_blocked, id=19064, stack(0x0000006a0e100000,0x0000006a0e200000) (1024K)]
  0x00000170e614c590 JavaThread "Unconstrained build operations Thread 78"        [_thread_blocked, id=23080, stack(0x0000006a0e200000,0x0000006a0e300000) (1024K)]
  0x00000170e614e4d0 JavaThread "Unconstrained build operations Thread 79"        [_thread_blocked, id=3044, stack(0x0000006a0e300000,0x0000006a0e400000) (1024K)]
  0x00000170e614cd60 JavaThread "Unconstrained build operations Thread 80"        [_thread_blocked, id=19120, stack(0x0000006a0e400000,0x0000006a0e500000) (1024K)]
  0x00000170e614d530 JavaThread "Unconstrained build operations Thread 81"        [_thread_blocked, id=2148, stack(0x0000006a0e500000,0x0000006a0e600000) (1024K)]
  0x00000170e614eca0 JavaThread "Unconstrained build operations Thread 82"        [_thread_blocked, id=21152, stack(0x0000006a0e600000,0x0000006a0e700000) (1024K)]
  0x00000170ee4a0c00 JavaThread "Unconstrained build operations Thread 83"        [_thread_blocked, id=23244, stack(0x0000006a0e700000,0x0000006a0e800000) (1024K)]
  0x00000170ee49e4f0 JavaThread "Unconstrained build operations Thread 84"        [_thread_blocked, id=20872, stack(0x0000006a0e800000,0x0000006a0e900000) (1024K)]
  0x00000170ee49fc60 JavaThread "Problems report writer"            [_thread_blocked, id=10840, stack(0x0000006a0e900000,0x0000006a0ea00000) (1024K)]
  0x00000170ee49d550 JavaThread "build event listener"              [_thread_blocked, id=21220, stack(0x0000006a0ea00000,0x0000006a0eb00000) (1024K)]
  0x00000170ee49ecc0 JavaThread "build event listener"              [_thread_blocked, id=7024, stack(0x0000006a0eb00000,0x0000006a0ec00000) (1024K)]
  0x00000170e606fc60 JavaThread "pool-6-thread-1"                   [_thread_blocked, id=16144, stack(0x0000006a0ec00000,0x0000006a0ed00000) (1024K)]
  0x00000170e60713d0 JavaThread "build event listener"              [_thread_blocked, id=20676, stack(0x0000006a0ed00000,0x0000006a0ee00000) (1024K)]
  0x00000170e81fd2e0 JavaThread "included builds"                   [_thread_blocked, id=14308, stack(0x0000006a0ee00000,0x0000006a0ef00000) (1024K)]
  0x00000170e81ff220 JavaThread "Execution worker"                  [_thread_blocked, id=21616, stack(0x0000006a0ef00000,0x0000006a0f000000) (1024K)]
  0x00000170e81fea50 JavaThread "Execution worker Thread 2"         [_thread_blocked, id=10000, stack(0x0000006a0f000000,0x0000006a0f100000) (1024K)]
  0x00000170e81ff9f0 JavaThread "Execution worker Thread 3"         [_thread_blocked, id=16228, stack(0x0000006a0f100000,0x0000006a0f200000) (1024K)]
  0x00000170e81fc340 JavaThread "Execution worker Thread 4"         [_thread_blocked, id=21420, stack(0x0000006a0f200000,0x0000006a0f300000) (1024K)]
  0x00000170e81fcb10 JavaThread "Execution worker Thread 5"         [_thread_blocked, id=2308, stack(0x0000006a0f300000,0x0000006a0f400000) (1024K)]
  0x00000170ef6be260 JavaThread "Execution worker Thread 6"         [_thread_blocked, id=20472, stack(0x0000006a0f400000,0x0000006a0f500000) (1024K)]
  0x00000170ef6bea30 JavaThread "Execution worker Thread 7"         [_thread_blocked, id=12004, stack(0x0000006a0f500000,0x0000006a0f600000) (1024K)]
  0x00000170ef6bf200 JavaThread "Execution worker Thread 8"         [_thread_blocked, id=23256, stack(0x0000006a0f600000,0x0000006a0f700000) (1024K)]
  0x00000170ef6bf9d0 JavaThread "Execution worker Thread 9"         [_thread_blocked, id=12932, stack(0x0000006a0f700000,0x0000006a0f800000) (1024K)]
  0x00000170ef6bda90 JavaThread "Execution worker Thread 10"        [_thread_blocked, id=11304, stack(0x0000006a0f800000,0x0000006a0f900000) (1024K)]
  0x00000170ef6bc320 JavaThread "Execution worker Thread 11"        [_thread_blocked, id=22540, stack(0x0000006a0f900000,0x0000006a0fa00000) (1024K)]
  0x00000170ef6bcaf0 JavaThread "Execution worker Thread 12"        [_thread_blocked, id=15688, stack(0x0000006a0fa00000,0x0000006a0fb00000) (1024K)]
  0x00000170ef6bd2c0 JavaThread "Execution worker Thread 13"        [_thread_blocked, id=9152, stack(0x0000006a0fb00000,0x0000006a0fc00000) (1024K)]
  0x00000170eff29ab0 JavaThread "Execution worker Thread 14"        [_thread_blocked, id=18488, stack(0x0000006a0fc00000,0x0000006a0fd00000) (1024K)]
  0x00000170eff2b220 JavaThread "Execution worker Thread 15"        [_thread_blocked, id=3996, stack(0x0000006a0fd00000,0x0000006a0fe00000) (1024K)]
  0x00000170eff28b10 JavaThread "Execution worker Thread 16"        [_thread_blocked, id=16704, stack(0x0000006a0fe00000,0x0000006a0ff00000) (1024K)]
  0x00000170eff292e0 JavaThread "Execution worker Thread 17"        [_thread_blocked, id=12040, stack(0x0000006a0ff00000,0x0000006a10000000) (1024K)]
  0x00000170eff2a280 JavaThread "Execution worker Thread 18"        [_thread_blocked, id=8660, stack(0x0000006a10000000,0x0000006a10100000) (1024K)]
  0x00000170eff2b9f0 JavaThread "Execution worker Thread 19"        [_thread_blocked, id=23220, stack(0x0000006a10100000,0x0000006a10200000) (1024K)]
  0x00000170eff28340 JavaThread "Execution worker Thread 20"        [_thread_blocked, id=22328, stack(0x0000006a10200000,0x0000006a10300000) (1024K)]
  0x00000170eff2aa50 JavaThread "Execution worker Thread 21"        [_thread_blocked, id=23400, stack(0x0000006a10300000,0x0000006a10400000) (1024K)]
  0x00000170f1964a40 JavaThread "Execution worker Thread 22"        [_thread_blocked, id=23184, stack(0x0000006a10400000,0x0000006a10500000) (1024K)]
  0x00000170f1962b00 JavaThread "Execution worker Thread 23"        [_thread_blocked, id=22828, stack(0x0000006a10500000,0x0000006a10600000) (1024K)]
  0x00000170f1965210 JavaThread "Execution worker Thread 24"        [_thread_blocked, id=6104, stack(0x0000006a10600000,0x0000006a10700000) (1024K)]
  0x00000170f1964270 JavaThread "Execution worker Thread 25"        [_thread_blocked, id=17796, stack(0x0000006a10700000,0x0000006a10800000) (1024K)]
  0x00000170f19632d0 JavaThread "Execution worker Thread 26"        [_thread_blocked, id=16576, stack(0x0000006a10800000,0x0000006a10900000) (1024K)]
  0x00000170f19659e0 JavaThread "Execution worker Thread 27"        [_thread_blocked, id=21072, stack(0x0000006a10900000,0x0000006a10a00000) (1024K)]
  0x00000170f1962330 JavaThread "Execution worker Thread 28"        [_thread_blocked, id=16808, stack(0x0000006a10a00000,0x0000006a10b00000) (1024K)]
  0x00000170f1963aa0 JavaThread "Execution worker Thread 29"        [_thread_blocked, id=16132, stack(0x0000006a10b00000,0x0000006a10c00000) (1024K)]
  0x00000170e79877b0 JavaThread "Execution worker Thread 30"        [_thread_blocked, id=17564, stack(0x0000006a10c00000,0x0000006a10d00000) (1024K)]
  0x00000170e7987f80 JavaThread "Execution worker Thread 31"        [_thread_blocked, id=3532, stack(0x0000006a10d00000,0x0000006a10e00000) (1024K)]
  0x00000170ef7d5810 JavaThread "Cache worker for execution history cache (C:\Users\Intel\Downloads\CRIAndroidSimple\.gradle\9.3.0\executionHistory)"        [_thread_blocked, id=14968, stack(0x0000006a11000000,0x0000006a11100000) (1024K)]
  0x00000170e3bbc690 JavaThread "Unconstrained build operations Thread 85"        [_thread_in_Java, id=23284, stack(0x0000006a11100000,0x0000006a11200000) (1024K)]
  0x00000170e3bbb6f0 JavaThread "Unconstrained build operations Thread 86"        [_thread_blocked, id=16260, stack(0x0000006a11400000,0x0000006a11500000) (1024K)]
  0x00000170e3bbbec0 JavaThread "Unconstrained build operations Thread 87"        [_thread_in_Java, id=21516, stack(0x0000006a11500000,0x0000006a11600000) (1024K)]
  0x00000170e59e6850 JavaThread "Unconstrained build operations Thread 88"        [_thread_blocked, id=23172, stack(0x0000006a11600000,0x0000006a11700000) (1024K)]
  0x00000170e59e4910 JavaThread "Unconstrained build operations Thread 89"        [_thread_in_Java, id=3784, stack(0x0000006a11700000,0x0000006a11800000) (1024K)]
  0x00000170e59e58b0 JavaThread "Unconstrained build operations Thread 90"        [_thread_in_Java, id=18392, stack(0x0000006a11800000,0x0000006a11900000) (1024K)]
  0x00000170e59e77f0 JavaThread "Unconstrained build operations Thread 91"        [_thread_blocked, id=15220, stack(0x0000006a11900000,0x0000006a11a00000) (1024K)]
  0x00000170e59e50e0 JavaThread "Unconstrained build operations Thread 92"        [_thread_blocked, id=18696, stack(0x0000006a11a00000,0x0000006a11b00000) (1024K)]
  0x00000170e59e4140 JavaThread "Unconstrained build operations Thread 93"        [_thread_blocked, id=11352, stack(0x0000006a11b00000,0x0000006a11c00000) (1024K)]
  0x00000170e59e6080 JavaThread "Unconstrained build operations Thread 94"        [_thread_in_Java, id=21864, stack(0x0000006a11c00000,0x0000006a11d00000) (1024K)]
  0x00000170e59e7020 JavaThread "Unconstrained build operations Thread 95"        [_thread_in_Java, id=4548, stack(0x0000006a11d00000,0x0000006a11e00000) (1024K)]
  0x00000170e20594e0 JavaThread "Unconstrained build operations Thread 96"        [_thread_blocked, id=1672, stack(0x0000006a11e00000,0x0000006a11f00000) (1024K)]
  0x00000170e205a480 JavaThread "Unconstrained build operations Thread 97"        [_thread_blocked, id=4916, stack(0x0000006a11f00000,0x0000006a12000000) (1024K)]
  0x00000170e2057d70 JavaThread "Unconstrained build operations Thread 98"        [_thread_in_Java, id=19188, stack(0x0000006a12000000,0x0000006a12100000) (1024K)]
  0x00000170e205ac50 JavaThread "Unconstrained build operations Thread 99"        [_thread_blocked, id=10844, stack(0x0000006a12100000,0x0000006a12200000) (1024K)]
  0x00000170e205b420 JavaThread "Unconstrained build operations Thread 100"        [_thread_blocked, id=9984, stack(0x0000006a12200000,0x0000006a12300000) (1024K)]
  0x00000170e2059cb0 JavaThread "Unconstrained build operations Thread 101"        [_thread_in_Java, id=15636, stack(0x0000006a12300000,0x0000006a12400000) (1024K)]
  0x00000170e2058540 JavaThread "Unconstrained build operations Thread 102"        [_thread_blocked, id=14768, stack(0x0000006a12400000,0x0000006a12500000) (1024K)]
  0x00000170e2058d10 JavaThread "Unconstrained build operations Thread 103"        [_thread_blocked, id=23212, stack(0x0000006a12500000,0x0000006a12600000) (1024K)]
  0x00000170ef7d9ff0 JavaThread "Unconstrained build operations Thread 104"        [_thread_blocked, id=21624, stack(0x0000006a12800000,0x0000006a12900000) (1024K)]
  0x00000170ef7da7c0 JavaThread "Unconstrained build operations Thread 105"        [_thread_in_Java, id=23396, stack(0x0000006a12900000,0x0000006a12a00000) (1024K)]
  0x00000170ef7daf90 JavaThread "Unconstrained build operations Thread 106"        [_thread_blocked, id=17704, stack(0x0000006a12a00000,0x0000006a12b00000) (1024K)]
  0x00000170ef7d9820 JavaThread "Unconstrained build operations Thread 107"        [_thread_blocked, id=21876, stack(0x0000006a12b00000,0x0000006a12c00000) (1024K)]
  0x00000170f1966b10 JavaThread "Unconstrained build operations Thread 108"        [_thread_in_Java, id=10688, stack(0x0000006a12c00000,0x0000006a12d00000) (1024K)]
  0x00000170f19672e0 JavaThread "Unconstrained build operations Thread 109"        [_thread_blocked, id=23312, stack(0x0000006a12d00000,0x0000006a12e00000) (1024K)]
  0x00000170f1966340 JavaThread "Unconstrained build operations Thread 110"        [_thread_blocked, id=22148, stack(0x0000006a12e00000,0x0000006a12f00000) (1024K)]
  0x00000170f1967ab0 JavaThread "Unconstrained build operations Thread 111"        [_thread_in_Java, id=13536, stack(0x0000006a12f00000,0x0000006a13000000) (1024K)]
  0x00000170efd16f50 JavaThread "Unconstrained build operations Thread 112"        [_thread_blocked, id=21620, stack(0x0000006a13000000,0x0000006a13100000) (1024K)]
  0x00000170e759d350 JavaThread "Unconstrained build operations Thread 113"        [_thread_blocked, id=23196, stack(0x0000006a13100000,0x0000006a13200000) (1024K)]
  0x00000170e20f7010 JavaThread "Unconstrained build operations Thread 114"        [_thread_blocked, id=1972, stack(0x0000006a13200000,0x0000006a13300000) (1024K)]
  0x00000170e20f4900 JavaThread "Unconstrained build operations Thread 115"        [_thread_in_Java, id=13112, stack(0x0000006a13300000,0x0000006a13400000) (1024K)]
  0x00000170e50292b0 JavaThread "Unconstrained build operations Thread 116"        [_thread_blocked, id=22236, stack(0x0000006a13400000,0x0000006a13500000) (1024K)]
  0x00000170e5029a80 JavaThread "Unconstrained build operations Thread 117"        [_thread_blocked, id=21560, stack(0x0000006a13500000,0x0000006a13600000) (1024K)]
  0x00000170e5026ba0 JavaThread "Unconstrained build operations Thread 118"        [_thread_blocked, id=18472, stack(0x0000006a13600000,0x0000006a13700000) (1024K)]
  0x00000170e5027370 JavaThread "Unconstrained build operations Thread 119"        [_thread_blocked, id=23316, stack(0x0000006a13700000,0x0000006a13800000) (1024K)]
  0x00000170e5028ae0 JavaThread "Unconstrained build operations Thread 120"        [_thread_blocked, id=21900, stack(0x0000006a13800000,0x0000006a13900000) (1024K)]
  0x00000170e5028310 JavaThread "Unconstrained build operations Thread 121"        [_thread_blocked, id=4228, stack(0x0000006a13900000,0x0000006a13a00000) (1024K)]
  0x00000170e50263d0 JavaThread "Unconstrained build operations Thread 122"        [_thread_blocked, id=8620, stack(0x0000006a13a00000,0x0000006a13b00000) (1024K)]
  0x00000170e5027b40 JavaThread "Unconstrained build operations Thread 123"        [_thread_blocked, id=22560, stack(0x0000006a13b00000,0x0000006a13c00000) (1024K)]
  0x00000170ee6daf50 JavaThread "Unconstrained build operations Thread 124"        [_thread_blocked, id=3380, stack(0x0000006a13c00000,0x0000006a13d00000) (1024K)]
  0x00000170ee6db720 JavaThread "Unconstrained build operations Thread 125"        [_thread_blocked, id=22100, stack(0x0000006a13d00000,0x0000006a13e00000) (1024K)]
  0x00000170ee6dc6c0 JavaThread "Unconstrained build operations Thread 126"        [_thread_blocked, id=17932, stack(0x0000006a13e00000,0x0000006a13f00000) (1024K)]
  0x00000170ee6dce90 JavaThread "Unconstrained build operations Thread 127"        [_thread_blocked, id=16112, stack(0x0000006a13f00000,0x0000006a14000000) (1024K)]
  0x00000170ee6dd660 JavaThread "Unconstrained build operations Thread 128"        [_thread_blocked, id=9072, stack(0x0000006a14000000,0x0000006a14100000) (1024K)]
  0x00000170ee6dbef0 JavaThread "Unconstrained build operations Thread 129"        [_thread_blocked, id=8552, stack(0x0000006a14100000,0x0000006a14200000) (1024K)]
  0x00000170ee6de600 JavaThread "Unconstrained build operations Thread 130"        [_thread_blocked, id=14832, stack(0x0000006a14200000,0x0000006a14300000) (1024K)]
  0x00000170eddf11d0 JavaThread "Unconstrained build operations Thread 131"        [_thread_blocked, id=4016, stack(0x0000006a14300000,0x0000006a14400000) (1024K)]
  0x00000170eddf2170 JavaThread "Unconstrained build operations Thread 132"        [_thread_blocked, id=7380, stack(0x0000006a14400000,0x0000006a14500000) (1024K)]
  0x00000170eddf3110 JavaThread "Unconstrained build operations Thread 133"        [_thread_blocked, id=17692, stack(0x0000006a14500000,0x0000006a14600000) (1024K)]
  0x00000170eddf19a0 JavaThread "Unconstrained build operations Thread 134"        [_thread_blocked, id=21016, stack(0x0000006a14600000,0x0000006a14700000) (1024K)]
  0x00000170eddf0a00 JavaThread "Unconstrained build operations Thread 135"        [_thread_blocked, id=5244, stack(0x0000006a14700000,0x0000006a14800000) (1024K)]
  0x00000170eddf38e0 JavaThread "Unconstrained build operations Thread 136"        [_thread_blocked, id=4572, stack(0x0000006a14800000,0x0000006a14900000) (1024K)]
  0x00000170eddf0230 JavaThread "Unconstrained build operations Thread 137"        [_thread_blocked, id=23176, stack(0x0000006a14900000,0x0000006a14a00000) (1024K)]
  0x00000170eddf2940 JavaThread "Unconstrained build operations Thread 138"        [_thread_blocked, id=2544, stack(0x0000006a14a00000,0x0000006a14b00000) (1024K)]
  0x00000170ee6dde30 JavaThread "Unconstrained build operations Thread 139"        [_thread_blocked, id=4528, stack(0x0000006a14b00000,0x0000006a14c00000) (1024K)]
  0x00000170e03c8c10 JavaThread "Unconstrained build operations Thread 140"        [_thread_blocked, id=22592, stack(0x0000006a14c00000,0x0000006a14d00000) (1024K)]
  0x00000170e03c74a0 JavaThread "Unconstrained build operations Thread 141"        [_thread_blocked, id=3804, stack(0x0000006a14d00000,0x0000006a14e00000) (1024K)]
  0x00000170e03c8440 JavaThread "Unconstrained build operations Thread 142"        [_thread_blocked, id=22548, stack(0x0000006a14e00000,0x0000006a14f00000) (1024K)]
  0x00000170e03c7c70 JavaThread "Unconstrained build operations Thread 143"        [_thread_blocked, id=14420, stack(0x0000006a14f00000,0x0000006a15000000) (1024K)]
  0x00000170e03c93e0 JavaThread "Unconstrained build operations Thread 144"        [_thread_blocked, id=23304, stack(0x0000006a15000000,0x0000006a15100000) (1024K)]
  0x00000170e03c6cd0 JavaThread "Unconstrained build operations Thread 145"        [_thread_blocked, id=23288, stack(0x0000006a15100000,0x0000006a15200000) (1024K)]
  0x00000170e03c9bb0 JavaThread "Unconstrained build operations Thread 146"        [_thread_blocked, id=19284, stack(0x0000006a15200000,0x0000006a15300000) (1024K)]
  0x00000170ef333610 JavaThread "Unconstrained build operations Thread 147"        [_thread_blocked, id=2348, stack(0x0000006a15300000,0x0000006a15400000) (1024K)]
  0x00000170ef332e40 JavaThread "Unconstrained build operations Thread 148"        [_thread_blocked, id=18404, stack(0x0000006a15400000,0x0000006a15500000) (1024K)]
  0x00000170ef335550 JavaThread "Unconstrained build operations Thread 149"        [_thread_blocked, id=14936, stack(0x0000006a15500000,0x0000006a15600000) (1024K)]
  0x00000170ef334d80 JavaThread "Unconstrained build operations Thread 150"        [_thread_blocked, id=20940, stack(0x0000006a15600000,0x0000006a15700000) (1024K)]
  0x00000170ef333de0 JavaThread "Unconstrained build operations Thread 151"        [_thread_blocked, id=10660, stack(0x0000006a15700000,0x0000006a15800000) (1024K)]
  0x00000170ef335d20 JavaThread "Unconstrained build operations Thread 152"        [_thread_blocked, id=21928, stack(0x0000006a15800000,0x0000006a15900000) (1024K)]
  0x00000170ef332670 JavaThread "Unconstrained build operations Thread 153"        [_thread_blocked, id=2420, stack(0x0000006a15900000,0x0000006a15a00000) (1024K)]
  0x00000170ef3345b0 JavaThread "Unconstrained build operations Thread 154"        [_thread_blocked, id=21952, stack(0x0000006a15a00000,0x0000006a15b00000) (1024K)]
  0x00000170ef094790 JavaThread "Unconstrained build operations Thread 155"        [_thread_blocked, id=15216, stack(0x0000006a15b00000,0x0000006a15c00000) (1024K)]
  0x00000170ef095730 JavaThread "Unconstrained build operations Thread 156"        [_thread_blocked, id=14844, stack(0x0000006a15c00000,0x0000006a15d00000) (1024K)]
  0x00000170ef093020 JavaThread "Unconstrained build operations Thread 157"        [_thread_blocked, id=12324, stack(0x0000006a15d00000,0x0000006a15e00000) (1024K)]
  0x00000170ef0937f0 JavaThread "Unconstrained build operations Thread 158"        [_thread_blocked, id=19468, stack(0x0000006a15e00000,0x0000006a15f00000) (1024K)]
  0x00000170ef092080 JavaThread "Unconstrained build operations Thread 159"        [_thread_blocked, id=1560, stack(0x0000006a15f00000,0x0000006a16000000) (1024K)]
  0x00000170ef092850 JavaThread "Unconstrained build operations Thread 160"        [_thread_blocked, id=23064, stack(0x0000006a16000000,0x0000006a16100000) (1024K)]
  0x00000170ef094f60 JavaThread "Unconstrained build operations Thread 161"        [_thread_blocked, id=18896, stack(0x0000006a16100000,0x0000006a16200000) (1024K)]
  0x00000170ef093fc0 JavaThread "Unconstrained build operations Thread 162"        [_thread_blocked, id=4188, stack(0x0000006a16200000,0x0000006a16300000) (1024K)]
  0x00000170ef4f3800 JavaThread "Unconstrained build operations Thread 163"        [_thread_blocked, id=20896, stack(0x0000006a16300000,0x0000006a16400000) (1024K)]
  0x00000170ef4f5740 JavaThread "Unconstrained build operations Thread 164"        [_thread_blocked, id=23016, stack(0x0000006a16400000,0x0000006a16500000) (1024K)]
  0x00000170ef4f6eb0 JavaThread "Unconstrained build operations Thread 165"        [_thread_blocked, id=22056, stack(0x0000006a16500000,0x0000006a16600000) (1024K)]
  0x00000170ef4f3fd0 JavaThread "Unconstrained build operations Thread 166"        [_thread_blocked, id=23208, stack(0x0000006a16600000,0x0000006a16700000) (1024K)]
  0x00000170ef4f4f70 JavaThread "Unconstrained build operations Thread 167"        [_thread_blocked, id=14852, stack(0x0000006a16700000,0x0000006a16800000) (1024K)]
  0x00000170ef4f5f10 JavaThread "Unconstrained build operations Thread 168"        [_thread_blocked, id=13940, stack(0x0000006a16800000,0x0000006a16900000) (1024K)]
  0x00000170ef4f66e0 JavaThread "Unconstrained build operations Thread 169"        [_thread_blocked, id=20036, stack(0x0000006a16900000,0x0000006a16a00000) (1024K)]
  0x00000170ef4f47a0 JavaThread "Unconstrained build operations Thread 170"        [_thread_blocked, id=14952, stack(0x0000006a16a00000,0x0000006a16b00000) (1024K)]
  0x00000170f121c5b0 JavaThread "Unconstrained build operations Thread 171"        [_thread_blocked, id=15068, stack(0x0000006a16b00000,0x0000006a16c00000) (1024K)]
  0x00000170f121cd80 JavaThread "Unconstrained build operations Thread 172"        [_thread_blocked, id=23404, stack(0x0000006a16c00000,0x0000006a16d00000) (1024K)]
  0x00000170f121d550 JavaThread "Unconstrained build operations Thread 173"        [_thread_blocked, id=22612, stack(0x0000006a16d00000,0x0000006a16e00000) (1024K)]
  0x00000170f121dd20 JavaThread "Unconstrained build operations Thread 174"        [_thread_blocked, id=22572, stack(0x0000006a16e00000,0x0000006a16f00000) (1024K)]
  0x00000170f121ae40 JavaThread "Unconstrained build operations Thread 175"        [_thread_blocked, id=8736, stack(0x0000006a16f00000,0x0000006a17000000) (1024K)]
  0x00000170f121b610 JavaThread "Unconstrained build operations Thread 176"        [_thread_blocked, id=15844, stack(0x0000006a17000000,0x0000006a17100000) (1024K)]
  0x00000170f121a670 JavaThread "Unconstrained build operations Thread 177"        [_thread_blocked, id=10132, stack(0x0000006a17100000,0x0000006a17200000) (1024K)]
  0x00000170f121bde0 JavaThread "Unconstrained build operations Thread 178"        [_thread_blocked, id=23264, stack(0x0000006a17200000,0x0000006a17300000) (1024K)]
  0x00000170ef7d8ec0 JavaThread "Unconstrained build operations Thread 179"        [_thread_blocked, id=13968, stack(0x0000006a17300000,0x0000006a17400000) (1024K)]
  0x00000170ede7de70 JavaThread "Unconstrained build operations Thread 180"        [_thread_blocked, id=10488, stack(0x0000006a17400000,0x0000006a17500000) (1024K)]
  0x00000170ede7d6a0 JavaThread "Unconstrained build operations Thread 181"        [_thread_blocked, id=23224, stack(0x0000006a17500000,0x0000006a17600000) (1024K)]
  0x00000170ede7ced0 JavaThread "Unconstrained build operations Thread 182"        [_thread_blocked, id=22092, stack(0x0000006a17600000,0x0000006a17700000) (1024K)]
  0x00000170ede7e640 JavaThread "Unconstrained build operations Thread 183"        [_thread_blocked, id=18524, stack(0x0000006a17700000,0x0000006a17800000) (1024K)]
  0x00000170ef771d30 JavaThread "Unconstrained build operations Thread 184"        [_thread_blocked, id=10164, stack(0x0000006a17800000,0x0000006a17900000) (1024K)]
  0x00000170ef774c10 JavaThread "Unconstrained build operations Thread 185"        [_thread_blocked, id=15372, stack(0x0000006a17900000,0x0000006a17a00000) (1024K)]
  0x00000170ef772500 JavaThread "Unconstrained build operations Thread 186"        [_thread_blocked, id=3892, stack(0x0000006a17a00000,0x0000006a17b00000) (1024K)]
  0x00000170ef772cd0 JavaThread "Unconstrained build operations Thread 187"        [_thread_blocked, id=19948, stack(0x0000006a17b00000,0x0000006a17c00000) (1024K)]
  0x00000170ef771560 JavaThread "Unconstrained build operations Thread 188"        [_thread_blocked, id=22920, stack(0x0000006a17c00000,0x0000006a17d00000) (1024K)]
  0x00000170ef773c70 JavaThread "Unconstrained build operations Thread 189"        [_thread_blocked, id=15764, stack(0x0000006a17d00000,0x0000006a17e00000) (1024K)]
  0x00000170ef774440 JavaThread "Unconstrained build operations Thread 190"        [_thread_blocked, id=21232, stack(0x0000006a17e00000,0x0000006a17f00000) (1024K)]
  0x00000170ef7734a0 JavaThread "Unconstrained build operations Thread 191"        [_thread_blocked, id=16152, stack(0x0000006a17f00000,0x0000006a18000000) (1024K)]
  0x00000170ed640160 JavaThread "Unconstrained build operations Thread 192"        [_thread_blocked, id=23180, stack(0x0000006a18000000,0x0000006a18100000) (1024K)]
  0x00000170ed642870 JavaThread "Unconstrained build operations Thread 193"        [_thread_blocked, id=8144, stack(0x0000006a18100000,0x0000006a18200000) (1024K)]
  0x00000170ed643810 JavaThread "Unconstrained build operations Thread 194"        [_thread_blocked, id=15444, stack(0x0000006a18200000,0x0000006a18300000) (1024K)]
  0x00000170ed6418d0 JavaThread "Unconstrained build operations Thread 195"        [_thread_blocked, id=13012, stack(0x0000006a18300000,0x0000006a18400000) (1024K)]
  0x00000170ed640930 JavaThread "Unconstrained build operations Thread 196"        [_thread_blocked, id=11384, stack(0x0000006a18400000,0x0000006a18500000) (1024K)]
  0x00000170ed6420a0 JavaThread "Unconstrained build operations Thread 197"        [_thread_blocked, id=14364, stack(0x0000006a18500000,0x0000006a18600000) (1024K)]
  0x00000170ed643040 JavaThread "Unconstrained build operations Thread 198"        [_thread_blocked, id=22072, stack(0x0000006a18600000,0x0000006a18700000) (1024K)]
  0x00000170ed641100 JavaThread "Unconstrained build operations Thread 199"        [_thread_blocked, id=12076, stack(0x0000006a18700000,0x0000006a18800000) (1024K)]
  0x00000170ef035040 JavaThread "Unconstrained build operations Thread 200"        [_thread_blocked, id=9708, stack(0x0000006a18800000,0x0000006a18900000) (1024K)]
  0x00000170ef032160 JavaThread "Unconstrained build operations Thread 201"        [_thread_blocked, id=4564, stack(0x0000006a18900000,0x0000006a18a00000) (1024K)]
  0x00000170ef032930 JavaThread "Unconstrained build operations Thread 202"        [_thread_blocked, id=23200, stack(0x0000006a18a00000,0x0000006a18b00000) (1024K)]
  0x00000170ef034870 JavaThread "Unconstrained build operations Thread 203"        [_thread_blocked, id=9092, stack(0x0000006a18b00000,0x0000006a18c00000) (1024K)]
  0x00000170ef035810 JavaThread "Unconstrained build operations Thread 204"        [_thread_blocked, id=5308, stack(0x0000006a18c00000,0x0000006a18d00000) (1024K)]
  0x00000170ef0338d0 JavaThread "Unconstrained build operations Thread 205"        [_thread_blocked, id=1984, stack(0x0000006a18d00000,0x0000006a18e00000) (1024K)]
  0x00000170ef0340a0 JavaThread "Unconstrained build operations Thread 206"        [_thread_blocked, id=23240, stack(0x0000006a18e00000,0x0000006a18f00000) (1024K)]
  0x00000170ef033100 JavaThread "Unconstrained build operations Thread 207"        [_thread_blocked, id=20224, stack(0x0000006a18f00000,0x0000006a19000000) (1024K)]
  0x00000170f0009410 JavaThread "Unconstrained build operations Thread 208"        [_thread_blocked, id=18708, stack(0x0000006a19000000,0x0000006a19100000) (1024K)]
  0x00000170f000ab80 JavaThread "Unconstrained build operations Thread 209"        [_thread_blocked, id=4604, stack(0x0000006a19100000,0x0000006a19200000) (1024K)]
  0x00000170e630b8b0 JavaThread "Unconstrained build operations Thread 210"        [_thread_blocked, id=3172, stack(0x0000006a19200000,0x0000006a19300000) (1024K)]
  0x00000170e630c850 JavaThread "Unconstrained build operations Thread 211"        [_thread_blocked, id=22816, stack(0x0000006a19300000,0x0000006a19400000) (1024K)]
  0x00000170e630c080 JavaThread "Unconstrained build operations Thread 212"        [_thread_blocked, id=6000, stack(0x0000006a19400000,0x0000006a19500000) (1024K)]
  0x00000170e66838d0 JavaThread "Unconstrained build operations Thread 213"        [_thread_blocked, id=21800, stack(0x0000006a19500000,0x0000006a19600000) (1024K)]
  0x00000170e66840a0 JavaThread "Unconstrained build operations Thread 214"        [_thread_blocked, id=12836, stack(0x0000006a19600000,0x0000006a19700000) (1024K)]
  0x00000170e6684870 JavaThread "Unconstrained build operations Thread 215"        [_thread_blocked, id=15432, stack(0x0000006a19700000,0x0000006a19800000) (1024K)]
  0x00000170e6685040 JavaThread "Unconstrained build operations Thread 216"        [_thread_blocked, id=16528, stack(0x0000006a19800000,0x0000006a19900000) (1024K)]
  0x00000170e6683100 JavaThread "Unconstrained build operations Thread 217"        [_thread_blocked, id=20840, stack(0x0000006a19900000,0x0000006a19a00000) (1024K)]
  0x00000170e6685810 JavaThread "Unconstrained build operations Thread 218"        [_thread_blocked, id=18584, stack(0x0000006a19a00000,0x0000006a19b00000) (1024K)]
  0x00000170e6685fe0 JavaThread "Unconstrained build operations Thread 219"        [_thread_blocked, id=21440, stack(0x0000006a19b00000,0x0000006a19c00000) (1024K)]
  0x00000170e66867b0 JavaThread "Unconstrained build operations Thread 220"        [_thread_blocked, id=2040, stack(0x0000006a19c00000,0x0000006a19d00000) (1024K)]
  0x00000170f2a36880 JavaThread "Unconstrained build operations Thread 221"        [_thread_blocked, id=17948, stack(0x0000006a19d00000,0x0000006a19e00000) (1024K)]
  0x00000170e205cd20 JavaThread "Unconstrained build operations Thread 222"        [_thread_blocked, id=18456, stack(0x0000006a19e00000,0x0000006a19f00000) (1024K)]
  0x00000170e205c550 JavaThread "Unconstrained build operations Thread 223"        [_thread_blocked, id=23412, stack(0x0000006a19f00000,0x0000006a1a000000) (1024K)]
  0x00000170e205d4f0 JavaThread "Unconstrained build operations Thread 224"        [_thread_blocked, id=16232, stack(0x0000006a1a000000,0x0000006a1a100000) (1024K)]
  0x00000170e205dcc0 JavaThread "Unconstrained build operations Thread 225"        [_thread_blocked, id=22628, stack(0x0000006a1a100000,0x0000006a1a200000) (1024K)]
  0x00000170e205e490 JavaThread "Unconstrained build operations Thread 226"        [_thread_blocked, id=21432, stack(0x0000006a1a200000,0x0000006a1a300000) (1024K)]
  0x00000170e205f430 JavaThread "Unconstrained build operations Thread 227"        [_thread_blocked, id=13028, stack(0x0000006a1a300000,0x0000006a1a400000) (1024K)]
  0x00000170e205bd80 JavaThread "Unconstrained build operations Thread 228"        [_thread_blocked, id=21336, stack(0x0000006a1a400000,0x0000006a1a500000) (1024K)]
  0x00000170edc652a0 JavaThread "Unconstrained build operations Thread 229"        [_thread_blocked, id=8648, stack(0x0000006a1a500000,0x0000006a1a600000) (1024K)]
  0x00000170edc63b30 JavaThread "Unconstrained build operations Thread 230"        [_thread_blocked, id=11720, stack(0x0000006a1a600000,0x0000006a1a700000) (1024K)]
  0x00000170edc64300 JavaThread "Unconstrained build operations Thread 231"        [_thread_blocked, id=20816, stack(0x0000006a1a700000,0x0000006a1a800000) (1024K)]
  0x00000170edc64ad0 JavaThread "Unconstrained build operations Thread 232"        [_thread_blocked, id=9280, stack(0x0000006a1a800000,0x0000006a1a900000) (1024K)]
  0x00000170edc61bf0 JavaThread "Unconstrained build operations Thread 233"        [_thread_blocked, id=14836, stack(0x0000006a1a900000,0x0000006a1aa00000) (1024K)]
  0x00000170edc623c0 JavaThread "Unconstrained build operations Thread 234"        [_thread_blocked, id=15912, stack(0x0000006a1aa00000,0x0000006a1ab00000) (1024K)]
  0x00000170edc62b90 JavaThread "Unconstrained build operations Thread 235"        [_thread_blocked, id=19856, stack(0x0000006a1ab00000,0x0000006a1ac00000) (1024K)]
  0x00000170edc63360 JavaThread "Unconstrained build operations Thread 236"        [_thread_blocked, id=10912, stack(0x0000006a1ac00000,0x0000006a1ad00000) (1024K)]
  0x00000170ef6f9880 JavaThread "Unconstrained build operations Thread 237"        [_thread_blocked, id=17896, stack(0x0000006a1ad00000,0x0000006a1ae00000) (1024K)]
  0x00000170ef6f61d0 JavaThread "Unconstrained build operations Thread 238"        [_thread_blocked, id=22760, stack(0x0000006a1ae00000,0x0000006a1af00000) (1024K)]
  0x00000170ef6f7940 JavaThread "Unconstrained build operations Thread 239"        [_thread_blocked, id=5196, stack(0x0000006a1af00000,0x0000006a1b000000) (1024K)]
  0x00000170ef6f7170 JavaThread "Unconstrained build operations Thread 240"        [_thread_blocked, id=22764, stack(0x0000006a1b000000,0x0000006a1b100000) (1024K)]
  0x00000170ef6f8110 JavaThread "Unconstrained build operations Thread 241"        [_thread_blocked, id=11736, stack(0x0000006a1b100000,0x0000006a1b200000) (1024K)]
  0x00000170f0009be0 JavaThread "Unconstrained build operations Thread 242"        [_thread_blocked, id=19012, stack(0x0000006a1b200000,0x0000006a1b300000) (1024K)]
  0x00000170f000a3b0 JavaThread "Unconstrained build operations Thread 243"        [_thread_blocked, id=11580, stack(0x0000006a1b300000,0x0000006a1b400000) (1024K)]
  0x00000170f00074d0 JavaThread "Unconstrained build operations Thread 244"        [_thread_blocked, id=11848, stack(0x0000006a1b400000,0x0000006a1b500000) (1024K)]
  0x00000170f0007ca0 JavaThread "Unconstrained build operations Thread 245"        [_thread_blocked, id=11984, stack(0x0000006a1b500000,0x0000006a1b600000) (1024K)]
  0x00000170f0008470 JavaThread "Unconstrained build operations Thread 246"        [_thread_blocked, id=10424, stack(0x0000006a1b600000,0x0000006a1b700000) (1024K)]
  0x00000170f0008c40 JavaThread "Unconstrained build operations Thread 247"        [_thread_blocked, id=23096, stack(0x0000006a1b700000,0x0000006a1b800000) (1024K)]
  0x00000170edb3b4a0 JavaThread "Unconstrained build operations Thread 248"        [_thread_blocked, id=7064, stack(0x0000006a1b800000,0x0000006a1b900000) (1024K)]
  0x00000170edb3acd0 JavaThread "Unconstrained build operations Thread 249"        [_thread_blocked, id=22640, stack(0x0000006a1b900000,0x0000006a1ba00000) (1024K)]
  0x00000170edb39d30 JavaThread "Unconstrained build operations Thread 250"        [_thread_blocked, id=22632, stack(0x0000006a1ba00000,0x0000006a1bb00000) (1024K)]
  0x00000170edb3bc70 JavaThread "Unconstrained build operations Thread 251"        [_thread_blocked, id=1088, stack(0x0000006a1bb00000,0x0000006a1bc00000) (1024K)]
  0x00000170edb38d90 JavaThread "Unconstrained build operations Thread 252"        [_thread_blocked, id=22836, stack(0x0000006a1bc00000,0x0000006a1bd00000) (1024K)]
  0x00000170edb3cc10 JavaThread "Unconstrained build operations Thread 253"        [_thread_blocked, id=8080, stack(0x0000006a1bd00000,0x0000006a1be00000) (1024K)]
  0x00000170edb3c440 JavaThread "Unconstrained build operations Thread 254"        [_thread_blocked, id=15392, stack(0x0000006a1be00000,0x0000006a1bf00000) (1024K)]
  0x00000170edb39560 JavaThread "Unconstrained build operations Thread 255"        [_thread_blocked, id=10940, stack(0x0000006a1bf00000,0x0000006a1c000000) (1024K)]
  0x00000170edb3a500 JavaThread "Unconstrained build operations Thread 256"        [_thread_blocked, id=22960, stack(0x0000006a1c000000,0x0000006a1c100000) (1024K)]
  0x00000170edb3e380 JavaThread "Unconstrained build operations Thread 257"        [_thread_blocked, id=23372, stack(0x0000006a1c100000,0x0000006a1c200000) (1024K)]
  0x00000170edb3eb50 JavaThread "Unconstrained build operations Thread 258"        [_thread_blocked, id=23348, stack(0x0000006a1c200000,0x0000006a1c300000) (1024K)]
  0x00000170edb3d3e0 JavaThread "Unconstrained build operations Thread 259"        [_thread_blocked, id=23424, stack(0x0000006a1c300000,0x0000006a1c400000) (1024K)]
  0x00000170edb402c0 JavaThread "Unconstrained build operations Thread 260"        [_thread_blocked, id=1716, stack(0x0000006a1c400000,0x0000006a1c500000) (1024K)]
  0x00000170edb3f320 JavaThread "Unconstrained build operations Thread 261"        [_thread_blocked, id=12340, stack(0x0000006a1c500000,0x0000006a1c600000) (1024K)]
  0x00000170edb3faf0 JavaThread "Unconstrained build operations Thread 262"        [_thread_blocked, id=21808, stack(0x0000006a1c600000,0x0000006a1c700000) (1024K)]
  0x00000170edb3dbb0 JavaThread "Unconstrained build operations Thread 263"        [_thread_blocked, id=20624, stack(0x0000006a1c700000,0x0000006a1c800000) (1024K)]
  0x00000170e4c6e9d0 JavaThread "Unconstrained build operations Thread 264"        [_thread_blocked, id=23048, stack(0x0000006a1c800000,0x0000006a1c900000) (1024K)]
  0x00000170e4c70910 JavaThread "Unconstrained build operations Thread 265"        [_thread_blocked, id=9304, stack(0x0000006a1c900000,0x0000006a1ca00000) (1024K)]
  0x00000170e4c710e0 JavaThread "Unconstrained build operations Thread 266"        [_thread_blocked, id=1784, stack(0x0000006a1ca00000,0x0000006a1cb00000) (1024K)]
  0x00000170e4c6da30 JavaThread "Unconstrained build operations Thread 267"        [_thread_blocked, id=17852, stack(0x0000006a1cb00000,0x0000006a1cc00000) (1024K)]
  0x00000170e4c6f970 JavaThread "Unconstrained build operations Thread 268"        [_thread_blocked, id=23448, stack(0x0000006a1cc00000,0x0000006a1cd00000) (1024K)]
  0x00000170e4c6e200 JavaThread "Unconstrained build operations Thread 269"        [_thread_blocked, id=14960, stack(0x0000006a1cd00000,0x0000006a1ce00000) (1024K)]
  0x00000170e4c70140 JavaThread "Unconstrained build operations Thread 270"        [_thread_blocked, id=14948, stack(0x0000006a1ce00000,0x0000006a1cf00000) (1024K)]
  0x00000170e4c72850 JavaThread "Unconstrained build operations Thread 271"        [_thread_blocked, id=7828, stack(0x0000006a1cf00000,0x0000006a1d000000) (1024K)]
  0x00000170e4c718b0 JavaThread "Unconstrained build operations Thread 272"        [_thread_blocked, id=21884, stack(0x0000006a1d000000,0x0000006a1d100000) (1024K)]
  0x00000170e03cd3f0 JavaThread "Unconstrained build operations Thread 273"        [_thread_blocked, id=21260, stack(0x0000006a1d100000,0x0000006a1d200000) (1024K)]
  0x00000170e03cace0 JavaThread "Unconstrained build operations Thread 274"        [_thread_blocked, id=23140, stack(0x0000006a1d200000,0x0000006a1d300000) (1024K)]
  0x00000170e818ae40 JavaThread "Unconstrained build operations Thread 275"        [_thread_blocked, id=15756, stack(0x0000006a1d300000,0x0000006a1d400000) (1024K)]
  0x00000170e8189ea0 JavaThread "Unconstrained build operations Thread 276"        [_thread_blocked, id=11600, stack(0x0000006a1d400000,0x0000006a1d500000) (1024K)]
  0x00000170e8188f00 JavaThread "Unconstrained build operations Thread 277"        [_thread_blocked, id=14312, stack(0x0000006a1d500000,0x0000006a1d600000) (1024K)]
  0x00000170e81896d0 JavaThread "Unconstrained build operations Thread 278"        [_thread_blocked, id=3796, stack(0x0000006a1d600000,0x0000006a1d700000) (1024K)]
  0x00000170e818bde0 JavaThread "Unconstrained build operations Thread 279"        [_thread_blocked, id=21100, stack(0x0000006a1d700000,0x0000006a1d800000) (1024K)]
  0x00000170ed9090a0 JavaThread "Unconstrained build operations Thread 280"        [_thread_blocked, id=8784, stack(0x0000006a1d800000,0x0000006a1d900000) (1024K)]
  0x00000170f11b19d0 JavaThread "Unconstrained build operations Thread 281"        [_thread_blocked, id=20000, stack(0x0000006a1d900000,0x0000006a1da00000) (1024K)]
  0x00000170f11b0260 JavaThread "Unconstrained build operations Thread 282"        [_thread_blocked, id=11536, stack(0x0000006a1da00000,0x0000006a1db00000) (1024K)]
  0x00000170f11b1200 JavaThread "Unconstrained build operations Thread 283"        [_thread_blocked, id=16204, stack(0x0000006a1db00000,0x0000006a1dc00000) (1024K)]
  0x00000170f11b21a0 JavaThread "Unconstrained build operations Thread 284"        [_thread_blocked, id=22904, stack(0x0000006a1dc00000,0x0000006a1dd00000) (1024K)]
  0x00000170f11b0a30 JavaThread "Unconstrained build operations Thread 285"        [_thread_blocked, id=4964, stack(0x0000006a1dd00000,0x0000006a1de00000) (1024K)]
  0x00000170f11b2970 JavaThread "Unconstrained build operations Thread 286"        [_thread_blocked, id=19616, stack(0x0000006a1de00000,0x0000006a1df00000) (1024K)]
  0x00000170f11b3140 JavaThread "Unconstrained build operations Thread 287"        [_thread_blocked, id=6068, stack(0x0000006a1df00000,0x0000006a1e000000) (1024K)]
  0x00000170f11b3910 JavaThread "Unconstrained build operations Thread 288"        [_thread_blocked, id=10984, stack(0x0000006a1e000000,0x0000006a1e100000) (1024K)]
  0x00000170ef32ed00 JavaThread "Unconstrained build operations Thread 289"        [_thread_blocked, id=18508, stack(0x0000006a1e100000,0x0000006a1e200000) (1024K)]
  0x00000170ef32d590 JavaThread "Unconstrained build operations Thread 290"        [_thread_blocked, id=17600, stack(0x0000006a1e200000,0x0000006a1e300000) (1024K)]
  0x00000170ef32f4d0 JavaThread "Unconstrained build operations Thread 291"        [_thread_blocked, id=13948, stack(0x0000006a1e300000,0x0000006a1e400000) (1024K)]
  0x00000170ef32fca0 JavaThread "Unconstrained build operations Thread 292"        [_thread_blocked, id=17556, stack(0x0000006a1e400000,0x0000006a1e500000) (1024K)]
  0x00000170ef32c5f0 JavaThread "Unconstrained build operations Thread 293"        [_thread_blocked, id=12824, stack(0x0000006a1e500000,0x0000006a1e600000) (1024K)]
  0x00000170ef32cdc0 JavaThread "Unconstrained build operations Thread 294"        [_thread_blocked, id=21324, stack(0x0000006a1e600000,0x0000006a1e700000) (1024K)]
  0x00000170ef32dd60 JavaThread "Unconstrained build operations Thread 295"        [_thread_blocked, id=4408, stack(0x0000006a1e700000,0x0000006a1e800000) (1024K)]
  0x00000170ef32e530 JavaThread "Unconstrained build operations Thread 296"        [_thread_blocked, id=3808, stack(0x0000006a1e800000,0x0000006a1e900000) (1024K)]
  0x00000170f2799cd0 JavaThread "Unconstrained build operations Thread 297"        [_thread_blocked, id=13876, stack(0x0000006a1e900000,0x0000006a1ea00000) (1024K)]
  0x00000170f279bc10 JavaThread "Unconstrained build operations Thread 298"        [_thread_blocked, id=19996, stack(0x0000006a1ea00000,0x0000006a1eb00000) (1024K)]
  0x00000170f279a4a0 JavaThread "Unconstrained build operations Thread 299"        [_thread_blocked, id=17060, stack(0x0000006a1eb00000,0x0000006a1ec00000) (1024K)]
  0x00000170f279d380 JavaThread "Unconstrained build operations Thread 300"        [_thread_blocked, id=22720, stack(0x0000006a1ec00000,0x0000006a1ed00000) (1024K)]
  0x00000170f279c3e0 JavaThread "Unconstrained build operations Thread 301"        [_thread_blocked, id=9240, stack(0x0000006a1ed00000,0x0000006a1ee00000) (1024K)]
  0x00000170f279cbb0 JavaThread "Unconstrained build operations Thread 302"        [_thread_blocked, id=14672, stack(0x0000006a1ee00000,0x0000006a1ef00000) (1024K)]
  0x00000170f279ac70 JavaThread "Unconstrained build operations Thread 303"        [_thread_blocked, id=13308, stack(0x0000006a1ef00000,0x0000006a1f000000) (1024K)]
  0x00000170ee15e2f0 JavaThread "Unconstrained build operations Thread 304"        [_thread_blocked, id=10460, stack(0x0000006a1f000000,0x0000006a1f100000) (1024K)]
  0x00000170ee15fa60 JavaThread "Unconstrained build operations Thread 305"        [_thread_blocked, id=18844, stack(0x0000006a1f100000,0x0000006a1f200000) (1024K)]
  0x00000170ee15eac0 JavaThread "Unconstrained build operations Thread 306"        [_thread_blocked, id=17968, stack(0x0000006a1f200000,0x0000006a1f300000) (1024K)]
  0x00000170ee15f290 JavaThread "Unconstrained build operations Thread 307"        [_thread_blocked, id=15036, stack(0x0000006a1f300000,0x0000006a1f400000) (1024K)]
  0x00000170eddd20a0 JavaThread "Unconstrained build operations Thread 308"        [_thread_blocked, id=19908, stack(0x0000006a1f400000,0x0000006a1f500000) (1024K)]
  0x00000170eddcf1c0 JavaThread "Unconstrained build operations Thread 309"        [_thread_blocked, id=21576, stack(0x0000006a1f500000,0x0000006a1f600000) (1024K)]
  0x00000170eddd2870 JavaThread "Unconstrained build operations Thread 310"        [_thread_blocked, id=22652, stack(0x0000006a1f600000,0x0000006a1f700000) (1024K)]
  0x00000170eddcf990 JavaThread "Unconstrained build operations Thread 311"        [_thread_blocked, id=19400, stack(0x0000006a1f700000,0x0000006a1f800000) (1024K)]
  0x00000170eddd1100 JavaThread "Unconstrained build operations Thread 312"        [_thread_blocked, id=13880, stack(0x0000006a1f800000,0x0000006a1f900000) (1024K)]
  0x00000170eddd0160 JavaThread "Unconstrained build operations Thread 313"        [_thread_blocked, id=23432, stack(0x0000006a1f900000,0x0000006a1fa00000) (1024K)]
  0x00000170f01640e0 JavaThread "Unconstrained build operations Thread 314"        [_thread_blocked, id=22348, stack(0x0000006a1fa00000,0x0000006a1fb00000) (1024K)]
  0x00000170f0165850 JavaThread "Unconstrained build operations Thread 315"        [_thread_blocked, id=6136, stack(0x0000006a1fb00000,0x0000006a1fc00000) (1024K)]
  0x00000170f01667f0 JavaThread "Unconstrained build operations Thread 316"        [_thread_blocked, id=4336, stack(0x0000006a1fc00000,0x0000006a1fd00000) (1024K)]
  0x00000170f0166020 JavaThread "Unconstrained build operations Thread 317"        [_thread_blocked, id=2700, stack(0x0000006a1fd00000,0x0000006a1fe00000) (1024K)]
  0x00000170f0167790 JavaThread "Unconstrained build operations Thread 318"        [_thread_blocked, id=5548, stack(0x0000006a1fe00000,0x0000006a1ff00000) (1024K)]
  0x00000170f0165080 JavaThread "Unconstrained build operations Thread 319"        [_thread_blocked, id=21296, stack(0x0000006a1ff00000,0x0000006a20000000) (1024K)]
  0x00000170f0166fc0 JavaThread "Unconstrained build operations Thread 320"        [_thread_blocked, id=16116, stack(0x0000006a20000000,0x0000006a20100000) (1024K)]
  0x00000170e23efce0 JavaThread "WorkerExecutor Queue"              [_thread_in_native, id=21012, stack(0x0000006a20100000,0x0000006a20200000) (1024K)]
  0x00000170effa5cc0 JavaThread "C2 CompilerThread6"         daemon [_thread_in_native, id=22800, stack(0x0000006a20300000,0x0000006a20400000) (1024K)]
=>0x00000170f00f9090 JavaThread "C2 CompilerThread7"         daemon [_thread_in_native, id=12104, stack(0x0000006a20400000,0x0000006a20500000) (1024K)]
  0x00000170f277a2e0 JavaThread "C2 CompilerThread8"         daemon [_thread_in_native, id=13552, stack(0x0000006a20500000,0x0000006a20600000) (1024K)]
  0x00000170f277aaf0 JavaThread "C2 CompilerThread9"         daemon [_thread_in_native, id=8640, stack(0x0000006a20600000,0x0000006a20700000) (1024K)]
  0x00000170f03615e0 JavaThread "RMI Scheduler(0)"           daemon [_thread_blocked, id=22860, stack(0x0000006a20200000,0x0000006a20300000) (1024K)]
  0x00000170f0363520 JavaThread "RMI RenewClean-[127.0.0.1:17039,org.jetbrains.kotlin.daemon.common.LoopbackNetworkInterface$ClientLoopbackSocketFactory@401522dc]" daemon [_thread_blocked, id=21160, stack(0x0000006a20700000,0x0000006a20800000) (1024K)]
  0x00000170f0361db0 JavaThread "RMI GC Daemon"              daemon [_thread_blocked, id=14792, stack(0x0000006a20800000,0x0000006a20900000) (1024K)]
  0x00000170ed749ca0 JavaThread "RMI TCP Accept-0"           daemon [_thread_in_native, id=2032, stack(0x0000006a20900000,0x0000006a20a00000) (1024K)]
  0x00000170ed74a470 JavaThread "RMI Reaper"                        [_thread_blocked, id=22544, stack(0x0000006a20a00000,0x0000006a20b00000) (1024K)]
  0x00000170ef2f29e0 JavaThread "RMI TCP Connection(1)-127.0.0.1" daemon [_thread_in_native, id=15208, stack(0x0000006a20b00000,0x0000006a20c00000) (1024K)]
Total: 446

Other Threads:
  0x00000170db70d750 VMThread "VM Thread"                           [id=18600, stack(0x0000006a03100000,0x0000006a03200000) (1024K)]
  0x00000170db6ccce0 WatcherThread "VM Periodic Task Thread"        [id=2336, stack(0x0000006a03000000,0x0000006a03100000) (1024K)]
  0x00000170c3f31580 WorkerThread "GC Thread#0"                     [id=9068, stack(0x0000006a02b00000,0x0000006a02c00000) (1024K)]
  0x00000170e0d20690 WorkerThread "GC Thread#1"                     [id=20108, stack(0x0000006a04000000,0x0000006a04100000) (1024K)]
  0x00000170e0d20ac0 WorkerThread "GC Thread#2"                     [id=5088, stack(0x0000006a04100000,0x0000006a04200000) (1024K)]
  0x00000170e0d20ef0 WorkerThread "GC Thread#3"                     [id=15984, stack(0x0000006a04200000,0x0000006a04300000) (1024K)]
  0x00000170e10355c0 WorkerThread "GC Thread#4"                     [id=5964, stack(0x0000006a04300000,0x0000006a04400000) (1024K)]
  0x00000170e10359f0 WorkerThread "GC Thread#5"                     [id=23548, stack(0x0000006a04400000,0x0000006a04500000) (1024K)]
  0x00000170e141a6d0 WorkerThread "GC Thread#6"                     [id=10856, stack(0x0000006a04d00000,0x0000006a04e00000) (1024K)]
  0x00000170e1416a70 WorkerThread "GC Thread#7"                     [id=23420, stack(0x0000006a04e00000,0x0000006a04f00000) (1024K)]
  0x00000170e141bc60 WorkerThread "GC Thread#8"                     [id=17132, stack(0x0000006a04f00000,0x0000006a05000000) (1024K)]
  0x00000170e141d640 WorkerThread "GC Thread#9"                     [id=5084, stack(0x0000006a05000000,0x0000006a05100000) (1024K)]
  0x00000170e141d1f0 WorkerThread "GC Thread#10"                    [id=21200, stack(0x0000006a05100000,0x0000006a05200000) (1024K)]
  0x00000170e141cda0 WorkerThread "GC Thread#11"                    [id=8172, stack(0x0000006a05200000,0x0000006a05300000) (1024K)]
  0x00000170e141ab20 WorkerThread "GC Thread#12"                    [id=16024, stack(0x0000006a05300000,0x0000006a05400000) (1024K)]
  0x00000170e2d8e9c0 WorkerThread "GC Thread#13"                    [id=6268, stack(0x0000006a06100000,0x0000006a06200000) (1024K)]
  0x00000170e2d8ee10 WorkerThread "GC Thread#14"                    [id=15072, stack(0x0000006a06200000,0x0000006a06300000) (1024K)]
  0x00000170e2d8b1b0 WorkerThread "GC Thread#15"                    [id=22880, stack(0x0000006a06300000,0x0000006a06400000) (1024K)]
  0x00000170e2d8f260 WorkerThread "GC Thread#16"                    [id=22736, stack(0x0000006a06400000,0x0000006a06500000) (1024K)]
  0x00000170e2d8b600 WorkerThread "GC Thread#17"                    [id=3088, stack(0x0000006a06500000,0x0000006a06600000) (1024K)]
  0x00000170e2d8f6b0 WorkerThread "GC Thread#18"                    [id=20760, stack(0x0000006a06600000,0x0000006a06700000) (1024K)]
  0x00000170e2d8ba50 WorkerThread "GC Thread#19"                    [id=12964, stack(0x0000006a06700000,0x0000006a06800000) (1024K)]
  0x00000170e2d8fb00 WorkerThread "GC Thread#20"                    [id=14676, stack(0x0000006a06800000,0x0000006a06900000) (1024K)]
  0x00000170e2d8bea0 WorkerThread "GC Thread#21"                    [id=13004, stack(0x0000006a06900000,0x0000006a06a00000) (1024K)]
  0x00000170e2d8ff50 WorkerThread "GC Thread#22"                    [id=4212, stack(0x0000006a06a00000,0x0000006a06b00000) (1024K)]
  0x00000170c3f386f0 ConcurrentGCThread "G1 Main Marker"            [id=17940, stack(0x0000006a02c00000,0x0000006a02d00000) (1024K)]
  0x00000170c3f3b0e0 WorkerThread "G1 Conc#0"                       [id=20656, stack(0x0000006a02d00000,0x0000006a02e00000) (1024K)]
  0x00000170e141c0b0 WorkerThread "G1 Conc#1"                       [id=21564, stack(0x0000006a05400000,0x0000006a05500000) (1024K)]
  0x00000170e141af70 WorkerThread "G1 Conc#2"                       [id=14812, stack(0x0000006a05500000,0x0000006a05600000) (1024K)]
  0x00000170e141c500 WorkerThread "G1 Conc#3"                       [id=16268, stack(0x0000006a05600000,0x0000006a05700000) (1024K)]
  0x00000170e141b3c0 WorkerThread "G1 Conc#4"                       [id=3204, stack(0x0000006a05700000,0x0000006a05800000) (1024K)]
  0x00000170e141b810 WorkerThread "G1 Conc#5"                       [id=8612, stack(0x0000006a05800000,0x0000006a05900000) (1024K)]
  0x00000170db5a7660 ConcurrentGCThread "G1 Refine#0"               [id=22304, stack(0x0000006a02e00000,0x0000006a02f00000) (1024K)]
  0x00000170c3fbe010 ConcurrentGCThread "G1 Service"                [id=17632, stack(0x0000006a02f00000,0x0000006a03000000) (1024K)]
Total: 34

Threads with active compile tasks:
C2 CompilerThread0  10354 25509       4       com.android.tools.r8.internal.Bn::a (1063 bytes)
C1 CompilerThread0  10354 26202       2       com.android.tools.r8.graph.E0::a (27 bytes)
C1 CompilerThread1  10354 26203       2       com.android.tools.r8.graph.m3::a (27 bytes)
C2 CompilerThread1  10354 25985       4       com.android.tools.r8.internal.Km::a (631 bytes)
C2 CompilerThread2  10354 26165 %     4       com.android.tools.r8.internal.CQ::b @ 626 (1520 bytes)
C2 CompilerThread3  10354 26136       4       com.android.tools.r8.internal.Oa::a (175 bytes)
C2 CompilerThread4  10354 26034       4       com.android.tools.r8.internal.Oa::a (1175 bytes)
C2 CompilerThread5  10354 25513 %     4       com.android.tools.r8.internal.Vz::a @ 1803 (3948 bytes)
C1 CompilerThread2  10354 26173       3       com.android.tools.r8.internal.pX::b (1926 bytes)
C1 CompilerThread3  10354 26201       2       com.android.tools.r8.internal.iq0::a (292 bytes)
C1 CompilerThread4  10355 26197       2       com.android.tools.r8.internal.iq0::a (663 bytes)
C2 CompilerThread6  10355 24045 %     4       com.android.tools.r8.internal.CQ::a @ 1587 (1862 bytes)
C2 CompilerThread7  10355 24464       4       com.android.tools.r8.internal.vd::a (6886 bytes)
C2 CompilerThread8  10355 25924       4       com.android.tools.r8.ir.optimize.e0::a (1588 bytes)
C2 CompilerThread9  10355 25761       4       com.android.tools.r8.internal.u9::a (1719 bytes)
Total: 15

VM state: not at safepoint (normal execution)

VM Mutex/Monitor currently owned by a thread: None

Heap address: 0x00000000e0000000, size: 512 MB, Compressed Oops mode: 32-bit

CDS archive(s) not mapped
Compressed class space mapped at: 0x00000000a6000000-0x00000000ba000000, reserved size: 335544320
UseCompressedClassPointers 1, UseCompactObjectHeaders 0
Narrow klass pointer bits 32, Max shift 3
Narrow klass base: 0x0000000000000000, Narrow klass shift: 0
Encoding Range: [0x0000000000000000 - 0x0000000100000000), (4294967296 bytes)
Klass Range:    [0x00000000a6000000 - 0x00000000ba000000), (335544320 bytes)
Klass ID Range:  [2785017856 - 3120562169) (335544313)
No protection zone.

GC Precious Log:
 CardTable entry size: 512
 Card Set container configuration: InlinePtr #cards 5 size 8 Array Of Cards #cards 10 size 36 Howl #buckets 4 coarsen threshold 1843 Howl Bitmap #cards 512 size 80 coarsen threshold 460 Card regions per heap region 1 cards per card region 2048
 CPUs: 32 total, 32 available
 Memory: 65243M
 Large Page Support: Disabled
 NUMA Support: Disabled
 Compressed Oops: Enabled (32-bit)
 Heap Region Size: 1M
 Heap Min Capacity: 256M
 Heap Initial Capacity: 256M
 Heap Max Capacity: 512M
 Pre-touch: Disabled
 Parallel Workers: 23
 Concurrent Workers: 6
 Concurrent Refinement Workers: 23
 Periodic GC: Disabled

Heap:
 garbage-first heap   total reserved 524288K, committed 524288K, used 494203K [0x00000000e0000000, 0x0000000100000000)
  region size 1024K, 127 young (130048K), 10 survivors (10240K)

Heap Regions: E=young(eden), S=young(survivor), O=old, HS=humongous(starts), HC=humongous(continues), CS=collection set, F=free, TAMS=top-at-mark-start, PB=parsable bottom
|   0|0x00000000e0000000, 0x00000000e0100000, 0x00000000e0100000|100%|HS|  |TAMS 0x00000000e0100000| PB 0x00000000e0000000| Complete |  0
|   1|0x00000000e0100000, 0x00000000e0200000, 0x00000000e0200000|100%|HC|  |TAMS 0x00000000e0200000| PB 0x00000000e0100000| Complete |  0
|   2|0x00000000e0200000, 0x00000000e0300000, 0x00000000e0300000|100%|HC|  |TAMS 0x00000000e0300000| PB 0x00000000e0200000| Complete |  0
|   3|0x00000000e0300000, 0x00000000e0400000, 0x00000000e0400000|100%|HC|  |TAMS 0x00000000e0400000| PB 0x00000000e0300000| Complete |  0
|   4|0x00000000e0400000, 0x00000000e0500000, 0x00000000e0500000|100%|HS|  |TAMS 0x00000000e0500000| PB 0x00000000e0400000| Complete |  0
|   5|0x00000000e0500000, 0x00000000e0600000, 0x00000000e0600000|100%|HS|  |TAMS 0x00000000e0600000| PB 0x00000000e0500000| Complete |  0
|   6|0x00000000e0600000, 0x00000000e0700000, 0x00000000e0700000|100%|HS|  |TAMS 0x00000000e0700000| PB 0x00000000e0600000| Complete |  0
|   7|0x00000000e0700000, 0x00000000e0800000, 0x00000000e0800000|100%| O|  |TAMS 0x00000000e0800000| PB 0x00000000e0700000| Untracked |  0
|   8|0x00000000e0800000, 0x00000000e0900000, 0x00000000e0900000|100%| O|  |TAMS 0x00000000e0900000| PB 0x00000000e0800000| Untracked |  0
|   9|0x00000000e0900000, 0x00000000e0a00000, 0x00000000e0a00000|100%| O|  |TAMS 0x00000000e0a00000| PB 0x00000000e0900000| Untracked |  0
|  10|0x00000000e0a00000, 0x00000000e0b00000, 0x00000000e0b00000|100%| O|  |TAMS 0x00000000e0b00000| PB 0x00000000e0a00000| Untracked |  0
|  11|0x00000000e0b00000, 0x00000000e0c00000, 0x00000000e0c00000|100%| O|  |TAMS 0x00000000e0c00000| PB 0x00000000e0b00000| Untracked |  0
|  12|0x00000000e0c00000, 0x00000000e0d00000, 0x00000000e0d00000|100%| O|  |TAMS 0x00000000e0d00000| PB 0x00000000e0c00000| Untracked |  0
|  13|0x00000000e0d00000, 0x00000000e0e00000, 0x00000000e0e00000|100%| O|  |TAMS 0x00000000e0e00000| PB 0x00000000e0d00000| Untracked |  0
|  14|0x00000000e0e00000, 0x00000000e0f00000, 0x00000000e0f00000|100%| O|  |TAMS 0x00000000e0f00000| PB 0x00000000e0e00000| Untracked |  0
|  15|0x00000000e0f00000, 0x00000000e1000000, 0x00000000e1000000|100%| O|  |TAMS 0x00000000e1000000| PB 0x00000000e0f00000| Untracked |  0
|  16|0x00000000e1000000, 0x00000000e1100000, 0x00000000e1100000|100%|HS|  |TAMS 0x00000000e1100000| PB 0x00000000e1000000| Complete |  0
|  17|0x00000000e1100000, 0x00000000e1200000, 0x00000000e1200000|100%|HC|  |TAMS 0x00000000e1200000| PB 0x00000000e1100000| Complete |  0
|  18|0x00000000e1200000, 0x00000000e1300000, 0x00000000e1300000|100%|HC|  |TAMS 0x00000000e1300000| PB 0x00000000e1200000| Complete |  0
|  19|0x00000000e1300000, 0x00000000e1400000, 0x00000000e1400000|100%|HC|  |TAMS 0x00000000e1400000| PB 0x00000000e1300000| Complete |  0
|  20|0x00000000e1400000, 0x00000000e1500000, 0x00000000e1500000|100%|HC|  |TAMS 0x00000000e1500000| PB 0x00000000e1400000| Complete |  0
|  21|0x00000000e1500000, 0x00000000e1600000, 0x00000000e1600000|100%|HC|  |TAMS 0x00000000e1600000| PB 0x00000000e1500000| Complete |  0
|  22|0x00000000e1600000, 0x00000000e1700000, 0x00000000e1700000|100%|HS|  |TAMS 0x00000000e1700000| PB 0x00000000e1600000| Complete |  0
|  23|0x00000000e1700000, 0x00000000e1800000, 0x00000000e1800000|100%|HC|  |TAMS 0x00000000e1800000| PB 0x00000000e1700000| Complete |  0
|  24|0x00000000e1800000, 0x00000000e1900000, 0x00000000e1900000|100%|HC|  |TAMS 0x00000000e1900000| PB 0x00000000e1800000| Complete |  0
|  25|0x00000000e1900000, 0x00000000e1a00000, 0x00000000e1a00000|100%|HC|  |TAMS 0x00000000e1a00000| PB 0x00000000e1900000| Complete |  0
|  26|0x00000000e1a00000, 0x00000000e1b00000, 0x00000000e1b00000|100%|HC|  |TAMS 0x00000000e1b00000| PB 0x00000000e1a00000| Complete |  0
|  27|0x00000000e1b00000, 0x00000000e1c00000, 0x00000000e1c00000|100%|HC|  |TAMS 0x00000000e1c00000| PB 0x00000000e1b00000| Complete |  0
|  28|0x00000000e1c00000, 0x00000000e1d00000, 0x00000000e1d00000|100%|HS|  |TAMS 0x00000000e1d00000| PB 0x00000000e1c00000| Complete |  0
|  29|0x00000000e1d00000, 0x00000000e1e00000, 0x00000000e1e00000|100%|HS|  |TAMS 0x00000000e1e00000| PB 0x00000000e1d00000| Complete |  0
|  30|0x00000000e1e00000, 0x00000000e1f00000, 0x00000000e1f00000|100%| O|  |TAMS 0x00000000e1f00000| PB 0x00000000e1e00000| Untracked |  0
|  31|0x00000000e1f00000, 0x00000000e2000000, 0x00000000e2000000|100%| O|  |TAMS 0x00000000e2000000| PB 0x00000000e1f00000| Untracked |  0
|  32|0x00000000e2000000, 0x00000000e2100000, 0x00000000e2100000|100%| O|  |TAMS 0x00000000e2100000| PB 0x00000000e2000000| Untracked |  0
|  33|0x00000000e2100000, 0x00000000e2200000, 0x00000000e2200000|100%| O|  |TAMS 0x00000000e2200000| PB 0x00000000e2100000| Untracked |  0
|  34|0x00000000e2200000, 0x00000000e2300000, 0x00000000e2300000|100%| O|  |TAMS 0x00000000e2300000| PB 0x00000000e2200000| Untracked |  0
|  35|0x00000000e2300000, 0x00000000e2400000, 0x00000000e2400000|100%| O|  |TAMS 0x00000000e2400000| PB 0x00000000e2300000| Untracked |  0
|  36|0x00000000e2400000, 0x00000000e2500000, 0x00000000e2500000|100%| O|  |TAMS 0x00000000e2500000| PB 0x00000000e2400000| Untracked |  0
|  37|0x00000000e2500000, 0x00000000e2600000, 0x00000000e2600000|100%| O|  |TAMS 0x00000000e2600000| PB 0x00000000e2500000| Untracked |  0
|  38|0x00000000e2600000, 0x00000000e2700000, 0x00000000e2700000|100%| O|  |TAMS 0x00000000e2700000| PB 0x00000000e2600000| Untracked |  0
|  39|0x00000000e2700000, 0x00000000e2800000, 0x00000000e2800000|100%| O|  |TAMS 0x00000000e2800000| PB 0x00000000e2700000| Untracked |  0
|  40|0x00000000e2800000, 0x00000000e2900000, 0x00000000e2900000|100%| O|  |TAMS 0x00000000e2900000| PB 0x00000000e2800000| Untracked |  0
|  41|0x00000000e2900000, 0x00000000e2a00000, 0x00000000e2a00000|100%| O|  |TAMS 0x00000000e2a00000| PB 0x00000000e2900000| Untracked |  0
|  42|0x00000000e2a00000, 0x00000000e2b00000, 0x00000000e2b00000|100%| O|  |TAMS 0x00000000e2b00000| PB 0x00000000e2a00000| Untracked |  0
|  43|0x00000000e2b00000, 0x00000000e2c00000, 0x00000000e2c00000|100%| O|  |TAMS 0x00000000e2c00000| PB 0x00000000e2b00000| Untracked |  0
|  44|0x00000000e2c00000, 0x00000000e2d00000, 0x00000000e2d00000|100%| O|  |TAMS 0x00000000e2d00000| PB 0x00000000e2c00000| Untracked |  0
|  45|0x00000000e2d00000, 0x00000000e2e00000, 0x00000000e2e00000|100%| O|  |TAMS 0x00000000e2e00000| PB 0x00000000e2d00000| Untracked |  0
|  46|0x00000000e2e00000, 0x00000000e2f00000, 0x00000000e2f00000|100%| O|  |TAMS 0x00000000e2f00000| PB 0x00000000e2e00000| Untracked |  0
|  47|0x00000000e2f00000, 0x00000000e3000000, 0x00000000e3000000|100%| O|  |TAMS 0x00000000e3000000| PB 0x00000000e2f00000| Untracked |  0
|  48|0x00000000e3000000, 0x00000000e3100000, 0x00000000e3100000|100%| O|  |TAMS 0x00000000e3100000| PB 0x00000000e3000000| Untracked |  0
|  49|0x00000000e3100000, 0x00000000e3200000, 0x00000000e3200000|100%| O|  |TAMS 0x00000000e3200000| PB 0x00000000e3100000| Untracked |  0
|  50|0x00000000e3200000, 0x00000000e3300000, 0x00000000e3300000|100%| O|  |TAMS 0x00000000e3300000| PB 0x00000000e3200000| Untracked |  0
|  51|0x00000000e3300000, 0x00000000e3400000, 0x00000000e3400000|100%| O|  |TAMS 0x00000000e3400000| PB 0x00000000e3300000| Untracked |  0
|  52|0x00000000e3400000, 0x00000000e3500000, 0x00000000e3500000|100%| O|  |TAMS 0x00000000e3500000| PB 0x00000000e3400000| Untracked |  0
|  53|0x00000000e3500000, 0x00000000e3600000, 0x00000000e3600000|100%| O|  |TAMS 0x00000000e3600000| PB 0x00000000e3500000| Untracked |  0
|  54|0x00000000e3600000, 0x00000000e3700000, 0x00000000e3700000|100%| O|  |TAMS 0x00000000e3700000| PB 0x00000000e3600000| Untracked |  0
|  55|0x00000000e3700000, 0x00000000e3800000, 0x00000000e3800000|100%| O|  |TAMS 0x00000000e3800000| PB 0x00000000e3700000| Untracked |  0
|  56|0x00000000e3800000, 0x00000000e3900000, 0x00000000e3900000|100%| O|  |TAMS 0x00000000e3900000| PB 0x00000000e3800000| Untracked |  0
|  57|0x00000000e3900000, 0x00000000e3a00000, 0x00000000e3a00000|100%| O|  |TAMS 0x00000000e3a00000| PB 0x00000000e3900000| Untracked |  0
|  58|0x00000000e3a00000, 0x00000000e3b00000, 0x00000000e3b00000|100%| O|  |TAMS 0x00000000e3b00000| PB 0x00000000e3a00000| Untracked |  0
|  59|0x00000000e3b00000, 0x00000000e3c00000, 0x00000000e3c00000|100%| O|  |TAMS 0x00000000e3c00000| PB 0x00000000e3b00000| Untracked |  0
|  60|0x00000000e3c00000, 0x00000000e3d00000, 0x00000000e3d00000|100%| O|  |TAMS 0x00000000e3d00000| PB 0x00000000e3c00000| Untracked |  0
|  61|0x00000000e3d00000, 0x00000000e3e00000, 0x00000000e3e00000|100%| O|  |TAMS 0x00000000e3e00000| PB 0x00000000e3d00000| Untracked |  0
|  62|0x00000000e3e00000, 0x00000000e3f00000, 0x00000000e3f00000|100%| O|  |TAMS 0x00000000e3f00000| PB 0x00000000e3e00000| Untracked |  0
|  63|0x00000000e3f00000, 0x00000000e4000000, 0x00000000e4000000|100%| O|  |TAMS 0x00000000e4000000| PB 0x00000000e3f00000| Untracked |  0
|  64|0x00000000e4000000, 0x00000000e4100000, 0x00000000e4100000|100%| O|  |TAMS 0x00000000e4100000| PB 0x00000000e4000000| Untracked |  0
|  65|0x00000000e4100000, 0x00000000e4200000, 0x00000000e4200000|100%| O|  |TAMS 0x00000000e4200000| PB 0x00000000e4100000| Untracked |  0
|  66|0x00000000e4200000, 0x00000000e4300000, 0x00000000e4300000|100%| O|  |TAMS 0x00000000e4300000| PB 0x00000000e4200000| Untracked |  0
|  67|0x00000000e4300000, 0x00000000e4400000, 0x00000000e4400000|100%| O|  |TAMS 0x00000000e4400000| PB 0x00000000e4300000| Untracked |  0
|  68|0x00000000e4400000, 0x00000000e4500000, 0x00000000e4500000|100%| O|  |TAMS 0x00000000e4500000| PB 0x00000000e4400000| Untracked |  0
|  69|0x00000000e4500000, 0x00000000e4600000, 0x00000000e4600000|100%| O|  |TAMS 0x00000000e4600000| PB 0x00000000e4500000| Untracked |  0
|  70|0x00000000e4600000, 0x00000000e4700000, 0x00000000e4700000|100%| O|  |TAMS 0x00000000e4700000| PB 0x00000000e4600000| Untracked |  0
|  71|0x00000000e4700000, 0x00000000e4800000, 0x00000000e4800000|100%| O|  |TAMS 0x00000000e4800000| PB 0x00000000e4700000| Untracked |  0
|  72|0x00000000e4800000, 0x00000000e4900000, 0x00000000e4900000|100%| O|  |TAMS 0x00000000e4900000| PB 0x00000000e4800000| Untracked |  0
|  73|0x00000000e4900000, 0x00000000e4a00000, 0x00000000e4a00000|100%|HS|  |TAMS 0x00000000e4a00000| PB 0x00000000e4900000| Complete |  0
|  74|0x00000000e4a00000, 0x00000000e4b00000, 0x00000000e4b00000|100%|HS|  |TAMS 0x00000000e4b00000| PB 0x00000000e4a00000| Complete |  0
|  75|0x00000000e4b00000, 0x00000000e4c00000, 0x00000000e4c00000|100%|HS|  |TAMS 0x00000000e4c00000| PB 0x00000000e4b00000| Complete |  0
|  76|0x00000000e4c00000, 0x00000000e4d00000, 0x00000000e4d00000|100%|HC|  |TAMS 0x00000000e4d00000| PB 0x00000000e4c00000| Complete |  0
|  77|0x00000000e4d00000, 0x00000000e4e00000, 0x00000000e4e00000|100%|HS|  |TAMS 0x00000000e4e00000| PB 0x00000000e4d00000| Complete |  0
|  78|0x00000000e4e00000, 0x00000000e4f00000, 0x00000000e4f00000|100%|HC|  |TAMS 0x00000000e4f00000| PB 0x00000000e4e00000| Complete |  0
|  79|0x00000000e4f00000, 0x00000000e5000000, 0x00000000e5000000|100%|HS|  |TAMS 0x00000000e5000000| PB 0x00000000e4f00000| Complete |  0
|  80|0x00000000e5000000, 0x00000000e5100000, 0x00000000e5100000|100%|HS|  |TAMS 0x00000000e5100000| PB 0x00000000e5000000| Complete |  0
|  81|0x00000000e5100000, 0x00000000e5200000, 0x00000000e5200000|100%|HS|  |TAMS 0x00000000e5200000| PB 0x00000000e5100000| Complete |  0
|  82|0x00000000e5200000, 0x00000000e5300000, 0x00000000e5300000|100%|HC|  |TAMS 0x00000000e5300000| PB 0x00000000e5200000| Complete |  0
|  83|0x00000000e5300000, 0x00000000e5400000, 0x00000000e5400000|100%|HC|  |TAMS 0x00000000e5400000| PB 0x00000000e5300000| Complete |  0
|  84|0x00000000e5400000, 0x00000000e5500000, 0x00000000e5500000|100%|HS|  |TAMS 0x00000000e5500000| PB 0x00000000e5400000| Complete |  0
|  85|0x00000000e5500000, 0x00000000e5600000, 0x00000000e5600000|100%| O|  |TAMS 0x00000000e5600000| PB 0x00000000e5500000| Untracked |  0
|  86|0x00000000e5600000, 0x00000000e5700000, 0x00000000e5700000|100%|HS|  |TAMS 0x00000000e5700000| PB 0x00000000e5600000| Complete |  0
|  87|0x00000000e5700000, 0x00000000e5800000, 0x00000000e5800000|100%|HS|  |TAMS 0x00000000e5800000| PB 0x00000000e5700000| Complete |  0
|  88|0x00000000e5800000, 0x00000000e5900000, 0x00000000e5900000|100%|HC|  |TAMS 0x00000000e5900000| PB 0x00000000e5800000| Complete |  0
|  89|0x00000000e5900000, 0x00000000e5a00000, 0x00000000e5a00000|100%|HC|  |TAMS 0x00000000e5a00000| PB 0x00000000e5900000| Complete |  0
|  90|0x00000000e5a00000, 0x00000000e5b00000, 0x00000000e5b00000|100%| O|  |TAMS 0x00000000e5b00000| PB 0x00000000e5a00000| Untracked |  0
|  91|0x00000000e5b00000, 0x00000000e5c00000, 0x00000000e5c00000|100%| O|  |TAMS 0x00000000e5c00000| PB 0x00000000e5b00000| Untracked |  0
|  92|0x00000000e5c00000, 0x00000000e5d00000, 0x00000000e5d00000|100%| O|  |TAMS 0x00000000e5d00000| PB 0x00000000e5c00000| Untracked |  0
|  93|0x00000000e5d00000, 0x00000000e5e00000, 0x00000000e5e00000|100%| O|  |TAMS 0x00000000e5e00000| PB 0x00000000e5d00000| Untracked |  0
|  94|0x00000000e5e00000, 0x00000000e5f00000, 0x00000000e5f00000|100%| O|  |TAMS 0x00000000e5f00000| PB 0x00000000e5e00000| Untracked |  0
|  95|0x00000000e5f00000, 0x00000000e6000000, 0x00000000e6000000|100%| O|  |TAMS 0x00000000e6000000| PB 0x00000000e5f00000| Untracked |  0
|  96|0x00000000e6000000, 0x00000000e6100000, 0x00000000e6100000|100%| O|  |TAMS 0x00000000e6100000| PB 0x00000000e6000000| Untracked |  0
|  97|0x00000000e6100000, 0x00000000e6200000, 0x00000000e6200000|100%| O|  |TAMS 0x00000000e6200000| PB 0x00000000e6100000| Untracked |  0
|  98|0x00000000e6200000, 0x00000000e6300000, 0x00000000e6300000|100%| O|  |TAMS 0x00000000e6300000| PB 0x00000000e6200000| Untracked |  0
|  99|0x00000000e6300000, 0x00000000e6400000, 0x00000000e6400000|100%|HS|  |TAMS 0x00000000e6400000| PB 0x00000000e6300000| Complete |  0
| 100|0x00000000e6400000, 0x00000000e6500000, 0x00000000e6500000|100%| O|  |TAMS 0x00000000e6500000| PB 0x00000000e6400000| Untracked |  0
| 101|0x00000000e6500000, 0x00000000e6600000, 0x00000000e6600000|100%| O|  |TAMS 0x00000000e6600000| PB 0x00000000e6500000| Untracked |  0
| 102|0x00000000e6600000, 0x00000000e6700000, 0x00000000e6700000|100%| O|  |TAMS 0x00000000e6700000| PB 0x00000000e6600000| Untracked |  0
| 103|0x00000000e6700000, 0x00000000e6800000, 0x00000000e6800000|100%| O|  |TAMS 0x00000000e6800000| PB 0x00000000e6700000| Untracked |  0
| 104|0x00000000e6800000, 0x00000000e6900000, 0x00000000e6900000|100%| O|  |TAMS 0x00000000e6900000| PB 0x00000000e6800000| Untracked |  0
| 105|0x00000000e6900000, 0x00000000e6a00000, 0x00000000e6a00000|100%| O|  |TAMS 0x00000000e6a00000| PB 0x00000000e6900000| Untracked |  0
| 106|0x00000000e6a00000, 0x00000000e6b00000, 0x00000000e6b00000|100%| O|  |TAMS 0x00000000e6b00000| PB 0x00000000e6a00000| Untracked |  0
| 107|0x00000000e6b00000, 0x00000000e6c00000, 0x00000000e6c00000|100%| O|  |TAMS 0x00000000e6c00000| PB 0x00000000e6b00000| Untracked |  0
| 108|0x00000000e6c00000, 0x00000000e6d00000, 0x00000000e6d00000|100%| O|  |TAMS 0x00000000e6d00000| PB 0x00000000e6c00000| Untracked |  0
| 109|0x00000000e6d00000, 0x00000000e6e00000, 0x00000000e6e00000|100%| O|  |TAMS 0x00000000e6e00000| PB 0x00000000e6d00000| Untracked |  0
| 110|0x00000000e6e00000, 0x00000000e6f00000, 0x00000000e6f00000|100%| O|  |TAMS 0x00000000e6f00000| PB 0x00000000e6e00000| Untracked |  0
| 111|0x00000000e6f00000, 0x00000000e7000000, 0x00000000e7000000|100%| O|  |TAMS 0x00000000e7000000| PB 0x00000000e6f00000| Untracked |  0
| 112|0x00000000e7000000, 0x00000000e7100000, 0x00000000e7100000|100%| O|  |TAMS 0x00000000e7100000| PB 0x00000000e7000000| Untracked |  0
| 113|0x00000000e7100000, 0x00000000e7200000, 0x00000000e7200000|100%| O|  |TAMS 0x00000000e7200000| PB 0x00000000e7100000| Untracked |  0
| 114|0x00000000e7200000, 0x00000000e7300000, 0x00000000e7300000|100%| O|  |TAMS 0x00000000e7300000| PB 0x00000000e7200000| Untracked |  0
| 115|0x00000000e7300000, 0x00000000e7400000, 0x00000000e7400000|100%| O|  |TAMS 0x00000000e7400000| PB 0x00000000e7300000| Untracked |  0
| 116|0x00000000e7400000, 0x00000000e7500000, 0x00000000e7500000|100%| O|  |TAMS 0x00000000e7500000| PB 0x00000000e7400000| Untracked |  0
| 117|0x00000000e7500000, 0x00000000e7600000, 0x00000000e7600000|100%| O|  |TAMS 0x00000000e7600000| PB 0x00000000e7500000| Untracked |  0
| 118|0x00000000e7600000, 0x00000000e7700000, 0x00000000e7700000|100%| O|  |TAMS 0x00000000e7700000| PB 0x00000000e7600000| Untracked |  0
| 119|0x00000000e7700000, 0x00000000e7800000, 0x00000000e7800000|100%| O|  |TAMS 0x00000000e7800000| PB 0x00000000e7700000| Untracked |  0
| 120|0x00000000e7800000, 0x00000000e7900000, 0x00000000e7900000|100%| O|  |TAMS 0x00000000e7900000| PB 0x00000000e7800000| Untracked |  0
| 121|0x00000000e7900000, 0x00000000e7a00000, 0x00000000e7a00000|100%| O|  |TAMS 0x00000000e7a00000| PB 0x00000000e7900000| Untracked |  0
| 122|0x00000000e7a00000, 0x00000000e7b00000, 0x00000000e7b00000|100%| O|  |TAMS 0x00000000e7b00000| PB 0x00000000e7a00000| Untracked |  0
| 123|0x00000000e7b00000, 0x00000000e7c00000, 0x00000000e7c00000|100%| O|  |TAMS 0x00000000e7c00000| PB 0x00000000e7b00000| Untracked |  0
| 124|0x00000000e7c00000, 0x00000000e7d00000, 0x00000000e7d00000|100%| O|  |TAMS 0x00000000e7d00000| PB 0x00000000e7c00000| Untracked |  0
| 125|0x00000000e7d00000, 0x00000000e7e00000, 0x00000000e7e00000|100%| O|  |TAMS 0x00000000e7e00000| PB 0x00000000e7d00000| Untracked |  0
| 126|0x00000000e7e00000, 0x00000000e7f00000, 0x00000000e7f00000|100%| O|  |TAMS 0x00000000e7f00000| PB 0x00000000e7e00000| Untracked |  0
| 127|0x00000000e7f00000, 0x00000000e8000000, 0x00000000e8000000|100%| O|  |TAMS 0x00000000e8000000| PB 0x00000000e7f00000| Untracked |  0
| 128|0x00000000e8000000, 0x00000000e8100000, 0x00000000e8100000|100%| O|  |TAMS 0x00000000e8100000| PB 0x00000000e8000000| Untracked |  0
| 129|0x00000000e8100000, 0x00000000e8200000, 0x00000000e8200000|100%| O|  |TAMS 0x00000000e8200000| PB 0x00000000e8100000| Untracked |  0
| 130|0x00000000e8200000, 0x00000000e8300000, 0x00000000e8300000|100%| O|  |TAMS 0x00000000e8300000| PB 0x00000000e8200000| Untracked |  0
| 131|0x00000000e8300000, 0x00000000e8400000, 0x00000000e8400000|100%| O|  |TAMS 0x00000000e8400000| PB 0x00000000e8300000| Untracked |  0
| 132|0x00000000e8400000, 0x00000000e8500000, 0x00000000e8500000|100%| O|  |TAMS 0x00000000e8500000| PB 0x00000000e8400000| Untracked |  0
| 133|0x00000000e8500000, 0x00000000e8600000, 0x00000000e8600000|100%| O|  |TAMS 0x00000000e8600000| PB 0x00000000e8500000| Untracked |  0
| 134|0x00000000e8600000, 0x00000000e8700000, 0x00000000e8700000|100%| O|  |TAMS 0x00000000e8700000| PB 0x00000000e8600000| Untracked |  0
| 135|0x00000000e8700000, 0x00000000e8800000, 0x00000000e8800000|100%| O|  |TAMS 0x00000000e8800000| PB 0x00000000e8700000| Untracked |  0
| 136|0x00000000e8800000, 0x00000000e8900000, 0x00000000e8900000|100%| O|  |TAMS 0x00000000e8900000| PB 0x00000000e8800000| Untracked |  0
| 137|0x00000000e8900000, 0x00000000e8a00000, 0x00000000e8a00000|100%| O|  |TAMS 0x00000000e8a00000| PB 0x00000000e8900000| Untracked |  0
| 138|0x00000000e8a00000, 0x00000000e8b00000, 0x00000000e8b00000|100%| O|  |TAMS 0x00000000e8b00000| PB 0x00000000e8a00000| Untracked |  0
| 139|0x00000000e8b00000, 0x00000000e8c00000, 0x00000000e8c00000|100%| O|  |TAMS 0x00000000e8c00000| PB 0x00000000e8b00000| Untracked |  0
| 140|0x00000000e8c00000, 0x00000000e8d00000, 0x00000000e8d00000|100%| O|  |TAMS 0x00000000e8d00000| PB 0x00000000e8c00000| Untracked |  0
| 141|0x00000000e8d00000, 0x00000000e8e00000, 0x00000000e8e00000|100%| O|  |TAMS 0x00000000e8e00000| PB 0x00000000e8d00000| Untracked |  0
| 142|0x00000000e8e00000, 0x00000000e8f00000, 0x00000000e8f00000|100%| O|  |TAMS 0x00000000e8f00000| PB 0x00000000e8e00000| Untracked |  0
| 143|0x00000000e8f00000, 0x00000000e9000000, 0x00000000e9000000|100%| O|  |TAMS 0x00000000e9000000| PB 0x00000000e8f00000| Untracked |  0
| 144|0x00000000e9000000, 0x00000000e9100000, 0x00000000e9100000|100%| O|  |TAMS 0x00000000e9100000| PB 0x00000000e9000000| Untracked |  0
| 145|0x00000000e9100000, 0x00000000e9200000, 0x00000000e9200000|100%| O|  |TAMS 0x00000000e9200000| PB 0x00000000e9100000| Untracked |  0
| 146|0x00000000e9200000, 0x00000000e9300000, 0x00000000e9300000|100%| O|  |TAMS 0x00000000e9300000| PB 0x00000000e9200000| Untracked |  0
| 147|0x00000000e9300000, 0x00000000e9400000, 0x00000000e9400000|100%| O|  |TAMS 0x00000000e9400000| PB 0x00000000e9300000| Untracked |  0
| 148|0x00000000e9400000, 0x00000000e9500000, 0x00000000e9500000|100%| O|  |TAMS 0x00000000e9500000| PB 0x00000000e9400000| Untracked |  0
| 149|0x00000000e9500000, 0x00000000e9600000, 0x00000000e9600000|100%| O|  |TAMS 0x00000000e9600000| PB 0x00000000e9500000| Untracked |  0
| 150|0x00000000e9600000, 0x00000000e9700000, 0x00000000e9700000|100%| O|  |TAMS 0x00000000e9700000| PB 0x00000000e9600000| Untracked |  0
| 151|0x00000000e9700000, 0x00000000e9800000, 0x00000000e9800000|100%| O|  |TAMS 0x00000000e9800000| PB 0x00000000e9700000| Untracked |  0
| 152|0x00000000e9800000, 0x00000000e9900000, 0x00000000e9900000|100%| O|  |TAMS 0x00000000e9900000| PB 0x00000000e9800000| Untracked |  0
| 153|0x00000000e9900000, 0x00000000e9a00000, 0x00000000e9a00000|100%| O|  |TAMS 0x00000000e9a00000| PB 0x00000000e9900000| Untracked |  0
| 154|0x00000000e9a00000, 0x00000000e9b00000, 0x00000000e9b00000|100%| O|  |TAMS 0x00000000e9b00000| PB 0x00000000e9a00000| Untracked |  0
| 155|0x00000000e9b00000, 0x00000000e9c00000, 0x00000000e9c00000|100%| O|  |TAMS 0x00000000e9c00000| PB 0x00000000e9b00000| Untracked |  0
| 156|0x00000000e9c00000, 0x00000000e9d00000, 0x00000000e9d00000|100%| O|  |TAMS 0x00000000e9d00000| PB 0x00000000e9c00000| Untracked |  0
| 157|0x00000000e9d00000, 0x00000000e9e00000, 0x00000000e9e00000|100%| O|  |TAMS 0x00000000e9e00000| PB 0x00000000e9d00000| Untracked |  0
| 158|0x00000000e9e00000, 0x00000000e9f00000, 0x00000000e9f00000|100%| O|  |TAMS 0x00000000e9f00000| PB 0x00000000e9e00000| Untracked |  0
| 159|0x00000000e9f00000, 0x00000000ea000000, 0x00000000ea000000|100%| O|  |TAMS 0x00000000ea000000| PB 0x00000000e9f00000| Untracked |  0
| 160|0x00000000ea000000, 0x00000000ea100000, 0x00000000ea100000|100%| O|  |TAMS 0x00000000ea100000| PB 0x00000000ea000000| Untracked |  0
| 161|0x00000000ea100000, 0x00000000ea200000, 0x00000000ea200000|100%| O|  |TAMS 0x00000000ea200000| PB 0x00000000ea100000| Untracked |  0
| 162|0x00000000ea200000, 0x00000000ea300000, 0x00000000ea300000|100%| O|  |TAMS 0x00000000ea300000| PB 0x00000000ea200000| Untracked |  0
| 163|0x00000000ea300000, 0x00000000ea400000, 0x00000000ea400000|100%| O|  |TAMS 0x00000000ea400000| PB 0x00000000ea300000| Untracked |  0
| 164|0x00000000ea400000, 0x00000000ea500000, 0x00000000ea500000|100%| O|  |TAMS 0x00000000ea500000| PB 0x00000000ea400000| Untracked |  0
| 165|0x00000000ea500000, 0x00000000ea600000, 0x00000000ea600000|100%| O|  |TAMS 0x00000000ea600000| PB 0x00000000ea500000| Untracked |  0
| 166|0x00000000ea600000, 0x00000000ea700000, 0x00000000ea700000|100%| O|  |TAMS 0x00000000ea700000| PB 0x00000000ea600000| Untracked |  0
| 167|0x00000000ea700000, 0x00000000ea800000, 0x00000000ea800000|100%| O|  |TAMS 0x00000000ea800000| PB 0x00000000ea700000| Untracked |  0
| 168|0x00000000ea800000, 0x00000000ea900000, 0x00000000ea900000|100%| O|  |TAMS 0x00000000ea900000| PB 0x00000000ea800000| Untracked |  0
| 169|0x00000000ea900000, 0x00000000eaa00000, 0x00000000eaa00000|100%| O|  |TAMS 0x00000000eaa00000| PB 0x00000000ea900000| Untracked |  0
| 170|0x00000000eaa00000, 0x00000000eab00000, 0x00000000eab00000|100%| O|  |TAMS 0x00000000eab00000| PB 0x00000000eaa00000| Untracked |  0
| 171|0x00000000eab00000, 0x00000000eac00000, 0x00000000eac00000|100%| O|  |TAMS 0x00000000eac00000| PB 0x00000000eab00000| Untracked |  0
| 172|0x00000000eac00000, 0x00000000ead00000, 0x00000000ead00000|100%| O|  |TAMS 0x00000000ead00000| PB 0x00000000eac00000| Untracked |  0
| 173|0x00000000ead00000, 0x00000000eae00000, 0x00000000eae00000|100%| O|  |TAMS 0x00000000eae00000| PB 0x00000000ead00000| Untracked |  0
| 174|0x00000000eae00000, 0x00000000eaf00000, 0x00000000eaf00000|100%| O|  |TAMS 0x00000000eaf00000| PB 0x00000000eae00000| Untracked |  0
| 175|0x00000000eaf00000, 0x00000000eb000000, 0x00000000eb000000|100%| O|  |TAMS 0x00000000eb000000| PB 0x00000000eaf00000| Untracked |  0
| 176|0x00000000eb000000, 0x00000000eb100000, 0x00000000eb100000|100%| O|  |TAMS 0x00000000eb100000| PB 0x00000000eb000000| Untracked |  0
| 177|0x00000000eb100000, 0x00000000eb200000, 0x00000000eb200000|100%| O|  |TAMS 0x00000000eb200000| PB 0x00000000eb100000| Untracked |  0
| 178|0x00000000eb200000, 0x00000000eb300000, 0x00000000eb300000|100%| O|  |TAMS 0x00000000eb300000| PB 0x00000000eb200000| Untracked |  0
| 179|0x00000000eb300000, 0x00000000eb400000, 0x00000000eb400000|100%| O|  |TAMS 0x00000000eb400000| PB 0x00000000eb300000| Untracked |  0
| 180|0x00000000eb400000, 0x00000000eb500000, 0x00000000eb500000|100%| O|  |TAMS 0x00000000eb500000| PB 0x00000000eb400000| Untracked |  0
| 181|0x00000000eb500000, 0x00000000eb600000, 0x00000000eb600000|100%| O|  |TAMS 0x00000000eb600000| PB 0x00000000eb500000| Untracked |  0
| 182|0x00000000eb600000, 0x00000000eb700000, 0x00000000eb700000|100%| O|  |TAMS 0x00000000eb700000| PB 0x00000000eb600000| Untracked |  0
| 183|0x00000000eb700000, 0x00000000eb800000, 0x00000000eb800000|100%| O|  |TAMS 0x00000000eb800000| PB 0x00000000eb700000| Untracked |  0
| 184|0x00000000eb800000, 0x00000000eb900000, 0x00000000eb900000|100%| O|  |TAMS 0x00000000eb900000| PB 0x00000000eb800000| Untracked |  0
| 185|0x00000000eb900000, 0x00000000eba00000, 0x00000000eba00000|100%| O|  |TAMS 0x00000000eba00000| PB 0x00000000eb900000| Untracked |  0
| 186|0x00000000eba00000, 0x00000000ebb00000, 0x00000000ebb00000|100%| O|  |TAMS 0x00000000ebb00000| PB 0x00000000eba00000| Untracked |  0
| 187|0x00000000ebb00000, 0x00000000ebc00000, 0x00000000ebc00000|100%| O|  |TAMS 0x00000000ebc00000| PB 0x00000000ebb00000| Untracked |  0
| 188|0x00000000ebc00000, 0x00000000ebd00000, 0x00000000ebd00000|100%| O|  |TAMS 0x00000000ebd00000| PB 0x00000000ebc00000| Untracked |  0
| 189|0x00000000ebd00000, 0x00000000ebe00000, 0x00000000ebe00000|100%| O|  |TAMS 0x00000000ebe00000| PB 0x00000000ebd00000| Untracked |  0
| 190|0x00000000ebe00000, 0x00000000ebf00000, 0x00000000ebf00000|100%| O|  |TAMS 0x00000000ebf00000| PB 0x00000000ebe00000| Untracked |  0
| 191|0x00000000ebf00000, 0x00000000ec000000, 0x00000000ec000000|100%| O|  |TAMS 0x00000000ec000000| PB 0x00000000ebf00000| Untracked |  0
| 192|0x00000000ec000000, 0x00000000ec100000, 0x00000000ec100000|100%| O|  |TAMS 0x00000000ec100000| PB 0x00000000ec000000| Untracked |  0
| 193|0x00000000ec100000, 0x00000000ec200000, 0x00000000ec200000|100%| O|  |TAMS 0x00000000ec200000| PB 0x00000000ec100000| Untracked |  0
| 194|0x00000000ec200000, 0x00000000ec300000, 0x00000000ec300000|100%| O|  |TAMS 0x00000000ec300000| PB 0x00000000ec200000| Untracked |  0
| 195|0x00000000ec300000, 0x00000000ec400000, 0x00000000ec400000|100%| O|  |TAMS 0x00000000ec400000| PB 0x00000000ec300000| Untracked |  0
| 196|0x00000000ec400000, 0x00000000ec500000, 0x00000000ec500000|100%| O|  |TAMS 0x00000000ec500000| PB 0x00000000ec400000| Untracked |  0
| 197|0x00000000ec500000, 0x00000000ec600000, 0x00000000ec600000|100%| O|  |TAMS 0x00000000ec600000| PB 0x00000000ec500000| Untracked |  0
| 198|0x00000000ec600000, 0x00000000ec700000, 0x00000000ec700000|100%| O|  |TAMS 0x00000000ec700000| PB 0x00000000ec600000| Untracked |  0
| 199|0x00000000ec700000, 0x00000000ec800000, 0x00000000ec800000|100%| O|Cm|TAMS 0x00000000ec800000| PB 0x00000000ec700000| Updating |  0
| 200|0x00000000ec800000, 0x00000000ec900000, 0x00000000ec900000|100%| O|  |TAMS 0x00000000ec900000| PB 0x00000000ec800000| Untracked |  0
| 201|0x00000000ec900000, 0x00000000eca00000, 0x00000000eca00000|100%| O|  |TAMS 0x00000000eca00000| PB 0x00000000ec900000| Untracked |  0
| 202|0x00000000eca00000, 0x00000000ecb00000, 0x00000000ecb00000|100%| O|  |TAMS 0x00000000ecb00000| PB 0x00000000eca00000| Untracked |  0
| 203|0x00000000ecb00000, 0x00000000ecc00000, 0x00000000ecc00000|100%| O|  |TAMS 0x00000000ecc00000| PB 0x00000000ecb00000| Untracked |  0
| 204|0x00000000ecc00000, 0x00000000ecd00000, 0x00000000ecd00000|100%| O|  |TAMS 0x00000000ecd00000| PB 0x00000000ecc00000| Untracked |  0
| 205|0x00000000ecd00000, 0x00000000ece00000, 0x00000000ece00000|100%| O|  |TAMS 0x00000000ece00000| PB 0x00000000ecd00000| Untracked |  0
| 206|0x00000000ece00000, 0x00000000ecf00000, 0x00000000ecf00000|100%| O|  |TAMS 0x00000000ecf00000| PB 0x00000000ece00000| Untracked |  0
| 207|0x00000000ecf00000, 0x00000000ed000000, 0x00000000ed000000|100%| O|  |TAMS 0x00000000ed000000| PB 0x00000000ecf00000| Untracked |  0
| 208|0x00000000ed000000, 0x00000000ed100000, 0x00000000ed100000|100%| O|  |TAMS 0x00000000ed000000| PB 0x00000000ed000000| Untracked |  0
| 209|0x00000000ed100000, 0x00000000ed200000, 0x00000000ed200000|100%| O|  |TAMS 0x00000000ed200000| PB 0x00000000ed100000| Untracked |  0
| 210|0x00000000ed200000, 0x00000000ed300000, 0x00000000ed300000|100%| O|Cm|TAMS 0x00000000ed300000| PB 0x00000000ed200000| Updating |  0
| 211|0x00000000ed300000, 0x00000000ed400000, 0x00000000ed400000|100%| O|  |TAMS 0x00000000ed400000| PB 0x00000000ed300000| Untracked |  0
| 212|0x00000000ed400000, 0x00000000ed500000, 0x00000000ed500000|100%| O|  |TAMS 0x00000000ed500000| PB 0x00000000ed400000| Untracked |  0
| 213|0x00000000ed500000, 0x00000000ed600000, 0x00000000ed600000|100%| O|  |TAMS 0x00000000ed600000| PB 0x00000000ed500000| Untracked |  0
| 214|0x00000000ed600000, 0x00000000ed700000, 0x00000000ed700000|100%| O|  |TAMS 0x00000000ed600000| PB 0x00000000ed600000| Untracked |  0
| 215|0x00000000ed700000, 0x00000000ed800000, 0x00000000ed800000|100%| O|  |TAMS 0x00000000ed800000| PB 0x00000000ed700000| Untracked |  0
| 216|0x00000000ed800000, 0x00000000ed900000, 0x00000000ed900000|100%| O|  |TAMS 0x00000000ed900000| PB 0x00000000ed800000| Untracked |  0
| 217|0x00000000ed900000, 0x00000000eda00000, 0x00000000eda00000|100%| O|  |TAMS 0x00000000eda00000| PB 0x00000000ed900000| Untracked |  0
| 218|0x00000000eda00000, 0x00000000edb00000, 0x00000000edb00000|100%| O|  |TAMS 0x00000000eda00000| PB 0x00000000eda00000| Untracked |  0
| 219|0x00000000edb00000, 0x00000000edc00000, 0x00000000edc00000|100%| O|  |TAMS 0x00000000edb00000| PB 0x00000000edb00000| Untracked |  0
| 220|0x00000000edc00000, 0x00000000edd00000, 0x00000000edd00000|100%| O|Cm|TAMS 0x00000000edd00000| PB 0x00000000edc00000| Updating |  0
| 221|0x00000000edd00000, 0x00000000ede00000, 0x00000000ede00000|100%| O|  |TAMS 0x00000000edd00000| PB 0x00000000edd00000| Untracked |  0
| 222|0x00000000ede00000, 0x00000000edf00000, 0x00000000edf00000|100%| O|  |TAMS 0x00000000edf00000| PB 0x00000000ede00000| Untracked |  0
| 223|0x00000000edf00000, 0x00000000ee000000, 0x00000000ee000000|100%| O|  |TAMS 0x00000000ee000000| PB 0x00000000edf00000| Untracked |  0
| 224|0x00000000ee000000, 0x00000000ee100000, 0x00000000ee100000|100%| O|Cm|TAMS 0x00000000ee100000| PB 0x00000000ee000000| Updating |  0
| 225|0x00000000ee100000, 0x00000000ee200000, 0x00000000ee200000|100%| O|Cm|TAMS 0x00000000ee200000| PB 0x00000000ee100000| Updating |  0
| 226|0x00000000ee200000, 0x00000000ee300000, 0x00000000ee300000|100%| O|  |TAMS 0x00000000ee300000| PB 0x00000000ee200000| Untracked |  0
| 227|0x00000000ee300000, 0x00000000ee400000, 0x00000000ee400000|100%| O|  |TAMS 0x00000000ee400000| PB 0x00000000ee300000| Untracked |  0
| 228|0x00000000ee400000, 0x00000000ee500000, 0x00000000ee500000|100%| O|  |TAMS 0x00000000ee500000| PB 0x00000000ee400000| Untracked |  0
| 229|0x00000000ee500000, 0x00000000ee600000, 0x00000000ee600000|100%| O|Cm|TAMS 0x00000000ee600000| PB 0x00000000ee500000| Updating |  0
| 230|0x00000000ee600000, 0x00000000ee700000, 0x00000000ee700000|100%| O|  |TAMS 0x00000000ee700000| PB 0x00000000ee600000| Untracked |  0
| 231|0x00000000ee700000, 0x00000000ee800000, 0x00000000ee800000|100%| O|  |TAMS 0x00000000ee800000| PB 0x00000000ee700000| Untracked |  0
| 232|0x00000000ee800000, 0x00000000ee900000, 0x00000000ee900000|100%| O|  |TAMS 0x00000000ee900000| PB 0x00000000ee800000| Untracked |  0
| 233|0x00000000ee900000, 0x00000000eea00000, 0x00000000eea00000|100%| O|  |TAMS 0x00000000ee900000| PB 0x00000000ee900000| Untracked |  0
| 234|0x00000000eea00000, 0x00000000eeb00000, 0x00000000eeb00000|100%| O|  |TAMS 0x00000000eeb00000| PB 0x00000000eea00000| Untracked |  0
| 235|0x00000000eeb00000, 0x00000000eec00000, 0x00000000eec00000|100%| O|  |TAMS 0x00000000eec00000| PB 0x00000000eeb00000| Untracked |  0
| 236|0x00000000eec00000, 0x00000000eed00000, 0x00000000eed00000|100%| O|  |TAMS 0x00000000eed00000| PB 0x00000000eec00000| Untracked |  0
| 237|0x00000000eed00000, 0x00000000eee00000, 0x00000000eee00000|100%| O|  |TAMS 0x00000000eee00000| PB 0x00000000eed00000| Untracked |  0
| 238|0x00000000eee00000, 0x00000000eef00000, 0x00000000eef00000|100%| O|  |TAMS 0x00000000eef00000| PB 0x00000000eee00000| Untracked |  0
| 239|0x00000000eef00000, 0x00000000ef000000, 0x00000000ef000000|100%| O|  |TAMS 0x00000000ef000000| PB 0x00000000eef00000| Untracked |  0
| 240|0x00000000ef000000, 0x00000000ef100000, 0x00000000ef100000|100%| O|  |TAMS 0x00000000ef100000| PB 0x00000000ef000000| Untracked |  0
| 241|0x00000000ef100000, 0x00000000ef200000, 0x00000000ef200000|100%| O|  |TAMS 0x00000000ef200000| PB 0x00000000ef100000| Untracked |  0
| 242|0x00000000ef200000, 0x00000000ef300000, 0x00000000ef300000|100%| O|  |TAMS 0x00000000ef300000| PB 0x00000000ef200000| Untracked |  0
| 243|0x00000000ef300000, 0x00000000ef400000, 0x00000000ef400000|100%| O|  |TAMS 0x00000000ef400000| PB 0x00000000ef300000| Untracked |  0
| 244|0x00000000ef400000, 0x00000000ef500000, 0x00000000ef500000|100%| O|  |TAMS 0x00000000ef500000| PB 0x00000000ef400000| Untracked |  0
| 245|0x00000000ef500000, 0x00000000ef600000, 0x00000000ef600000|100%| O|  |TAMS 0x00000000ef500000| PB 0x00000000ef500000| Untracked |  0
| 246|0x00000000ef600000, 0x00000000ef700000, 0x00000000ef700000|100%| O|  |TAMS 0x00000000ef600000| PB 0x00000000ef600000| Untracked |  0
| 247|0x00000000ef700000, 0x00000000ef800000, 0x00000000ef800000|100%| O|  |TAMS 0x00000000ef800000| PB 0x00000000ef700000| Untracked |  0
| 248|0x00000000ef800000, 0x00000000ef900000, 0x00000000ef900000|100%| O|  |TAMS 0x00000000ef900000| PB 0x00000000ef800000| Untracked |  0
| 249|0x00000000ef900000, 0x00000000efa00000, 0x00000000efa00000|100%| O|  |TAMS 0x00000000efa00000| PB 0x00000000ef900000| Untracked |  0
| 250|0x00000000efa00000, 0x00000000efb00000, 0x00000000efb00000|100%| O|  |TAMS 0x00000000efb00000| PB 0x00000000efa00000| Untracked |  0
| 251|0x00000000efb00000, 0x00000000efc00000, 0x00000000efc00000|100%|HS|  |TAMS 0x00000000efc00000| PB 0x00000000efb00000| Complete |  0
| 252|0x00000000efc00000, 0x00000000efd00000, 0x00000000efd00000|100%| O|  |TAMS 0x00000000efd00000| PB 0x00000000efc00000| Untracked |  0
| 253|0x00000000efd00000, 0x00000000efe00000, 0x00000000efe00000|100%| O|  |TAMS 0x00000000efe00000| PB 0x00000000efd00000| Untracked |  0
| 254|0x00000000efe00000, 0x00000000eff00000, 0x00000000eff00000|100%| O|  |TAMS 0x00000000eff00000| PB 0x00000000efe00000| Untracked |  0
| 255|0x00000000eff00000, 0x00000000f0000000, 0x00000000f0000000|100%| O|  |TAMS 0x00000000f0000000| PB 0x00000000eff00000| Untracked |  0
| 256|0x00000000f0000000, 0x00000000f0100000, 0x00000000f0100000|100%| O|  |TAMS 0x00000000f0100000| PB 0x00000000f0000000| Untracked |  0
| 257|0x00000000f0100000, 0x00000000f0200000, 0x00000000f0200000|100%| O|  |TAMS 0x00000000f0200000| PB 0x00000000f0100000| Untracked |  0
| 258|0x00000000f0200000, 0x00000000f0300000, 0x00000000f0300000|100%| O|  |TAMS 0x00000000f0300000| PB 0x00000000f0200000| Untracked |  0
| 259|0x00000000f0300000, 0x00000000f0400000, 0x00000000f0400000|100%| O|  |TAMS 0x00000000f0400000| PB 0x00000000f0300000| Untracked |  0
| 260|0x00000000f0400000, 0x00000000f0500000, 0x00000000f0500000|100%| O|  |TAMS 0x00000000f0500000| PB 0x00000000f0400000| Untracked |  0
| 261|0x00000000f0500000, 0x00000000f0600000, 0x00000000f0600000|100%| O|  |TAMS 0x00000000f0600000| PB 0x00000000f0500000| Untracked |  0
| 262|0x00000000f0600000, 0x00000000f0700000, 0x00000000f0700000|100%| O|  |TAMS 0x00000000f0600000| PB 0x00000000f0600000| Untracked |  0
| 263|0x00000000f0700000, 0x00000000f0800000, 0x00000000f0800000|100%| O|  |TAMS 0x00000000f0700000| PB 0x00000000f0700000| Untracked |  0
| 264|0x00000000f0800000, 0x00000000f0900000, 0x00000000f0900000|100%| O|  |TAMS 0x00000000f0900000| PB 0x00000000f0800000| Untracked |  0
| 265|0x00000000f0900000, 0x00000000f0a00000, 0x00000000f0a00000|100%| O|  |TAMS 0x00000000f0a00000| PB 0x00000000f0900000| Untracked |  0
| 266|0x00000000f0a00000, 0x00000000f0b00000, 0x00000000f0b00000|100%| O|  |TAMS 0x00000000f0b00000| PB 0x00000000f0a00000| Untracked |  0
| 267|0x00000000f0b00000, 0x00000000f0c00000, 0x00000000f0c00000|100%| O|  |TAMS 0x00000000f0c00000| PB 0x00000000f0b00000| Untracked |  0
| 268|0x00000000f0c00000, 0x00000000f0d00000, 0x00000000f0d00000|100%| O|  |TAMS 0x00000000f0d00000| PB 0x00000000f0c00000| Untracked |  0
| 269|0x00000000f0d00000, 0x00000000f0e00000, 0x00000000f0e00000|100%| O|  |TAMS 0x00000000f0e00000| PB 0x00000000f0d00000| Untracked |  0
| 270|0x00000000f0e00000, 0x00000000f0f00000, 0x00000000f0f00000|100%| O|  |TAMS 0x00000000f0f00000| PB 0x00000000f0e00000| Untracked |  0
| 271|0x00000000f0f00000, 0x00000000f1000000, 0x00000000f1000000|100%| O|  |TAMS 0x00000000f1000000| PB 0x00000000f0f00000| Untracked |  0
| 272|0x00000000f1000000, 0x00000000f1100000, 0x00000000f1100000|100%| O|  |TAMS 0x00000000f1100000| PB 0x00000000f1000000| Untracked |  0
| 273|0x00000000f1100000, 0x00000000f1200000, 0x00000000f1200000|100%| O|  |TAMS 0x00000000f1200000| PB 0x00000000f1100000| Untracked |  0
| 274|0x00000000f1200000, 0x00000000f1300000, 0x00000000f1300000|100%| O|  |TAMS 0x00000000f1300000| PB 0x00000000f1200000| Untracked |  0
| 275|0x00000000f1300000, 0x00000000f1400000, 0x00000000f1400000|100%| O|  |TAMS 0x00000000f1400000| PB 0x00000000f1300000| Untracked |  0
| 276|0x00000000f1400000, 0x00000000f1500000, 0x00000000f1500000|100%| O|  |TAMS 0x00000000f1500000| PB 0x00000000f1400000| Untracked |  0
| 277|0x00000000f1500000, 0x00000000f1600000, 0x00000000f1600000|100%| O|  |TAMS 0x00000000f1600000| PB 0x00000000f1500000| Untracked |  0
| 278|0x00000000f1600000, 0x00000000f1700000, 0x00000000f1700000|100%| O|  |TAMS 0x00000000f1700000| PB 0x00000000f1600000| Untracked |  0
| 279|0x00000000f1700000, 0x00000000f1800000, 0x00000000f1800000|100%| O|  |TAMS 0x00000000f1800000| PB 0x00000000f1700000| Untracked |  0
| 280|0x00000000f1800000, 0x00000000f1900000, 0x00000000f1900000|100%| O|  |TAMS 0x00000000f1900000| PB 0x00000000f1800000| Untracked |  0
| 281|0x00000000f1900000, 0x00000000f1a00000, 0x00000000f1a00000|100%| O|  |TAMS 0x00000000f1a00000| PB 0x00000000f1900000| Untracked |  0
| 282|0x00000000f1a00000, 0x00000000f1b00000, 0x00000000f1b00000|100%| O|  |TAMS 0x00000000f1b00000| PB 0x00000000f1a00000| Untracked |  0
| 283|0x00000000f1b00000, 0x00000000f1c00000, 0x00000000f1c00000|100%| O|  |TAMS 0x00000000f1c00000| PB 0x00000000f1b00000| Untracked |  0
| 284|0x00000000f1c00000, 0x00000000f1d00000, 0x00000000f1d00000|100%| O|  |TAMS 0x00000000f1d00000| PB 0x00000000f1c00000| Untracked |  0
| 285|0x00000000f1d00000, 0x00000000f1e00000, 0x00000000f1e00000|100%| O|  |TAMS 0x00000000f1e00000| PB 0x00000000f1d00000| Untracked |  0
| 286|0x00000000f1e00000, 0x00000000f1f00000, 0x00000000f1f00000|100%| O|  |TAMS 0x00000000f1f00000| PB 0x00000000f1e00000| Untracked |  0
| 287|0x00000000f1f00000, 0x00000000f2000000, 0x00000000f2000000|100%| O|  |TAMS 0x00000000f2000000| PB 0x00000000f1f00000| Untracked |  0
| 288|0x00000000f2000000, 0x00000000f2100000, 0x00000000f2100000|100%| O|  |TAMS 0x00000000f2100000| PB 0x00000000f2000000| Untracked |  0
| 289|0x00000000f2100000, 0x00000000f2200000, 0x00000000f2200000|100%| O|  |TAMS 0x00000000f2200000| PB 0x00000000f2100000| Untracked |  0
| 290|0x00000000f2200000, 0x00000000f2300000, 0x00000000f2300000|100%| O|  |TAMS 0x00000000f2300000| PB 0x00000000f2200000| Untracked |  0
| 291|0x00000000f2300000, 0x00000000f2400000, 0x00000000f2400000|100%| O|  |TAMS 0x00000000f2400000| PB 0x00000000f2300000| Untracked |  0
| 292|0x00000000f2400000, 0x00000000f2500000, 0x00000000f2500000|100%| O|  |TAMS 0x00000000f2500000| PB 0x00000000f2400000| Untracked |  0
| 293|0x00000000f2500000, 0x00000000f2600000, 0x00000000f2600000|100%| O|  |TAMS 0x00000000f2600000| PB 0x00000000f2500000| Untracked |  0
| 294|0x00000000f2600000, 0x00000000f2700000, 0x00000000f2700000|100%| O|  |TAMS 0x00000000f2700000| PB 0x00000000f2600000| Untracked |  0
| 295|0x00000000f2700000, 0x00000000f2800000, 0x00000000f2800000|100%| O|  |TAMS 0x00000000f2800000| PB 0x00000000f2700000| Untracked |  0
| 296|0x00000000f2800000, 0x00000000f2900000, 0x00000000f2900000|100%| O|  |TAMS 0x00000000f2900000| PB 0x00000000f2800000| Untracked |  0
| 297|0x00000000f2900000, 0x00000000f2a00000, 0x00000000f2a00000|100%| O|  |TAMS 0x00000000f2a00000| PB 0x00000000f2900000| Untracked |  0
| 298|0x00000000f2a00000, 0x00000000f2b00000, 0x00000000f2b00000|100%| O|  |TAMS 0x00000000f2b00000| PB 0x00000000f2a00000| Untracked |  0
| 299|0x00000000f2b00000, 0x00000000f2c00000, 0x00000000f2c00000|100%| O|Cm|TAMS 0x00000000f2c00000| PB 0x00000000f2b00000| Updating |  0
| 300|0x00000000f2c00000, 0x00000000f2d00000, 0x00000000f2d00000|100%| O|  |TAMS 0x00000000f2d00000| PB 0x00000000f2c00000| Untracked |  0
| 301|0x00000000f2d00000, 0x00000000f2e00000, 0x00000000f2e00000|100%| O|  |TAMS 0x00000000f2e00000| PB 0x00000000f2d00000| Untracked |  0
| 302|0x00000000f2e00000, 0x00000000f2f00000, 0x00000000f2f00000|100%| O|  |TAMS 0x00000000f2f00000| PB 0x00000000f2e00000| Untracked |  0
| 303|0x00000000f2f00000, 0x00000000f3000000, 0x00000000f3000000|100%| O|  |TAMS 0x00000000f3000000| PB 0x00000000f2f00000| Untracked |  0
| 304|0x00000000f3000000, 0x00000000f3100000, 0x00000000f3100000|100%| O|  |TAMS 0x00000000f3100000| PB 0x00000000f3000000| Untracked |  0
| 305|0x00000000f3100000, 0x00000000f3200000, 0x00000000f3200000|100%| O|Cm|TAMS 0x00000000f3200000| PB 0x00000000f3100000| Complete |  0
| 306|0x00000000f3200000, 0x00000000f3300000, 0x00000000f3300000|100%| O|  |TAMS 0x00000000f3300000| PB 0x00000000f3200000| Untracked |  0
| 307|0x00000000f3300000, 0x00000000f3400000, 0x00000000f3400000|100%| O|Cm|TAMS 0x00000000f3400000| PB 0x00000000f3300000| Complete |  0
| 308|0x00000000f3400000, 0x00000000f3500000, 0x00000000f3500000|100%| O|Cm|TAMS 0x00000000f3500000| PB 0x00000000f3400000| Complete |  0
| 309|0x00000000f3500000, 0x00000000f3600000, 0x00000000f3600000|100%| O|  |TAMS 0x00000000f3600000| PB 0x00000000f3500000| Untracked |  0
| 310|0x00000000f3600000, 0x00000000f3700000, 0x00000000f3700000|100%| O|  |TAMS 0x00000000f3700000| PB 0x00000000f3600000| Untracked |  0
| 311|0x00000000f3700000, 0x00000000f3800000, 0x00000000f3800000|100%| O|  |TAMS 0x00000000f3800000| PB 0x00000000f3700000| Untracked |  0
| 312|0x00000000f3800000, 0x00000000f3900000, 0x00000000f3900000|100%| O|  |TAMS 0x00000000f3900000| PB 0x00000000f3800000| Untracked |  0
| 313|0x00000000f3900000, 0x00000000f3a00000, 0x00000000f3a00000|100%| O|  |TAMS 0x00000000f3a00000| PB 0x00000000f3900000| Untracked |  0
| 314|0x00000000f3a00000, 0x00000000f3b00000, 0x00000000f3b00000|100%| O|  |TAMS 0x00000000f3b00000| PB 0x00000000f3a00000| Untracked |  0
| 315|0x00000000f3b00000, 0x00000000f3c00000, 0x00000000f3c00000|100%| O|  |TAMS 0x00000000f3c00000| PB 0x00000000f3b00000| Untracked |  0
| 316|0x00000000f3c00000, 0x00000000f3d00000, 0x00000000f3d00000|100%| O|  |TAMS 0x00000000f3d00000| PB 0x00000000f3c00000| Untracked |  0
| 317|0x00000000f3d00000, 0x00000000f3e00000, 0x00000000f3e00000|100%| O|  |TAMS 0x00000000f3d00000| PB 0x00000000f3d00000| Untracked |  0
| 318|0x00000000f3e00000, 0x00000000f3f00000, 0x00000000f3f00000|100%| O|  |TAMS 0x00000000f3e00000| PB 0x00000000f3e00000| Untracked |  0
| 319|0x00000000f3f00000, 0x00000000f4000000, 0x00000000f4000000|100%| O|  |TAMS 0x00000000f3f00000| PB 0x00000000f3f00000| Untracked |  0
| 320|0x00000000f4000000, 0x00000000f4100000, 0x00000000f4100000|100%| O|  |TAMS 0x00000000f4000000| PB 0x00000000f4000000| Untracked |  0
| 321|0x00000000f4100000, 0x00000000f4200000, 0x00000000f4200000|100%| O|  |TAMS 0x00000000f4100000| PB 0x00000000f4100000| Untracked |  0
| 322|0x00000000f4200000, 0x00000000f4300000, 0x00000000f4300000|100%| O|Cm|TAMS 0x00000000f4200000| PB 0x00000000f4200000| Complete |  0
| 323|0x00000000f4300000, 0x00000000f4400000, 0x00000000f4400000|100%| O|Cm|TAMS 0x00000000f4300000| PB 0x00000000f4300000| Complete |  0
| 324|0x00000000f4400000, 0x00000000f4500000, 0x00000000f4500000|100%| O|  |TAMS 0x00000000f4400000| PB 0x00000000f4400000| Untracked |  0
| 325|0x00000000f4500000, 0x00000000f4600000, 0x00000000f4600000|100%| O|  |TAMS 0x00000000f4500000| PB 0x00000000f4500000| Untracked |  0
| 326|0x00000000f4600000, 0x00000000f4700000, 0x00000000f4700000|100%| O|  |TAMS 0x00000000f4600000| PB 0x00000000f4600000| Untracked |  0
| 327|0x00000000f4700000, 0x00000000f4800000, 0x00000000f4800000|100%| O|  |TAMS 0x00000000f4700000| PB 0x00000000f4700000| Untracked |  0
| 328|0x00000000f4800000, 0x00000000f4900000, 0x00000000f4900000|100%| O|  |TAMS 0x00000000f4800000| PB 0x00000000f4800000| Untracked |  0
| 329|0x00000000f4900000, 0x00000000f4a00000, 0x00000000f4a00000|100%| O|  |TAMS 0x00000000f4900000| PB 0x00000000f4900000| Untracked |  0
| 330|0x00000000f4a00000, 0x00000000f4b00000, 0x00000000f4b00000|100%| O|  |TAMS 0x00000000f4a00000| PB 0x00000000f4a00000| Untracked |  0
| 331|0x00000000f4b00000, 0x00000000f4c00000, 0x00000000f4c00000|100%| O|  |TAMS 0x00000000f4b00000| PB 0x00000000f4b00000| Untracked |  0
| 332|0x00000000f4c00000, 0x00000000f4d00000, 0x00000000f4d00000|100%| O|  |TAMS 0x00000000f4c00000| PB 0x00000000f4c00000| Untracked |  0
| 333|0x00000000f4d00000, 0x00000000f4e00000, 0x00000000f4e00000|100%| O|  |TAMS 0x00000000f4d00000| PB 0x00000000f4d00000| Untracked |  0
| 334|0x00000000f4e00000, 0x00000000f4e60550, 0x00000000f4f00000| 37%| O|  |TAMS 0x00000000f4e00000| PB 0x00000000f4e00000| Untracked |  0
| 335|0x00000000f4f00000, 0x00000000f4f00000, 0x00000000f5000000|  0%| F|  |TAMS 0x00000000f4f00000| PB 0x00000000f4f00000| Untracked |  0
| 336|0x00000000f5000000, 0x00000000f5000000, 0x00000000f5100000|  0%| F|  |TAMS 0x00000000f5000000| PB 0x00000000f5000000| Untracked |  0
| 337|0x00000000f5100000, 0x00000000f5100000, 0x00000000f5200000|  0%| F|  |TAMS 0x00000000f5100000| PB 0x00000000f5100000| Untracked |  0
| 338|0x00000000f5200000, 0x00000000f5200000, 0x00000000f5300000|  0%| F|  |TAMS 0x00000000f5200000| PB 0x00000000f5200000| Untracked |  0
| 339|0x00000000f5300000, 0x00000000f5300000, 0x00000000f5400000|  0%| F|  |TAMS 0x00000000f5300000| PB 0x00000000f5300000| Untracked |  0
| 340|0x00000000f5400000, 0x00000000f5400000, 0x00000000f5500000|  0%| F|  |TAMS 0x00000000f5400000| PB 0x00000000f5400000| Untracked |  0
| 341|0x00000000f5500000, 0x00000000f5500000, 0x00000000f5600000|  0%| F|  |TAMS 0x00000000f5500000| PB 0x00000000f5500000| Untracked |  0
| 342|0x00000000f5600000, 0x00000000f5600000, 0x00000000f5700000|  0%| F|  |TAMS 0x00000000f5600000| PB 0x00000000f5600000| Untracked |  0
| 343|0x00000000f5700000, 0x00000000f5700000, 0x00000000f5800000|  0%| F|  |TAMS 0x00000000f5700000| PB 0x00000000f5700000| Untracked |  0
| 344|0x00000000f5800000, 0x00000000f5800000, 0x00000000f5900000|  0%| F|  |TAMS 0x00000000f5800000| PB 0x00000000f5800000| Untracked |  0
| 345|0x00000000f5900000, 0x00000000f5900000, 0x00000000f5a00000|  0%| F|  |TAMS 0x00000000f5900000| PB 0x00000000f5900000| Untracked |  0
| 346|0x00000000f5a00000, 0x00000000f5a00000, 0x00000000f5b00000|  0%| F|  |TAMS 0x00000000f5a00000| PB 0x00000000f5a00000| Untracked |  0
| 347|0x00000000f5b00000, 0x00000000f5b00000, 0x00000000f5c00000|  0%| F|  |TAMS 0x00000000f5b00000| PB 0x00000000f5b00000| Untracked |  0
| 348|0x00000000f5c00000, 0x00000000f5c00000, 0x00000000f5d00000|  0%| F|  |TAMS 0x00000000f5c00000| PB 0x00000000f5c00000| Untracked |  0
| 349|0x00000000f5d00000, 0x00000000f5d00000, 0x00000000f5e00000|  0%| F|  |TAMS 0x00000000f5d00000| PB 0x00000000f5d00000| Untracked |  0
| 350|0x00000000f5e00000, 0x00000000f5e00000, 0x00000000f5f00000|  0%| F|  |TAMS 0x00000000f5e00000| PB 0x00000000f5e00000| Untracked |  0
| 351|0x00000000f5f00000, 0x00000000f5f00000, 0x00000000f6000000|  0%| F|  |TAMS 0x00000000f5f00000| PB 0x00000000f5f00000| Untracked |  0
| 352|0x00000000f6000000, 0x00000000f6000000, 0x00000000f6100000|  0%| F|  |TAMS 0x00000000f6000000| PB 0x00000000f6000000| Untracked |  0
| 353|0x00000000f6100000, 0x00000000f6100000, 0x00000000f6200000|  0%| F|  |TAMS 0x00000000f6100000| PB 0x00000000f6100000| Untracked |  0
| 354|0x00000000f6200000, 0x00000000f6200000, 0x00000000f6300000|  0%| F|  |TAMS 0x00000000f6200000| PB 0x00000000f6200000| Untracked |  0
| 355|0x00000000f6300000, 0x00000000f6300000, 0x00000000f6400000|  0%| F|  |TAMS 0x00000000f6300000| PB 0x00000000f6300000| Untracked |  0
| 356|0x00000000f6400000, 0x00000000f6400000, 0x00000000f6500000|  0%| F|  |TAMS 0x00000000f6400000| PB 0x00000000f6400000| Untracked |  0
| 357|0x00000000f6500000, 0x00000000f65d07f0, 0x00000000f6600000| 81%| S|CS|TAMS 0x00000000f6500000| PB 0x00000000f6500000| Complete |  0
| 358|0x00000000f6600000, 0x00000000f6600000, 0x00000000f6700000|  0%| F|  |TAMS 0x00000000f6600000| PB 0x00000000f6600000| Untracked |  0
| 359|0x00000000f6700000, 0x00000000f6700000, 0x00000000f6800000|  0%| F|  |TAMS 0x00000000f6700000| PB 0x00000000f6700000| Untracked |  0
| 360|0x00000000f6800000, 0x00000000f6800000, 0x00000000f6900000|  0%| F|  |TAMS 0x00000000f6800000| PB 0x00000000f6800000| Untracked |  0
| 361|0x00000000f6900000, 0x00000000f6900000, 0x00000000f6a00000|  0%| F|  |TAMS 0x00000000f6900000| PB 0x00000000f6900000| Untracked |  0
| 362|0x00000000f6a00000, 0x00000000f6a00000, 0x00000000f6b00000|  0%| F|  |TAMS 0x00000000f6a00000| PB 0x00000000f6a00000| Untracked |  0
| 363|0x00000000f6b00000, 0x00000000f6c00000, 0x00000000f6c00000|100%| S|CS|TAMS 0x00000000f6b00000| PB 0x00000000f6b00000| Complete |  0
| 364|0x00000000f6c00000, 0x00000000f6d00000, 0x00000000f6d00000|100%| S|CS|TAMS 0x00000000f6c00000| PB 0x00000000f6c00000| Complete |  0
| 365|0x00000000f6d00000, 0x00000000f6e00000, 0x00000000f6e00000|100%| S|CS|TAMS 0x00000000f6d00000| PB 0x00000000f6d00000| Complete |  0
| 366|0x00000000f6e00000, 0x00000000f6e00000, 0x00000000f6f00000|  0%| F|  |TAMS 0x00000000f6e00000| PB 0x00000000f6e00000| Untracked |  0
| 367|0x00000000f6f00000, 0x00000000f6f00000, 0x00000000f7000000|  0%| F|  |TAMS 0x00000000f6f00000| PB 0x00000000f6f00000| Untracked |  0
| 368|0x00000000f7000000, 0x00000000f7000000, 0x00000000f7100000|  0%| F|  |TAMS 0x00000000f7000000| PB 0x00000000f7000000| Untracked |  0
| 369|0x00000000f7100000, 0x00000000f7100000, 0x00000000f7200000|  0%| F|  |TAMS 0x00000000f7100000| PB 0x00000000f7100000| Untracked |  0
| 370|0x00000000f7200000, 0x00000000f7200000, 0x00000000f7300000|  0%| F|  |TAMS 0x00000000f7200000| PB 0x00000000f7200000| Untracked |  0
| 371|0x00000000f7300000, 0x00000000f7300000, 0x00000000f7400000|  0%| F|  |TAMS 0x00000000f7300000| PB 0x00000000f7300000| Untracked |  0
| 372|0x00000000f7400000, 0x00000000f7400000, 0x00000000f7500000|  0%| F|  |TAMS 0x00000000f7400000| PB 0x00000000f7400000| Untracked |  0
| 373|0x00000000f7500000, 0x00000000f7500000, 0x00000000f7600000|  0%| F|  |TAMS 0x00000000f7500000| PB 0x00000000f7500000| Untracked |  0
| 374|0x00000000f7600000, 0x00000000f7600000, 0x00000000f7700000|  0%| F|  |TAMS 0x00000000f7600000| PB 0x00000000f7600000| Untracked |  0
| 375|0x00000000f7700000, 0x00000000f7700000, 0x00000000f7800000|  0%| F|  |TAMS 0x00000000f7700000| PB 0x00000000f7700000| Untracked |  0
| 376|0x00000000f7800000, 0x00000000f7800000, 0x00000000f7900000|  0%| F|  |TAMS 0x00000000f7800000| PB 0x00000000f7800000| Untracked |  0
| 377|0x00000000f7900000, 0x00000000f7900000, 0x00000000f7a00000|  0%| F|  |TAMS 0x00000000f7900000| PB 0x00000000f7900000| Untracked |  0
| 378|0x00000000f7a00000, 0x00000000f7a00000, 0x00000000f7b00000|  0%| F|  |TAMS 0x00000000f7a00000| PB 0x00000000f7a00000| Untracked |  0
| 379|0x00000000f7b00000, 0x00000000f7b00000, 0x00000000f7c00000|  0%| F|  |TAMS 0x00000000f7b00000| PB 0x00000000f7b00000| Untracked |  0
| 380|0x00000000f7c00000, 0x00000000f7c00000, 0x00000000f7d00000|  0%| F|  |TAMS 0x00000000f7c00000| PB 0x00000000f7c00000| Untracked |  0
| 381|0x00000000f7d00000, 0x00000000f7d00000, 0x00000000f7e00000|  0%| F|  |TAMS 0x00000000f7d00000| PB 0x00000000f7d00000| Untracked |  0
| 382|0x00000000f7e00000, 0x00000000f7e00000, 0x00000000f7f00000|  0%| F|  |TAMS 0x00000000f7e00000| PB 0x00000000f7e00000| Untracked |  0
| 383|0x00000000f7f00000, 0x00000000f7f00000, 0x00000000f8000000|  0%| F|  |TAMS 0x00000000f7f00000| PB 0x00000000f7f00000| Untracked |  0
| 384|0x00000000f8000000, 0x00000000f8000000, 0x00000000f8100000|  0%| F|  |TAMS 0x00000000f8000000| PB 0x00000000f8000000| Untracked |  0
| 385|0x00000000f8100000, 0x00000000f8100000, 0x00000000f8200000|  0%| F|  |TAMS 0x00000000f8100000| PB 0x00000000f8100000| Untracked |  0
| 386|0x00000000f8200000, 0x00000000f8200000, 0x00000000f8300000|  0%| F|  |TAMS 0x00000000f8200000| PB 0x00000000f8200000| Untracked |  0
| 387|0x00000000f8300000, 0x00000000f8300000, 0x00000000f8400000|  0%| F|  |TAMS 0x00000000f8300000| PB 0x00000000f8300000| Untracked |  0
| 388|0x00000000f8400000, 0x00000000f8400000, 0x00000000f8500000|  0%| F|  |TAMS 0x00000000f8400000| PB 0x00000000f8400000| Untracked |  0
| 389|0x00000000f8500000, 0x00000000f8500000, 0x00000000f8600000|  0%| F|  |TAMS 0x00000000f8500000| PB 0x00000000f8500000| Untracked |  0
| 390|0x00000000f8600000, 0x00000000f8600000, 0x00000000f8700000|  0%| F|  |TAMS 0x00000000f8600000| PB 0x00000000f8600000| Untracked |  0
| 391|0x00000000f8700000, 0x00000000f8700000, 0x00000000f8800000|  0%| F|  |TAMS 0x00000000f8700000| PB 0x00000000f8700000| Untracked |  0
| 392|0x00000000f8800000, 0x00000000f8800000, 0x00000000f8900000|  0%| F|  |TAMS 0x00000000f8800000| PB 0x00000000f8800000| Untracked |  0
| 393|0x00000000f8900000, 0x00000000f8900000, 0x00000000f8a00000|  0%| F|  |TAMS 0x00000000f8900000| PB 0x00000000f8900000| Untracked |  0
| 394|0x00000000f8a00000, 0x00000000f8a00000, 0x00000000f8b00000|  0%| F|  |TAMS 0x00000000f8a00000| PB 0x00000000f8a00000| Untracked |  0
| 395|0x00000000f8b00000, 0x00000000f8b00000, 0x00000000f8c00000|  0%| F|  |TAMS 0x00000000f8b00000| PB 0x00000000f8b00000| Untracked |  0
| 396|0x00000000f8c00000, 0x00000000f8c00000, 0x00000000f8d00000|  0%| F|  |TAMS 0x00000000f8c00000| PB 0x00000000f8c00000| Untracked |  0
| 397|0x00000000f8d00000, 0x00000000f8d00000, 0x00000000f8e00000|  0%| F|  |TAMS 0x00000000f8d00000| PB 0x00000000f8d00000| Untracked |  0
| 398|0x00000000f8e00000, 0x00000000f8e00000, 0x00000000f8f00000|  0%| F|  |TAMS 0x00000000f8e00000| PB 0x00000000f8e00000| Untracked |  0
| 399|0x00000000f8f00000, 0x00000000f8f00000, 0x00000000f9000000|  0%| F|  |TAMS 0x00000000f8f00000| PB 0x00000000f8f00000| Untracked |  0
| 400|0x00000000f9000000, 0x00000000f9000000, 0x00000000f9100000|  0%| F|  |TAMS 0x00000000f9000000| PB 0x00000000f9000000| Untracked |  0
| 401|0x00000000f9100000, 0x00000000f9100000, 0x00000000f9200000|  0%| F|  |TAMS 0x00000000f9100000| PB 0x00000000f9100000| Untracked |  0
| 402|0x00000000f9200000, 0x00000000f9200000, 0x00000000f9300000|  0%| F|  |TAMS 0x00000000f9200000| PB 0x00000000f9200000| Untracked |  0
| 403|0x00000000f9300000, 0x00000000f9300000, 0x00000000f9400000|  0%| F|  |TAMS 0x00000000f9300000| PB 0x00000000f9300000| Untracked |  0
| 404|0x00000000f9400000, 0x00000000f9400000, 0x00000000f9500000|  0%| F|  |TAMS 0x00000000f9400000| PB 0x00000000f9400000| Untracked |  0
| 405|0x00000000f9500000, 0x00000000f9500000, 0x00000000f9600000|  0%| F|  |TAMS 0x00000000f9500000| PB 0x00000000f9500000| Untracked |  0
| 406|0x00000000f9600000, 0x00000000f9600000, 0x00000000f9700000|  0%| F|  |TAMS 0x00000000f9600000| PB 0x00000000f9600000| Untracked |  0
| 407|0x00000000f9700000, 0x00000000f9700000, 0x00000000f9800000|  0%| F|  |TAMS 0x00000000f9700000| PB 0x00000000f9700000| Untracked |  0
| 408|0x00000000f9800000, 0x00000000f9800000, 0x00000000f9900000|  0%| F|  |TAMS 0x00000000f9800000| PB 0x00000000f9800000| Untracked |  0
| 409|0x00000000f9900000, 0x00000000f9900000, 0x00000000f9a00000|  0%| F|  |TAMS 0x00000000f9900000| PB 0x00000000f9900000| Untracked |  0
| 410|0x00000000f9a00000, 0x00000000f9a00000, 0x00000000f9b00000|  0%| F|  |TAMS 0x00000000f9a00000| PB 0x00000000f9a00000| Untracked |  0
| 411|0x00000000f9b00000, 0x00000000f9b00000, 0x00000000f9c00000|  0%| F|  |TAMS 0x00000000f9b00000| PB 0x00000000f9b00000| Untracked |  0
| 412|0x00000000f9c00000, 0x00000000f9c00000, 0x00000000f9d00000|  0%| F|  |TAMS 0x00000000f9c00000| PB 0x00000000f9c00000| Untracked |  0
| 413|0x00000000f9d00000, 0x00000000f9d00000, 0x00000000f9e00000|  0%| F|  |TAMS 0x00000000f9d00000| PB 0x00000000f9d00000| Untracked |  0
| 414|0x00000000f9e00000, 0x00000000f9e00000, 0x00000000f9f00000|  0%| F|  |TAMS 0x00000000f9e00000| PB 0x00000000f9e00000| Untracked |  0
| 415|0x00000000f9f00000, 0x00000000f9f00000, 0x00000000fa000000|  0%| F|  |TAMS 0x00000000f9f00000| PB 0x00000000f9f00000| Untracked |  0
| 416|0x00000000fa000000, 0x00000000fa000000, 0x00000000fa100000|  0%| F|  |TAMS 0x00000000fa000000| PB 0x00000000fa000000| Untracked |  0
| 417|0x00000000fa100000, 0x00000000fa100000, 0x00000000fa200000|  0%| F|  |TAMS 0x00000000fa100000| PB 0x00000000fa100000| Untracked |  0
| 418|0x00000000fa200000, 0x00000000fa200000, 0x00000000fa300000|  0%| F|  |TAMS 0x00000000fa200000| PB 0x00000000fa200000| Untracked |  0
| 419|0x00000000fa300000, 0x00000000fa300000, 0x00000000fa400000|  0%| F|  |TAMS 0x00000000fa300000| PB 0x00000000fa300000| Untracked |  0
| 420|0x00000000fa400000, 0x00000000fa400000, 0x00000000fa500000|  0%| F|  |TAMS 0x00000000fa400000| PB 0x00000000fa400000| Untracked |  0
| 421|0x00000000fa500000, 0x00000000fa500000, 0x00000000fa600000|  0%| F|  |TAMS 0x00000000fa500000| PB 0x00000000fa500000| Untracked |  0
| 422|0x00000000fa600000, 0x00000000fa600000, 0x00000000fa700000|  0%| F|  |TAMS 0x00000000fa600000| PB 0x00000000fa600000| Untracked |  0
| 423|0x00000000fa700000, 0x00000000fa700000, 0x00000000fa800000|  0%| F|  |TAMS 0x00000000fa700000| PB 0x00000000fa700000| Untracked |  0
| 424|0x00000000fa800000, 0x00000000fa800000, 0x00000000fa900000|  0%| F|  |TAMS 0x00000000fa800000| PB 0x00000000fa800000| Untracked |  0
| 425|0x00000000fa900000, 0x00000000fa900000, 0x00000000faa00000|  0%| F|  |TAMS 0x00000000fa900000| PB 0x00000000fa900000| Untracked |  0
| 426|0x00000000faa00000, 0x00000000faa00000, 0x00000000fab00000|  0%| F|  |TAMS 0x00000000faa00000| PB 0x00000000faa00000| Untracked |  0
| 427|0x00000000fab00000, 0x00000000fab00000, 0x00000000fac00000|  0%| F|  |TAMS 0x00000000fab00000| PB 0x00000000fab00000| Untracked |  0
| 428|0x00000000fac00000, 0x00000000fac00000, 0x00000000fad00000|  0%| F|  |TAMS 0x00000000fac00000| PB 0x00000000fac00000| Untracked |  0
| 429|0x00000000fad00000, 0x00000000fad00000, 0x00000000fae00000|  0%| F|  |TAMS 0x00000000fad00000| PB 0x00000000fad00000| Untracked |  0
| 430|0x00000000fae00000, 0x00000000fae00000, 0x00000000faf00000|  0%| F|  |TAMS 0x00000000fae00000| PB 0x00000000fae00000| Untracked |  0
| 431|0x00000000faf00000, 0x00000000faf00000, 0x00000000fb000000|  0%| F|  |TAMS 0x00000000faf00000| PB 0x00000000faf00000| Untracked |  0
| 432|0x00000000fb000000, 0x00000000fb000000, 0x00000000fb100000|  0%| F|  |TAMS 0x00000000fb000000| PB 0x00000000fb000000| Untracked |  0
| 433|0x00000000fb100000, 0x00000000fb100000, 0x00000000fb200000|  0%| F|  |TAMS 0x00000000fb100000| PB 0x00000000fb100000| Untracked |  0
| 434|0x00000000fb200000, 0x00000000fb200000, 0x00000000fb300000|  0%| F|  |TAMS 0x00000000fb200000| PB 0x00000000fb200000| Untracked |  0
| 435|0x00000000fb300000, 0x00000000fb300000, 0x00000000fb400000|  0%| F|  |TAMS 0x00000000fb300000| PB 0x00000000fb300000| Untracked |  0
| 436|0x00000000fb400000, 0x00000000fb400000, 0x00000000fb500000|  0%| F|  |TAMS 0x00000000fb400000| PB 0x00000000fb400000| Untracked |  0
| 437|0x00000000fb500000, 0x00000000fb500000, 0x00000000fb600000|  0%| F|  |TAMS 0x00000000fb500000| PB 0x00000000fb500000| Untracked |  0
| 438|0x00000000fb600000, 0x00000000fb600000, 0x00000000fb700000|  0%| F|  |TAMS 0x00000000fb600000| PB 0x00000000fb600000| Untracked |  0
| 439|0x00000000fb700000, 0x00000000fb700000, 0x00000000fb800000|  0%| F|  |TAMS 0x00000000fb700000| PB 0x00000000fb700000| Untracked |  0
| 440|0x00000000fb800000, 0x00000000fb800000, 0x00000000fb900000|  0%| F|  |TAMS 0x00000000fb800000| PB 0x00000000fb800000| Untracked |  0
| 441|0x00000000fb900000, 0x00000000fb900000, 0x00000000fba00000|  0%| F|  |TAMS 0x00000000fb900000| PB 0x00000000fb900000| Untracked |  0
| 442|0x00000000fba00000, 0x00000000fba00000, 0x00000000fbb00000|  0%| F|  |TAMS 0x00000000fba00000| PB 0x00000000fba00000| Untracked |  0
| 443|0x00000000fbb00000, 0x00000000fbb00000, 0x00000000fbc00000|  0%| F|  |TAMS 0x00000000fbb00000| PB 0x00000000fbb00000| Untracked |  0
| 444|0x00000000fbc00000, 0x00000000fbc00000, 0x00000000fbd00000|  0%| F|  |TAMS 0x00000000fbc00000| PB 0x00000000fbc00000| Untracked |  0
| 445|0x00000000fbd00000, 0x00000000fbd00000, 0x00000000fbe00000|  0%| F|  |TAMS 0x00000000fbd00000| PB 0x00000000fbd00000| Untracked |  0
| 446|0x00000000fbe00000, 0x00000000fbe308d8, 0x00000000fbf00000| 18%| E|  |TAMS 0x00000000fbe00000| PB 0x00000000fbe00000| Complete |  0
| 447|0x00000000fbf00000, 0x00000000fc000000, 0x00000000fc000000|100%| E|CS|TAMS 0x00000000fbf00000| PB 0x00000000fbf00000| Complete |  0
| 448|0x00000000fc000000, 0x00000000fc100000, 0x00000000fc100000|100%| E|CS|TAMS 0x00000000fc000000| PB 0x00000000fc000000| Complete |  0
| 449|0x00000000fc100000, 0x00000000fc200000, 0x00000000fc200000|100%| E|CS|TAMS 0x00000000fc100000| PB 0x00000000fc100000| Complete |  0
| 450|0x00000000fc200000, 0x00000000fc300000, 0x00000000fc300000|100%| E|CS|TAMS 0x00000000fc200000| PB 0x00000000fc200000| Complete |  0
| 451|0x00000000fc300000, 0x00000000fc400000, 0x00000000fc400000|100%| E|CS|TAMS 0x00000000fc300000| PB 0x00000000fc300000| Complete |  0
| 452|0x00000000fc400000, 0x00000000fc500000, 0x00000000fc500000|100%| E|CS|TAMS 0x00000000fc400000| PB 0x00000000fc400000| Complete |  0
| 453|0x00000000fc500000, 0x00000000fc600000, 0x00000000fc600000|100%| E|CS|TAMS 0x00000000fc500000| PB 0x00000000fc500000| Complete |  0
| 454|0x00000000fc600000, 0x00000000fc700000, 0x00000000fc700000|100%| E|CS|TAMS 0x00000000fc600000| PB 0x00000000fc600000| Complete |  0
| 455|0x00000000fc700000, 0x00000000fc800000, 0x00000000fc800000|100%| E|CS|TAMS 0x00000000fc700000| PB 0x00000000fc700000| Complete |  0
| 456|0x00000000fc800000, 0x00000000fc900000, 0x00000000fc900000|100%| E|CS|TAMS 0x00000000fc800000| PB 0x00000000fc800000| Complete |  0
| 457|0x00000000fc900000, 0x00000000fca00000, 0x00000000fca00000|100%| E|CS|TAMS 0x00000000fc900000| PB 0x00000000fc900000| Complete |  0
| 458|0x00000000fca00000, 0x00000000fcb00000, 0x00000000fcb00000|100%| E|CS|TAMS 0x00000000fca00000| PB 0x00000000fca00000| Complete |  0
| 459|0x00000000fcb00000, 0x00000000fcc00000, 0x00000000fcc00000|100%| E|CS|TAMS 0x00000000fcb00000| PB 0x00000000fcb00000| Complete |  0
| 460|0x00000000fcc00000, 0x00000000fcd00000, 0x00000000fcd00000|100%| E|CS|TAMS 0x00000000fcc00000| PB 0x00000000fcc00000| Complete |  0
| 461|0x00000000fcd00000, 0x00000000fce00000, 0x00000000fce00000|100%| E|CS|TAMS 0x00000000fcd00000| PB 0x00000000fcd00000| Complete |  0
| 462|0x00000000fce00000, 0x00000000fcf00000, 0x00000000fcf00000|100%| E|CS|TAMS 0x00000000fce00000| PB 0x00000000fce00000| Complete |  0
| 463|0x00000000fcf00000, 0x00000000fd000000, 0x00000000fd000000|100%| E|CS|TAMS 0x00000000fcf00000| PB 0x00000000fcf00000| Complete |  0
| 464|0x00000000fd000000, 0x00000000fd100000, 0x00000000fd100000|100%| E|CS|TAMS 0x00000000fd000000| PB 0x00000000fd000000| Complete |  0
| 465|0x00000000fd100000, 0x00000000fd200000, 0x00000000fd200000|100%| E|CS|TAMS 0x00000000fd100000| PB 0x00000000fd100000| Complete |  0
| 466|0x00000000fd200000, 0x00000000fd300000, 0x00000000fd300000|100%| E|CS|TAMS 0x00000000fd200000| PB 0x00000000fd200000| Complete |  0
| 467|0x00000000fd300000, 0x00000000fd400000, 0x00000000fd400000|100%| E|CS|TAMS 0x00000000fd300000| PB 0x00000000fd300000| Complete |  0
| 468|0x00000000fd400000, 0x00000000fd500000, 0x00000000fd500000|100%| E|CS|TAMS 0x00000000fd400000| PB 0x00000000fd400000| Complete |  0
| 469|0x00000000fd500000, 0x00000000fd600000, 0x00000000fd600000|100%| E|CS|TAMS 0x00000000fd500000| PB 0x00000000fd500000| Complete |  0
| 470|0x00000000fd600000, 0x00000000fd700000, 0x00000000fd700000|100%| E|CS|TAMS 0x00000000fd600000| PB 0x00000000fd600000| Complete |  0
| 471|0x00000000fd700000, 0x00000000fd800000, 0x00000000fd800000|100%| O|Cm|TAMS 0x00000000fd700000| PB 0x00000000fd700000| Complete |  0
| 472|0x00000000fd800000, 0x00000000fd900000, 0x00000000fd900000|100%| E|CS|TAMS 0x00000000fd800000| PB 0x00000000fd800000| Complete |  0
| 473|0x00000000fd900000, 0x00000000fda00000, 0x00000000fda00000|100%| E|CS|TAMS 0x00000000fd900000| PB 0x00000000fd900000| Complete |  0
| 474|0x00000000fda00000, 0x00000000fdb00000, 0x00000000fdb00000|100%| E|CS|TAMS 0x00000000fda00000| PB 0x00000000fda00000| Complete |  0
| 475|0x00000000fdb00000, 0x00000000fdc00000, 0x00000000fdc00000|100%| E|CS|TAMS 0x00000000fdb00000| PB 0x00000000fdb00000| Complete |  0
| 476|0x00000000fdc00000, 0x00000000fdd00000, 0x00000000fdd00000|100%| E|CS|TAMS 0x00000000fdc00000| PB 0x00000000fdc00000| Complete |  0
| 477|0x00000000fdd00000, 0x00000000fde00000, 0x00000000fde00000|100%| E|CS|TAMS 0x00000000fdd00000| PB 0x00000000fdd00000| Complete |  0
| 478|0x00000000fde00000, 0x00000000fdf00000, 0x00000000fdf00000|100%| E|CS|TAMS 0x00000000fde00000| PB 0x00000000fde00000| Complete |  0
| 479|0x00000000fdf00000, 0x00000000fe000000, 0x00000000fe000000|100%| E|CS|TAMS 0x00000000fdf00000| PB 0x00000000fdf00000| Complete |  0
| 480|0x00000000fe000000, 0x00000000fe100000, 0x00000000fe100000|100%| O|  |TAMS 0x00000000fe000000| PB 0x00000000fe000000| Untracked |  0
| 481|0x00000000fe100000, 0x00000000fe200000, 0x00000000fe200000|100%| O|  |TAMS 0x00000000fe100000| PB 0x00000000fe100000| Untracked |  0
| 482|0x00000000fe200000, 0x00000000fe300000, 0x00000000fe300000|100%| O|  |TAMS 0x00000000fe200000| PB 0x00000000fe200000| Untracked |  0
| 483|0x00000000fe300000, 0x00000000fe400000, 0x00000000fe400000|100%| O|  |TAMS 0x00000000fe300000| PB 0x00000000fe300000| Untracked |  0
| 484|0x00000000fe400000, 0x00000000fe500000, 0x00000000fe500000|100%| O|  |TAMS 0x00000000fe400000| PB 0x00000000fe400000| Untracked |  0
| 485|0x00000000fe500000, 0x00000000fe600000, 0x00000000fe600000|100%| O|  |TAMS 0x00000000fe500000| PB 0x00000000fe500000| Untracked |  0
| 486|0x00000000fe600000, 0x00000000fe700000, 0x00000000fe700000|100%| O|  |TAMS 0x00000000fe600000| PB 0x00000000fe600000| Untracked |  0
| 487|0x00000000fe700000, 0x00000000fe800000, 0x00000000fe800000|100%| O|  |TAMS 0x00000000fe700000| PB 0x00000000fe700000| Untracked |  0
| 488|0x00000000fe800000, 0x00000000fe900000, 0x00000000fe900000|100%| O|  |TAMS 0x00000000fe800000| PB 0x00000000fe800000| Untracked |  0
| 489|0x00000000fe900000, 0x00000000fea00000, 0x00000000fea00000|100%| E|CS|TAMS 0x00000000fe900000| PB 0x00000000fe900000| Complete |  0
| 490|0x00000000fea00000, 0x00000000feb00000, 0x00000000feb00000|100%| O|  |TAMS 0x00000000fea00000| PB 0x00000000fea00000| Untracked |  0
| 491|0x00000000feb00000, 0x00000000fec00000, 0x00000000fec00000|100%| O|  |TAMS 0x00000000feb00000| PB 0x00000000feb00000| Untracked |  0
| 492|0x00000000fec00000, 0x00000000fed00000, 0x00000000fed00000|100%| O|  |TAMS 0x00000000fec00000| PB 0x00000000fec00000| Untracked |  0
| 493|0x00000000fed00000, 0x00000000fee00000, 0x00000000fee00000|100%| O|  |TAMS 0x00000000fed00000| PB 0x00000000fed00000| Untracked |  0
| 494|0x00000000fee00000, 0x00000000fef00000, 0x00000000fef00000|100%| O|  |TAMS 0x00000000fee00000| PB 0x00000000fee00000| Untracked |  0
| 495|0x00000000fef00000, 0x00000000ff000000, 0x00000000ff000000|100%| O|  |TAMS 0x00000000fef00000| PB 0x00000000fef00000| Untracked |  0
| 496|0x00000000ff000000, 0x00000000ff100000, 0x00000000ff100000|100%| O|  |TAMS 0x00000000ff000000| PB 0x00000000ff000000| Untracked |  0
| 497|0x00000000ff100000, 0x00000000ff200000, 0x00000000ff200000|100%| O|  |TAMS 0x00000000ff100000| PB 0x00000000ff100000| Untracked |  0
| 498|0x00000000ff200000, 0x00000000ff300000, 0x00000000ff300000|100%| O|  |TAMS 0x00000000ff200000| PB 0x00000000ff200000| Untracked |  0
| 499|0x00000000ff300000, 0x00000000ff400000, 0x00000000ff400000|100%| O|  |TAMS 0x00000000ff300000| PB 0x00000000ff300000| Untracked |  0
| 500|0x00000000ff400000, 0x00000000ff500000, 0x00000000ff500000|100%| O|  |TAMS 0x00000000ff400000| PB 0x00000000ff400000| Untracked |  0
| 501|0x00000000ff500000, 0x00000000ff600000, 0x00000000ff600000|100%| E|CS|TAMS 0x00000000ff500000| PB 0x00000000ff500000| Complete |  0
| 502|0x00000000ff600000, 0x00000000ff700000, 0x00000000ff700000|100%| E|CS|TAMS 0x00000000ff600000| PB 0x00000000ff600000| Complete |  0
| 503|0x00000000ff700000, 0x00000000ff800000, 0x00000000ff800000|100%| O|  |TAMS 0x00000000ff700000| PB 0x00000000ff700000| Untracked |  0
| 504|0x00000000ff800000, 0x00000000ff900000, 0x00000000ff900000|100%| O|  |TAMS 0x00000000ff800000| PB 0x00000000ff800000| Untracked |  0
| 505|0x00000000ff900000, 0x00000000ffa00000, 0x00000000ffa00000|100%| O|  |TAMS 0x00000000ff900000| PB 0x00000000ff900000| Untracked |  0
| 506|0x00000000ffa00000, 0x00000000ffb00000, 0x00000000ffb00000|100%| O|  |TAMS 0x00000000ffa00000| PB 0x00000000ffa00000| Untracked |  0
| 507|0x00000000ffb00000, 0x00000000ffc00000, 0x00000000ffc00000|100%| O|  |TAMS 0x00000000ffb00000| PB 0x00000000ffb00000| Untracked |  0
| 508|0x00000000ffc00000, 0x00000000ffd00000, 0x00000000ffd00000|100%| O|  |TAMS 0x00000000ffc00000| PB 0x00000000ffc00000| Untracked |  0
| 509|0x00000000ffd00000, 0x00000000ffe00000, 0x00000000ffe00000|100%| E|CS|TAMS 0x00000000ffd00000| PB 0x00000000ffd00000| Complete |  0
| 510|0x00000000ffe00000, 0x00000000fff00000, 0x00000000fff00000|100%| O|  |TAMS 0x00000000ffe00000| PB 0x00000000ffe00000| Untracked |  0
| 511|0x00000000fff00000, 0x0000000100000000, 0x0000000100000000|100%| O|  |TAMS 0x00000000fff00000| PB 0x00000000fff00000| Untracked |  0

Card table byte_map: [0x00000170d7920000,0x00000170d7a20000] _byte_map_base: 0x00000170d7220000

Marking Bits: (CMBitMap*) 0x00000170c3f31d10
 Bits: [0x00000170d7a20000, 0x00000170d8220000)

Polling page: 0x00000170c1d00000

Metaspace:
Metaspace        used 168024K, committed 170368K, reserved 524288K
 class space     used 24771K, committed 25856K, reserved 327680K

Usage:
  Non-class:    139.90 MB used.
      Class:     24.19 MB used.
       Both:    164.09 MB used.

Virtual space:
  Non-class space:      192.00 MB reserved,     141.12 MB ( 74%) committed,  3 nodes.
      Class space:      320.00 MB reserved,      25.25 MB (  8%) committed,  1 nodes.
             Both:      512.00 MB reserved,     166.38 MB ( 32%) committed. 

Chunk freelists:
   Non-Class:  2.12 MB
       Class:  6.74 MB
        Both:  8.86 MB

MaxMetaspaceSize: 384.00 MB
CompressedClassSpaceSize: 320.00 MB
Initial GC threshold: 21.00 MB
Current GC threshold: 277.31 MB
CDS: off
 - commit_granule_bytes: 65536.
 - commit_granule_words: 8192.
 - virtual_space_node_default_size: 8388608.
 - enlarge_chunks_in_place: 1.
UseCompressedClassPointers 1, UseCompactObjectHeaders 0
Narrow klass pointer bits 32, Max shift 3
Narrow klass base: 0x0000000000000000, Narrow klass shift: 0
Encoding Range: [0x0000000000000000 - 0x0000000100000000), (4294967296 bytes)
Klass Range:    [0x00000000a6000000 - 0x00000000ba000000), (335544320 bytes)
Klass ID Range:  [2785017856 - 3120562169) (335544313)
No protection zone.


Internal statistics:

num_allocs_failed_limit: 12.
num_arena_births: 4514.
num_arena_deaths: 84.
num_vsnodes_births: 4.
num_vsnodes_deaths: 0.
num_space_committed: 2661.
num_space_uncommitted: 0.
num_chunks_returned_to_freelist: 133.
num_chunks_taken_from_freelist: 11289.
num_chunk_merges: 54.
num_chunk_splits: 7723.
num_chunks_enlarged: 5343.
num_inconsistent_stats: 0.

CodeHeap 'non-profiled nmethods': size=118912Kb used=9001Kb max_used=9969Kb free=109910Kb
 bounds [0x00000170cefd0000, 0x00000170cf9d0000, 0x00000170d63f0000]
CodeHeap 'profiled nmethods': size=118848Kb used=26742Kb max_used=30660Kb free=92105Kb
 bounds [0x00000170c73f0000, 0x00000170c9240000, 0x00000170ce800000]
CodeHeap 'non-nmethods': size=8000Kb used=4616Kb max_used=4703Kb free=3384Kb
 bounds [0x00000170ce800000, 0x00000170cecb0000, 0x00000170cefd0000]
CodeCache: size=245760Kb, used=40359Kb, max_used=45332Kb, free=205399Kb
 total_blobs=17731, nmethods=16687, adapters=937, full_count=0
Compilation: enabled, stopped_count=0, restarted_count=0

Compilation events (20 events):
Event: 10.261 Thread 0x00000170e00fb960 nmethod 26022 0x00000170c7af6108 code [0x00000170c7af6200, 0x00000170c7af6488]
Event: 10.261 Thread 0x00000170e00fb960 26023       3       com.android.tools.r8.internal.j6::f (36 bytes)
Event: 10.261 Thread 0x00000170e00fb960 nmethod 26023 0x00000170c7658388 code [0x00000170c7658480, 0x00000170c7658a10]
Event: 10.262 Thread 0x00000170ed53cb00 26024       2       com.android.tools.r8.internal.cH::X (2 bytes)
Event: 10.262 Thread 0x00000170ed53cb00 nmethod 26024 0x00000170c7b6ba08 code [0x00000170c7b6bb00, 0x00000170c7b6bc08]
Event: 10.262 Thread 0x00000170ed53cb00 26025       3       com.android.tools.r8.internal.Vz$$Lambda/0x00000000a788e5e0::accept (24 bytes)
Event: 10.262 Thread 0x00000170e0017c20 26026       3       com.android.tools.r8.internal.Vz::a (116 bytes)
Event: 10.262 Thread 0x00000170e00fb960 26027       3       com.android.tools.r8.internal.Rz::<init> (22 bytes)
Event: 10.262 Thread 0x00000170ed53cb00 nmethod 26025 0x00000170c786e908 code [0x00000170c786ea00, 0x00000170c786ed48]
Event: 10.262 Thread 0x00000170e00fb960 nmethod 26027 0x00000170c7b7e408 code [0x00000170c7b7e500, 0x00000170c7b7e6b8]
Event: 10.262 Thread 0x00000170ed53cb00 26028       1       com.android.tools.r8.internal.cH::F2 (4 bytes)
Event: 10.262 Thread 0x00000170ed53cb00 nmethod 26028 0x00000170cf096408 code [0x00000170cf096500, 0x00000170cf0965c8]
Event: 10.262 Thread 0x00000170e0017c20 nmethod 26026 0x00000170c7622408 code [0x00000170c7622500, 0x00000170c7622e30]
Event: 10.262 Thread 0x00000170e00fb960 26029       3       com.android.tools.r8.internal.qW::a (12 bytes)
Event: 10.262 Thread 0x00000170e00fb960 nmethod 26029 0x00000170c7ba7188 code [0x00000170c7ba7280, 0x00000170c7ba7420]
Event: 10.263 Thread 0x00000170ed53d310 nmethod 26016 0x00000170c8c4ca88 code [0x00000170c8c4cb80, 0x00000170c8c52e60]
Event: 10.263 Thread 0x00000170ed53b2d0 26031       2       java.util.HashMap$TreeNode::treeify (221 bytes)
Event: 10.263 Thread 0x00000170e00fb960 26032       2       com.android.tools.r8.internal.cH::a (30 bytes)
Event: 10.263 Thread 0x00000170ed53b2d0 nmethod 26031 0x00000170c78c3708 code [0x00000170c78c3800, 0x00000170c78c3e30]
Event: 10.263 Thread 0x00000170e00fb960 nmethod 26032 0x00000170c7be2f88 code [0x00000170c7be3080, 0x00000170c7be31b8]

GC Heap Usage History (20 events):
Event: 9.866 {heap Before GC invocations=59 (full 0):
 garbage-first heap   total reserved 524288K, committed 524288K, used 398436K [0x00000000e0000000, 0x0000000100000000)
  region size 1024K, 93 young (95232K), 7 survivors (7168K)
}
Event: 9.869 {heap After GC invocations=60 (full 0):
 garbage-first heap   total reserved 524288K, committed 524288K, used 317885K [0x00000000e0000000, 0x0000000100000000)
  region size 1024K, 13 young (13312K), 13 survivors (13312K)
}
Event: 9.926 {heap Before GC invocations=60 (full 0):
 garbage-first heap   total reserved 524288K, committed 524288K, used 494013K [0x00000000e0000000, 0x0000000100000000)
  region size 1024K, 184 young (188416K), 13 survivors (13312K)
}
Event: 9.929 {heap After GC invocations=61 (full 0):
 garbage-first heap   total reserved 524288K, committed 524288K, used 324160K [0x00000000e0000000, 0x0000000100000000)
  region size 1024K, 16 young (16384K), 16 survivors (16384K)
}
Event: 9.986 {heap Before GC invocations=62 (full 0):
 garbage-first heap   total reserved 524288K, committed 524288K, used 493120K [0x00000000e0000000, 0x0000000100000000)
  region size 1024K, 182 young (186368K), 16 survivors (16384K)
}
Event: 9.990 {heap After GC invocations=63 (full 0):
 garbage-first heap   total reserved 524288K, committed 524288K, used 334610K [0x00000000e0000000, 0x0000000100000000)
  region size 1024K, 23 young (23552K), 23 survivors (23552K)
}
Event: 10.023 {heap Before GC invocations=63 (full 0):
 garbage-first heap   total reserved 524288K, committed 524288K, used 492306K [0x00000000e0000000, 0x0000000100000000)
  region size 1024K, 178 young (182272K), 23 survivors (23552K)
}
Event: 10.029 {heap After GC invocations=64 (full 0):
 garbage-first heap   total reserved 524288K, committed 524288K, used 444416K [0x00000000e0000000, 0x0000000100000000)
  region size 1024K, 7 young (7168K), 7 survivors (7168K)
}
Event: 10.040 {heap Before GC invocations=64 (full 0):
 garbage-first heap   total reserved 524288K, committed 524288K, used 495616K [0x00000000e0000000, 0x0000000100000000)
  region size 1024K, 58 young (59392K), 7 survivors (7168K)
}
Event: 10.043 {heap After GC invocations=65 (full 0):
 garbage-first heap   total reserved 524288K, committed 524288K, used 341450K [0x00000000e0000000, 0x0000000100000000)
  region size 1024K, 5 young (5120K), 5 survivors (5120K)
}
Event: 10.082 {heap Before GC invocations=65 (full 0):
 garbage-first heap   total reserved 524288K, committed 524288K, used 488906K [0x00000000e0000000, 0x0000000100000000)
  region size 1024K, 150 young (153600K), 5 survivors (5120K)
}
Event: 10.088 {heap After GC invocations=66 (full 0):
 garbage-first heap   total reserved 524288K, committed 524288K, used 348116K [0x00000000e0000000, 0x0000000100000000)
  region size 1024K, 12 young (12288K), 12 survivors (12288K)
}
Event: 10.146 {heap Before GC invocations=67 (full 0):
 garbage-first heap   total reserved 524288K, committed 524288K, used 492500K [0x00000000e0000000, 0x0000000100000000)
  region size 1024K, 154 young (157696K), 12 survivors (12288K)
}
Event: 10.149 {heap After GC invocations=68 (full 0):
 garbage-first heap   total reserved 524288K, committed 524288K, used 354833K [0x00000000e0000000, 0x0000000100000000)
  region size 1024K, 15 young (15360K), 15 survivors (15360K)
}
Event: 10.181 {heap Before GC invocations=68 (full 0):
 garbage-first heap   total reserved 524288K, committed 524288K, used 494097K [0x00000000e0000000, 0x0000000100000000)
  region size 1024K, 152 young (155648K), 15 survivors (15360K)
}
Event: 10.185 {heap After GC invocations=69 (full 0):
 garbage-first heap   total reserved 524288K, committed 524288K, used 359715K [0x00000000e0000000, 0x0000000100000000)
  region size 1024K, 13 young (13312K), 13 survivors (13312K)
}
Event: 10.216 {heap Before GC invocations=69 (full 0):
 garbage-first heap   total reserved 524288K, committed 524288K, used 494883K [0x00000000e0000000, 0x0000000100000000)
  region size 1024K, 146 young (149504K), 13 survivors (13312K)
}
Event: 10.220 {heap After GC invocations=70 (full 0):
 garbage-first heap   total reserved 524288K, committed 524288K, used 363078K [0x00000000e0000000, 0x0000000100000000)
  region size 1024K, 12 young (12288K), 12 survivors (12288K)
}
Event: 10.248 {heap Before GC invocations=70 (full 0):
 garbage-first heap   total reserved 524288K, committed 524288K, used 495174K [0x00000000e0000000, 0x0000000100000000)
  region size 1024K, 142 young (145408K), 12 survivors (12288K)
}
Event: 10.251 {heap After GC invocations=71 (full 0):
 garbage-first heap   total reserved 524288K, committed 524288K, used 367272K [0x00000000e0000000, 0x0000000100000000)
  region size 1024K, 10 young (10240K), 10 survivors (10240K)
}

Metaspace Usage History (20 events):
Event: 9.866 {metaspace Before GC invocations=59 (full 0):
 Metaspace       used 167288K, committed 169664K, reserved 524288K
  class space    used 24745K, committed 25856K, reserved 327680K
}
Event: 9.869 {metaspace After GC invocations=60 (full 0):
 Metaspace       used 167288K, committed 169664K, reserved 524288K
  class space    used 24745K, committed 25856K, reserved 327680K
}
Event: 9.926 {metaspace Before GC invocations=60 (full 0):
 Metaspace       used 167509K, committed 169856K, reserved 524288K
  class space    used 24765K, committed 25856K, reserved 327680K
}
Event: 9.929 {metaspace After GC invocations=61 (full 0):
 Metaspace       used 167509K, committed 169856K, reserved 524288K
  class space    used 24765K, committed 25856K, reserved 327680K
}
Event: 9.986 {metaspace Before GC invocations=62 (full 0):
 Metaspace       used 167670K, committed 169984K, reserved 524288K
  class space    used 24759K, committed 25856K, reserved 327680K
}
Event: 9.990 {metaspace After GC invocations=63 (full 0):
 Metaspace       used 167670K, committed 169984K, reserved 524288K
  class space    used 24759K, committed 25856K, reserved 327680K
}
Event: 10.023 {metaspace Before GC invocations=63 (full 0):
 Metaspace       used 167717K, committed 170048K, reserved 524288K
  class space    used 24759K, committed 25856K, reserved 327680K
}
Event: 10.029 {metaspace After GC invocations=64 (full 0):
 Metaspace       used 167717K, committed 170048K, reserved 524288K
  class space    used 24759K, committed 25856K, reserved 327680K
}
Event: 10.040 {metaspace Before GC invocations=64 (full 0):
 Metaspace       used 167729K, committed 170048K, reserved 524288K
  class space    used 24761K, committed 25856K, reserved 327680K
}
Event: 10.043 {metaspace After GC invocations=65 (full 0):
 Metaspace       used 167729K, committed 170048K, reserved 524288K
  class space    used 24761K, committed 25856K, reserved 327680K
}
Event: 10.082 {metaspace Before GC invocations=65 (full 0):
 Metaspace       used 167766K, committed 170048K, reserved 524288K
  class space    used 24762K, committed 25856K, reserved 327680K
}
Event: 10.088 {metaspace After GC invocations=66 (full 0):
 Metaspace       used 167766K, committed 170048K, reserved 524288K
  class space    used 24762K, committed 25856K, reserved 327680K
}
Event: 10.146 {metaspace Before GC invocations=67 (full 0):
 Metaspace       used 167864K, committed 170176K, reserved 524288K
  class space    used 24762K, committed 25856K, reserved 327680K
}
Event: 10.149 {metaspace After GC invocations=68 (full 0):
 Metaspace       used 167864K, committed 170176K, reserved 524288K
  class space    used 24762K, committed 25856K, reserved 327680K
}
Event: 10.181 {metaspace Before GC invocations=68 (full 0):
 Metaspace       used 167917K, committed 170240K, reserved 524288K
  class space    used 24764K, committed 25856K, reserved 327680K
}
Event: 10.185 {metaspace After GC invocations=69 (full 0):
 Metaspace       used 167917K, committed 170240K, reserved 524288K
  class space    used 24764K, committed 25856K, reserved 327680K
}
Event: 10.216 {metaspace Before GC invocations=69 (full 0):
 Metaspace       used 167947K, committed 170304K, reserved 524288K
  class space    used 24764K, committed 25856K, reserved 327680K
}
Event: 10.220 {metaspace After GC invocations=70 (full 0):
 Metaspace       used 167947K, committed 170304K, reserved 524288K
  class space    used 24764K, committed 25856K, reserved 327680K
}
Event: 10.248 {metaspace Before GC invocations=70 (full 0):
 Metaspace       used 167953K, committed 170304K, reserved 524288K
  class space    used 24765K, committed 25856K, reserved 327680K
}
Event: 10.251 {metaspace After GC invocations=71 (full 0):
 Metaspace       used 167953K, committed 170304K, reserved 524288K
  class space    used 24765K, committed 25856K, reserved 327680K
}

Dll operation events (3 events):
Event: 0.004 Loaded shared library C:\Program Files\Android\Android Studio\jbr\bin\java.dll
Event: 0.007 Loaded shared library C:\Program Files\Android\Android Studio\jbr\bin\zip.dll
Event: 0.255 Loaded shared library C:\Program Files\Android\Android Studio\jbr\bin\verify.dll

Deoptimization events (20 events):
Event: 10.190 Thread 0x00000170e2058540 DEOPT PACKING pc=0x00000170c88494dc sp=0x0000006a124fede0
Event: 10.190 Thread 0x00000170e2058540 DEOPT UNPACKING pc=0x00000170ce851702 sp=0x0000006a124fe290 mode 0
Event: 10.203 Thread 0x00000170f1967ab0 DEOPT PACKING pc=0x00000170c8bb9085 sp=0x0000006a12ff9aa0
Event: 10.203 Thread 0x00000170f1967ab0 DEOPT UNPACKING pc=0x00000170ce851702 sp=0x0000006a12ff9158 mode 0
Event: 10.205 Thread 0x00000170e2057d70 Uncommon trap: trap_request=0xffffff66 fr.pc=0x00000170cf023e04 relative=0x0000000000000384
Event: 10.205 Thread 0x00000170e2057d70 Uncommon trap: reason=loop_limit_check action=maybe_recompile pc=0x00000170cf023e04 method=com.android.tools.r8.internal.vG.add(I)Z @ 10 c2
Event: 10.205 Thread 0x00000170e2057d70 DEOPT PACKING pc=0x00000170cf023e04 sp=0x0000006a120f9d80
Event: 10.205 Thread 0x00000170e2057d70 DEOPT UNPACKING pc=0x00000170ce918582 sp=0x0000006a120f9d20 mode 2
Event: 10.214 Thread 0x00000170e59e58b0 DEOPT PACKING pc=0x00000170c8bb90c7 sp=0x0000006a118f9fe0
Event: 10.214 Thread 0x00000170e59e58b0 DEOPT UNPACKING pc=0x00000170ce851702 sp=0x0000006a118f96a0 mode 0
Event: 10.240 Thread 0x00000170e59e58b0 DEOPT PACKING pc=0x00000170c8c77c6b sp=0x0000006a118f9700
Event: 10.240 Thread 0x00000170e59e58b0 DEOPT UNPACKING pc=0x00000170ce851702 sp=0x0000006a118f8c10 mode 0
Event: 10.242 Thread 0x00000170e59e58b0 Uncommon trap: trap_request=0xffffffde fr.pc=0x00000170cf8b92ac relative=0x000000000000090c
Event: 10.242 Thread 0x00000170e59e58b0 Uncommon trap: reason=class_check action=maybe_recompile pc=0x00000170cf8b92ac method=com.android.tools.r8.internal.Oa.h(I)Lcom/android/tools/r8/internal/Ma; @ 47 c2
Event: 10.242 Thread 0x00000170e59e58b0 DEOPT PACKING pc=0x00000170cf8b92ac sp=0x0000006a118f9c40
Event: 10.242 Thread 0x00000170e59e58b0 DEOPT UNPACKING pc=0x00000170ce918582 sp=0x0000006a118f9c00 mode 2
Event: 10.245 Thread 0x00000170e20f4900 DEOPT PACKING pc=0x00000170c8c77c6b sp=0x0000006a133f9cf0
Event: 10.245 Thread 0x00000170e20f4900 DEOPT UNPACKING pc=0x00000170ce851702 sp=0x0000006a133f9200 mode 0
Event: 10.256 Thread 0x00000170e20f4900 DEOPT PACKING pc=0x00000170c8c77c6b sp=0x0000006a133f9ca0
Event: 10.256 Thread 0x00000170e20f4900 DEOPT UNPACKING pc=0x00000170ce851702 sp=0x0000006a133f91b0 mode 0

Classes loaded (20 events):
Event: 9.556 Loading class java/util/IdentityHashMap$ValueIterator
Event: 9.556 Loading class java/util/IdentityHashMap$ValueIterator done
Event: 9.569 Loading class java/util/AbstractList$SubList
Event: 9.569 Loading class java/util/AbstractList$SubList done
Event: 9.569 Loading class java/util/AbstractList$SubList$1
Event: 9.570 Loading class java/util/AbstractList$SubList$1 done
Event: 9.801 Loading class java/nio/ByteBufferAsShortBufferL
Event: 9.801 Loading class java/nio/ByteBufferAsShortBufferL done
Event: 9.809 Loading class java/util/zip/Adler32
Event: 9.809 Loading class java/util/zip/Adler32 done
Event: 9.811 Loading class java/nio/file/Files$2
Event: 9.811 Loading class java/nio/file/Files$2 done
Event: 9.822 Loading class java/util/concurrent/ConcurrentHashMap$TreeNode
Event: 9.822 Loading class java/util/concurrent/ConcurrentHashMap$TreeNode done
Event: 9.822 Loading class java/util/concurrent/ConcurrentHashMap$TreeBin
Event: 9.822 Loading class java/util/concurrent/ConcurrentHashMap$TreeBin done
Event: 9.902 Loading class java/util/WeakHashMap$KeyIterator
Event: 9.903 Loading class java/util/WeakHashMap$HashIterator
Event: 9.903 Loading class java/util/WeakHashMap$HashIterator done
Event: 9.903 Loading class java/util/WeakHashMap$KeyIterator done

Classes unloaded (20 events):
Event: 9.946 Thread 0x00000170db70d750 Unloading class 0x00000000a7878000 'java/lang/invoke/LambdaForm$DMH+0x00000000a7878000'
Event: 9.946 Thread 0x00000170db70d750 Unloading class 0x00000000a7877c00 'java/lang/invoke/LambdaForm$DMH+0x00000000a7877c00'
Event: 9.946 Thread 0x00000170db70d750 Unloading class 0x00000000a7877800 'java/lang/invoke/LambdaForm$DMH+0x00000000a7877800'
Event: 9.946 Thread 0x00000170db70d750 Unloading class 0x00000000a7877400 'java/lang/invoke/LambdaForm$DMH+0x00000000a7877400'
Event: 9.946 Thread 0x00000170db70d750 Unloading class 0x00000000a7877000 'java/lang/invoke/LambdaForm$DMH+0x00000000a7877000'
Event: 9.946 Thread 0x00000170db70d750 Unloading class 0x00000000a7876c00 'java/lang/invoke/LambdaForm$DMH+0x00000000a7876c00'
Event: 9.946 Thread 0x00000170db70d750 Unloading class 0x00000000a7876800 'java/lang/invoke/LambdaForm$DMH+0x00000000a7876800'
Event: 9.946 Thread 0x00000170db70d750 Unloading class 0x00000000a7876400 'java/lang/invoke/LambdaForm$DMH+0x00000000a7876400'
Event: 9.946 Thread 0x00000170db70d750 Unloading class 0x00000000a7876000 'java/lang/invoke/LambdaForm$DMH+0x00000000a7876000'
Event: 9.946 Thread 0x00000170db70d750 Unloading class 0x00000000a7875c00 'java/lang/invoke/LambdaForm$DMH+0x00000000a7875c00'
Event: 9.946 Thread 0x00000170db70d750 Unloading class 0x00000000a7875800 'java/lang/invoke/LambdaForm$DMH+0x00000000a7875800'
Event: 9.946 Thread 0x00000170db70d750 Unloading class 0x00000000a7875400 'java/lang/invoke/LambdaForm$DMH+0x00000000a7875400'
Event: 9.946 Thread 0x00000170db70d750 Unloading class 0x00000000a7875000 'java/lang/invoke/LambdaForm$DMH+0x00000000a7875000'
Event: 9.946 Thread 0x00000170db70d750 Unloading class 0x00000000a7874c00 'java/lang/invoke/LambdaForm$DMH+0x00000000a7874c00'
Event: 9.946 Thread 0x00000170db70d750 Unloading class 0x00000000a7874400 'java/lang/invoke/LambdaForm$DMH+0x00000000a7874400'
Event: 10.121 Thread 0x00000170db70d750 Unloading class 0x00000000a78ca800 'java/lang/invoke/LambdaForm$DMH+0x00000000a78ca800'
Event: 10.121 Thread 0x00000170db70d750 Unloading class 0x00000000a78c9c00 'java/lang/invoke/LambdaForm$MH+0x00000000a78c9c00'
Event: 10.121 Thread 0x00000170db70d750 Unloading class 0x00000000a78c9800 'java/lang/invoke/LambdaForm$DMH+0x00000000a78c9800'
Event: 10.121 Thread 0x00000170db70d750 Unloading class 0x00000000a78c8c00 'java/lang/invoke/LambdaForm$DMH+0x00000000a78c8c00'
Event: 10.121 Thread 0x00000170db70d750 Unloading class 0x00000000a78c8400 'java/lang/invoke/LambdaForm$DMH+0x00000000a78c8400'

Classes redefined (0 events):
No events

Internal exceptions (20 events):
Event: 9.975 Thread 0x00000170e2058d10 Exception <a 'sun/nio/fs/WindowsException'{0x00000000f6dd44d0}> (0x00000000f6dd44d0) 
thrown [s\src\hotspot\share\prims\jni.cpp, line 535]
Event: 9.975 Thread 0x00000170e2058d10 Exception <a 'sun/nio/fs/WindowsException'{0x00000000f6dd5360}> (0x00000000f6dd5360) 
thrown [s\src\hotspot\share\prims\jni.cpp, line 535]
Event: 9.975 Thread 0x00000170e2058d10 Exception <a 'sun/nio/fs/WindowsException'{0x00000000f6dd6418}> (0x00000000f6dd6418) 
thrown [s\src\hotspot\share\prims\jni.cpp, line 535]
Event: 9.975 Thread 0x00000170e2058d10 Exception <a 'sun/nio/fs/WindowsException'{0x00000000f6dd7770}> (0x00000000f6dd7770) 
thrown [s\src\hotspot\share\prims\jni.cpp, line 535]
Event: 9.977 Thread 0x00000170e59e77f0 Exception <a 'sun/nio/fs/WindowsException'{0x00000000f5ea9330}> (0x00000000f5ea9330) 
thrown [s\src\hotspot\share\prims\jni.cpp, line 535]
Event: 9.977 Thread 0x00000170e2058d10 Exception <a 'sun/nio/fs/WindowsException'{0x00000000f639c440}> (0x00000000f639c440) 
thrown [s\src\hotspot\share\prims\jni.cpp, line 535]
Event: 9.979 Thread 0x00000170e59e77f0 Exception <a 'sun/nio/fs/WindowsException'{0x00000000f5eb3230}> (0x00000000f5eb3230) 
thrown [s\src\hotspot\share\prims\jni.cpp, line 535]
Event: 9.979 Thread 0x00000170e59e77f0 Exception <a 'sun/nio/fs/WindowsException'{0x00000000f5eb40c0}> (0x00000000f5eb40c0) 
thrown [s\src\hotspot\share\prims\jni.cpp, line 535]
Event: 9.979 Thread 0x00000170e59e77f0 Exception <a 'sun/nio/fs/WindowsException'{0x00000000f5eb5178}> (0x00000000f5eb5178) 
thrown [s\src\hotspot\share\prims\jni.cpp, line 535]
Event: 9.979 Thread 0x00000170e59e77f0 Exception <a 'sun/nio/fs/WindowsException'{0x00000000f5eb64d0}> (0x00000000f5eb64d0) 
thrown [s\src\hotspot\share\prims\jni.cpp, line 535]
Event: 9.984 Thread 0x00000170e59e77f0 Exception <a 'sun/nio/fs/WindowsException'{0x00000000f4e9ea30}> (0x00000000f4e9ea30) 
thrown [s\src\hotspot\share\prims\jni.cpp, line 535]
Event: 10.173 Thread 0x00000170e2058540 Exception <a 'sun/nio/fs/WindowsException'{0x00000000f82046f0}> (0x00000000f82046f0) 
thrown [s\src\hotspot\share\prims\jni.cpp, line 535]
Event: 10.177 Thread 0x00000170e2058540 Exception <a 'sun/nio/fs/WindowsException'{0x00000000f821f6d8}> (0x00000000f821f6d8) 
thrown [s\src\hotspot\share\prims\jni.cpp, line 535]
Event: 10.178 Thread 0x00000170e2058540 Exception <a 'sun/nio/fs/WindowsException'{0x00000000f6bcf3a8}> (0x00000000f6bcf3a8) 
thrown [s\src\hotspot\share\prims\jni.cpp, line 535]
Event: 10.181 Thread 0x00000170e2058540 Exception <a 'sun/nio/fs/WindowsException'{0x00000000f5fb6b10}> (0x00000000f5fb6b10) 
thrown [s\src\hotspot\share\prims\jni.cpp, line 535]
Event: 10.186 Thread 0x00000170e2058540 Exception <a 'sun/nio/fs/WindowsException'{0x00000000ff641a68}> (0x00000000ff641a68) 
thrown [s\src\hotspot\share\prims\jni.cpp, line 535]
Event: 10.186 Thread 0x00000170e2058540 Exception <a 'sun/nio/fs/WindowsException'{0x00000000ff6428f8}> (0x00000000ff6428f8) 
thrown [s\src\hotspot\share\prims\jni.cpp, line 535]
Event: 10.186 Thread 0x00000170e2058540 Exception <a 'sun/nio/fs/WindowsException'{0x00000000ff6439b0}> (0x00000000ff6439b0) 
thrown [s\src\hotspot\share\prims\jni.cpp, line 535]
Event: 10.186 Thread 0x00000170e2058540 Exception <a 'sun/nio/fs/WindowsException'{0x00000000ff644d08}> (0x00000000ff644d08) 
thrown [s\src\hotspot\share\prims\jni.cpp, line 535]
Event: 10.190 Thread 0x00000170e2058540 Exception <a 'sun/nio/fs/WindowsException'{0x00000000fd108738}> (0x00000000fd108738) 
thrown [s\src\hotspot\share\prims\jni.cpp, line 535]

VM Operations (20 events):
Event: 9.986 Executing safepoint VM operation: G1CollectForAllocation (G1 Evacuation Pause)
Event: 9.990 Executing safepoint VM operation: G1CollectForAllocation (G1 Evacuation Pause) done
Event: 10.023 Executing safepoint VM operation: G1CollectForAllocation (G1 Evacuation Pause)
Event: 10.029 Executing safepoint VM operation: G1CollectForAllocation (G1 Evacuation Pause) done
Event: 10.040 Executing safepoint VM operation: G1CollectForAllocation (G1 Evacuation Pause)
Event: 10.043 Executing safepoint VM operation: G1CollectForAllocation (G1 Evacuation Pause) done
Event: 10.082 Executing safepoint VM operation: G1CollectForAllocation (G1 Evacuation Pause)
Event: 10.088 Executing safepoint VM operation: G1CollectForAllocation (G1 Evacuation Pause) done
Event: 10.120 Executing safepoint VM operation: G1PauseRemark
Event: 10.135 Executing safepoint VM operation: G1PauseRemark done
Event: 10.145 Executing safepoint VM operation: G1CollectForAllocation (G1 Evacuation Pause)
Event: 10.149 Executing safepoint VM operation: G1CollectForAllocation (G1 Evacuation Pause) done
Event: 10.162 Executing safepoint VM operation: G1PauseCleanup
Event: 10.162 Executing safepoint VM operation: G1PauseCleanup done
Event: 10.181 Executing safepoint VM operation: G1CollectForAllocation (G1 Evacuation Pause)
Event: 10.185 Executing safepoint VM operation: G1CollectForAllocation (G1 Evacuation Pause) done
Event: 10.216 Executing safepoint VM operation: G1CollectForAllocation (G1 Evacuation Pause)
Event: 10.220 Executing safepoint VM operation: G1CollectForAllocation (G1 Evacuation Pause) done
Event: 10.248 Executing safepoint VM operation: G1CollectForAllocation (G1 Evacuation Pause)
Event: 10.251 Executing safepoint VM operation: G1CollectForAllocation (G1 Evacuation Pause) done

Memory protections (0 events):
No events

Nmethod flushes (20 events):
Event: 10.134 Thread 0x00000170db70d750 flushing  nmethod 0x00000170c87fdb08
Event: 10.134 Thread 0x00000170db70d750 flushing  nmethod 0x00000170c87fe188
Event: 10.134 Thread 0x00000170db70d750 flushing  nmethod 0x00000170c87fed08
Event: 10.134 Thread 0x00000170db70d750 flushing  nmethod 0x00000170c8803d08
Event: 10.134 Thread 0x00000170db70d750 flushing  nmethod 0x00000170c89a7208
Event: 10.134 Thread 0x00000170db70d750 flushing  nmethod 0x00000170c89a9508
Event: 10.134 Thread 0x00000170db70d750 flushing  nmethod 0x00000170c8ba1588
Event: 10.134 Thread 0x00000170db70d750 flushing  nmethod 0x00000170c8bfef88
Event: 10.134 Thread 0x00000170db70d750 flushing  nmethod 0x00000170c8c03d08
Event: 10.134 Thread 0x00000170db70d750 flushing  nmethod 0x00000170c8cc3288
Event: 10.134 Thread 0x00000170db70d750 flushing  nmethod 0x00000170c8cc7288
Event: 10.134 Thread 0x00000170db70d750 flushing  nmethod 0x00000170c8dd8f88
Event: 10.134 Thread 0x00000170db70d750 flushing  nmethod 0x00000170c8dd9288
Event: 10.134 Thread 0x00000170db70d750 flushing  nmethod 0x00000170c8dda188
Event: 10.134 Thread 0x00000170db70d750 flushing  nmethod 0x00000170c8dda488
Event: 10.134 Thread 0x00000170db70d750 flushing  nmethod 0x00000170c8dda788
Event: 10.134 Thread 0x00000170db70d750 flushing  nmethod 0x00000170c8ddb188
Event: 10.134 Thread 0x00000170db70d750 flushing  nmethod 0x00000170c8ddb788
Event: 10.134 Thread 0x00000170db70d750 flushing  nmethod 0x00000170c8ddba88
Event: 10.134 Thread 0x00000170db70d750 flushing  nmethod 0x00000170c8ddbe88

Events (20 events):
Event: 8.919 Thread 0x00000170f1962330 Thread added: 0x00000170f0165850
Event: 8.919 Thread 0x00000170f1962330 Thread added: 0x00000170f01667f0
Event: 8.919 Thread 0x00000170f1962330 Thread added: 0x00000170f0166020
Event: 8.919 Thread 0x00000170f1962330 Thread added: 0x00000170f0167790
Event: 8.919 Thread 0x00000170f1962330 Thread added: 0x00000170f0165080
Event: 8.919 Thread 0x00000170f1962330 Thread added: 0x00000170f0166fc0
Event: 8.979 Thread 0x00000170f1962330 Thread added: 0x00000170e23efce0
Event: 9.031 Thread 0x00000170e23efce0 Thread added: 0x00000170e1994730
Event: 9.301 Thread 0x00000170e5e6def0 Thread added: 0x00000170effa5cc0
Event: 9.312 Thread 0x00000170ed53b2d0 Thread added: 0x00000170f00f9090
Event: 9.315 Thread 0x00000170e0017c20 Thread added: 0x00000170f277a2e0
Event: 9.315 Thread 0x00000170e0017c20 Thread added: 0x00000170f277aaf0
Event: 9.388 Thread 0x00000170e1994730 Thread exited: 0x00000170e1994730
Event: 9.426 Thread 0x00000170e23efce0 Thread added: 0x00000170f03615e0
Event: 9.428 Thread 0x00000170e23efce0 Thread added: 0x00000170f0363520
Event: 9.429 Loaded shared library C:\Program Files\Android\Android Studio\jbr\bin\rmi.dll
Event: 9.429 Thread 0x00000170e23efce0 Thread added: 0x00000170f0361db0
Event: 9.475 Thread 0x00000170e23efce0 Thread added: 0x00000170ed749ca0
Event: 9.476 Thread 0x00000170e23efce0 Thread added: 0x00000170ed74a470
Event: 9.509 Thread 0x00000170ed749ca0 Thread added: 0x00000170ef2f29e0


Dynamic libraries:
0x00007ff6b9cd0000 - 0x00007ff6b9cda000 	C:\Program Files\Android\Android Studio\jbr\bin\java.exe
0x00007ff931a20000 - 0x00007ff931c86000 	C:\WINDOWS\SYSTEM32\ntdll.dll
0x00007ff9307a0000 - 0x00007ff930869000 	C:\WINDOWS\System32\KERNEL32.DLL
0x00007ff92f1e0000 - 0x00007ff92f5de000 	C:\WINDOWS\System32\KERNELBASE.dll
0x00007ff92f5f0000 - 0x00007ff92f73c000 	C:\WINDOWS\System32\ucrtbase.dll
0x00007ff8a5380000 - 0x00007ff8a539b000 	C:\Program Files\Android\Android Studio\jbr\bin\VCRUNTIME140.dll
0x00007ff92aaa0000 - 0x00007ff92aab6000 	C:\Program Files\Android\Android Studio\jbr\bin\jli.dll
0x00007ff931100000 - 0x00007ff9312c7000 	C:\WINDOWS\System32\USER32.dll
0x00007ff92ddd0000 - 0x00007ff92e062000 	C:\WINDOWS\WinSxS\amd64_microsoft.windows.common-controls_6595b64144ccf1df_6.0.26100.8875_none_3e0d5d42e32fe9dd\COMCTL32.dll
0x00007ff92edc0000 - 0x00007ff92ede7000 	C:\WINDOWS\System32\win32u.dll
0x00007ff9306f0000 - 0x00007ff930799000 	C:\WINDOWS\System32\msvcrt.dll
0x00007ff9314d0000 - 0x00007ff9314fb000 	C:\WINDOWS\System32\GDI32.dll
0x00007ff92edf0000 - 0x00007ff92ef1a000 	C:\WINDOWS\System32\gdi32full.dll
0x00007ff92efb0000 - 0x00007ff92f053000 	C:\WINDOWS\System32\msvcp_win.dll
0x00007ff930040000 - 0x00007ff930072000 	C:\WINDOWS\System32\IMM32.DLL
0x00007ff8fc6e0000 - 0x00007ff8fc6ec000 	C:\Program Files\Android\Android Studio\jbr\bin\vcruntime140_1.dll
0x00007ff8a50b0000 - 0x00007ff8a513d000 	C:\Program Files\Android\Android Studio\jbr\bin\msvcp140.dll
0x00007ff8a53a0000 - 0x00007ff8a627a000 	C:\Program Files\Android\Android Studio\jbr\bin\server\jvm.dll
0x00007ff931040000 - 0x00007ff9310f7000 	C:\WINDOWS\System32\ADVAPI32.dll
0x00007ff9312d0000 - 0x00007ff93137a000 	C:\WINDOWS\System32\sechost.dll
0x00007ff931720000 - 0x00007ff931838000 	C:\WINDOWS\System32\RPCRT4.dll
0x00007ff930080000 - 0x00007ff930100000 	C:\WINDOWS\System32\WS2_32.dll
0x00007ff92eaa0000 - 0x00007ff92eafe000 	C:\WINDOWS\SYSTEM32\POWRPROF.dll
0x00007ff92cb10000 - 0x00007ff92cb1b000 	C:\WINDOWS\SYSTEM32\VERSION.dll
0x00007ff91ed20000 - 0x00007ff91ed56000 	C:\WINDOWS\SYSTEM32\WINMM.dll
0x00007ff92ea80000 - 0x00007ff92ea94000 	C:\WINDOWS\SYSTEM32\UMPDC.dll
0x00007ff92dc20000 - 0x00007ff92dc3b000 	C:\WINDOWS\SYSTEM32\kernel.appcore.dll
0x00007ff8f6140000 - 0x00007ff8f614a000 	C:\Program Files\Android\Android Studio\jbr\bin\jimage.dll
0x00007ff92e3d0000 - 0x00007ff92e612000 	C:\WINDOWS\SYSTEM32\DBGHELP.DLL
0x00007ff930870000 - 0x00007ff930bf3000 	C:\WINDOWS\System32\combase.dll
0x00007ff930180000 - 0x00007ff930259000 	C:\WINDOWS\System32\OLEAUT32.dll
0x00007ff92e280000 - 0x00007ff92e2bb000 	C:\WINDOWS\SYSTEM32\dbgcore.DLL
0x00007ff92f060000 - 0x00007ff92f10c000 	C:\WINDOWS\System32\bcryptPrimitives.dll
0x00007ff92aa80000 - 0x00007ff92aa8e000 	C:\Program Files\Android\Android Studio\jbr\bin\instrument.dll
0x00007ff8a5360000 - 0x00007ff8a537f000 	C:\Program Files\Android\Android Studio\jbr\bin\java.dll
0x00007ff931840000 - 0x00007ff9319d9000 	C:\WINDOWS\System32\ole32.dll
0x00007ff92f8a0000 - 0x00007ff930032000 	C:\WINDOWS\System32\SHELL32.dll
0x00007ff8a5340000 - 0x00007ff8a5357000 	C:\Program Files\Android\Android Studio\jbr\bin\zip.dll
0x00007ff92b6a0000 - 0x00007ff92bf32000 	C:\WINDOWS\SYSTEM32\windows.storage.dll
0x00007ff92f760000 - 0x00007ff92f857000 	C:\WINDOWS\System32\SHCORE.dll
0x00007ff930110000 - 0x00007ff930177000 	C:\WINDOWS\System32\shlwapi.dll
0x00007ff92eb60000 - 0x00007ff92eb89000 	C:\WINDOWS\SYSTEM32\profapi.dll
0x00007ff8f0490000 - 0x00007ff8f04a0000 	C:\Program Files\Android\Android Studio\jbr\bin\net.dll
0x00007ff92ce20000 - 0x00007ff92ce8c000 	C:\WINDOWS\system32\mswsock.dll
0x00007ff8a5320000 - 0x00007ff8a5336000 	C:\Program Files\Android\Android Studio\jbr\bin\nio.dll
0x00007ff8effd0000 - 0x00007ff8effe0000 	C:\Program Files\Android\Android Studio\jbr\bin\verify.dll
0x00007ff8fc6b0000 - 0x00007ff8fc6d7000 	C:\Users\Intel\.gradle\native\660c5614fbf4a5f2a75b1949f50a0caf5cd603558e7d8a26e50b933a0cfb79d1\windows-amd64\native-platform.dll
0x00007ff92aa00000 - 0x00007ff92aa77000 	C:\Users\Intel\.gradle\native\0.2.8\x86_64-windows-gnu\gradle-fileevents.dll
0x00007ff8f6170000 - 0x00007ff8f6179000 	C:\Program Files\Android\Android Studio\jbr\bin\management.dll
0x00007ff8f6160000 - 0x00007ff8f616b000 	C:\Program Files\Android\Android Studio\jbr\bin\management_ext.dll
0x00007ff931710000 - 0x00007ff931718000 	C:\WINDOWS\System32\PSAPI.DLL
0x00007ff92c270000 - 0x00007ff92c2a3000 	C:\WINDOWS\SYSTEM32\IPHLPAPI.DLL
0x00007ff9314c0000 - 0x00007ff9314ca000 	C:\WINDOWS\System32\NSI.dll
0x00007ff8f6180000 - 0x00007ff8f6189000 	C:\Program Files\Android\Android Studio\jbr\bin\extnet.dll
0x00007ff92e740000 - 0x00007ff92e75b000 	C:\WINDOWS\SYSTEM32\CRYPTSP.dll
0x00007ff92c820000 - 0x00007ff92c859000 	C:\WINDOWS\system32\rsaenh.dll
0x00007ff92cee0000 - 0x00007ff92cf12000 	C:\WINDOWS\SYSTEM32\USERENV.dll
0x00007ff92eb30000 - 0x00007ff92eb5a000 	C:\WINDOWS\SYSTEM32\bcrypt.dll
0x00007ff92d090000 - 0x00007ff92d09c000 	C:\WINDOWS\SYSTEM32\CRYPTBASE.dll
0x00007ff8adcf0000 - 0x00007ff8adcf8000 	C:\WINDOWS\system32\wshunix.dll
0x00007ff908000000 - 0x00007ff908018000 	C:\WINDOWS\system32\napinsp.dll
0x00007ff92c300000 - 0x00007ff92c456000 	C:\WINDOWS\SYSTEM32\DNSAPI.dll
0x00007ff92cc40000 - 0x00007ff92cc4d000 	C:\WINDOWS\SYSTEM32\DSPARSE.dll
0x00007ff906480000 - 0x00007ff906493000 	C:\WINDOWS\System32\winrnr.dll
0x00007ff906450000 - 0x00007ff906472000 	C:\WINDOWS\system32\nlansp_c.dll
0x00007ff9259c0000 - 0x00007ff9259d6000 	C:\WINDOWS\system32\wshbth.dll
0x00007ff925790000 - 0x00007ff92579b000 	C:\Windows\System32\rasadhlp.dll
0x00007ff920080000 - 0x00007ff920106000 	C:\WINDOWS\System32\fwpuclnt.dll
0x00007ff92a9f0000 - 0x00007ff92a9f7000 	C:\Program Files\Android\Android Studio\jbr\bin\rmi.dll

JVMTI agents:
C:\Users\Intel\.gradle\wrapper\dists\gradle-9.3.0-bin\79n14ral3mx1ozqr3csh2u872\gradle-9.3.0\lib\agents\gradle-instrumentation-agent-9.3.0.jar path:C:\Program Files\Android\Android Studio\jbr\bin\instrument.dll, loaded, initialized, instrumentlib options:none

dbghelp: loaded successfully - version: 4.0.5 - missing functions: none
symbol engine: initialized successfully - sym options: 0x614 - pdb path: .;C:\Program Files\Android\Android Studio\jbr\bin;C:\WINDOWS\SYSTEM32;C:\WINDOWS\WinSxS\amd64_microsoft.windows.common-controls_6595b64144ccf1df_6.0.26100.8875_none_3e0d5d42e32fe9dd;C:\Program Files\Android\Android Studio\jbr\bin\server;C:\Users\Intel\.gradle\native\660c5614fbf4a5f2a75b1949f50a0caf5cd603558e7d8a26e50b933a0cfb79d1\windows-amd64;C:\Users\Intel\.gradle\native\0.2.8\x86_64-windows-gnu

VM Arguments:
jvm_args: --add-opens=java.base/java.lang=ALL-UNNAMED --add-opens=java.base/java.lang.invoke=ALL-UNNAMED --add-opens=java.base/java.util=ALL-UNNAMED --add-opens=java.prefs/java.util.prefs=ALL-UNNAMED --add-exports=jdk.compiler/com.sun.tools.javac.api=ALL-UNNAMED --add-exports=jdk.compiler/com.sun.tools.javac.util=ALL-UNNAMED --add-opens=java.base/java.util=ALL-UNNAMED --add-opens=java.prefs/java.util.prefs=ALL-UNNAMED --add-opens=java.base/java.nio.charset=ALL-UNNAMED --add-opens=java.base/java.net=ALL-UNNAMED --add-opens=java.base/java.util.concurrent=ALL-UNNAMED --add-opens=java.base/java.util.concurrent.atomic=ALL-UNNAMED --add-opens=java.xml/javax.xml.namespace=ALL-UNNAMED --add-opens=java.base/java.time=ALL-UNNAMED --enable-native-access=ALL-UNNAMED -XX:MaxMetaspaceSize=384m -XX:+HeapDumpOnOutOfMemoryError -Xms256m -Xmx512m -Dfile.encoding=UTF-8 -Duser.country=BE -Duser.language=nl -Duser.variant -javaagent:C:\Users\Intel\.gradle\wrapper\dists\gradle-9.3.0-bin\79n14ral3mx1ozqr3csh2u872\gradle-9.3.0\lib\agents\gradle-instrumentation-agent-9.3.0.jar 
java_command: org.gradle.launcher.daemon.bootstrap.GradleDaemon 9.3.0
java_class_path (initial): C:\Users\Intel\.gradle\wrapper\dists\gradle-9.3.0-bin\79n14ral3mx1ozqr3csh2u872\gradle-9.3.0\lib\gradle-daemon-main-9.3.0.jar
Launcher Type: SUN_STANDARD

[Global flags]
     intx CICompilerCount                          = 15                                        {product} {ergonomic}
   size_t CompressedClassSpaceSize                 = 335544320                                 {product} {ergonomic}
     uint ConcGCThreads                            = 6                                         {product} {ergonomic}
     uint G1ConcRefinementThreads                  = 23                                        {product} {ergonomic}
   size_t G1HeapRegionSize                         = 1048576                                   {product} {ergonomic}
     bool HeapDumpOnOutOfMemoryError               = true                                   {manageable} {command line}
   size_t InitialHeapSize                          = 268435456                                 {product} {command line}
   size_t MarkStackSize                            = 4194304                                   {product} {ergonomic}
   size_t MarkStackSizeMax                         = 536870912                                 {product} {ergonomic}
   size_t MaxHeapSize                              = 536870912                                 {product} {command line}
   size_t MaxMetaspaceSize                         = 402653184                                 {product} {command line}
   size_t MaxNewSize                               = 321912832                                 {product} {ergonomic}
   size_t MinHeapDeltaBytes                        = 1048576                                   {product} {ergonomic}
   size_t MinHeapSize                              = 268435456                                 {product} {command line}
    uintx NonNMethodCodeHeapSize                   = 8192000                                {pd product} {ergonomic}
    uintx NonProfiledCodeHeapSize                  = 121765888                              {pd product} {ergonomic}
    uintx ProfiledCodeHeapSize                     = 121700352                              {pd product} {ergonomic}
    uintx ReservedCodeCacheSize                    = 251658240                              {pd product} {ergonomic}
     bool SegmentedCodeCache                       = true                                      {product} {ergonomic}
   size_t SoftMaxHeapSize                          = 536870912                              {manageable} {ergonomic}
     bool UseCompressedOops                        = true                           {product lp64_product} {ergonomic}
     bool UseG1GC                                  = true                                      {product} {ergonomic}
     bool UseLargePagesIndividualAllocation        = false                                  {pd product} {ergonomic}

Logging:
Log output configuration:
 #0: stdout all=warning uptime,level,tags foldmultilines=false
 #1: stderr all=off uptime,level,tags foldmultilines=false

Release file:
JAVA_VERSION="25.0.2" 
MODULES="java.base java.compiler java.datatransfer java.xml java.prefs java.desktop java.instrument java.logging java.management java.security.sasl java.naming java.rmi java.management.rmi java.net.http java.scripting java.security.jgss java.transaction.xa java.sql java.sql.rowset java.xml.crypto java.se java.smartcardio jdk.accessibility jdk.internal.jvmstat jdk.attach jdk.charsets jdk.internal.opt jdk.zipfs jdk.compiler jdk.crypto.cryptoki jdk.crypto.ec jdk.dynalink jdk.hotspot.agent jdk.httpserver jdk.internal.ed jdk.internal.le jdk.internal.md jdk.internal.vm.ci jdk.jartool jdk.javadoc jdk.jcmd jdk.jdeps jdk.jdwp.agent jdk.jdi jdk.jfr jdk.jlink jdk.localedata jdk.management jdk.management.agent jdk.management.jfr jdk.naming.dns jdk.naming.rmi jdk.net jdk.sctp jdk.security.auth jdk.security.jgss jdk.unsupported jdk.unsupported.desktop jdk.xml.dom" 
IMPLEMENTOR="JetBrains s.r.o." 
JAVA_RUNTIME_VERSION="25.0.2+-15348964-b329.117" 
LIBC="default" 
OS_ARCH="x86_64" 
OS_NAME="Windows" 
SOURCE=".:git:3cf398e84a39" 

Environment Variables:
PATH=C:\Program Files\NVIDIA GPU Computing Toolkit\CUDA\v12.8\bin;C:\Program Files\NVIDIA GPU Computing Toolkit\CUDA\v12.8\libnvvp;;;;C:\WINDOWS\system32;C:\WINDOWS;C:\WINDOWS\System32\Wbem;C:\WINDOWS\System32\WindowsPowerShell\v1.0\;C:\WINDOWS\System32\OpenSSH\;C:\Program Files\Git\cmd;C:\Program Files (x86)\NVIDIA Corporation\PhysX\Common;C:\Program Files\NVIDIA Corporation\NVIDIA NvDLISR;C:\Program Files\NVIDIA Corporation\Nsight Compute 2025.1.0\;C:\Program Files\NVIDIA Corporation\NVIDIA app\NvDLISR;C:\Program Files\dotnet\;C:\Users\Intel\AppData\Local\Programs\Python\Python312\Scripts\;C:\Users\Intel\AppData\Local\Programs\Python\Python312\;C:\Users\Intel\AppData\Local\Programs\Python\Python311\Scripts\;C:\Users\Intel\AppData\Local\Programs\Python\Python311\;C:\Users\Intel\AppData\Local\Programs\Python\Python310\Scripts\;C:\Users\Intel\AppData\Local\Programs\Python\Python310\;C:\Users\Intel\AppData\Local\Microsoft\WindowsApps;C:\Users\Intel\.dotnet\tools
USERNAME=Intel
OS=Windows_NT
PROCESSOR_IDENTIFIER=Intel64 Family 6 Model 183 Stepping 1, GenuineIntel
TMP=C:\Users\Intel\AppData\Local\Temp
TEMP=C:\Users\Intel\AppData\Local\Temp




Compilation memory statistics disabled.

Periodic native trim disabled

JNI global refs:
JNI global refs: 47, weak refs: 350

JNI global refs memory usage: 835, weak refs: 4625

Process memory usage:
Resident Set Size: 1157068K (1% of 66809568K total physical memory with 49502512K free physical memory)

OOME stack traces (most recent first):
Classloader memory used:
Loader org.gradle.internal.classloader.VisitableURLClassLoader$InstrumentingVisitableURLClassLoader: 66995 K
Loader org.gradle.internal.classloader.VisitableURLClassLoader                         : 47203 K
Loader bootstrap                                                                       : 30765 K
Loader org.gradle.initialization.MixInLegacyTypesClassLoader                           : 13986 K
Loader org.gradle.internal.classloader.VisitableURLClassLoader                         : 8460 K
Loader org.gradle.groovy.scripts.internal.DefaultScriptCompilationHandler$ScriptClassLoader: 230 K
Loader jdk.internal.loader.ClassLoaders$AppClassLoader                                 : 226 K
Loader jdk.internal.loader.ClassLoaders$PlatformClassLoader                            : 158 K
Loader sun.reflect.misc.MethodUtil                                                     : 2968 B

Classes loaded by more than one classloader:
Class Program                                                                         : loaded 5 times (x 74B)
Class com.google.common.collect.Iterators$MergingIterator                             : loaded 4 times (x 83B)
Class com.google.common.collect.Iterators                                             : loaded 4 times (x 73B)
Class com.google.common.collect.Lists$StringAsImmutableList                           : loaded 4 times (x 209B)
Class com.google.common.collect.AbstractIterator                                      : loaded 4 times (x 84B)
Class com.google.common.collect.ImmutableList                                         : loaded 4 times (x 208B)
Class com.google.common.collect.AbstractIndexedListIterator                           : loaded 4 times (x 98B)
Class com.google.common.collect.UnmodifiableListIterator                              : loaded 4 times (x 97B)
Class com.google.common.collect.Iterators$ArrayItr                                    : loaded 4 times (x 99B)
Class com.google.common.collect.Iterators$1                                           : loaded 4 times (x 83B)
Class com.google.common.collect.Iterators$4                                           : loaded 4 times (x 84B)
Class com.google.common.collect.Iterators$5                                           : loaded 4 times (x 84B)
Class com.google.common.collect.PeekingIterator                                       : loaded 4 times (x 72B)
Class com.google.common.collect.ImmutableCollection                                   : loaded 4 times (x 127B)
Class com.google.common.collect.Lists                                                 : loaded 4 times (x 73B)
Class com.google.common.base.Preconditions                                            : loaded 4 times (x 73B)
Class com.google.common.collect.Iterators$9                                           : loaded 4 times (x 83B)
Class com.google.common.collect.UnmodifiableIterator                                  : loaded 4 times (x 82B)
Class com.google.common.collect.ImmutableSet$RegularSetBuilderImpl                    : loaded 3 times (x 78B)
Class com.google.common.collect.ImmutableRangeSet$ComplementRanges                    : loaded 3 times (x 209B)
Class org.gradle.internal.IoActions                                                   : loaded 3 times (x 73B)
Class org.gradle.api.GradleException                                                  : loaded 3 times (x 84B)
Class com.google.common.base.CharMatcher$NegatedFastMatcher                           : loaded 3 times (x 115B)
Class com.google.common.collect.AbstractRangeSet                                      : loaded 3 times (x 116B)
Class com.google.common.base.Predicate                                                : loaded 3 times (x 72B)
Class com.google.common.base.CharMatcher$FastMatcher                                  : loaded 3 times (x 113B)
Class org.gradle.api.Action                                                           : loaded 3 times (x 72B)
Class com.google.common.collect.ImmutableList$1                                       : loaded 3 times (x 99B)
Class org.gradle.internal.Cast                                                        : loaded 3 times (x 73B)
Class com.google.common.base.CharMatcher$Or                                           : loaded 3 times (x 114B)
Class com.google.common.base.CharMatcher$BitSetMatcher                                : loaded 3 times (x 114B)
Class com.google.common.collect.ImmutableSet                                          : loaded 3 times (x 147B)
Class com.google.common.collect.ImmutableRangeSet$Builder                             : loaded 3 times (x 79B)
Class com.google.common.collect.RegularImmutableList                                  : loaded 3 times (x 214B)
Class com.google.common.base.CharMatcher$Negated                                      : loaded 3 times (x 115B)
Class com.google.common.collect.RegularImmutableSortedSet                             : loaded 3 times (x 301B)
Class com.google.common.base.CharMatcher$IsNot                                        : loaded 3 times (x 113B)
Class com.google.common.collect.RegularImmutableSet                                   : loaded 3 times (x 149B)
Class com.google.common.collect.ImmutableAsList                                       : loaded 3 times (x 211B)
Class com.google.common.base.CharMatcher$Is                                           : loaded 3 times (x 113B)
Class com.google.common.base.CharMatcher$IsEither                                     : loaded 3 times (x 113B)
Class com.google.common.collect.ImmutableSet$CachingAsList                            : loaded 3 times (x 149B)
Class com.google.common.base.CharMatcher$AnyOf                                        : loaded 3 times (x 114B)
Class com.google.common.base.Joiner$1                                                 : loaded 3 times (x 82B)
Class com.google.common.base.CharMatcher$ForPredicate                                 : loaded 3 times (x 114B)
Class com.google.common.base.CharMatcher                                              : loaded 3 times (x 113B)
Class com.google.common.base.Joiner$2                                                 : loaded 3 times (x 81B)
Class com.google.common.collect.SortedIterable                                        : loaded 3 times (x 72B)
Class com.google.common.collect.SingletonImmutableSet                                 : loaded 3 times (x 148B)
Class com.google.common.base.CharMatcher$1                                            : loaded 3 times (x 115B)
Class com.google.common.collect.ImmutableList$ReverseImmutableList                    : loaded 3 times (x 210B)
Class com.google.common.collect.SingletonImmutableList                                : loaded 3 times (x 209B)
Class com.google.common.base.CharMatcher$NamedFastMatcher                             : loaded 3 times (x 114B)
Class com.google.common.collect.RangeSet                                              : loaded 3 times (x 72B)
Class com.google.common.base.ExtraObjectsMethodsForWeb                                : loaded 3 times (x 73B)
Class com.google.common.collect.Multimap                                              : loaded 3 times (x 72B)
Class com.google.common.base.CharMatcher$InRange                                      : loaded 3 times (x 113B)
Class com.google.common.collect.ImmutableSet$SetBuilderImpl                           : loaded 3 times (x 78B)
Class com.google.common.base.Objects                                                  : loaded 3 times (x 73B)
Class com.google.common.base.CharMatcher$And                                          : loaded 3 times (x 114B)
Class com.google.common.collect.ForwardingObject                                      : loaded 3 times (x 74B)
Class com.google.common.collect.ImmutableList$SubList                                 : loaded 3 times (x 210B)
Class com.google.common.collect.Range                                                 : loaded 3 times (x 89B)
Class com.google.common.collect.RegularImmutableAsList                                : loaded 3 times (x 218B)
Class com.google.common.collect.ImmutableRangeSet$1                                   : loaded 3 times (x 211B)
Class com.google.common.collect.ImmutableList$Builder                                 : loaded 3 times (x 79B)
Class com.google.common.collect.Iterators$SingletonIterator                           : loaded 3 times (x 83B)
Class com.intellij.gradle.toolingExtension.util.GradleVersionUtil                     : loaded 3 times (x 73B)
Class com.google.common.base.Function                                                 : loaded 3 times (x 72B)
Class com.google.common.base.Joiner                                                   : loaded 3 times (x 81B)
Class com.google.common.collect.ImmutableCollection$Builder                           : loaded 3 times (x 78B)
Class com.google.common.collect.ImmutableSortedSet                                    : loaded 3 times (x 301B)
Class com.google.common.collect.ImmutableRangeSet$AsSet                               : loaded 3 times (x 301B)
Class com.google.common.collect.ImmutableRangeSet                                     : loaded 3 times (x 117B)
Class kotlin.text.MatcherMatchResult$groupValues$1                                    : loaded 2 times (x 200B)
Class kotlin.sequences.SequencesKt___SequencesKt                                      : loaded 2 times (x 73B)
Class kotlin.collections.AbstractList$Companion                                       : loaded 2 times (x 73B)
Class org.gradle.internal.classloader.ClassLoaderVisitor                              : loaded 2 times (x 78B)
Class [Lcom.google.common.collect.ImmutableMapEntry;                                  : loaded 2 times (x 71B)
Class org.jetbrains.kotlin.idea.projectModel.KotlinTaskProperties                     : loaded 2 times (x 72B)
Class org.jetbrains.plugins.gradle.tooling.serialization.internal.IdeaProjectSerializationService: loaded 2 times (x 79B)
Class com.google.common.collect.Ordering                                              : loaded 2 times (x 116B)
Class kotlin.sequences.SequencesKt___SequencesKt$flatMap$2                            : loaded 2 times (x 131B)
Class org.gradle.api.internal.classpath.EffectiveClassPath                            : loaded 2 times (x 92B)
Class com.android.builder.model.v2.models.AndroidDsl                                  : loaded 2 times (x 72B)
Class com.google.common.collect.ReverseNaturalOrdering                                : loaded 2 times (x 116B)
Class com.google.common.collect.ImmutableEnumMap                                      : loaded 2 times (x 127B)
Class com.google.common.collect.ListMultimap                                          : loaded 2 times (x 72B)
Class com.amazon.ion.impl.lite.IonSystemLite                                          : loaded 2 times (x 277B)
Class com.amazon.ion.util.InputStreamInterceptor                                      : loaded 2 times (x 72B)
Class com.amazon.ion.impl.bin.IonRawBinaryWriter$PreallocationMode                    : loaded 2 times (x 83B)
Class com.amazon.ion.impl.bin._Private_IonRawWriter                                   : loaded 2 times (x 72B)
Class com.amazon.ion.IonWriter                                                        : loaded 2 times (x 72B)
Class kotlin.text.StringsKt__AppendableKt                                             : loaded 2 times (x 73B)
Class org.gradle.tooling.internal.gradle.DefaultProjectIdentifier                     : loaded 2 times (x 88B)
Class com.google.common.collect.ImmutableSet$SerializedForm                           : loaded 2 times (x 75B)
Class com.android.ide.common.gradle.Numeric                                           : loaded 2 times (x 79B)
Class com.google.common.collect.Sets$1                                                : loaded 2 times (x 141B)
Class org.objectweb.asm.AnnotationVisitor                                             : loaded 2 times (x 80B)
Class com.google.common.base.Splitter                                                 : loaded 2 times (x 74B)
Class com.amazon.ion.impl._Private_IonContainer                                       : loaded 2 times (x 72B)
Class com.intellij.gradle.toolingExtension.impl.model.buildScriptClasspathModel.GradleBuildScriptClasspathSerializationService$ReadContext: loaded 2 times (x 74B)
Class kotlin.jvm.internal.ArrayIteratorKt                                             : loaded 2 times (x 73B)
Class com.google.common.collect.ComparatorOrdering                                    : loaded 2 times (x 117B)
Class org.gradle.api.internal.DefaultClassPathProvider                                : loaded 2 times (x 78B)
Class com.android.builder.model.v2.models.BasicAndroidProject                         : loaded 2 times (x 72B)
Class com.google.common.collect.Sets$2                                                : loaded 2 times (x 141B)
Class com.amazon.ion.impl.SharedSymbolTable                                           : loaded 2 times (x 95B)
Class com.amazon.ion.impl.bin.IonRawBinaryWriter                                      : loaded 2 times (x 170B)
Class com.amazon.ion.SymbolToken                                                      : loaded 2 times (x 72B)
Class kotlin.sequences.SequencesKt__SequencesKt$sequenceOf$$inlined$Sequence$1        : loaded 2 times (x 77B)
Class kotlin.text.StringsKt__StringNumberConversionsJVMKt                             : loaded 2 times (x 73B)
Class com.google.common.collect.NaturalOrdering                                       : loaded 2 times (x 117B)
Class kotlin.text.MatchResult                                                         : loaded 2 times (x 72B)
Class kotlin.sequences.SequenceScope                                                  : loaded 2 times (x 75B)
Class kotlin.sequences.Sequence                                                       : loaded 2 times (x 72B)
Class org.gradle.tooling.ToolingModelContract                                         : loaded 2 times (x 72B)
Class [Lorg.gradle.api.internal.ClassPathProvider;                                    : loaded 2 times (x 71B)
Class org.gradle.api.internal.ClassPathProvider                                       : loaded 2 times (x 72B)
Class [Lorg.objectweb.asm.AnnotationVisitor;                                          : loaded 2 times (x 71B)
Class com.google.common.collect.Sets$3                                                : loaded 2 times (x 141B)
Class com.google.common.cache.LocalCache$LocalLoadingCache                            : loaded 2 times (x 136B)
Class com.google.common.base.AbstractIterator$State                                   : loaded 2 times (x 81B)
Class com.amazon.ion.impl.lite.IonBoolLite                                            : loaded 2 times (x 181B)
Class kotlin.collections.CollectionsKt___CollectionsKt$asSequence$$inlined$Sequence$1 : loaded 2 times (x 77B)
Class org.gradle.internal.service.UnknownServiceException                             : loaded 2 times (x 85B)
Class com.google.common.io.ByteArrayDataInput                                         : loaded 2 times (x 72B)
Class com.google.common.collect.Sets$4                                                : loaded 2 times (x 141B)
Class org.objectweb.asm.ModuleVisitor                                                 : loaded 2 times (x 83B)
Class com.google.common.cache.LocalCache$Strength$1                                   : loaded 2 times (x 83B)
Class org.jetbrains.kotlin.idea.gradleTooling.model.kapt.KaptGradleModel              : loaded 2 times (x 72B)
Class org.jetbrains.kotlin.idea.gradleTooling.KotlinDslScriptAdditionalTask           : loaded 2 times (x 72B)
Class org.jetbrains.plugins.gradle.model.ClasspathEntryModel                          : loaded 2 times (x 72B)
Class com.google.common.util.concurrent.SettableFuture                                : loaded 2 times (x 116B)
Class com.google.common.cache.LocalCache$Strength$2                                   : loaded 2 times (x 83B)
Class com.amazon.ion.IonTimestamp                                                     : loaded 2 times (x 72B)
Class com.amazon.ion.impl.bin.PooledBlockAllocatorProvider$PooledBlockAllocator       : loaded 2 times (x 83B)
Class com.intellij.platform.diagnostic.telemetry.rt.context.TelemetryContextGetter    : loaded 2 times (x 77B)
Class org.jetbrains.plugins.gradle.tooling.serialization.GradleExtensionsSerializationService: loaded 2 times (x 79B)
Class com.android.ide.gradle.model.AdditionalClassifierArtifactsModelParameter        : loaded 2 times (x 72B)
Class sync_studio_tooling3600_7bcdmonptfwskkt2d0auq7apl$_run_closure1                 : loaded 2 times (x 140B)
Class org.gradle.api.JavaVersion                                                      : loaded 2 times (x 81B)
Class org.gradle.tooling.model.Dependency                                             : loaded 2 times (x 72B)
Class ijJvmDebugger1_ewkv1r8vhe7wre3euz9djkhur$_run_closure1$_closure2                : loaded 2 times (x 141B)
Class com.google.common.io.ByteStreams                                                : loaded 2 times (x 73B)
Class com.android.builder.model.v2.ide.AbstractArtifact                               : loaded 2 times (x 72B)
Class com.google.common.cache.LocalCache$Strength$3                                   : loaded 2 times (x 83B)
Class com.google.common.collect.MapDifference                                         : loaded 2 times (x 72B)
Class com.google.common.base.Splitter$1                                               : loaded 2 times (x 79B)
Class com.amazon.ion.IonDatagram                                                      : loaded 2 times (x 72B)
Class com.amazon.ion.impl.bin.IonManagedBinaryWriter$ImportedSymbolResolverMode$1$1   : loaded 2 times (x 80B)
Class com.amazon.ion.impl._Private_ByteTransferSink                                   : loaded 2 times (x 72B)
Class com.intellij.openapi.externalSystem.model.project.dependencies.ResolutionState  : loaded 2 times (x 81B)
Class kotlin.text.StringsKt__RegexExtensionsJVMKt                                     : loaded 2 times (x 73B)
Class com.google.common.collect.AllEqualOrdering                                      : loaded 2 times (x 116B)
Class kotlin.collections.ArraysKt___ArraysJvmKt                                       : loaded 2 times (x 73B)
Class kotlin.collections.CollectionsKt__CollectionsKt                                 : loaded 2 times (x 73B)
Class org.objectweb.asm.FieldWriter                                                   : loaded 2 times (x 79B)
Class com.google.common.cache.CacheBuilder$NullListener                               : loaded 2 times (x 84B)
Class org.jetbrains.plugins.gradle.model.ExternalLibraryDependency                    : loaded 2 times (x 72B)
Class kotlin.text.Regex$Companion                                                     : loaded 2 times (x 73B)
Class org.gradle.internal.classpath.TransformedClassPath                              : loaded 2 times (x 98B)
Class org.gradle.internal.classloader.InstrumentingClassLoader                        : loaded 2 times (x 72B)
Class com.google.common.collect.ImmutableListMultimap                                 : loaded 2 times (x 178B)
Class io.opentelemetry.context.Scope                                                  : loaded 2 times (x 72B)
Class com.google.common.cache.CacheLoader$FunctionToCacheLoader                       : loaded 2 times (x 77B)
Class com.amazon.ion.impl.bin.IonManagedBinaryWriter$ImportedSymbolResolverMode$2     : loaded 2 times (x 82B)
Class com.google.common.base.CharMatcher$None                                         : loaded 2 times (x 114B)
Class com.amazon.ion.IonValue                                                         : loaded 2 times (x 72B)
Class ijInit1_cw2zc3w9p265jgr2j09q3y34p                                               : loaded 2 times (x 173B)
Class kotlin.jvm.internal.FunctionReference                                           : loaded 2 times (x 128B)
Class [Lkotlin.coroutines.intrinsics.CoroutineSingletons;                             : loaded 2 times (x 71B)
Class kotlin.jvm.internal.FunctionBase                                                : loaded 2 times (x 72B)
Class kotlin.enums.EnumEntriesList                                                    : loaded 2 times (x 225B)
Class com.google.common.collect.EmptyImmutableListMultimap                            : loaded 2 times (x 178B)
Class com.google.common.collect.BaseImmutableMultimap                                 : loaded 2 times (x 125B)
Class org.gradle.internal.classloader.DefaultClassLoaderFactory                       : loaded 2 times (x 84B)
Class com.google.common.base.MoreObjects                                              : loaded 2 times (x 73B)
Class com.amazon.ion.impl.bin.IonRawBinaryWriter$ContainerType                        : loaded 2 times (x 81B)
Class com.amazon.ion.impl._Private_IonTextWriterBuilder$Mutable                       : loaded 2 times (x 103B)
Class kotlin.comparisons.ComparisonsKt___ComparisonsJvmKt                             : loaded 2 times (x 73B)
Class kotlin.collections.CollectionsKt__IteratorsJVMKt                                : loaded 2 times (x 73B)
Class com.android.builder.model.v2.ide.TestInfo$Execution                             : loaded 2 times (x 81B)
Class [Lorg.objectweb.asm.Type;                                                       : loaded 2 times (x 71B)
Class com.google.common.collect.Platform                                              : loaded 2 times (x 73B)
Class com.intellij.util.containers.IntObjectHashMap$ArrayProducer                     : loaded 2 times (x 72B)
Class org.jetbrains.kotlin.idea.gradleTooling.KotlinSourceSetContainer                : loaded 2 times (x 72B)
Class io.opentelemetry.context.ContextStorageWrappers                                 : loaded 2 times (x 73B)
Class io.opentelemetry.context.propagation.DefaultContextPropagators                  : loaded 2 times (x 77B)
Class org.jetbrains.plugins.gradle.model.IntelliJSettings                             : loaded 2 times (x 72B)
Class kotlin.Result                                                                   : loaded 2 times (x 74B)
Class org.gradle.internal.service.ServiceLocator                                      : loaded 2 times (x 72B)
Class io.opentelemetry.api.GlobalOpenTelemetry                                        : loaded 2 times (x 73B)
Class com.google.common.base.Ascii                                                    : loaded 2 times (x 73B)
Class com.google.common.collect.SingletonImmutableBiMap                               : loaded 2 times (x 145B)
Class com.google.common.cache.LocalCache$1                                            : loaded 2 times (x 91B)
Class com.google.common.collect.AbstractMapEntry                                      : loaded 2 times (x 83B)
Class com.amazon.ion.impl.IonWriterSystem                                             : loaded 2 times (x 172B)
Class com.amazon.ion.impl.bin.Symbols$2                                               : loaded 2 times (x 109B)
Class com.amazon.ion.impl.bin._Private_IonManagedWriter                               : loaded 2 times (x 72B)
Class com.amazon.ion.impl.bin.IonManagedBinaryWriter$ImportedSymbolResolverMode$1     : loaded 2 times (x 82B)
Class com.android.ide.gradle.model.GradlePropertiesModel                              : loaded 2 times (x 72B)
Class kotlin.sequences.TransformingSequence$iterator$1                                : loaded 2 times (x 81B)
Class kotlin.Pair                                                                     : loaded 2 times (x 74B)
Class org.gradle.tooling.internal.adapter.ProtocolToModelAdapter$SupportedPropertyInvoker: loaded 2 times (x 78B)
Class org.gradle.tooling.model.UnsupportedMethodException                             : loaded 2 times (x 84B)
Class com.google.common.collect.Sets$ImprovedAbstractSet                              : loaded 2 times (x 137B)
Class com.android.builder.model.v2.ide.BytecodeTransformation                         : loaded 2 times (x 81B)
Class com.amazon.ion.impl.lite.IonSymbolLite                                          : loaded 2 times (x 249B)
Class com.google.common.cache.LocalCache$2                                            : loaded 2 times (x 144B)
Class com.google.common.collect.AbstractMultimap                                      : loaded 2 times (x 125B)
Class com.amazon.ion.impl.lite.IonContainerLite                                       : loaded 2 times (x 250B)
Class com.amazon.ion.IonBufferConfiguration$OversizedSymbolTableHandler               : loaded 2 times (x 72B)
Class com.amazon.ion.system.IonWriterBuilder                                          : loaded 2 times (x 76B)
Class org.jetbrains.plugins.gradle.tooling.serialization.ToolingStreamApiUtils        : loaded 2 times (x 73B)
Class com.amazon.ion.facet.Faceted                                                    : loaded 2 times (x 72B)
Class kotlin.collections.CollectionsKt__MutableCollectionsKt                          : loaded 2 times (x 73B)
Class com.android.builder.model.v2.ide.CodeShrinker                                   : loaded 2 times (x 81B)
Class [Lcom.amazon.ion.impl.bin.IonRawBinaryWriter$StreamCloseMode;                   : loaded 2 times (x 71B)
Class org.jetbrains.kotlin.idea.gradleTooling.AndroidAwareGradleModelProvider$Companion: loaded 2 times (x 73B)
Class com.amazon.ion.impl.bin.utf8.Poolable                                           : loaded 2 times (x 81B)
Class com.amazon.ion.IonSymbol                                                        : loaded 2 times (x 72B)
Class io.opentelemetry.api.trace.SpanContext                                          : loaded 2 times (x 72B)
Class io.opentelemetry.api.trace.DefaultTracer$NoopSpanBuilder                        : loaded 2 times (x 93B)
Class org.jetbrains.plugins.gradle.tooling.serialization.AnnotationProcessingModelSerializationService$WriteContext: loaded 2 times (x 74B)
Class kotlin.io.TerminateException                                                    : loaded 2 times (x 84B)
Class kotlin.io.FilesKt__FilePathComponentsKt                                         : loaded 2 times (x 73B)
Class kotlin.reflect.KCallable                                                        : loaded 2 times (x 72B)
Class com.google.common.base.Platform$JdkPatternCompiler                              : loaded 2 times (x 77B)
Class com.google.common.util.concurrent.AbstractFuture$Trusted                        : loaded 2 times (x 72B)
Class com.google.common.base.Suppliers                                                : loaded 2 times (x 73B)
Class org.jetbrains.kotlin.idea.gradleTooling.KotlinGradlePluginVersion               : loaded 2 times (x 72B)
Class com.intellij.compose.ide.plugin.gradleTooling.rt.ComposeResourcesModel          : loaded 2 times (x 72B)
Class com.intellij.gradle.toolingExtension.impl.util.collectionUtil.GradleCollections : loaded 2 times (x 73B)
Class com.amazon.ion.impl.lite.IonStructLite                                          : loaded 2 times (x 300B)
Class com.amazon.ion.impl._Private_ReaderWriter                                       : loaded 2 times (x 72B)
Class com.amazon.ion.impl.bin.AbstractSymbolTable                                     : loaded 2 times (x 109B)
Class com.amazon.ion.Decimal                                                          : loaded 2 times (x 136B)
Class com.amazon.ion.impl.bin._Private_IonManagedBinaryWriterBuilder$AllocatorMode$1  : loaded 2 times (x 82B)
Class org.jetbrains.plugins.gradle.tooling.serialization.ProjectDependenciesSerializationService$WriteContext: loaded 2 times (x 74B)
Class org.jetbrains.plugins.gradle.tooling.serialization.ProjectDependenciesSerializationService: loaded 2 times (x 79B)
Class kotlin.collections.AbstractIterator                                             : loaded 2 times (x 85B)
Class kotlin.text.CharsKt                                                             : loaded 2 times (x 73B)
Class org.gradle.tooling.model.kotlin.dsl.KotlinDslScriptModel                        : loaded 2 times (x 72B)
Class org.gradle.tooling.internal.adapter.CollectionMapper                            : loaded 2 times (x 75B)
Class org.jetbrains.kotlin.tooling.core.KotlinToolingVersion                          : loaded 2 times (x 77B)
Class [Lcom.android.builder.model.v2.ide.LibraryType;                                 : loaded 2 times (x 71B)
Class com.android.builder.model.v2.ide.LibraryType                                    : loaded 2 times (x 81B)
Class com.google.common.util.concurrent.UncheckedExecutionException                   : loaded 2 times (x 84B)
Class [Lcom.google.common.cache.CacheBuilder$OneWeigher;                              : loaded 2 times (x 71B)
Class com.amazon.ion.impl.lite.IonFloatLite                                           : loaded 2 times (x 189B)
Class com.amazon.ion.impl._Private_IonTextWriterBuilder                               : loaded 2 times (x 103B)
Class com.amazon.ion.impl.bin._Private_IonManagedBinaryWriterBuilder$AllocatorMode$2  : loaded 2 times (x 82B)
Class io.opentelemetry.api.trace.DefaultTracerProvider                                : loaded 2 times (x 81B)
Class com.google.common.collect.ExplicitOrdering                                      : loaded 2 times (x 117B)
Class org.jetbrains.plugins.gradle.ExternalDependencyId                               : loaded 2 times (x 72B)
Class com.amazon.ion.impl._Private_IonReaderBuilder                                   : loaded 2 times (x 99B)
Class com.amazon.ion.IonMutableCatalog                                                : loaded 2 times (x 72B)
Class gnu.trove.THash                                                                 : loaded 2 times (x 83B)
Class com.intellij.gradle.toolingExtension.impl.model.buildScriptClasspathModel.GradleBuildScriptClasspathSerializationService$WriteContext: loaded 2 times (x 74B)
Class org.gradle.tooling.internal.adapter.ProtocolToModelAdapter                      : loaded 2 times (x 82B)
Class com.google.common.collect.AbstractMapBasedMultimap$KeySet$1                     : loaded 2 times (x 84B)
Class com.android.builder.model.v2.ide.AndroidGradlePluginProjectFlags$BooleanFlag    : loaded 2 times (x 81B)
Class com.android.ide.common.gradle.Separator                                         : loaded 2 times (x 81B)
Class org.objectweb.asm.ClassWriter                                                   : loaded 2 times (x 107B)
Class com.google.common.cache.CacheLoader$UnsupportedLoadingOperationException        : loaded 2 times (x 84B)
Class org.objectweb.asm.MethodTooLargeException                                       : loaded 2 times (x 84B)
Class [Lio.opentelemetry.context.ThreadLocalContextStorage$NoopScope;                 : loaded 2 times (x 71B)
Class io.opentelemetry.context.ThreadLocalContextStorage$NoopScope                    : loaded 2 times (x 87B)
Class kotlin.collections.ArraysKt___ArraysKt$asSequence$$inlined$Sequence$1           : loaded 2 times (x 77B)
Class kotlin.collections.MapsKt__MapsJVMKt                                            : loaded 2 times (x 73B)
Class kotlin.collections.EmptyList                                                    : loaded 2 times (x 176B)
Class org.gradle.internal.time.DefaultTimer                                           : loaded 2 times (x 82B)
Class org.gradle.internal.classloader.ClasspathUtil$1                                 : loaded 2 times (x 78B)
Class org.gradle.internal.operations.MultipleBuildOperationFailures                   : loaded 2 times (x 97B)
Class org.objectweb.asm.FieldVisitor                                                  : loaded 2 times (x 79B)
Class com.google.common.collect.IndexedImmutableSet                                   : loaded 2 times (x 152B)
Class com.google.common.collect.ImmutableMap$1                                        : loaded 2 times (x 83B)
Class com.google.common.collect.BiMap                                                 : loaded 2 times (x 72B)
Class com.amazon.ion.impl.bin.PooledBlockAllocatorProvider$PooledBlockAllocator$1     : loaded 2 times (x 81B)
Class com.amazon.ion.impl.lite.IonStringLite                                          : loaded 2 times (x 215B)
Class io.opentelemetry.context.ImplicitContextKeyed                                   : loaded 2 times (x 72B)
Class org.gradle.tooling.internal.adapter.ProtocolToModelAdapter$ViewKey              : loaded 2 times (x 74B)
Class org.gradle.api.internal.classpath.DefaultModuleRegistry$DefaultModule           : loaded 2 times (x 88B)
Class com.android.builder.model.v2.CustomSourceDirectory                              : loaded 2 times (x 72B)
Class com.google.common.primitives.Ints                                               : loaded 2 times (x 73B)
Class org.gradle.tooling.internal.adapter.MethodInvocation                            : loaded 2 times (x 87B)
Class com.amazon.ion.impl.bin.Block                                                   : loaded 2 times (x 81B)
Class io.opentelemetry.context.DefaultContextKey                                      : loaded 2 times (x 74B)
Class com.google.common.collect.NullsFirstOrdering                                    : loaded 2 times (x 117B)
Class kotlin.ResultKt                                                                 : loaded 2 times (x 73B)
Class org.gradle.tooling.internal.adapter.ProtocolToModelAdapter$PropertyCachingMethodInvoker: loaded 2 times (x 78B)
Class com.android.builder.model.v2.models.ProjectSyncIssues                           : loaded 2 times (x 72B)
Class com.google.common.math.MathPreconditions                                        : loaded 2 times (x 73B)
Class com.google.common.collect.Multiset                                              : loaded 2 times (x 72B)
Class com.google.common.collect.ArrayListMultimapGwtSerializationDependencies         : loaded 2 times (x 173B)
Class com.google.common.collect.ObjectArrays                                          : loaded 2 times (x 73B)
Class kotlin.sequences.TransformingSequence                                           : loaded 2 times (x 77B)
Class org.jetbrains.plugins.gradle.model.ExternalTask                                 : loaded 2 times (x 72B)
Class com.amazon.ion.impl.bin.utf8.Utf8StringEncoderPool$1                            : loaded 2 times (x 78B)
Class com.amazon.ion.impl.lite.IonLoaderLite                                          : loaded 2 times (x 84B)
Class com.amazon.ion.impl.lite.IonContext                                             : loaded 2 times (x 72B)
Class com.amazon.ion.impl.IonWriterSystemText                                         : loaded 2 times (x 191B)
Class [Lcom.amazon.ion.impl.bin.IonManagedBinaryWriter$ImportedSymbolResolverMode;    : loaded 2 times (x 71B)
Class com.amazon.ion.ValueFactory                                                     : loaded 2 times (x 72B)
Class io.opentelemetry.api.internal.IncubatingUtil                                    : loaded 2 times (x 73B)
Class io.opentelemetry.api.GlobalOpenTelemetry$ObfuscatedOpenTelemetry                : loaded 2 times (x 94B)
Class kotlin.collections.ArraysKt__ArraysKt                                           : loaded 2 times (x 73B)
Class kotlin.Result$Failure                                                           : loaded 2 times (x 74B)
Class org.gradle.internal.time.DefaultCountdownTimer                                  : loaded 2 times (x 90B)
Class com.google.common.collect.ImmutableMapEntrySet                                  : loaded 2 times (x 153B)
Class com.amazon.ion.impl.bin.IonManagedBinaryWriter$SymbolResolver                   : loaded 2 times (x 72B)
Class com.amazon.ion.impl._Private_SymbolToken                                        : loaded 2 times (x 72B)
Class com.amazon.ion.impl.bin._Private_IonManagedBinaryWriterBuilder$AllocatorMode    : loaded 2 times (x 82B)
Class org.jetbrains.plugins.gradle.model.GradleTaskModel                              : loaded 2 times (x 72B)
Class org.jetbrains.plugins.gradle.tooling.util.ObjectCollector                       : loaded 2 times (x 74B)
Class ijInit1_cw2zc3w9p265jgr2j09q3y34p$_run_closure1                                 : loaded 2 times (x 141B)
Class kotlin.collections.SetsKt__SetsJVMKt                                            : loaded 2 times (x 73B)
Class kotlin.Function                                                                 : loaded 2 times (x 72B)
Class org.gradle.tooling.internal.adapter.ProtocolToModelAdapter$AdaptingMethodInvoker: loaded 2 times (x 78B)
Class org.gradle.tooling.internal.gradle.DefaultBuildIdentifier                       : loaded 2 times (x 81B)
Class org.gradle.api.internal.classpath.Module                                        : loaded 2 times (x 72B)
Class com.google.common.cache.Weigher                                                 : loaded 2 times (x 72B)
Class [Lcom.amazon.ion.util.GzipStreamInterceptor;                                    : loaded 2 times (x 71B)
Class com.amazon.ion.impl._Private_IonReaderBuilder$Mutable                           : loaded 2 times (x 99B)
Class com.intellij.openapi.externalSystem.model.project.IExternalSystemSourceType     : loaded 2 times (x 72B)
Class kotlin.io.FileAlreadyExistsException                                            : loaded 2 times (x 84B)
Class kotlin.internal.ProgressionUtilKt                                               : loaded 2 times (x 73B)
Class org.gradle.api.internal.classpath.UnknownModuleException                        : loaded 2 times (x 84B)
Class com.google.common.base.Stopwatch                                                : loaded 2 times (x 74B)
Class com.google.common.cache.LocalCache$Strength                                     : loaded 2 times (x 83B)
Class com.google.common.cache.Cache                                                   : loaded 2 times (x 72B)
Class io.opentelemetry.api.trace.TraceStateBuilder                                    : loaded 2 times (x 72B)
Class com.intellij.openapi.externalSystem.model.project.dependencies.ProjectDependencies: loaded 2 times (x 72B)
Class org.jetbrains.plugins.gradle.tooling.serialization.ProjectDependenciesSerializationService$ReadContext: loaded 2 times (x 74B)
Class com.google.common.util.concurrent.AbstractFuture$Cancellation                   : loaded 2 times (x 74B)
Class com.google.common.collect.ImmutableMap$Builder                                  : loaded 2 times (x 84B)
Class com.google.common.base.NullnessCasts                                            : loaded 2 times (x 73B)
Class ijKotlinCoroutineJvmDebugInit1_6cshnk5ey2f3nejrfkwgib8o4                        : loaded 2 times (x 173B)
Class com.google.common.cache.RemovalListener                                         : loaded 2 times (x 72B)
Class com.amazon.ion.IonBufferConfiguration                                           : loaded 2 times (x 74B)
Class com.amazon.ion.impl.bin.Symbols                                                 : loaded 2 times (x 73B)
Class org.jetbrains.plugins.gradle.tooling.serialization.RepositoriesModelSerializationService: loaded 2 times (x 84B)
Class com.android.ide.gradle.model.artifacts.AdditionalClassifierArtifactsModel       : loaded 2 times (x 72B)
Class org.gradle.tooling.internal.gradle.GradleProjectIdentity                        : loaded 2 times (x 72B)
Class org.gradle.api.internal.DefaultClassPathRegistry                                : loaded 2 times (x 78B)
Class com.google.common.collect.ImmutableMultimap$Keys                                : loaded 2 times (x 168B)
Class com.android.builder.model.v2.ide.JavaArtifact                                   : loaded 2 times (x 72B)
Class com.google.common.primitives.IntsMethodsForWeb                                  : loaded 2 times (x 73B)
Class io.opentelemetry.api.internal.OtelEncodingUtils                                 : loaded 2 times (x 73B)
Class [Lcom.amazon.ion.impl.bin.AbstractIonWriter$WriteValueOptimization;             : loaded 2 times (x 71B)
Class io.opentelemetry.api.internal.AutoValue_ImmutableSpanContext                    : loaded 2 times (x 94B)
Class org.jetbrains.plugins.gradle.tooling.serialization.RepositoriesModelSerializationService$ReadContext: loaded 2 times (x 74B)
Class kotlin.ranges.ClosedRange                                                       : loaded 2 times (x 72B)
Class org.gradle.api.internal.ClassPathRegistry                                       : loaded 2 times (x 72B)
Class org.gradle.internal.classpath.DefaultClassPath$ImmutableUniqueList              : loaded 2 times (x 201B)
Class com.intellij.util.ThrowableConsumer                                             : loaded 2 times (x 72B)
Class com.amazon.ion.impl.bin.IonManagedBinaryWriter$UserState                        : loaded 2 times (x 87B)
Class com.amazon.ion.impl._Private_IonWriter                                          : loaded 2 times (x 72B)
Class com.amazon.ion.impl.bin._Private_IonManagedBinaryWriterBuilder                  : loaded 2 times (x 74B)
Class com.intellij.gradle.toolingExtension.impl.model.projectModel.GradleExternalProjectSerializationService$WriteContext: loaded 2 times (x 75B)
Class kotlin.text.StringsKt__StringsJVMKt                                             : loaded 2 times (x 73B)
Class kotlin.collections.IntIterator                                                  : loaded 2 times (x 84B)
Class com.google.common.collect.NullnessCasts                                         : loaded 2 times (x 73B)
Class org.objectweb.asm.ClassVisitor                                                  : loaded 2 times (x 90B)
Class com.android.builder.model.v2.dsl.SigningConfig                                  : loaded 2 times (x 72B)
Class com.android.builder.model.v2.models.AndroidProject                              : loaded 2 times (x 72B)
Class com.android.builder.model.v2.AndroidModel                                       : loaded 2 times (x 72B)
Class com.google.common.cache.CacheBuilder                                            : loaded 2 times (x 74B)
Class [Lorg.objectweb.asm.Symbol;                                                     : loaded 2 times (x 71B)
Class Settings_gradle$1                                                               : loaded 2 times (x 76B)
Class [Lcom.amazon.ion.SymbolToken;                                                   : loaded 2 times (x 71B)
Class io.opentelemetry.api.trace.ImmutableTraceFlags                                  : loaded 2 times (x 79B)
Class kotlin.text.StringsKt__IndentKt                                                 : loaded 2 times (x 73B)
Class kotlin.collections.SetsKt                                                       : loaded 2 times (x 73B)
Class org.gradle.internal.classpath.ClassPath                                         : loaded 2 times (x 72B)
Class com.android.utils.FileUtils                                                     : loaded 2 times (x 73B)
Class com.google.common.base.JdkPattern                                               : loaded 2 times (x 77B)
Class org.jetbrains.plugins.gradle.model.ExternalProjectDependency                    : loaded 2 times (x 72B)
Class org.jetbrains.plugins.gradle.tooling.serialization.KotlinDslScriptsModelSerializationService: loaded 2 times (x 83B)
Class kotlin.reflect.KFunction                                                        : loaded 2 times (x 72B)
Class kotlin.collections.ArrayDeque                                                   : loaded 2 times (x 209B)
Class org.objectweb.asm.SymbolTable$Entry                                             : loaded 2 times (x 75B)
Class com.amazon.ion.system.IonSystemBuilder$Mutable                                  : loaded 2 times (x 77B)
Class com.amazon.ion.impl.bin.IonManagedBinaryWriter$SymbolResolverBuilder            : loaded 2 times (x 72B)
Class org.jetbrains.kotlin.idea.gradleTooling.KotlinGradleModel                       : loaded 2 times (x 72B)
Class [Lio.opentelemetry.api.trace.TraceFlags;                                        : loaded 2 times (x 71B)
Class [Lio.opentelemetry.context.ContextStorage;                                      : loaded 2 times (x 71B)
Class com.intellij.platform.diagnostic.telemetry.rt.context.TelemetryContext          : loaded 2 times (x 135B)
Class org.jetbrains.plugins.gradle.tooling.serialization.ExternalTestsSerializationService$WriteContext: loaded 2 times (x 74B)
Class kotlin.collections.MapsKt__MapsKt                                               : loaded 2 times (x 73B)
Class org.gradle.internal.Factory                                                     : loaded 2 times (x 72B)
Class com.android.builder.model.v2.ide.Variant                                        : loaded 2 times (x 72B)
Class org.objectweb.asm.Edge                                                          : loaded 2 times (x 74B)
Class com.google.common.base.Suppliers$SupplierOfInstance                             : loaded 2 times (x 81B)
Class com.android.builder.model.v2.ide.AaptOptions$Namespacing                        : loaded 2 times (x 81B)
Class com.amazon.ion.impl.bin.IonManagedBinaryWriter$LocalSymbolTableView             : loaded 2 times (x 121B)
Class com.amazon.ion.impl.bin.IonRawBinaryWriter$ThrowingRunnable                     : loaded 2 times (x 72B)
Class io.opentelemetry.context.ThreadLocalContextStorage                              : loaded 2 times (x 87B)
Class com.android.ide.gradle.model.ArtifactIdentifier                                 : loaded 2 times (x 72B)
Class org.gradle.tooling.model.Model                                                  : loaded 2 times (x 72B)
Class com.google.common.cache.LocalCache$ComputingValueReference                      : loaded 2 times (x 98B)
Class ijKotlinCoroutineJvmDebugInit1_6cshnk5ey2f3nejrfkwgib8o4$_run_closure1$_closure2: loaded 2 times (x 140B)
Class com.google.common.collect.ImmutableMap$IteratorBasedImmutableMap                : loaded 2 times (x 127B)
Class com.amazon.ion.UnknownSymbolException                                           : loaded 2 times (x 87B)
Class com.android.ide.gradle.model.composites.BuildMap                                : loaded 2 times (x 72B)
Class kotlin.Metadata                                                                 : loaded 2 times (x 72B)
Class kotlin.UninitializedPropertyAccessException                                     : loaded 2 times (x 84B)
Class com.android.builder.model.v2.ide.Library                                        : loaded 2 times (x 72B)
Class com.android.builder.model.v2.ide.ArtifactDependenciesAdjacencyList              : loaded 2 times (x 72B)
Class com.android.builder.model.v2.models.Versions                                    : loaded 2 times (x 72B)
Class com.google.common.cache.LocalCache$Segment                                      : loaded 2 times (x 155B)
Class io.opentelemetry.context.Context                                                : loaded 2 times (x 72B)
Class org.jetbrains.plugins.gradle.model.IntelliJProjectSettings                      : loaded 2 times (x 72B)
Class org.gradle.tooling.internal.adapter.ProtocolToModelAdapter$MethodInvocationCache: loaded 2 times (x 75B)
Class com.android.builder.model.v2.models.ndk.NativeModule                            : loaded 2 times (x 72B)
Class org.gradle.tooling.internal.adapter.TargetTypeProvider                          : loaded 2 times (x 72B)
Class [Lorg.objectweb.asm.SymbolTable$Entry;                                          : loaded 2 times (x 71B)
Class com.google.common.cache.CacheLoader                                             : loaded 2 times (x 76B)
Class kotlin.ranges.IntProgression$Companion                                          : loaded 2 times (x 73B)
Class com.google.common.collect.ImmutableBiMap                                        : loaded 2 times (x 145B)
Class com.google.common.collect.AbstractListMultimap                                  : loaded 2 times (x 173B)
Class org.jetbrains.plugins.gradle.model.ExternalDependency                           : loaded 2 times (x 72B)
Class com.intellij.util.containers.IntObjectHashMap                                   : loaded 2 times (x 74B)
Class org.gradle.api.internal.classpath.ModuleRegistry                                : loaded 2 times (x 72B)
Class org.gradle.internal.installation.GradleInstallation$1                           : loaded 2 times (x 77B)
Class ijJvmDebugger1_ewkv1r8vhe7wre3euz9djkhur                                        : loaded 2 times (x 173B)
Class com.google.common.util.concurrent.internal.InternalFutureFailureAccess          : loaded 2 times (x 74B)
Class org.jetbrains.plugins.gradle.model.GradleExtensions                             : loaded 2 times (x 72B)
Class com.google.common.collect.ImmutableSet$JdkBackedSetBuilderImpl                  : loaded 2 times (x 78B)
Class com.google.common.base.Splitter$SplittingIterator                               : loaded 2 times (x 85B)
Class com.amazon.ion.impl.bin.IonManagedBinaryWriter$SymbolState$1                    : loaded 2 times (x 82B)
Class com.amazon.ion.impl.LocalSymbolTableAsStruct$Factory                            : loaded 2 times (x 81B)
Class [Lcom.amazon.ion.IonType;                                                       : loaded 2 times (x 71B)
Class org.jetbrains.plugins.gradle.model.VersionCatalogsModel                         : loaded 2 times (x 72B)
Class com.intellij.gradle.toolingExtension.impl.model.sourceSetDependencyModel.GradleSourceSetDependencySerialisationService$SourceSetDependencyModelReadContext: loaded 2 times (x 74B)
Class com.intellij.gradle.toolingExtension.impl.model.dependencyModel.DependencyReadContext: loaded 2 times (x 74B)
Class org.gradle.tooling.internal.adapter.ObjectGraphAdapter                          : loaded 2 times (x 72B)
Class com.google.common.collect.ImmutableMultimap$Values                              : loaded 2 times (x 128B)
Class com.android.builder.model.v2.ide.Installation                                   : loaded 2 times (x 72B)
Class com.google.common.cache.LocalCache$LocalManualCache$1                           : loaded 2 times (x 77B)
Class org.jetbrains.plugins.gradle.model.AnnotationProcessingModel                    : loaded 2 times (x 72B)
Class org.jetbrains.plugins.gradle.model.ProjectImportModelProvider                   : loaded 2 times (x 72B)
Class org.jetbrains.plugins.gradle.model.ExternalSourceSet                            : loaded 2 times (x 72B)
Class com.amazon.ion.impl.bin.IonManagedBinaryWriter$SymbolState$2                    : loaded 2 times (x 82B)
Class com.amazon.ion.IonNull                                                          : loaded 2 times (x 72B)
Class com.intellij.gradle.toolingExtension.impl.model.warmUp.GradleTaskWarmUpRequest  : loaded 2 times (x 72B)
Class com.android.ide.gradle.model.LegacyAndroidGradlePluginPropertiesModelParameters : loaded 2 times (x 72B)
Class com.google.common.collect.ImmutableSortedAsList                                 : loaded 2 times (x 223B)
Class kotlin.text.RegexKt                                                             : loaded 2 times (x 73B)
Class kotlin.coroutines.intrinsics.IntrinsicsKt__IntrinsicsKt                         : loaded 2 times (x 73B)
Class com.android.builder.model.v2.models.ModelBuilderParameter                       : loaded 2 times (x 72B)
Class io.opentelemetry.context.ContextStorageProvider                                 : loaded 2 times (x 72B)
Class com.amazon.ion.system.IonBinaryWriterBuilder                                    : loaded 2 times (x 101B)
Class com.amazon.ion.impl.bin.IonRawBinaryWriter$ContainerInfo                        : loaded 2 times (x 76B)
Class com.amazon.ion.impl.bin.IonManagedBinaryWriter$SymbolState$3                    : loaded 2 times (x 82B)
Class com.amazon.ion.impl.bin.IonRawBinaryWriter$StreamFlushMode                      : loaded 2 times (x 81B)
Class com.amazon.ion.IonBinaryWriter                                                  : loaded 2 times (x 72B)
Class com.intellij.gradle.toolingExtension.impl.model.sourceSetArtifactIndex.GradleSourceSetArtifactBuildRequest: loaded 2 times (x 72B)
Class kotlin.io.FilesKt__UtilsKt                                                      : loaded 2 times (x 73B)
Class com.google.common.collect.Lists$TransformingRandomAccessList                    : loaded 2 times (x 201B)
Class kotlin.collections.CollectionsKt__CollectionsJVMKt                              : loaded 2 times (x 73B)
Class org.gradle.api.internal.classpath.DefaultModuleRegistry                         : loaded 2 times (x 88B)
Class com.google.common.util.concurrent.ListenableFuture                              : loaded 2 times (x 72B)
Class com.google.common.cache.ReferenceEntry                                          : loaded 2 times (x 72B)
Class com.amazon.ion.impl.bin.IonManagedBinaryWriter$UserState$4                      : loaded 2 times (x 87B)
Class com.google.common.base.Converter                                                : loaded 2 times (x 92B)
Class org.jetbrains.plugins.gradle.model.UnresolvedExternalDependency                 : loaded 2 times (x 72B)
Class com.amazon.ion.impl.bin.IonManagedBinaryWriter$SymbolState$4                    : loaded 2 times (x 82B)
Class [Lcom.amazon.ion.util.InputStreamInterceptor;                                   : loaded 2 times (x 71B)
Class org.jetbrains.plugins.gradle.tooling.serialization.internal.IdeaProjectSerializationService$WriteContext$1: loaded 2 times (x 85B)
Class org.jetbrains.plugins.gradle.model.ExternalProject                              : loaded 2 times (x 72B)
Class kotlin.sequences.SequencesKt                                                    : loaded 2 times (x 73B)
Class kotlin.collections.CollectionsKt__IteratorsKt                                   : loaded 2 times (x 73B)
Class [Lcom.android.builder.model.v2.ide.CodeShrinker;                                : loaded 2 times (x 71B)
Class com.google.common.util.concurrent.AbstractFuture                                : loaded 2 times (x 108B)
Class com.google.common.base.FunctionalEquivalence                                    : loaded 2 times (x 85B)
Class com.google.common.collect.ImmutableMap$MapViewOfValuesAsSingletonSets           : loaded 2 times (x 127B)
Class com.google.common.collect.AbstractMapBasedMultimap                              : loaded 2 times (x 140B)
Class com.google.common.collect.RegularImmutableMap                                   : loaded 2 times (x 122B)
Class com.amazon.ion.impl.bin.utf8.Pool                                               : loaded 2 times (x 76B)
Class org.jetbrains.plugins.gradle.tooling.serialization.internal.IdeaProjectSerializationService$WriteContext$2: loaded 2 times (x 85B)
Class kotlin.text.StringsKt                                                           : loaded 2 times (x 73B)
Class com.google.common.collect.ImmutableMultiset                                     : loaded 2 times (x 165B)
Class org.objectweb.asm.RecordComponentVisitor                                        : loaded 2 times (x 79B)
Class com.google.common.cache.CacheLoader$SupplierToCacheLoader                       : loaded 2 times (x 77B)
Class com.amazon.ion.impl._Private_IonSymbol                                          : loaded 2 times (x 72B)
Class com.amazon.ion.impl.lite.IonValueLite                                           : loaded 2 times (x 150B)
Class com.amazon.ion.IonContainer                                                     : loaded 2 times (x 72B)
Class com.amazon.ion.impl.bin.PooledBlockAllocatorProvider                            : loaded 2 times (x 75B)
Class [Lio.opentelemetry.context.Scope;                                               : loaded 2 times (x 71B)
Class org.jetbrains.plugins.gradle.tooling.serialization.AnnotationProcessingModelSerializationService$ReadContext: loaded 2 times (x 74B)
Class org.jetbrains.plugins.gradle.tooling.serialization.internal.IdeaProjectSerializationService$WriteContext$3: loaded 2 times (x 85B)
Class gnu.trove.TObjectHash$NULL                                                      : loaded 2 times (x 73B)
Class org.gradle.util.internal.DefaultGradleVersion$Stage                             : loaded 2 times (x 77B)
Class kotlin.coroutines.jvm.internal.RestrictedContinuationImpl                       : loaded 2 times (x 89B)
Class org.jetbrains.kotlin.idea.gradleTooling.AndroidAwareGradleModelProvider         : loaded 2 times (x 81B)
Class com.intellij.gradle.toolingExtension.impl.telemetry.GradleOpenTelemetry         : loaded 2 times (x 74B)
Class org.jetbrains.plugins.gradle.tooling.serialization.internal.IdeaProjectSerializationService$WriteContext$4: loaded 2 times (x 85B)
Class com.intellij.gradle.toolingExtension.impl.model.sourceSetDependencyModel.GradleSourceSetDependencySerialisationService$Companion: loaded 2 times (x 73B)
Class [Lkotlin.Pair;                                                                  : loaded 2 times (x 71B)
Class kotlin.text.StringsKt__StringNumberConversionsKt                                : loaded 2 times (x 73B)
Class kotlin.io.FilesKt__FileReadWriteKt                                              : loaded 2 times (x 73B)
Class com.google.common.collect.UsingToStringOrdering                                 : loaded 2 times (x 116B)
Class kotlin.text.MatchNamedGroupCollection                                           : loaded 2 times (x 72B)
Class kotlin.jvm.internal.markers.KMutableList                                        : loaded 2 times (x 72B)
Class org.gradle.internal.time.MonotonicClock                                         : loaded 2 times (x 79B)
Class org.gradle.internal.service.ServiceLookupException                              : loaded 2 times (x 84B)
Class com.google.common.collect.Lists$ReverseList                                     : loaded 2 times (x 202B)
Class com.android.builder.model.v2.ide.AndroidArtifact                                : loaded 2 times (x 72B)
Class [Lcom.google.common.cache.LocalCache$EntryFactory;                              : loaded 2 times (x 71B)
Class com.amazon.ion.BufferConfiguration$Builder                                      : loaded 2 times (x 80B)
Class com.intellij.gradle.toolingExtension.util.GradleVersionSpecificsUtil            : loaded 2 times (x 73B)
Class io.opentelemetry.context.ContextStorage                                         : loaded 2 times (x 72B)
Class org.jetbrains.plugins.gradle.tooling.serialization.internal.IdeaProjectSerializationService$WriteContext$5: loaded 2 times (x 85B)
Class com.intellij.gradle.toolingExtension.impl.model.sourceSetDependencyModel.GradleSourceSetDependencySerialisationService$SourceSetDependencyModelWriteContext: loaded 2 times (x 74B)
Class [Lkotlin.sequences.Sequence;                                                    : loaded 2 times (x 71B)
Class kotlin.sequences.SequencesKt___SequencesKt$sortedWith$1                         : loaded 2 times (x 77B)
Class org.gradle.internal.classloader.ClassLoaderFactory                              : loaded 2 times (x 72B)
Class com.android.builder.model.v2.ide.LibraryInfo                                    : loaded 2 times (x 72B)
Class com.google.common.cache.LocalCache$LocalManualCache                             : loaded 2 times (x 101B)
Class com.google.common.io.ByteArrayDataOutput                                        : loaded 2 times (x 72B)
Class com.google.common.base.CommonPattern                                            : loaded 2 times (x 76B)
Class com.amazon.ion.impl.bin.IntList                                                 : loaded 2 times (x 79B)
Class com.amazon.ion.impl.lite._Private_LiteDomTrampoline                             : loaded 2 times (x 73B)
Class com.amazon.ion.IonType                                                          : loaded 2 times (x 81B)
Class org.jetbrains.plugins.gradle.tooling.serialization.internal.IdeaProjectSerializationService$WriteContext$6: loaded 2 times (x 85B)
Class org.jetbrains.plugins.gradle.tooling.util.IntObjectMap                          : loaded 2 times (x 75B)
Class org.gradle.internal.service.CachingServiceLocator                               : loaded 2 times (x 84B)
Class ijJvmDebugger1_ewkv1r8vhe7wre3euz9djkhur$_run_closure1                          : loaded 2 times (x 140B)
Class com.google.common.collect.AbstractMapBasedMultimap$KeySet                       : loaded 2 times (x 139B)
Class com.google.common.collect.Streams                                               : loaded 2 times (x 73B)
Class org.gradle.api.internal.classpath.ManifestUtil                                  : loaded 2 times (x 73B)
Class com.google.common.math.IntMath                                                  : loaded 2 times (x 73B)
Class com.amazon.ion.impl.lite.ValueFactoryLite                                       : loaded 2 times (x 220B)
Class org.jetbrains.plugins.gradle.model.RepositoryModels                             : loaded 2 times (x 72B)
Class org.jetbrains.plugins.gradle.tooling.serialization.internal.IdeaProjectSerializationService$WriteContext$7: loaded 2 times (x 85B)
Class kotlin.jvm.internal.CallableReference                                           : loaded 2 times (x 112B)
Class com.google.common.collect.ImmutableMapEntry                                     : loaded 2 times (x 87B)
Class com.amazon.ion.impl.bin.WriteBuffer                                             : loaded 2 times (x 80B)
Class com.amazon.ion.impl.bin.IonManagedBinaryWriter                                  : loaded 2 times (x 167B)
Class org.jetbrains.plugins.gradle.tooling.serialization.internal.IdeaProjectSerializationService$WriteContext$8: loaded 2 times (x 85B)
Class gnu.trove.TObjectIntProcedure                                                   : loaded 2 times (x 72B)
Class [Lorg.gradle.api.JavaVersion;                                                   : loaded 2 times (x 71B)
Class kotlin.ranges.IntRange                                                          : loaded 2 times (x 95B)
Class org.gradle.tooling.model.idea.IdeaDependencyScope                               : loaded 2 times (x 72B)
Class org.gradle.internal.time.TimeSource                                             : loaded 2 times (x 72B)
Class org.gradle.tooling.model.kotlin.dsl.KotlinDslScriptsModel                       : loaded 2 times (x 72B)
Class com.google.common.collect.ImmutableMultimap                                     : loaded 2 times (x 148B)
Class com.android.builder.model.v2.ide.TestInfo                                       : loaded 2 times (x 72B)
Class com.google.common.base.Equivalence                                              : loaded 2 times (x 84B)
Class com.google.common.collect.ImmutableMapEntry$NonTerminalImmutableMapEntry        : loaded 2 times (x 87B)
Class org.gradle.tooling.internal.adapter.ProtocolToModelAdapter$InvocationHandlerImpl: loaded 2 times (x 79B)
Class com.amazon.ion.impl.lite.IonBlobLite                                            : loaded 2 times (x 222B)
Class com.amazon.ion.impl.LocalSymbolTable                                            : loaded 2 times (x 129B)
Class org.jetbrains.plugins.gradle.tooling.serialization.SerializationService         : loaded 2 times (x 72B)
Class org.gradle.tooling.internal.gradle.GradleBuildIdentity                          : loaded 2 times (x 72B)
Class kotlin.enums.EnumEntries                                                        : loaded 2 times (x 72B)
Class com.android.builder.model.v2.ide.JavaCompileOptions                             : loaded 2 times (x 72B)
Class com.google.common.collect.IndexedImmutableSet$1                                 : loaded 2 times (x 214B)
Class com.google.common.cache.CacheBuilder$OneWeigher                                 : loaded 2 times (x 84B)
Class org.gradle.tooling.model.build.GradleEnvironment                                : loaded 2 times (x 72B)
Class com.amazon.ion.IonList                                                          : loaded 2 times (x 72B)
Class org.jetbrains.plugins.gradle.tooling.serialization.internal.adapter.Supplier    : loaded 2 times (x 72B)
Class org.gradle.tooling.internal.adapter.ProtocolToModelAdapter$MixInMappingAction   : loaded 2 times (x 82B)
Class org.gradle.internal.exceptions.ResolutionProvider                               : loaded 2 times (x 72B)
Class com.amazon.ion.IonSystem                                                        : loaded 2 times (x 72B)
Class com.amazon.ion.impl.bin.IonManagedBinaryWriter$ImportedSymbolContext            : loaded 2 times (x 74B)
Class org.gradle.tooling.model.idea.IdeaCompilerOutput                                : loaded 2 times (x 72B)
Class org.gradle.tooling.model.ProjectIdentifier                                      : loaded 2 times (x 72B)
Class org.gradle.internal.classloader.ClasspathUtil                                   : loaded 2 times (x 73B)
Class com.android.builder.model.v2.ide.ComponentInfo                                  : loaded 2 times (x 72B)
Class org.jetbrains.kotlin.tooling.core.HasExtras                                     : loaded 2 times (x 72B)
Class com.google.common.util.concurrent.Uninterruptibles                              : loaded 2 times (x 73B)
Class com.android.builder.model.v2.ide.ProjectType                                    : loaded 2 times (x 81B)
Class com.intellij.gradle.toolingExtension.impl.model.sourceSetModel.GradleSourceSetSerialisationService: loaded 2 times (x 79B)
Class kotlin.io.FileSystemException                                                   : loaded 2 times (x 84B)
Class com.android.builder.model.v2.dsl.BaseConfig                                     : loaded 2 times (x 72B)
Class com.google.common.collect.Maps                                                  : loaded 2 times (x 73B)
Class com.amazon.ion.impl.lite.IonIntLite                                             : loaded 2 times (x 191B)
Class com.amazon.ion.impl._Private_IonReaderBuilder$TwoElementInputStream             : loaded 2 times (x 94B)
Class com.amazon.ion.util._Private_FastAppendable                                     : loaded 2 times (x 72B)
Class [Lcom.amazon.ion.impl.bin.IonRawBinaryWriter$PreallocationMode;                 : loaded 2 times (x 71B)
Class io.opentelemetry.context.propagation.TextMapGetter                              : loaded 2 times (x 72B)
Class org.gradle.internal.time.TimeSource$1                                           : loaded 2 times (x 79B)
Class kotlin.jvm.internal.DefaultConstructorMarker                                    : loaded 2 times (x 73B)
Class org.gradle.api.specs.Spec                                                       : loaded 2 times (x 72B)
Class [Lcom.google.common.collect.ImmutableEntry;                                     : loaded 2 times (x 71B)
Class com.amazon.ion.impl.lite.IonSexpLite                                            : loaded 2 times (x 492B)
Class com.amazon.ion.impl.lite.IonListLite                                            : loaded 2 times (x 492B)
Class com.amazon.ion.IonFloat                                                         : loaded 2 times (x 72B)
Class io.opentelemetry.context.ThreadLocalContextStorage$ScopeImpl                    : loaded 2 times (x 81B)
Class com.google.common.cache.LocalCache$LoadingValueReference                        : loaded 2 times (x 98B)
Class com.amazon.ion.impl.LocalSymbolTable$Factory                                    : loaded 2 times (x 79B)
Class com.amazon.ion.impl.bin.IonManagedBinaryWriter$ImportedSymbolResolverMode       : loaded 2 times (x 82B)
Class com.intellij.gradle.toolingExtension.impl.model.buildScriptClasspathModel.GradleBuildScriptClasspathSerializationService: loaded 2 times (x 79B)
Class kotlin.jvm.internal.ArrayIterator                                               : loaded 2 times (x 81B)
Class com.google.common.base.Platform                                                 : loaded 2 times (x 73B)
Class com.amazon.ion.impl.LocalSymbolTableAsStruct                                    : loaded 2 times (x 134B)
Class com.amazon.ion.impl.lite.IonTimestampLite                                       : loaded 2 times (x 195B)
Class org.jetbrains.plugins.gradle.model.FileCollectionDependency                     : loaded 2 times (x 72B)
Class io.opentelemetry.api.trace.SpanBuilder                                          : loaded 2 times (x 72B)
Class io.opentelemetry.api.DefaultOpenTelemetry                                       : loaded 2 times (x 91B)
Class com.intellij.gradle.toolingExtension.impl.model.utilDummyModel.DummyModel       : loaded 2 times (x 72B)
Class kotlin.text.StringsKt__RegexExtensionsKt                                        : loaded 2 times (x 73B)
Class kotlin.collections.EmptyIterator                                                : loaded 2 times (x 91B)
Class org.gradle.internal.time.Clock                                                  : loaded 2 times (x 72B)
Class ijKotlinCoroutineJvmDebugInit1_6cshnk5ey2f3nejrfkwgib8o4$_run_closure1          : loaded 2 times (x 140B)
Class com.android.builder.model.v2.dsl.ProductFlavor                                  : loaded 2 times (x 72B)
Class [Lcom.android.builder.model.v2.ide.TestInfo$Execution;                          : loaded 2 times (x 71B)
Class [Lorg.objectweb.asm.AnnotationWriter;                                           : loaded 2 times (x 71B)
Class com.google.common.collect.Maps$8                                                : loaded 2 times (x 84B)
Class com.amazon.ion.IonString                                                        : loaded 2 times (x 72B)
Class io.opentelemetry.context.propagation.TextMapPropagator                          : loaded 2 times (x 72B)
Class org.jetbrains.plugins.gradle.model.GradleSourceSetDependencyModel               : loaded 2 times (x 72B)
Class com.google.common.collect.CompoundOrdering                                      : loaded 2 times (x 117B)
Class kotlin.sequences.SequencesKt__SequencesJVMKt                                    : loaded 2 times (x 73B)
Class kotlin.coroutines.jvm.internal.RestrictedSuspendLambda                          : loaded 2 times (x 93B)
Class org.gradle.tooling.internal.adapter.TypeInspector                               : loaded 2 times (x 75B)
Class org.gradle.tooling.internal.adapter.ProtocolToModelAdapter$NoOpDecoration       : loaded 2 times (x 81B)
Class org.gradle.tooling.model.Element                                                : loaded 2 times (x 72B)
Class kotlin.collections.AbstractList                                                 : loaded 2 times (x 199B)
Class kotlin.collections.AbstractCollection                                           : loaded 2 times (x 119B)
Class com.google.common.collect.Lists$ReverseList$1                                   : loaded 2 times (x 101B)
Class org.jetbrains.plugins.gradle.tooling.util.IntObjectMap$ObjectFactory            : loaded 2 times (x 72B)
Class org.jetbrains.kotlin.tooling.core.Extras                                        : loaded 2 times (x 72B)
Class com.google.common.collect.Sets$SetView                                          : loaded 2 times (x 140B)
Class com.google.common.cache.LocalCache$StrongValueReference                         : loaded 2 times (x 92B)
Class com.amazon.ion.BufferConfiguration                                              : loaded 2 times (x 74B)
Class com.amazon.ion.system.SimpleCatalog                                             : loaded 2 times (x 93B)
Class io.opentelemetry.context.ArrayBasedContext                                      : loaded 2 times (x 102B)
Class com.intellij.gradle.toolingExtension.impl.model.taskModel.GradleTaskSerialisationService: loaded 2 times (x 78B)
Class com.android.ide.gradle.model.LegacyV1AgpVersionModel                            : loaded 2 times (x 72B)
Class kotlin.text.StringsKt__StringBuilderJVMKt                                       : loaded 2 times (x 73B)
Class kotlin.text.Regex                                                               : loaded 2 times (x 74B)
Class kotlin.sequences.SequencesKt__SequenceBuilderKt$sequence$$inlined$Sequence$1    : loaded 2 times (x 77B)
Class kotlin.Triple                                                                   : loaded 2 times (x 74B)
Class org.objectweb.asm.Type                                                          : loaded 2 times (x 74B)
Class org.jetbrains.plugins.gradle.tooling.util.IntObjectMap$1                        : loaded 2 times (x 79B)
Class org.gradle.tooling.model.internal.ImmutableDomainObjectSet                      : loaded 2 times (x 157B)
Class org.gradle.internal.classloader.VisitableURLClassLoader$InstrumentingVisitableURLClassLoader: loaded 2 times (x 124B)
Class com.android.builder.model.v2.ide.AndroidGradlePluginProjectFlags                : loaded 2 times (x 72B)
Class [Lcom.android.builder.model.v2.ide.AndroidGradlePluginProjectFlags$BooleanFlag; : loaded 2 times (x 71B)
Class com.android.builder.model.v2.ide.BasicVariant                                   : loaded 2 times (x 72B)
Class org.objectweb.asm.ByteVector                                                    : loaded 2 times (x 81B)
Class [Lcom.google.common.cache.CacheBuilder$NullListener;                            : loaded 2 times (x 71B)
Class com.google.common.math.IntMath$1                                                : loaded 2 times (x 73B)
Class [Lcom.amazon.ion.impl.bin.IonRawBinaryWriter$StreamFlushMode;                   : loaded 2 times (x 71B)
Class com.amazon.ion.UnsupportedIonVersionException                                   : loaded 2 times (x 87B)
Class io.opentelemetry.api.trace.SpanId                                               : loaded 2 times (x 73B)
Class kotlin.sequences.SequencesKt__SequencesKt$sequenceOf$1$1                        : loaded 2 times (x 81B)
Class kotlin.comparisons.ComparisonsKt__ComparisonsKt                                 : loaded 2 times (x 73B)
Class kotlin.ranges.RangesKt__RangesKt                                                : loaded 2 times (x 73B)
Class kotlin.collections.SetsKt___SetsKt                                              : loaded 2 times (x 73B)
Class kotlin.sequences.SequencesKt__SequencesKt                                       : loaded 2 times (x 73B)
Class kotlin.coroutines.Continuation                                                  : loaded 2 times (x 72B)
Class org.gradle.internal.classloader.VisitableURLClassLoader$Spec                    : loaded 2 times (x 76B)
Class org.gradle.internal.classpath.DefaultClassPath                                  : loaded 2 times (x 92B)
Class com.android.builder.model.v2.ide.BundleInfo                                     : loaded 2 times (x 72B)
Class com.android.builder.model.v2.ide.SourceProvider                                 : loaded 2 times (x 72B)
Class org.objectweb.asm.Symbol                                                        : loaded 2 times (x 75B)
Class com.google.common.base.AbstractIterator                                         : loaded 2 times (x 82B)
Class com.amazon.ion.impl.bin.IonManagedBinaryWriter$SymbolState                      : loaded 2 times (x 82B)
Class com.amazon.ion.IonStruct                                                        : loaded 2 times (x 72B)
Class org.jetbrains.plugins.gradle.model.GradleBuildScriptClasspathModel              : loaded 2 times (x 72B)
Class kotlin.sequences.FilteringSequence                                              : loaded 2 times (x 77B)
Class kotlin.text.CharsKt__CharJVMKt                                                  : loaded 2 times (x 73B)
Class kotlin.comparisons.ComparisonsKt                                                : loaded 2 times (x 73B)
Class kotlin.comparisons.ComparisonsKt___ComparisonsKt                                : loaded 2 times (x 73B)
Class kotlin.coroutines.jvm.internal.BaseContinuationImpl                             : loaded 2 times (x 89B)
Class kotlin.Result$Companion                                                         : loaded 2 times (x 73B)
Class org.gradle.util.internal.DefaultGradleVersion                                   : loaded 2 times (x 84B)
Class com.google.common.io.Closer                                                     : loaded 2 times (x 80B)
Class com.google.common.collect.RegularImmutableMap$Values                            : loaded 2 times (x 209B)
Class [Lio.opentelemetry.api.trace.ImmutableTraceFlags;                               : loaded 2 times (x 71B)
Class com.amazon.ion.IonException                                                     : loaded 2 times (x 86B)
Class [Lio.opentelemetry.context.ThreadLocalContextStorage;                           : loaded 2 times (x 71B)
Class org.gradle.internal.classloader.ClassLoaderSpec                                 : loaded 2 times (x 73B)
Class org.objectweb.asm.AnnotationWriter                                              : loaded 2 times (x 80B)
Class com.google.common.cache.CacheStats                                              : loaded 2 times (x 73B)
Class com.amazon.ion.impl.IonWriterSystemTextMarkup                                   : loaded 2 times (x 193B)
Class com.amazon.ion.impl.bin.BlockAllocator                                          : loaded 2 times (x 82B)
Class kotlin.jvm.internal.FunctionReferenceImpl                                       : loaded 2 times (x 128B)
Class kotlin.collections.CollectionsKt___CollectionsJvmKt                             : loaded 2 times (x 73B)
Class com.google.common.io.Closer$Suppressor                                          : loaded 2 times (x 72B)
Class com.google.common.collect.ImmutableMultisetGwtSerializationDependencies         : loaded 2 times (x 127B)
Class org.objectweb.asm.RecordComponentWriter                                         : loaded 2 times (x 79B)
Class [Lcom.android.builder.model.v2.ide.ProjectType;                                 : loaded 2 times (x 71B)
Class com.google.common.util.concurrent.AbstractFuture$Listener                       : loaded 2 times (x 74B)
Class com.amazon.ion.util.GzipStreamInterceptor                                       : loaded 2 times (x 87B)
Class Settings_gradle$1$1                                                             : loaded 2 times (x 76B)
Class com.amazon.ion.system.IonWriterBuilderBase                                      : loaded 2 times (x 85B)
Class io.opentelemetry.api.trace.Tracer                                               : loaded 2 times (x 72B)
Class kotlin.TuplesKt                                                                 : loaded 2 times (x 73B)
Class kotlin.jvm.internal.markers.KMutableIterable                                    : loaded 2 times (x 72B)
Class kotlin.Unit                                                                     : loaded 2 times (x 73B)
Class kotlin.sequences.SequencesKt___SequencesJvmKt                                   : loaded 2 times (x 73B)
Class org.gradle.tooling.internal.adapter.ProtocolToModelAdapter$DefaultViewBuilder   : loaded 2 times (x 82B)
Class [Lcom.android.builder.model.v2.ide.AaptOptions$Namespacing;                     : loaded 2 times (x 71B)
Class com.android.ide.common.gradle.Version$Companion$ParseState                      : loaded 2 times (x 72B)
Class org.objectweb.asm.Attribute                                                     : loaded 2 times (x 79B)
Class com.google.common.base.Supplier                                                 : loaded 2 times (x 72B)
Class io.opentelemetry.api.trace.ArrayBasedTraceState                                 : loaded 2 times (x 88B)
Class io.opentelemetry.context.ContextKey                                             : loaded 2 times (x 72B)
Class io.opentelemetry.context.propagation.TextMapSetter                              : loaded 2 times (x 72B)
Class kotlin.ranges.RangesKt                                                          : loaded 2 times (x 73B)
Class org.gradle.tooling.internal.adapter.ProtocolToModelAdapter$ViewGraphDetails$1   : loaded 2 times (x 79B)
Class org.gradle.internal.classloader.VisitableURLClassLoader                         : loaded 2 times (x 118B)
Class Settings_gradle                                                                 : loaded 2 times (x 126B)
Class [Lcom.amazon.ion.SymbolTable;                                                   : loaded 2 times (x 71B)
Class com.amazon.ion.impl.bin.IonBinaryWriterAdapter$Factory                          : loaded 2 times (x 72B)
Class com.amazon.ion.impl.BlockedBuffer$BufferedOutputStream                          : loaded 2 times (x 92B)
Class org.jetbrains.plugins.gradle.tooling.serialization.ExternalTestsSerializationService$ReadContext: loaded 2 times (x 74B)
Class kotlin.sequences.FlatteningSequence$iterator$1                                  : loaded 2 times (x 81B)
Class kotlin.jvm.functions.Function0                                                  : loaded 2 times (x 72B)
Class kotlin.collections.ArraysUtilJVM                                                : loaded 2 times (x 73B)
Class com.amazon.ion.impl.bin.IonManagedBinaryWriter$UserState$3                      : loaded 2 times (x 87B)
Class com.google.common.util.concurrent.ExecutionError                                : loaded 2 times (x 84B)
Class org.gradle.tooling.model.idea.IdeaDependency                                    : loaded 2 times (x 72B)
Class com.android.builder.model.v2.ide.AaptOptions                                    : loaded 2 times (x 72B)
Class [Lcom.android.builder.model.v2.ide.BytecodeTransformation;                      : loaded 2 times (x 71B)
Class com.android.ide.common.gradle.Version$Companion                                 : loaded 2 times (x 73B)
Class com.google.common.collect.Sets                                                  : loaded 2 times (x 73B)
Class org.objectweb.asm.Handler                                                       : loaded 2 times (x 74B)
Class com.google.common.base.Ticker                                                   : loaded 2 times (x 74B)
Class com.google.common.base.Strings                                                  : loaded 2 times (x 73B)
Class com.google.common.collect.ImmutableEnumSet                                      : loaded 2 times (x 148B)
Class com.amazon.ion.impl.bin.AbstractIonWriter$WriteValueOptimization                : loaded 2 times (x 81B)
Class sync_studio_tooling3600_7bcdmonptfwskkt2d0auq7apl                               : loaded 2 times (x 173B)
Class kotlin.collections.AbstractMutableList                                          : loaded 2 times (x 208B)
Class kotlin.jvm.functions.Function1                                                  : loaded 2 times (x 72B)
Class com.android.builder.model.v2.models.ndk.NativeModelBuilderParameter             : loaded 2 times (x 72B)
Class [Lcom.google.common.cache.LocalCache$Segment;                                   : loaded 2 times (x 71B)
Class [Lcom.google.common.cache.LocalCache$Strength;                                  : loaded 2 times (x 71B)
Class com.google.common.cache.CacheBuilder$1                                          : loaded 2 times (x 87B)
Class com.google.common.collect.ImmutableMap                                          : loaded 2 times (x 122B)
Class com.android.builder.model.v2.models.VariantDependenciesAdjacencyList            : loaded 2 times (x 72B)
Class com.amazon.ion.impl.bin.BlockAllocatorProvider                                  : loaded 2 times (x 74B)
Class io.opentelemetry.api.trace.ArrayBasedTraceStateBuilder                          : loaded 2 times (x 79B)
Class org.jetbrains.plugins.gradle.tooling.serialization.internal.IdeaProjectSerializationService$WriteContext: loaded 2 times (x 74B)
Class com.intellij.gradle.toolingExtension.impl.model.sourceSetDependencyModel.GradleSourceSetDependencySerialisationService: loaded 2 times (x 79B)
Class org.jetbrains.plugins.gradle.model.GradleSourceSetModel                         : loaded 2 times (x 72B)
Class kotlin.KotlinNothingValueException                                              : loaded 2 times (x 84B)
Class kotlin.jvm.functions.Function2                                                  : loaded 2 times (x 72B)
Class org.gradle.internal.classpath.DefaultClassPath$ImmutableUniqueList$Builder      : loaded 2 times (x 77B)
Class org.gradle.internal.classloader.ClassLoaderHierarchy                            : loaded 2 times (x 72B)
Class com.google.common.cache.LocalCache                                              : loaded 2 times (x 188B)
Class com.google.common.cache.CacheBuilder$2                                          : loaded 2 times (x 74B)
Class kotlin.collections.CollectionsKt__ReversedViewsKt                               : loaded 2 times (x 73B)
Class com.amazon.ion.impl.lite.IonSequenceLite                                        : loaded 2 times (x 434B)
Class com.amazon.ion.impl._Private_Utils$1                                            : loaded 2 times (x 100B)
Class com.amazon.ion.impl.SymbolTableAsStruct                                         : loaded 2 times (x 72B)
Class io.opentelemetry.api.trace.TracerProvider                                       : loaded 2 times (x 72B)
Class com.android.ide.gradle.model.dependencies.Coordinates                           : loaded 2 times (x 72B)
Class kotlin.collections.MapsKt___MapsJvmKt                                           : loaded 2 times (x 73B)
Class org.gradle.tooling.internal.adapter.WeakIdentityHashMap$AbsentValueProvider     : loaded 2 times (x 72B)
Class [Lcom.google.common.collect.AbstractMapEntry;                                   : loaded 2 times (x 71B)
Class com.google.common.collect.ImmutableEntry                                        : loaded 2 times (x 84B)
Class com.google.common.collect.ArrayListMultimap                                     : loaded 2 times (x 173B)
Class com.amazon.ion.impl.bin.AbstractIonWriter                                       : loaded 2 times (x 162B)
Class io.opentelemetry.api.trace.AutoValue_ArrayBasedTraceState                       : loaded 2 times (x 89B)
Class gnu.trove.TObjectHash                                                           : loaded 2 times (x 96B)
Class org.jetbrains.plugins.gradle.tooling.util.ObjectCollector$Processor             : loaded 2 times (x 72B)
Class kotlin.jvm.functions.Function4                                                  : loaded 2 times (x 72B)
Class kotlin.collections.EmptySet                                                     : loaded 2 times (x 124B)
Class kotlin.annotation.Target                                                        : loaded 2 times (x 72B)
Class kotlin.collections.CollectionsKt___CollectionsKt                                : loaded 2 times (x 73B)
Class kotlin.sequences.SequencesKt__SequenceBuilderKt                                 : loaded 2 times (x 73B)
Class org.gradle.internal.exceptions.NonGradleCauseExceptionsHolder                   : loaded 2 times (x 72B)
Class org.gradle.tooling.model.idea.IdeaModuleDependency                              : loaded 2 times (x 72B)
Class org.gradle.tooling.internal.adapter.ViewBuilder                                 : loaded 2 times (x 72B)
Class com.google.common.base.Suppliers$MemoizingSupplier                              : loaded 2 times (x 81B)
Class com.android.builder.model.v2.ide.AndroidLibraryData                             : loaded 2 times (x 72B)
Class com.android.builder.model.v2.ide.ApiVersion                                     : loaded 2 times (x 72B)
Class com.android.ide.common.gradle.Version                                           : loaded 2 times (x 77B)
Class com.google.common.collect.CollectPreconditions                                  : loaded 2 times (x 73B)
Class com.amazon.ion.system.IonReaderBuilder                                          : loaded 2 times (x 97B)
Class io.opentelemetry.api.trace.TraceState                                           : loaded 2 times (x 72B)
Class org.jetbrains.plugins.gradle.model.AnnotationProcessingConfig                   : loaded 2 times (x 72B)
Class com.amazon.ion.IonReader                                                        : loaded 2 times (x 72B)
Class gnu.trove.Equality                                                              : loaded 2 times (x 72B)
Class kotlin.text.StringsKt___StringsJvmKt                                            : loaded 2 times (x 73B)
Class kotlin.reflect.KDeclarationContainer                                            : loaded 2 times (x 72B)
Class kotlin.annotation.Retention                                                     : loaded 2 times (x 72B)
Class com.android.builder.model.v2.models.Versions$Version                            : loaded 2 times (x 72B)
Class com.google.common.collect.SortedMapDifference                                   : loaded 2 times (x 72B)
Class com.amazon.ion.IonClob                                                          : loaded 2 times (x 72B)
Class io.opentelemetry.context.LazyStorage                                            : loaded 2 times (x 73B)
Class org.jetbrains.plugins.gradle.tooling.ModelBuilderService$Parameter              : loaded 2 times (x 72B)
Class kotlin.io.FilesKt                                                               : loaded 2 times (x 73B)
Class kotlin.collections.MapsKt___MapsKt                                              : loaded 2 times (x 73B)
Class kotlin.collections.ArraysKt___ArraysKt                                          : loaded 2 times (x 73B)
Class com.google.common.cache.LocalCache$WriteThroughEntry                            : loaded 2 times (x 81B)
Class com.google.common.cache.LocalCache$HashIterator                                 : loaded 2 times (x 88B)
Class com.google.common.cache.LocalCache$EntryFactory                                 : loaded 2 times (x 85B)
Class com.amazon.ion.impl.lite.IonLobLite                                             : loaded 2 times (x 187B)
Class com.amazon.ion.impl.lite.IonTextLite                                            : loaded 2 times (x 184B)
Class com.amazon.ion.IonNumber                                                        : loaded 2 times (x 72B)
Class gnu.trove.TObjectHashingStrategy                                                : loaded 2 times (x 72B)
Class kotlin.collections.MapsKt__MapWithDefaultKt                                     : loaded 2 times (x 73B)
Class org.gradle.tooling.internal.adapter.ProtocolToModelAdapter$ReflectionMethodInvoker: loaded 2 times (x 78B)
Class [Lcom.android.ide.common.gradle.Separator;                                      : loaded 2 times (x 71B)
Class org.jetbrains.kotlin.tooling.core.HasMutableExtras                              : loaded 2 times (x 72B)
Class com.google.common.cache.LocalCache$AbstractReferenceEntry                       : loaded 2 times (x 109B)
Class [Lcom.amazon.ion.impl.bin.IonManagedBinaryWriter$UserState;                     : loaded 2 times (x 71B)
Class com.amazon.ion.impl.bin.utf8.Utf8StringEncoder                                  : loaded 2 times (x 82B)
Class com.amazon.ion.IonBool                                                          : loaded 2 times (x 72B)
Class kotlin.text.StringsKt___StringsKt                                               : loaded 2 times (x 73B)
Class com.google.common.collect.NullsLastOrdering                                     : loaded 2 times (x 117B)
Class kotlin.collections.CollectionsKt__MutableCollectionsJVMKt                       : loaded 2 times (x 73B)
Class kotlin.io.FilesKt__FileTreeWalkKt                                               : loaded 2 times (x 73B)
Class kotlin.enums.EnumEntriesKt                                                      : loaded 2 times (x 73B)
Class com.android.builder.model.v2.models.VariantDependencies                         : loaded 2 times (x 72B)
Class kotlin.jvm.internal.CollectionToArray                                           : loaded 2 times (x 73B)
Class org.objectweb.asm.SymbolTable                                                   : loaded 2 times (x 74B)
Class com.google.common.cache.CacheLoader$InvalidCacheLoadException                   : loaded 2 times (x 84B)
Class kotlin.sequences.FilteringSequence$iterator$1                                   : loaded 2 times (x 81B)
Class com.amazon.ion.IonLoader                                                        : loaded 2 times (x 72B)
Class io.opentelemetry.context.propagation.NoopTextMapPropagator                      : loaded 2 times (x 78B)
Class com.intellij.gradle.toolingExtension.model.repositoryModel.ProjectRepositoriesModel: loaded 2 times (x 72B)
Class org.jetbrains.plugins.gradle.model.GradleProperty                               : loaded 2 times (x 72B)
Class gnu.trove.TObjectCanonicalHashingStrategy                                       : loaded 2 times (x 80B)
Class org.gradle.internal.classloader.SystemClassLoaderSpec                           : loaded 2 times (x 73B)
Class com.android.builder.model.v2.ide.TestedTargetVariant                            : loaded 2 times (x 72B)
Class com.google.common.cache.LocalCache$StrongEntry                                  : loaded 2 times (x 110B)
Class com.google.common.util.concurrent.AbstractFuture$TrustedFuture                  : loaded 2 times (x 116B)
Class com.google.common.cache.LoadingCache                                            : loaded 2 times (x 72B)
Class com.amazon.ion.impl._Private_Utils                                              : loaded 2 times (x 73B)
Class kotlin.ranges.IntRange$Companion                                                : loaded 2 times (x 73B)
Class kotlin.text.MatcherMatchResult$groups$1                                         : loaded 2 times (x 153B)
Class kotlin.collections.EmptyMap                                                     : loaded 2 times (x 110B)
Class kotlin.reflect.KAnnotatedElement                                                : loaded 2 times (x 72B)
Class kotlin.jvm.internal.markers.KMutableCollection                                  : loaded 2 times (x 72B)
Class kotlin.coroutines.intrinsics.IntrinsicsKt                                       : loaded 2 times (x 73B)
Class org.gradle.internal.exceptions.MultiCauseException                              : loaded 2 times (x 72B)
Class org.gradle.internal.time.CountdownTimer                                         : loaded 2 times (x 72B)
Class kotlin.jvm.internal.Intrinsics                                                  : loaded 2 times (x 73B)
Class com.google.common.io.ByteStreams$LimitedInputStream                             : loaded 2 times (x 94B)
Class com.google.common.base.Suppliers$NonSerializableMemoizingSupplier               : loaded 2 times (x 81B)
Class org.objectweb.asm.MethodWriter                                                  : loaded 2 times (x 107B)
Class [Lcom.google.common.cache.Weigher;                                              : loaded 2 times (x 71B)
Class com.google.common.collect.RegularImmutableMap$BucketOverflowException           : loaded 2 times (x 84B)
Class io.opentelemetry.api.trace.Span                                                 : loaded 2 times (x 72B)
Class com.intellij.gradle.toolingExtension.impl.model.projectModel.GradleExternalProjectSerializationService$ReadContext: loaded 2 times (x 75B)
Class com.intellij.gradle.toolingExtension.impl.model.dependencyModel.DependencyWriteContext: loaded 2 times (x 74B)
Class kotlin.collections.MapsKt                                                       : loaded 2 times (x 73B)
Class kotlin.coroutines.intrinsics.CoroutineSingletons                                : loaded 2 times (x 81B)
Class kotlin.collections.CollectionsKt__IterablesKt                                   : loaded 2 times (x 73B)
Class org.gradle.tooling.model.ProjectModel                                           : loaded 2 times (x 72B)
Class com.google.common.collect.ImmutableMultimap$1                                   : loaded 2 times (x 84B)
Class com.android.ide.common.gradle.Version$Companion$ParseState$EMPTY                : loaded 2 times (x 76B)
Class org.jetbrains.plugins.gradle.model.GradleConfiguration                          : loaded 2 times (x 72B)
Class com.amazon.ion.impl.bin.utf8.Utf8StringEncoderPool                              : loaded 2 times (x 76B)
Class com.amazon.ion.impl._Private_IonSystem                                          : loaded 2 times (x 72B)
Class com.amazon.ion.BufferConfiguration$OversizedValueHandler                        : loaded 2 times (x 72B)
Class kotlin.ranges.OpenEndRange                                                      : loaded 2 times (x 72B)
Class kotlin.sequences.SequenceBuilderIterator                                        : loaded 2 times (x 87B)
Class kotlin.KotlinNullPointerException                                               : loaded 2 times (x 84B)
Class com.google.common.collect.ImmutableMultimap$2                                   : loaded 2 times (x 83B)
Class com.google.common.collect.RegularImmutableBiMap                                 : loaded 2 times (x 149B)
Class com.google.common.cache.LocalCache$ValueReference                               : loaded 2 times (x 72B)
Class com.intellij.gradle.toolingExtension.impl.model.sourceSetModel.GradleSourceSetSerialisationService$Companion: loaded 2 times (x 73B)
Class com.amazon.ion.impl._Private_IonValue                                           : loaded 2 times (x 72B)
Class com.amazon.ion.IonDecimal                                                       : loaded 2 times (x 72B)
Class io.opentelemetry.api.OpenTelemetry                                              : loaded 2 times (x 72B)
Class org.jetbrains.plugins.gradle.model.tests.ExternalTestsModel                     : loaded 2 times (x 72B)
Class kotlin.ranges.RangesKt___RangesKt                                               : loaded 2 times (x 73B)
Class org.gradle.tooling.model.idea.IdeaLanguageLevel                                 : loaded 2 times (x 72B)
Class org.gradle.tooling.internal.adapter.ProtocolToModelAdapter$SafeMethodInvoker    : loaded 2 times (x 78B)
Class org.gradle.tooling.internal.adapter.WeakIdentityHashMap$WeakKey                 : loaded 2 times (x 82B)
Class org.gradle.internal.exceptions.DefaultMultiCauseException                       : loaded 2 times (x 97B)
Class com.google.common.hash.PrimitiveSink                                            : loaded 2 times (x 72B)
Class com.android.builder.model.v2.ide.ProjectInfo                                    : loaded 2 times (x 72B)
Class com.google.common.util.concurrent.AbstractFuture$Failure                        : loaded 2 times (x 74B)
Class com.google.common.base.Equivalence$Equals                                       : loaded 2 times (x 84B)
Class com.google.common.collect.Hashing                                               : loaded 2 times (x 73B)
Class com.google.common.base.PatternCompiler                                          : loaded 2 times (x 72B)
Class com.amazon.ion.impl.bin.IonManagedBinaryWriter$UserState$2                      : loaded 2 times (x 87B)
Class com.amazon.ion.impl.bin.IonRawBinaryWriter$StreamCloseMode                      : loaded 2 times (x 81B)
Class com.amazon.ion.impl._Private_IonBinaryWriterBuilder$Mutable                     : loaded 2 times (x 117B)
Class io.opentelemetry.api.trace.PropagatedSpan                                       : loaded 2 times (x 114B)
Class com.intellij.gradle.toolingExtension.impl.model.projectModel.GradleExternalProjectSerializationService: loaded 2 times (x 79B)
Class kotlin.text.CharsKt__CharKt                                                     : loaded 2 times (x 73B)
Class kotlin.collections.ArrayDeque$Companion                                         : loaded 2 times (x 73B)
Class kotlin.collections.ArraysKt                                                     : loaded 2 times (x 73B)
Class org.gradle.tooling.model.HierarchicalElement                                    : loaded 2 times (x 72B)
Class com.android.builder.model.v2.dsl.DependenciesInfo                               : loaded 2 times (x 72B)
Class [Lcom.google.common.base.AbstractIterator$State;                                : loaded 2 times (x 71B)
Class org.objectweb.asm.Label                                                         : loaded 2 times (x 75B)
Class org.objectweb.asm.CurrentFrame                                                  : loaded 2 times (x 75B)
Class org.objectweb.asm.ClassTooLargeException                                        : loaded 2 times (x 84B)
Class org.gradle.internal.classloader.FilteringClassLoader                            : loaded 2 times (x 106B)
Class kotlin.NotImplementedError                                                      : loaded 2 times (x 84B)
Class com.amazon.ion.impl.bin.IonRawBinaryWriter$PatchPoint                           : loaded 2 times (x 74B)
Class com.amazon.ion.IonBlob                                                          : loaded 2 times (x 72B)
Class com.amazon.ion.IonLob                                                           : loaded 2 times (x 72B)
Class com.amazon.ion.IonSequence                                                      : loaded 2 times (x 72B)
Class io.opentelemetry.api.trace.TraceFlags                                           : loaded 2 times (x 72B)
Class org.jetbrains.plugins.gradle.tooling.serialization.ExternalTestsSerializationService: loaded 2 times (x 79B)
Class com.google.common.collect.ByFunctionOrdering                                    : loaded 2 times (x 117B)
Class kotlin.collections.SetsKt__SetsKt                                               : loaded 2 times (x 73B)
Class kotlin.coroutines.EmptyCoroutineContext                                         : loaded 2 times (x 79B)
Class org.gradle.internal.time.Time                                                   : loaded 2 times (x 73B)
Class com.android.builder.model.v2.models.ProjectGraph                                : loaded 2 times (x 72B)
Class com.google.common.collect.Maps$IteratorBasedAbstractMap                         : loaded 2 times (x 127B)
Class com.android.ide.common.gradle.Version$Companion$ParseState$NUMERIC              : loaded 2 times (x 76B)
Class com.google.common.collect.RangeGwtSerializationDependencies                     : loaded 2 times (x 73B)
Class kotlin.sequences.FlatteningSequence                                             : loaded 2 times (x 77B)
Class org.objectweb.asm.Frame                                                         : loaded 2 times (x 75B)
Class org.objectweb.asm.MethodVisitor                                                 : loaded 2 times (x 107B)
Class com.google.common.cache.LocalCache$EntryFactory$1                               : loaded 2 times (x 85B)
Class [Lcom.google.common.cache.RemovalListener;                                      : loaded 2 times (x 71B)
Class kotlin.text.MatcherMatchResult                                                  : loaded 2 times (x 82B)
Class kotlin.text.MatchGroupCollection                                                : loaded 2 times (x 72B)
Class com.amazon.ion.system.IonTextWriterBuilder                                      : loaded 2 times (x 99B)
Class com.amazon.ion.impl.bin.IonManagedBinaryWriter$ImportedSymbolResolverMode$1$1$1 : loaded 2 times (x 78B)
Class com.amazon.ion.impl._Private_LocalSymbolTableFactory                            : loaded 2 times (x 72B)
Class org.jetbrains.plugins.gradle.tooling.serialization.AnnotationProcessingModelSerializationService: loaded 2 times (x 79B)
Class kotlin.collections.ArraysKt__ArraysJVMKt                                        : loaded 2 times (x 73B)
Class kotlin.text.StringsKt__StringsKt                                                : loaded 2 times (x 73B)
Class com.google.common.cache.LocalCache$EntryFactory$2                               : loaded 2 times (x 85B)
Class com.amazon.ion.impl.lite.IonNullLite                                            : loaded 2 times (x 178B)
Class org.jetbrains.plugins.gradle.model.DependencyAccessorsModel                     : loaded 2 times (x 72B)
Class [Lcom.intellij.openapi.externalSystem.model.project.dependencies.ResolutionState;: loaded 2 times (x 71B)
Class gnu.trove.TObjectIntHashMap                                                     : loaded 2 times (x 111B)
Class kotlin.text.StringsKt__StringBuilderKt                                          : loaded 2 times (x 73B)
Class kotlin.jvm.internal.CallableReference$NoReceiver                                : loaded 2 times (x 73B)
Class org.gradle.api.internal.classpath.GlobalCacheRootsProvider                      : loaded 2 times (x 72B)
Class com.google.common.collect.CollectCollectors                                     : loaded 2 times (x 73B)
Class org.objectweb.asm.ModuleWriter                                                  : loaded 2 times (x 83B)
Class com.google.common.cache.LocalCache$EntryFactory$3                               : loaded 2 times (x 85B)
Class com.google.common.base.Ticker$1                                                 : loaded 2 times (x 74B)
Class com.google.common.collect.ImmutableMapEntrySet$RegularEntrySet                  : loaded 2 times (x 153B)
Class com.google.common.collect.Maps$BiMapConverter                                   : loaded 2 times (x 92B)
Class com.amazon.ion.impl.lite.IonClobLite                                            : loaded 2 times (x 223B)
Class com.amazon.ion.impl._Private_ValueFactory                                       : loaded 2 times (x 72B)
Class com.amazon.ion.impl.bin.IonRawBinaryWriter$PreallocationMode$1                  : loaded 2 times (x 83B)
Class [Lcom.amazon.ion.impl.bin._Private_IonManagedBinaryWriterBuilder$AllocatorMode; : loaded 2 times (x 71B)
Class org.jetbrains.kotlin.idea.gradleTooling.KotlinMPPGradleModel                    : loaded 2 times (x 72B)
Class io.opentelemetry.context.propagation.ContextPropagators                         : loaded 2 times (x 72B)
Class com.intellij.gradle.toolingExtension.impl.model.dependencyDownloadPolicyModel.GradleDependencyDownloadPolicy: loaded 2 times (x 72B)
Class org.gradle.tooling.model.BuildIdentifier                                        : loaded 2 times (x 72B)
Class kotlin.NoWhenBranchMatchedException                                             : loaded 2 times (x 84B)
Class com.android.builder.model.v2.ide.VectorDrawablesOptions                         : loaded 2 times (x 72B)
Class com.google.common.cache.LocalCache$EntryFactory$4                               : loaded 2 times (x 85B)
Class com.google.common.collect.ImmutableSet$Builder                                  : loaded 2 times (x 87B)
Class com.android.ide.gradle.model.dependencies.DeclaredDependencies                  : loaded 2 times (x 72B)
Class com.amazon.ion.IonInt                                                           : loaded 2 times (x 72B)
Class com.amazon.ion.impl.bin.IonRawBinaryWriter$PreallocationMode$2                  : loaded 2 times (x 83B)
Class org.jetbrains.kotlin.idea.gradleTooling.PrepareKotlinIdeImportTaskModel         : loaded 2 times (x 72B)
Class com.google.common.io.ByteStreams$1                                              : loaded 2 times (x 87B)
Class com.android.builder.model.v2.ide.Edge                                           : loaded 2 times (x 72B)
Class com.android.builder.model.v2.models.VariantDependenciesFlatList                 : loaded 2 times (x 72B)
Class com.google.common.cache.LocalCache$EntryFactory$5                               : loaded 2 times (x 85B)
Class com.amazon.ion.impl.bin.IonRawBinaryWriter$PreallocationMode$3                  : loaded 2 times (x 83B)
Class com.android.ide.gradle.model.GradlePluginModel                                  : loaded 2 times (x 72B)
Class com.google.common.collect.ReverseOrdering                                       : loaded 2 times (x 117B)
Class org.gradle.tooling.model.build.JavaEnvironment                                  : loaded 2 times (x 72B)
Class com.android.builder.model.v2.ide.SourceSetContainer                             : loaded 2 times (x 72B)
Class com.google.common.cache.LocalCache$EntryFactory$6                               : loaded 2 times (x 85B)
Class org.jetbrains.plugins.gradle.model.GradleExtension                              : loaded 2 times (x 72B)
Class com.amazon.ion.impl.lite.IonDecimalLite                                         : loaded 2 times (x 191B)
Class com.amazon.ion.IonBufferConfiguration$Builder                                   : loaded 2 times (x 80B)
Class org.gradle.internal.time.Timer                                                  : loaded 2 times (x 72B)
Class kotlin.jvm.internal.markers.KMappedMarker                                       : loaded 2 times (x 72B)
Class org.gradle.internal.installation.CurrentGradleInstallationLocator               : loaded 2 times (x 73B)
Class com.google.common.collect.Maps$KeySet                                           : loaded 2 times (x 139B)
Class com.google.common.collect.ImmutableMultimap$Builder                             : loaded 2 times (x 85B)
Class com.android.builder.model.v2.ide.LintOptions                                    : loaded 2 times (x 72B)
Class com.google.common.cache.LocalCache$EntryFactory$7                               : loaded 2 times (x 85B)
Class com.google.common.collect.ImmutableSet$EmptySetBuilderImpl                      : loaded 2 times (x 78B)
Class org.jetbrains.plugins.gradle.tooling.serialization.internal.IdeaProjectSerializationService$ReadContext: loaded 2 times (x 74B)
Class [Lcom.amazon.ion.impl.bin.IonRawBinaryWriter$ContainerType;                     : loaded 2 times (x 71B)
Class kotlin.coroutines.jvm.internal.SpillingKt                                       : loaded 2 times (x 73B)
Class org.gradle.tooling.internal.adapter.ProtocolToModelAdapter$ViewGraphDetails     : loaded 2 times (x 74B)
Class org.gradle.tooling.model.idea.IdeaProject                                       : loaded 2 times (x 72B)
Class org.gradle.tooling.model.DomainObjectSet                                        : loaded 2 times (x 72B)
Class org.gradle.internal.service.DefaultServiceLocator                               : loaded 2 times (x 85B)
Class com.google.common.collect.ImmutableMultimap$EntryCollection                     : loaded 2 times (x 129B)
Class com.android.builder.model.v2.ide.BasicArtifact                                  : loaded 2 times (x 72B)
Class com.google.common.cache.LocalCache$EntryFactory$8                               : loaded 2 times (x 85B)
Class com.amazon.ion.impl.bin.IonManagedBinaryWriter$UserState$1                      : loaded 2 times (x 87B)
Class com.amazon.ion.impl.bin.utf8.Utf8StringEncoder$Result                           : loaded 2 times (x 76B)
Class com.amazon.ion.impl.bin.utf8.Pool$Allocator                                     : loaded 2 times (x 72B)
Class com.amazon.ion.IonText                                                          : loaded 2 times (x 72B)
Class com.amazon.ion.impl.SymbolTokenImpl                                             : loaded 2 times (x 83B)
Class com.amazon.ion.SubstituteSymbolTableException                                   : loaded 2 times (x 86B)
Class io.opentelemetry.api.trace.SpanContextKey                                       : loaded 2 times (x 73B)
Class kotlin.coroutines.jvm.internal.SuspendFunction                                  : loaded 2 times (x 72B)
Class org.gradle.util.GradleVersion                                                   : loaded 2 times (x 83B)
Class org.gradle.internal.installation.CurrentGradleInstallation                      : loaded 2 times (x 75B)
Class com.google.common.cache.CacheLoader$1                                           : loaded 2 times (x 77B)
Class com.google.common.collect.RegularImmutableMap$KeySet                            : loaded 2 times (x 152B)
Class com.google.common.base.Equivalence$Identity                                     : loaded 2 times (x 84B)
Class com.amazon.ion.impl.bin.IonManagedBinaryWriter$ImportDescriptor                 : loaded 2 times (x 78B)
Class com.amazon.ion.SymbolTable                                                      : loaded 2 times (x 72B)
Class org.jetbrains.plugins.gradle.javaModel.JavaGradleManifestModel                  : loaded 2 times (x 72B)
Class org.jetbrains.plugins.gradle.tooling.serialization.GradleExtensionsSerializationService$WriteContext: loaded 2 times (x 74B)
Class com.intellij.gradle.toolingExtension.impl.model.taskModel.GradleTaskSerialisationService$Companion: loaded 2 times (x 73B)
Class kotlin.jvm.internal.Ref$BooleanRef                                              : loaded 2 times (x 73B)
Class kotlin.jvm.internal.StringCompanionObject                                       : loaded 2 times (x 73B)
Class kotlin.coroutines.intrinsics.IntrinsicsKt__IntrinsicsJvmKt                      : loaded 2 times (x 73B)
Class kotlin.coroutines.jvm.internal.CoroutineStackFrame                              : loaded 2 times (x 72B)
Class org.gradle.tooling.internal.adapter.ProtocolToModelAdapter$MethodInvocationCache$MethodInvocationKey: loaded 2 times (x 75B)
Class org.gradle.util.internal.GUtil                                                  : loaded 2 times (x 73B)
Class com.android.utils.StringHelper                                                  : loaded 2 times (x 73B)
Class com.google.common.cache.AbstractCache$StatsCounter                              : loaded 2 times (x 72B)
Class [Lcom.amazon.ion.impl.bin.IonManagedBinaryWriter$SymbolState;                   : loaded 2 times (x 71B)
Class com.amazon.ion.impl._Private_IonWriterBase                                      : loaded 2 times (x 164B)
Class com.amazon.ion.system.IonSystemBuilder                                          : loaded 2 times (x 77B)
Class com.amazon.ion.IonCatalog                                                       : loaded 2 times (x 72B)
Class io.opentelemetry.api.trace.TraceId                                              : loaded 2 times (x 73B)
Class com.intellij.gradle.toolingExtension.impl.model.utilTurnOffDefaultTasksModel.TurnOffDefaultTasks: loaded 2 times (x 72B)
Class com.intellij.gradle.toolingExtension.impl.model.sourceSetModel.GradleSourceSetSerialisationService$SourceSetModelReadContext: loaded 2 times (x 74B)
Class kotlin.io.NoSuchFileException                                                   : loaded 2 times (x 84B)
Class kotlin.collections.CollectionsKt                                                : loaded 2 times (x 73B)
Class com.android.builder.model.v2.dsl.BuildType                                      : loaded 2 times (x 72B)
Class com.google.common.base.PairwiseEquivalence                                      : loaded 2 times (x 85B)
Class com.android.builder.model.v2.ide.ViewBindingOptions                             : loaded 2 times (x 72B)
Class io.opentelemetry.api.internal.ImmutableSpanContext                              : loaded 2 times (x 93B)
Class com.intellij.gradle.toolingExtension.impl.model.sourceSetModel.GradleSourceSetSerialisationService$SourceSetModelWriteContext: loaded 2 times (x 74B)
Class kotlin.ranges.IntProgressionIterator                                            : loaded 2 times (x 84B)
Class kotlin.coroutines.CoroutineContext                                              : loaded 2 times (x 72B)
Class kotlin.coroutines.jvm.internal.DebugProbesKt                                    : loaded 2 times (x 73B)
Class org.gradle.tooling.internal.adapter.WeakIdentityHashMap                         : loaded 2 times (x 78B)
Class org.gradle.tooling.GradleConnectionException                                    : loaded 2 times (x 85B)
Class org.gradle.tooling.internal.adapter.ProtocolToModelAdapter$1                    : loaded 2 times (x 77B)
Class org.gradle.tooling.internal.adapter.ProtocolToModelAdapter$ViewDecoration       : loaded 2 times (x 72B)
Class org.gradle.internal.installation.GradleInstallation                             : loaded 2 times (x 77B)
Class com.google.common.collect.Iterables                                             : loaded 2 times (x 73B)
Class com.google.common.base.Splitter$Strategy                                        : loaded 2 times (x 72B)
Class com.amazon.ion.impl.lite.ContainerlessContext                                   : loaded 2 times (x 82B)
Class io.opentelemetry.api.trace.DefaultTracer                                        : loaded 2 times (x 76B)
Class org.jetbrains.plugins.gradle.tooling.serialization.GradleExtensionsSerializationService$ReadContext: loaded 2 times (x 74B)
Class com.google.common.collect.ForwardingCollection                                  : loaded 2 times (x 132B)
Class com.google.common.collect.LexicographicalOrdering                               : loaded 2 times (x 117B)
Class org.gradle.tooling.internal.adapter.MethodInvoker                               : loaded 2 times (x 72B)
Class com.android.ide.common.gradle.Part                                              : loaded 2 times (x 79B)
Class com.google.common.collect.Lists$RandomAccessReverseList                         : loaded 2 times (x 202B)
Class gnu.trove.PrimeFinder                                                           : loaded 2 times (x 73B)
Class com.amazon.ion.UnexpectedEofException                                           : loaded 2 times (x 86B)
Class com.amazon.ion.IonSexp                                                          : loaded 2 times (x 72B)
Class com.amazon.ion.ReadOnlyValueException                                           : loaded 2 times (x 86B)
Class com.amazon.ion.impl._Private_LocalSymbolTable                                   : loaded 2 times (x 72B)
Class com.amazon.ion.BufferConfiguration$DataHandler                                  : loaded 2 times (x 72B)
Class com.amazon.ion.impl._Private_IonBinaryWriterBuilder                             : loaded 2 times (x 117B)
Class org.jetbrains.plugins.gradle.tooling.serialization.RepositoriesModelSerializationService$WriteContext: loaded 2 times (x 74B)
Class com.android.ide.gradle.model.LegacyAndroidGradlePluginProperties                : loaded 2 times (x 72B)
Class kotlin.ranges.IntProgression                                                    : loaded 2 times (x 83B)
Class kotlin.jvm.KotlinReflectionNotSupportedError                                    : loaded 2 times (x 84B)
Class org.gradle.tooling.model.gradle.GradleScript                                    : loaded 2 times (x 72B)

---------------  S Y S T E M  ---------------

OS:
 Windows 11 , 64 bit Build 26100 (10.0.26100.8875)
OS uptime: 0 days 0:12 hours
Hyper-V role detected

CPU: total 32 (initial active 32) (16 cores per cpu, 2 threads per core) family 6 model 183 stepping 1 microcode 0x115, cx8, cmov, fxsr, ht, mmx, 3dnowpref, sse, sse2, sse3, ssse3, sse4.1, sse4.2, popcnt, lzcnt, tsc, tscinvbit, avx, avx2, aes, erms, clmul, bmi1, bmi2, adx, sha, fma, vzeroupper, clflush, clflushopt, clwb, hv, serialize, rdtscp, rdpid, fsrm, gfni, f16c, cet_ibt, cet_ss
Processor Information for the first 32 processors :
  Max Mhz: 3200, Current Mhz: 3200, Mhz Limit: 3200

Memory: 4k page, system-wide physical 65243M (48326M free)
TotalPageFile size 130779M (AvailPageFile size 114363M)
current process WorkingSet (physical memory assigned to process): 1132M, peak: 1138M
current process commit charge ("private bytes"): 1215M, peak: 1235M

vm_info: OpenJDK 64-Bit Server VM (25.0.2+-15348964-b329.117) for windows-amd64 JRE (25.0.2+-15348964-b329.117), built on 2026-05-05T18:25:19Z with MS VC++ 16.10 / 16.11 (VS2019)

END.
