#
# A fatal error has been detected by the Java Runtime Environment:
#
#  EXCEPTION_ACCESS_VIOLATION (0xc0000005) at pc=0x00007ff8a5b34083, pid=21748, tid=12076
#
# JRE version: OpenJDK Runtime Environment (25.0.2) (build 25.0.2+-15348964-b329.117)
# Java VM: OpenJDK 64-Bit Server VM (25.0.2+-15348964-b329.117, mixed mode, tiered, compressed oops, compressed class ptrs, g1 gc, windows-amd64)
# Problematic frame:
# V  [jvm.dll+0x794083]
#
# No core dump will be written. Minidumps are not enabled by default on client versions of Windows
#
# If you would like to submit a bug report, please visit:
#   https://youtrack.jetbrains.com/issues/JBR
#

---------------  S U M M A R Y ------------

Command Line: --add-opens=java.base/java.lang=ALL-UNNAMED --add-opens=java.base/java.lang.invoke=ALL-UNNAMED --add-opens=java.base/java.util=ALL-UNNAMED --add-opens=java.prefs/java.util.prefs=ALL-UNNAMED --add-exports=jdk.compiler/com.sun.tools.javac.api=ALL-UNNAMED --add-exports=jdk.compiler/com.sun.tools.javac.util=ALL-UNNAMED --add-opens=java.base/java.util=ALL-UNNAMED --add-opens=java.prefs/java.util.prefs=ALL-UNNAMED --add-opens=java.base/java.nio.charset=ALL-UNNAMED --add-opens=java.base/java.net=ALL-UNNAMED --add-opens=java.base/java.util.concurrent=ALL-UNNAMED --add-opens=java.base/java.util.concurrent.atomic=ALL-UNNAMED --add-opens=java.xml/javax.xml.namespace=ALL-UNNAMED --add-opens=java.base/java.time=ALL-UNNAMED --enable-native-access=ALL-UNNAMED -XX:MaxMetaspaceSize=384m -XX:+HeapDumpOnOutOfMemoryError -Xms256m -Xmx512m -Dfile.encoding=UTF-8 -Duser.country=BE -Duser.language=nl -Duser.variant -javaagent:C:\Users\Intel\.gradle\wrapper\dists\gradle-9.3.0-bin\79n14ral3mx1ozqr3csh2u872\gradle-9.3.0\lib\agents\gradle-instrumentation-agent-9.3.0.jar org.gradle.launcher.daemon.bootstrap.GradleDaemon 9.3.0

Host: Intel(R) Core(TM) i9-14900K, 32 cores, 63G,  Windows 11 , 64 bit Build 26100 (10.0.26100.8875)
Time: Sat Aug  8 12:45:40 2026 Romance (zomertijd) elapsed time: 6.252735 seconds (0d 0h 0m 6s)

---------------  T H R E A D  ---------------

Current thread (0x00000272bcb78e30):  JavaThread "C2 CompilerThread9" daemon [_thread_in_native, id=12076, stack(0x000000f718c00000,0x000000f718d00000) (1024K)]


Current CompileTask:
C2:6252 19642       4       com.android.tools.r8.ir.optimize.a0::a (278 bytes)

Stack: [0x000000f718c00000,0x000000f718d00000],  sp=0x000000f718cfbfa0,  free space=1007k
Native frames: (J=compiled Java code, j=interpreted, Vv=VM code, C=native code)
V  [jvm.dll+0x794083]  (no source info available)
V  [jvm.dll+0x2d11ad]  (no source info available)
V  [jvm.dll+0x7e3015]  (no source info available)
V  [jvm.dll+0x2cede5]  (no source info available)
V  [jvm.dll+0x2cd122]  (no source info available)
V  [jvm.dll+0x242ffa]  (no source info available)
V  [jvm.dll+0x2dcc05]  (no source info available)
V  [jvm.dll+0x2dae06]  (no source info available)
V  [jvm.dll+0x49b59e]  (no source info available)
V  [jvm.dll+0x9ab9c8]  (no source info available)
V  [jvm.dll+0x7bb985]  (no source info available)
C  [ucrtbase.dll+0x2cd30]  (no source info available)
C  [KERNEL32.DLL+0x2e957]  (no source info available)
C  [ntdll.dll+0xaad6c]  (no source info available)


siginfo: EXCEPTION_ACCESS_VIOLATION (0xc0000005), reading address 0x0000000000000000


Registers:
RAX=0x0000000000000000, RBX=0x00000272ce99eea7, RCX=0x00000272ce99eea7, RDX=0x000000000000001f
RSP=0x000000f718cfbfa0, RBP=0x00000272ce99ee60, RSI=0x00000272bec74d68, RDI=0x000000000000001f
R8 =0x000000000000001f, R9 =0x00000272ce99c440, R10=0x00000272ce99c440, R11=0x000000f718cfd7f0
R12=0x0000000000000155, R13=0x0000000000000000, R14=0x0000000000000002, R15=0x0000000000000001
RIP=0x00007ff8a5b34083, EFLAGS=0x0000000000010206

XMM[0]=0x0000000000000000 0x0000000000000000
XMM[1]=0x0000000000000000 0x0000000000000000
XMM[2]=0x0000000000000000 0x0000000000000000
XMM[3]=0x00000272ce4f30c0 0x00000272cdc24e60
XMM[4]=0x00000272c6e574c0 0x00000272c6e558d8
XMM[5]=0x00000272b92f7380 0x00000272b92f7380
XMM[6]=0x0000000000000000 0x0000000000000000
XMM[7]=0x0000000000000000 0x0000000000000000
XMM[8]=0x0000000000000000 0x0000000000000000
XMM[9]=0x0000000000000000 0x0000000000000000
XMM[10]=0x0000000000000000 0x0000000000000000
XMM[11]=0x0000000000000000 0x0000000000000000
XMM[12]=0x0000000000000000 0x0000000000000000
XMM[13]=0x0000000000000000 0x0000000000000000
XMM[14]=0x0000000000000000 0x0000000000000000
XMM[15]=0x0000000000000000 0x0000000000000000
  MXCSR=0x00001fa0


Register to memory mapping:

RAX=0x0 is null
RBX=0x00000272ce99eea7 points into unknown readable memory: 00
RCX=0x00000272ce99eea7 points into unknown readable memory: 00
RDX=0x000000000000001f is an unknown value
RSP=0x000000f718cfbfa0 is pointing into the stack for thread: 0x00000272bcb78e30
RBP=0x00000272ce99ee60 points into unknown readable memory: 0x00007ff8a5ead280 | 80 d2 ea a5 f8 7f 00 00
RSI=0x00000272bec74d68 points into unknown readable memory: 0x000000f718cfe3b0 | b0 e3 cf 18 f7 00 00 00
RDI=0x000000000000001f is an unknown value
R8 =0x000000000000001f is an unknown value
R9 =0x00000272ce99c440 points into unknown readable memory: 0x00000272ce99c3f8 | f8 c3 99 ce 72 02 00 00
R10=0x00000272ce99c440 points into unknown readable memory: 0x00000272ce99c3f8 | f8 c3 99 ce 72 02 00 00
R11=0x000000f718cfd7f0 is pointing into the stack for thread: 0x00000272bcb78e30
R12=0x0000000000000155 is an unknown value
R13=0x0 is null
R14=0x0000000000000002 is an unknown value
R15=0x0000000000000001 is an unknown value

Top of Stack: (sp=0x000000f718cfbfa0)
0x000000f718cfbfa0:   0000000000000100 0000000000000000   ................
0x000000f718cfbfb0:   00000000000000cf 000000f718cfc1b8   ................
0x000000f718cfbfc0:   000000f718cfc190 00007ff8a56711ad   ..........g.....
0x000000f718cfbfd0:   0000000000000001 00000272bec74d68   ........hM..r...
0x000000f718cfbfe0:   000000f718cfc190 0000000000000000   ................
0x000000f718cfbff0:   000000f718cfd7c0 0000000000000002   ................
0x000000f718cfc000:   000002729aaea850 00000272bec74d68   P...r...hM..r...
0x000000f718cfc010:   000000f718cfe280 0000000000000000   ................
0x000000f718cfc020:   000000f718cfc180 00007ff8a5b83015   .........0......
0x000000f718cfc030:   000000f718cfe280 000000f700000155   ........U.......
0x000000f718cfc040:   00000272bec74d68 000000f718cfe280   hM..r...........
0x000000f718cfc050:   0000000000000a0f 0000010000000100   ................
0x000000f718cfc060:   000000f718cfc0e0 00007ff8a566d71b   ..........f.....
0x000000f718cfc070:   000002729b0c3d10 0000000000000002   .=..r...........
0x000000f718cfc080:   000002729aaea850 0000000000000000   P...r...........
0x000000f718cfc090:   00000272bec74d68 000000f718cfe280   hM..r...........
0x000000f718cfc0a0:   000000f718cfc1b0 00007ff8a566ede5   ..........f.....
0x000000f718cfc0b0:   000000f718cfe280 000000f718cfd7c0   ................
0x000000f718cfc0c0:   00000272bec74d68 000000f718cfe280   hM..r...........
0x000000f718cfc0d0:   0000000000000000 0000000000000000   ................
0x000000f718cfc0e0:   0000000000000000 0000000000000000   ................
0x000000f718cfc0f0:   0000000000000001 00007ff8a5d63f00   .........?......
0x000000f718cfc100:   0000000000000000 00007ff8a5de65fa   .........e......
0x000000f718cfc110:   0000000000000000 000000f718cfe280   ................
0x000000f718cfc120:   0000000000000000 00007ff8a5d63e00   .........>......
0x000000f718cfc130:   00000272cb38ebc0 00000272cd29e580   ..8.r.....).r...
0x000000f718cfc140:   00000272cd29f2d8 00000272cd2a6570   ..).r...pe*.r...
0x000000f718cfc150:   00000000000402c0 00000272cb38ebc0   ..........8.r...
0x000000f718cfc160:   00000272ce2d2240 00000272ce2d94e8   @"-.r.....-.r...
0x000000f718cfc170:   00000272ce2da230 0000000000028310   0.-.r...........
0x000000f718cfc180:   0000000000000003 000000f718cfe280   ................
0x000000f718cfc190:   00000272cb38ebc0 0000027200001000   ..8.r.......r...

Instructions: (pc=0x00007ff8a5b34083)
  0x00007ff8a5b33f83:   3c c1 ff 43 20 8b 0d 76 c7 68 00 65 48 8b 04 25
  0x00007ff8a5b33f93:   58 00 00 00 ba 34 00 00 00 48 8b 04 c8 80 3c 02
  0x00007ff8a5b33fa3:   00 75 05 e8 b9 d9 2a 00 48 8b 5c 24 40 48 8b 74
  0x00007ff8a5b33fb3:   24 48 48 83 c4 30 5f c3 cc cc cc cc cc 48 89 5c
  0x00007ff8a5b33fc3:   24 08 48 89 74 24 10 57 48 83 ec 20 4c 8b 51 10
  0x00007ff8a5b33fd3:   49 8b f0 8b da 48 8b f9 8b 51 08 8d 42 ff 49 83
  0x00007ff8a5b33fe3:   3c c2 00 74 0c e8 b3 fa ff ff 8b 57 08 4c 8b 57
  0x00007ff8a5b33ff3:   10 2b d3 44 8d 42 ff 41 8b d0 45 85 c0 74 58 8d
  0x00007ff8a5b34003:   43 01 48 ff c8 48 03 c2 49 8d 04 c2 45 85 c0 74
  0x00007ff8a5b34013:   46 4c 03 c3 49 c1 e0 03 4c 2b c0 4d 03 c2 0f 1f
  0x00007ff8a5b34023:   40 00 66 66 66 0f 1f 84 00 00 00 00 00 49 8b 4c
  0x00007ff8a5b34033:   00 f8 48 89 08 48 8d 40 f8 48 83 ea 01 75 ee 48
  0x00007ff8a5b34043:   8b 47 10 48 89 34 d8 48 8b 5c 24 30 48 8b 74 24
  0x00007ff8a5b34053:   38 48 83 c4 20 5f c3 49 89 34 da 48 8b 5c 24 30
  0x00007ff8a5b34063:   48 8b 74 24 38 48 83 c4 20 5f c3 cc cc 48 89 5c
  0x00007ff8a5b34073:   24 08 57 48 83 ec 20 48 8b 01 48 8b fa 48 8b d9
=>0x00007ff8a5b34083:   ff 10 3d 25 01 00 00 75 27 83 7b 38 05 75 21 48
  0x00007ff8a5b34093:   8b 07 48 8b cf ff 10 2d ec 00 00 00 74 05 83 f8
  0x00007ff8a5b340a3:   01 75 0d b0 01 48 8b 5c 24 30 48 83 c4 20 5f c3
  0x00007ff8a5b340b3:   48 8b 5c 24 30 32 c0 48 83 c4 20 5f c3 48 83 ec
  0x00007ff8a5b340c3:   28 8b 51 2c 83 e2 0f 83 fa 0c 74 45 83 fa 08 75
  0x00007ff8a5b340d3:   0a 48 8b 41 08 48 83 38 00 74 36 f6 41 30 50 74
  0x00007ff8a5b340e3:   29 83 fa 08 75 2b 48 8b 41 08 48 8b 08 8b 51 2c
  0x00007ff8a5b340f3:   8b c2 83 e0 3f 3c 27 74 11 83 e2 1f 80 fa 1f 75
  0x00007ff8a5b34103:   10 e8 c7 33 ab ff 84 c0 74 07 32 c0 48 83 c4 28
  0x00007ff8a5b34113:   c3 b0 01 48 83 c4 28 c3 cc cc cc cc cc 48 89 5c
  0x00007ff8a5b34123:   24 08 48 89 74 24 10 57 48 83 ec 20 48 8b 01 0f
  0x00007ff8a5b34133:   b6 f2 48 8b d9 ff 10 33 ff 40 80 fe 0a 44 8b c7
  0x00007ff8a5b34143:   41 0f 95 c0 41 81 c0 a2 00 00 00 41 3b c0 74 62
  0x00007ff8a5b34153:   48 8b 03 48 8b cb ff 10 40 80 fe 0a 8b cf 0f 95
  0x00007ff8a5b34163:   c1 81 c1 ee 00 00 00 3b c1 74 47 48 8b 03 48 8b
  0x00007ff8a5b34173:   cb ff 10 40 80 fe 0a 8b cf 0f 95 c1 81 c1 a4 00


Stack slot to memory mapping:

stack at sp + 0 slots: 0x0000000000000100 is an unknown value
stack at sp + 1 slots: 0x0 is null
stack at sp + 2 slots: 0x00000000000000cf is an unknown value
stack at sp + 3 slots: 0x000000f718cfc1b8 is pointing into the stack for thread: 0x00000272bcb78e30
stack at sp + 4 slots: 0x000000f718cfc190 is pointing into the stack for thread: 0x00000272bcb78e30
stack at sp + 5 slots: 0x00007ff8a56711ad jvm.dll
stack at sp + 6 slots: 0x0000000000000001 is an unknown value
stack at sp + 7 slots: 0x00000272bec74d68 points into unknown readable memory: 0x000000f718cfe3b0 | b0 e3 cf 18 f7 00 00 00

Lock stack of current Java thread (top to bottom):


---------------  P R O C E S S  ---------------

Threads class SMR info:
_java_thread_list=0x00000272c0a1d350, length=406, elements={
0x000002729b0c1860, 0x00000272b900c0a0, 0x00000272b900ff00, 0x00000272b9029090,
0x00000272b9029c50, 0x00000272b902a410, 0x00000272b902afd0, 0x00000272b9047630,
0x00000272b9068540, 0x00000272b906fdf0, 0x00000272b9070600, 0x00000272b93f02d0,
0x00000272b906edd0, 0x00000272b9073e70, 0x00000272b9075eb0, 0x00000272b9074e90,
0x00000272bb981da0, 0x00000272ba4c7fe0, 0x00000272ba4c9000, 0x00000272bbafe020,
0x00000272bbb589f0, 0x00000272bb9374b0, 0x00000272bb93ed00, 0x00000272ba12d4f0,
0x00000272ba12a610, 0x00000272bbbaf6a0, 0x00000272bbbb0640, 0x00000272bbe54f30,
0x00000272bbe52ff0, 0x00000272bbe537c0, 0x00000272bbe51880, 0x00000272be005b90,
0x00000272be004420, 0x00000272be0053c0, 0x00000272be003480, 0x00000272be00a1e0,
0x00000272be0082a0, 0x00000272be008a70, 0x00000272bde502d0, 0x00000272bde50aa0,
0x00000272bde51270, 0x00000272bde4eb60, 0x00000272bde529e0, 0x00000272bd89ffc0,
0x00000272bd8a0f60, 0x00000272bd89e850, 0x00000272bd8a1730, 0x00000272bd8a2ea0,
0x00000272bd8a5d80, 0x00000272bd8a3670, 0x00000272bd8a4610, 0x00000272be0a7640,
0x00000272be0aacf0, 0x00000272be0abc90, 0x00000272be0ac460, 0x00000272be0acc30,
0x00000272be0ad400, 0x00000272be0adbd0, 0x00000272be0aeb70, 0x00000272becc9e00,
0x00000272becc9630, 0x00000272becc6f20, 0x00000272becc76f0, 0x00000272becc8690,
0x00000272becc7ec0, 0x00000272beccbd40, 0x00000272beccec20, 0x00000272becd0b60,
0x00000272beccfbc0, 0x00000272beccdc80, 0x00000272becd3a40, 0x00000272becd3270,
0x00000272becd0390, 0x00000272becd49e0, 0x00000272becd5980, 0x00000272be920aa0,
0x00000272be921270, 0x00000272be91f330, 0x00000272be921a40, 0x00000272be9258c0,
0x00000272be9250f0, 0x00000272be926090, 0x00000272be929740, 0x00000272be927fd0,
0x00000272be927030, 0x00000272be926860, 0x00000272be92cdf0, 0x00000272be92c620,
0x00000272be92b680, 0x00000272bf4577f0, 0x00000272bd6bc360, 0x00000272bd6be2a0,
0x00000272bd6bdad0, 0x00000272bd6bbb90, 0x00000272bd6c01e0, 0x00000272bd6c09b0,
0x00000272bd6c28f0, 0x00000272bd6c30c0, 0x00000272bd6c5fa0, 0x00000272bd6c5000,
0x00000272bd6c3890, 0x00000272bd6c7710, 0x00000272bd6c7ee0, 0x00000272bd6c9e20,
0x00000272bd6c9650, 0x00000272bd6c8e80, 0x00000272bf458f60, 0x00000272bf458790,
0x00000272bf459f00, 0x00000272bf45b670, 0x00000272bf45be40, 0x00000272bf45d5b0,
0x00000272bf45e550, 0x00000272bf461c00, 0x00000272bf45ed20, 0x00000272bf461430,
0x00000272bf460c60, 0x00000272bf460490, 0x00000272bf463370, 0x00000272bf464ae0,
0x00000272bf4652b0, 0x00000272bf79a050, 0x00000272bf79bf90, 0x00000272bf79c760,
0x00000272bf799880, 0x00000272bf79b7c0, 0x00000272bf79f640, 0x00000272bf79ee70,
0x00000272bf7a0db0, 0x00000272bf7a2520, 0x00000272bf7a1580, 0x00000272bf79fe10,
0x00000272bf7a4c30, 0x00000272bf7a5400, 0x00000272bf7a7340, 0x00000272bf7a6b70,
0x00000272bf7a8ab0, 0x00000272bf7a5bd0, 0x00000272bf7a9a50, 0x00000272bf7ab1c0,
0x00000272bf7ae0a0, 0x00000272bf7ac930, 0x00000272bf7ab990, 0x00000272bf7ac160,
0x00000272bf7b0f80, 0x00000272bf7b3690, 0x00000272bf7b1f20, 0x00000272bf7b5da0,
0x00000272bf7b4e00, 0x00000272bf7b2ec0, 0x00000272bf7b4630, 0x00000272bf7b3e60,
0x00000272bf9d43f0, 0x00000272bf9d2c80, 0x00000272bf9d1ce0, 0x00000272bf9d6b00,
0x00000272bf9d6330, 0x00000272bf9d5b60, 0x00000272bf9da1b0, 0x00000272bf9d8270,
0x00000272bf9db920, 0x00000272bf9d8a40, 0x00000272bf9d9210, 0x00000272bf9db150,
0x00000272bf9da980, 0x00000272bf9dd090, 0x00000272bf9df7a0, 0x00000272bf9dc8c0,
0x00000272bf9e3620, 0x00000272bf9e16e0, 0x00000272bf9e0740, 0x00000272bf9e2e50,
0x00000272bf9e5560, 0x00000272bfbb62f0, 0x00000272bfbb7310, 0x00000272bfbb52d0,
0x00000272bf9e8c10, 0x00000272bf9e9bb0, 0x00000272bf9ed260, 0x00000272bf9ec2c0,
0x00000272c11afd40, 0x00000272c11b0510, 0x00000272c11b1c80, 0x00000272c11b4390,
0x00000272c11b14b0, 0x00000272c11b7270, 0x00000272c11b62d0, 0x00000272c11b6aa0,
0x00000272c11b91b0, 0x00000272c11b9980, 0x00000272c11bb0f0, 0x00000272c11bd030,
0x00000272c11be7a0, 0x00000272c11bc090, 0x00000272c663b9a0, 0x00000272c6639a60,
0x00000272c6638ac0, 0x00000272c663aa00, 0x00000272c6639290, 0x00000272c663d110,
0x00000272c663f050, 0x00000272c6640f90, 0x00000272c663e0b0, 0x00000272c6641f30,
0x00000272c663f820, 0x00000272c66407c0, 0x00000272c6644e10, 0x00000272c6645db0,
0x00000272c6646580, 0x00000272c6646d50, 0x00000272c6649c30, 0x00000272c6647cf0,
0x00000272c664a400, 0x00000272c664b3a0, 0x00000272c664cb10, 0x00000272c664ea50,
0x00000272c664f220, 0x00000272c664dab0, 0x00000272c6652100, 0x00000272c66530a0,
0x00000272c66501c0, 0x00000272c6654810, 0x00000272c6654fe0, 0x00000272c6656750,
0x00000272c6656f20, 0x00000272beb50080, 0x00000272beb4f8b0, 0x00000272beb50850,
0x00000272beb51020, 0x00000272beb4f0e0, 0x00000272beb546d0, 0x00000272beb56610,
0x00000272beb55e40, 0x00000272beb55670, 0x00000272beb575b0, 0x00000272beb594f0,
0x00000272beb58550, 0x00000272beb59cc0, 0x00000272beb5ac60, 0x00000272beb5a490,
0x00000272beb5db40, 0x00000272beb5cba0, 0x00000272beb5f2b0, 0x00000272beb5eae0,
0x00000272beb619c0, 0x00000272beb611f0, 0x00000272beb62190, 0x00000272beb66010,
0x00000272beb66fb0, 0x00000272beb62960, 0x00000272beb667e0, 0x00000272beb648a0,
0x00000272beb68720, 0x00000272beb6ae30, 0x00000272beb6b600, 0x00000272beb6cd70,
0x00000272beb6d540, 0x00000272beb6dd10, 0x00000272bc1cc0e0, 0x00000272bc1c8a30,
0x00000272bc1ca970, 0x00000272bc1ca1a0, 0x00000272bc1cd080, 0x00000272bc1d0730,
0x00000272bc1ce7f0, 0x00000272bc1cff60, 0x00000272bc1cd850, 0x00000272bc1d1ea0,
0x00000272bc1d2e40, 0x00000272bc1d3610, 0x00000272bc1d7c60, 0x00000272bc1d5550,
0x00000272bc1d6cc0, 0x00000272bc1d45b0, 0x00000272bc1d7490, 0x00000272bc1d9ba0,
0x00000272bc1d8c00, 0x00000272bc1dc2b0, 0x00000272bc1dab40, 0x00000272bc1db310,
0x00000272bc1e10d0, 0x00000272bc1e18a0, 0x00000272bc1de1f0, 0x00000272bc1de9c0,
0x00000272bc1e3010, 0x00000272bc1e6e90, 0x00000272bc1e3fb0, 0x00000272bc1e4780,
0x00000272bc1e5ef0, 0x00000272bc1e7e30, 0x00000272bc1e7660, 0x00000272bc1a8e60,
0x00000272bc1a9e00, 0x00000272bc1ab570, 0x00000272bc1afbc0, 0x00000272bc1ac510,
0x00000272bc1b0390, 0x00000272bc1adc80, 0x00000272bc1b1330, 0x00000272bc1b0b60,
0x00000272bc1b51b0, 0x00000272bc1b1b00, 0x00000272bc1b5980, 0x00000272bc1b6920,
0x00000272bc1b3270, 0x00000272bc1b9800, 0x00000272bc1b70f0, 0x00000272bc1baf70,
0x00000272bc1b8860, 0x00000272bc1bedf0, 0x00000272bc1bf5c0, 0x00000272bc1bbf10,
0x00000272bc1bfd90, 0x00000272bc1bceb0, 0x00000272bc1c1500, 0x00000272bc1c24a0,
0x00000272bc1c4bb0, 0x00000272bc1c43e0, 0x00000272bc1c6320, 0x00000272bc1c72c0,
0x00000272c7510860, 0x00000272c75127a0, 0x00000272c7512f70, 0x00000272c7510090,
0x00000272c7513740, 0x00000272c7513f10, 0x00000272c75175c0, 0x00000272c7518560,
0x00000272c7514eb0, 0x00000272c7515680, 0x00000272c7515e50, 0x00000272c7516620,
0x00000272c751d380, 0x00000272c751b440, 0x00000272c751a4a0, 0x00000272c751c3e0,
0x00000272c751db50, 0x00000272c7520260, 0x00000272c7523140, 0x00000272c7521200,
0x00000272c75221a0, 0x00000272c75240e0, 0x00000272c7520a30, 0x00000272c7527f60,
0x00000272c7528730, 0x00000272c7525080, 0x00000272c7528f00, 0x00000272c75267f0,
0x00000272c752d550, 0x00000272c7529ea0, 0x00000272c752dd20, 0x00000272c752b610,
0x00000272c752cd80, 0x00000272c75313d0, 0x00000272c752f490, 0x00000272c7532b40,
0x00000272c7530c00, 0x00000272c752fc60, 0x00000272c7537190, 0x00000272c7535250,
0x00000272c7537960, 0x00000272c7538130, 0x00000272c75361f0, 0x00000272c753bfb0,
0x00000272c753c780, 0x00000272c753b7e0, 0x00000272c753b010, 0x00000272c753d720,
0x00000272c753def0, 0x00000272c753fe30, 0x00000272c753ee90, 0x00000272c7540dd0,
0x00000272c75434e0, 0x00000272c7542540, 0x00000272c7541d70, 0x00000272c7544c50,
0x00000272c75463c0, 0x00000272c7546b90, 0x00000272c7547b30, 0x00000272c754b9b0,
0x00000272c7548300, 0x00000272c7549a70, 0x00000272c754aa10, 0x00000272c754a240,
0x00000272c754e0c0, 0x00000272c754f830, 0x00000272bf195cf0, 0x00000272bf1964c0,
0x00000272bf1993a0, 0x00000272bf19ab10, 0x00000272bf197c30, 0x00000272bf198bd0,
0x00000272bf199b70, 0x00000272bf19ca50, 0x00000272bf19d220, 0x00000272bf19e990,
0x00000272bf19f930, 0x00000272bf1a08d0, 0x00000272bf19f160, 0x00000272bf19e1c0,
0x00000272bf1a56f0, 0x00000272bf1a2810, 0x00000272bf1a37b0, 0x00000272bcb76df0,
0x00000272bcb77600, 0x00000272bcb78e30
}

Java Threads: ( => current thread )
  0x000002729b0c1860 JavaThread "main"                              [_thread_blocked, id=14680, stack(0x000000f77d300000,0x000000f77d400000) (1024K)]
  0x00000272b900c0a0 JavaThread "Common-Cleaner"             daemon [_thread_blocked, id=19200, stack(0x000000f77db00000,0x000000f77dc00000) (1024K)]
  0x00000272b900ff00 JavaThread "Reference Handler"          daemon [_thread_blocked, id=21872, stack(0x000000f77dc00000,0x000000f77dd00000) (1024K)]
  0x00000272b9029090 JavaThread "Finalizer"                  daemon [_thread_blocked, id=2156, stack(0x000000f77dd00000,0x000000f77de00000) (1024K)]
  0x00000272b9029c50 JavaThread "Signal Dispatcher"          daemon [_thread_blocked, id=15108, stack(0x000000f77de00000,0x000000f77df00000) (1024K)]
  0x00000272b902a410 JavaThread "Attach Listener"            daemon [_thread_blocked, id=10424, stack(0x000000f77df00000,0x000000f77e000000) (1024K)]
  0x00000272b902afd0 JavaThread "Service Thread"             daemon [_thread_blocked, id=3112, stack(0x000000f77e000000,0x000000f77e100000) (1024K)]
  0x00000272b9047630 JavaThread "Monitor Deflation Thread"   daemon [_thread_blocked, id=5476, stack(0x000000f77e100000,0x000000f77e200000) (1024K)]
  0x00000272b9068540 JavaThread "C2 CompilerThread0"         daemon [_thread_in_native, id=21220, stack(0x000000f77e200000,0x000000f77e300000) (1024K)]
  0x00000272b906fdf0 JavaThread "C1 CompilerThread0"         daemon [_thread_blocked, id=9776, stack(0x000000f77e300000,0x000000f77e400000) (1024K)]
  0x00000272b9070600 JavaThread "C1 CompilerThread1"         daemon [_thread_blocked, id=21240, stack(0x000000f77e400000,0x000000f77e500000) (1024K)]
  0x00000272b93f02d0 JavaThread "Notification Thread"        daemon [_thread_blocked, id=15696, stack(0x000000f77e500000,0x000000f77e600000) (1024K)]
  0x00000272b906edd0 JavaThread "C2 CompilerThread1"         daemon [_thread_in_native, id=14528, stack(0x000000f77e600000,0x000000f77e700000) (1024K)]
  0x00000272b9073e70 JavaThread "C2 CompilerThread2"         daemon [_thread_in_native, id=20184, stack(0x000000f77e700000,0x000000f77e800000) (1024K)]
  0x00000272b9075eb0 JavaThread "C1 CompilerThread2"         daemon [_thread_blocked, id=15692, stack(0x000000f77ee00000,0x000000f77ef00000) (1024K)]
  0x00000272b9074e90 JavaThread "C1 CompilerThread3"         daemon [_thread_in_native, id=21192, stack(0x000000f77ef00000,0x000000f77f000000) (1024K)]
  0x00000272bb981da0 JavaThread "Daemon health stats"               [_thread_blocked, id=5792, stack(0x000000f77e800000,0x000000f77e900000) (1024K)]
  0x00000272ba4c7fe0 JavaThread "C1 CompilerThread4"         daemon [_thread_in_native, id=14364, stack(0x000000f77f000000,0x000000f77f100000) (1024K)]
  0x00000272ba4c9000 JavaThread "C2 CompilerThread3"         daemon [_thread_in_native, id=16704, stack(0x000000f77f100000,0x000000f77f200000) (1024K)]
  0x00000272bbafe020 JavaThread "Incoming local TCP Connector on port 51697"        [_thread_in_native, id=21756, stack(0x000000f77f200000,0x000000f77f300000) (1024K)]
  0x00000272bbb589f0 JavaThread "Daemon periodic checks"            [_thread_blocked, id=15444, stack(0x000000f77f300000,0x000000f77f400000) (1024K)]
  0x00000272bb9374b0 JavaThread "Daemon"                            [_thread_blocked, id=21932, stack(0x000000f77f400000,0x000000f77f500000) (1024K)]
  0x00000272bb93ed00 JavaThread "Handler for socket connection from /127.0.0.1:51697 to /127.0.0.1:51698"        [_thread_in_native, id=21808, stack(0x000000f77f500000,0x000000f77f600000) (1024K)]
  0x00000272ba12d4f0 JavaThread "Cancel handler"                    [_thread_blocked, id=11644, stack(0x000000f77f600000,0x000000f77f700000) (1024K)]
  0x00000272ba12a610 JavaThread "Daemon worker"                     [_thread_blocked, id=11876, stack(0x000000f77f700000,0x000000f77f800000) (1024K)]
  0x00000272bbbaf6a0 JavaThread "Asynchronous log dispatcher for DefaultDaemonConnection: socket connection from /127.0.0.1:51697 to /127.0.0.1:51698"        [_thread_blocked, id=17660, stack(0x000000f700700000,0x000000f700800000) (1024K)]
  0x00000272bbbb0640 JavaThread "Stdin handler"                     [_thread_blocked, id=18604, stack(0x000000f700800000,0x000000f700900000) (1024K)]
  0x00000272bbe54f30 JavaThread "Daemon client event forwarder"        [_thread_blocked, id=18924, stack(0x000000f700900000,0x000000f700a00000) (1024K)]
  0x00000272bbe52ff0 JavaThread "Cache worker for journal cache (C:\Users\Intel\.gradle\caches\journal-1)"        [_thread_blocked, id=11076, stack(0x000000f700a00000,0x000000f700b00000) (1024K)]
  0x00000272bbe537c0 JavaThread "File lock request listener"        [_thread_in_native, id=7564, stack(0x000000f700b00000,0x000000f700c00000) (1024K)]
  0x00000272bbe51880 JavaThread "Cache worker for file hash cache (C:\Users\Intel\.gradle\caches\9.3.0\fileHashes)"        [_thread_blocked, id=9844, stack(0x000000f700c00000,0x000000f700d00000) (1024K)]
  0x00000272be005b90 JavaThread "Cache worker for file hash cache (C:\Users\Intel\Downloads\CRIAndroidSimple\.gradle\9.3.0\fileHashes)"        [_thread_blocked, id=13048, stack(0x000000f701400000,0x000000f701500000) (1024K)]
  0x00000272be004420 JavaThread "Cache worker for Build Output Cleanup Cache (C:\Users\Intel\Downloads\CRIAndroidSimple\.gradle\buildOutputCleanup)"        [_thread_blocked, id=18600, stack(0x000000f701500000,0x000000f701600000) (1024K)]
  0x00000272be0053c0 JavaThread "File watcher server"        daemon [_thread_in_native, id=17564, stack(0x000000f701600000,0x000000f701700000) (1024K)]
  0x00000272be003480 JavaThread "File watcher consumer"      daemon [_thread_blocked, id=20644, stack(0x000000f701700000,0x000000f701800000) (1024K)]
  0x00000272be00a1e0 JavaThread "Cache worker for checksums cache (C:\Users\Intel\Downloads\CRIAndroidSimple\.gradle\9.3.0\checksums)"        [_thread_blocked, id=18100, stack(0x000000f701800000,0x000000f701900000) (1024K)]
  0x00000272be0082a0 JavaThread "Cache worker for file content cache (C:\Users\Intel\.gradle\caches\9.3.0\fileContent)"        [_thread_blocked, id=21548, stack(0x000000f701900000,0x000000f701a00000) (1024K)]
  0x00000272be008a70 JavaThread "Cache worker for cache directory md-supplier (C:\Users\Intel\.gradle\caches\9.3.0\md-supplier)"        [_thread_blocked, id=17464, stack(0x000000f701a00000,0x000000f701b00000) (1024K)]
  0x00000272bde502d0 JavaThread "Cache worker for cache directory md-rule (C:\Users\Intel\.gradle\caches\9.3.0\md-rule)"        [_thread_blocked, id=11872, stack(0x000000f701b00000,0x000000f701c00000) (1024K)]
  0x00000272bde50aa0 JavaThread "jar transforms"                    [_thread_blocked, id=11528, stack(0x000000f701c00000,0x000000f701d00000) (1024K)]
  0x00000272bde51270 JavaThread "jar transforms Thread 2"           [_thread_blocked, id=3084, stack(0x000000f701d00000,0x000000f701e00000) (1024K)]
  0x00000272bde4eb60 JavaThread "jar transforms Thread 3"           [_thread_blocked, id=11908, stack(0x000000f701e00000,0x000000f701f00000) (1024K)]
  0x00000272bde529e0 JavaThread "Unconstrained build operations"        [_thread_blocked, id=20648, stack(0x000000f701f00000,0x000000f702000000) (1024K)]
  0x00000272bd89ffc0 JavaThread "Unconstrained build operations Thread 2"        [_thread_blocked, id=6044, stack(0x000000f702000000,0x000000f702100000) (1024K)]
  0x00000272bd8a0f60 JavaThread "Unconstrained build operations Thread 3"        [_thread_blocked, id=7216, stack(0x000000f702100000,0x000000f702200000) (1024K)]
  0x00000272bd89e850 JavaThread "Unconstrained build operations Thread 4"        [_thread_blocked, id=20636, stack(0x000000f702200000,0x000000f702300000) (1024K)]
  0x00000272bd8a1730 JavaThread "Unconstrained build operations Thread 5"        [_thread_blocked, id=19676, stack(0x000000f702300000,0x000000f702400000) (1024K)]
  0x00000272bd8a2ea0 JavaThread "Unconstrained build operations Thread 6"        [_thread_blocked, id=18472, stack(0x000000f702400000,0x000000f702500000) (1024K)]
  0x00000272bd8a5d80 JavaThread "Unconstrained build operations Thread 7"        [_thread_blocked, id=21840, stack(0x000000f702500000,0x000000f702600000) (1024K)]
  0x00000272bd8a3670 JavaThread "Unconstrained build operations Thread 8"        [_thread_blocked, id=3088, stack(0x000000f702600000,0x000000f702700000) (1024K)]
  0x00000272bd8a4610 JavaThread "Unconstrained build operations Thread 9"        [_thread_blocked, id=17760, stack(0x000000f702700000,0x000000f702800000) (1024K)]
  0x00000272be0a7640 JavaThread "Unconstrained build operations Thread 10"        [_thread_blocked, id=5460, stack(0x000000f702800000,0x000000f702900000) (1024K)]
  0x00000272be0aacf0 JavaThread "Unconstrained build operations Thread 11"        [_thread_blocked, id=12784, stack(0x000000f702900000,0x000000f702a00000) (1024K)]
  0x00000272be0abc90 JavaThread "Unconstrained build operations Thread 12"        [_thread_blocked, id=16072, stack(0x000000f702a00000,0x000000f702b00000) (1024K)]
  0x00000272be0ac460 JavaThread "Unconstrained build operations Thread 13"        [_thread_blocked, id=22208, stack(0x000000f702b00000,0x000000f702c00000) (1024K)]
  0x00000272be0acc30 JavaThread "Unconstrained build operations Thread 14"        [_thread_blocked, id=11952, stack(0x000000f702c00000,0x000000f702d00000) (1024K)]
  0x00000272be0ad400 JavaThread "Unconstrained build operations Thread 15"        [_thread_blocked, id=9432, stack(0x000000f702d00000,0x000000f702e00000) (1024K)]
  0x00000272be0adbd0 JavaThread "Unconstrained build operations Thread 16"        [_thread_blocked, id=18520, stack(0x000000f702e00000,0x000000f702f00000) (1024K)]
  0x00000272be0aeb70 JavaThread "Unconstrained build operations Thread 17"        [_thread_blocked, id=20668, stack(0x000000f702f00000,0x000000f703000000) (1024K)]
  0x00000272becc9e00 JavaThread "Unconstrained build operations Thread 18"        [_thread_blocked, id=20920, stack(0x000000f703000000,0x000000f703100000) (1024K)]
  0x00000272becc9630 JavaThread "Unconstrained build operations Thread 19"        [_thread_blocked, id=14752, stack(0x000000f703100000,0x000000f703200000) (1024K)]
  0x00000272becc6f20 JavaThread "Unconstrained build operations Thread 20"        [_thread_blocked, id=19380, stack(0x000000f703200000,0x000000f703300000) (1024K)]
  0x00000272becc76f0 JavaThread "Unconstrained build operations Thread 21"        [_thread_blocked, id=15416, stack(0x000000f703300000,0x000000f703400000) (1024K)]
  0x00000272becc8690 JavaThread "Unconstrained build operations Thread 22"        [_thread_blocked, id=17932, stack(0x000000f703400000,0x000000f703500000) (1024K)]
  0x00000272becc7ec0 JavaThread "jar transforms Thread 4"           [_thread_blocked, id=7832, stack(0x000000f703500000,0x000000f703600000) (1024K)]
  0x00000272beccbd40 JavaThread "jar transforms Thread 5"           [_thread_blocked, id=17904, stack(0x000000f703600000,0x000000f703700000) (1024K)]
  0x00000272beccec20 JavaThread "Unconstrained build operations Thread 23"        [_thread_blocked, id=20660, stack(0x000000f703700000,0x000000f703800000) (1024K)]
  0x00000272becd0b60 JavaThread "Unconstrained build operations Thread 24"        [_thread_blocked, id=20632, stack(0x000000f703800000,0x000000f703900000) (1024K)]
  0x00000272beccfbc0 JavaThread "Unconstrained build operations Thread 25"        [_thread_blocked, id=19056, stack(0x000000f703900000,0x000000f703a00000) (1024K)]
  0x00000272beccdc80 JavaThread "Unconstrained build operations Thread 26"        [_thread_blocked, id=2284, stack(0x000000f703a00000,0x000000f703b00000) (1024K)]
  0x00000272becd3a40 JavaThread "Unconstrained build operations Thread 27"        [_thread_blocked, id=19888, stack(0x000000f703b00000,0x000000f703c00000) (1024K)]
  0x00000272becd3270 JavaThread "Unconstrained build operations Thread 28"        [_thread_blocked, id=11580, stack(0x000000f703c00000,0x000000f703d00000) (1024K)]
  0x00000272becd0390 JavaThread "Unconstrained build operations Thread 29"        [_thread_blocked, id=20672, stack(0x000000f703d00000,0x000000f703e00000) (1024K)]
  0x00000272becd49e0 JavaThread "Unconstrained build operations Thread 30"        [_thread_blocked, id=2348, stack(0x000000f703e00000,0x000000f703f00000) (1024K)]
  0x00000272becd5980 JavaThread "Unconstrained build operations Thread 31"        [_thread_blocked, id=21440, stack(0x000000f703f00000,0x000000f704000000) (1024K)]
  0x00000272be920aa0 JavaThread "Unconstrained build operations Thread 32"        [_thread_blocked, id=18908, stack(0x000000f704000000,0x000000f704100000) (1024K)]
  0x00000272be921270 JavaThread "Unconstrained build operations Thread 33"        [_thread_blocked, id=21148, stack(0x000000f704100000,0x000000f704200000) (1024K)]
  0x00000272be91f330 JavaThread "jar transforms Thread 6"           [_thread_blocked, id=19472, stack(0x000000f704200000,0x000000f704300000) (1024K)]
  0x00000272be921a40 JavaThread "jar transforms Thread 7"           [_thread_blocked, id=19152, stack(0x000000f704300000,0x000000f704400000) (1024K)]
  0x00000272be9258c0 JavaThread "jar transforms Thread 8"           [_thread_blocked, id=5216, stack(0x000000f704400000,0x000000f704500000) (1024K)]
  0x00000272be9250f0 JavaThread "Unconstrained build operations Thread 34"        [_thread_blocked, id=18180, stack(0x000000f704500000,0x000000f704600000) (1024K)]
  0x00000272be926090 JavaThread "Unconstrained build operations Thread 35"        [_thread_blocked, id=17600, stack(0x000000f704600000,0x000000f704700000) (1024K)]
  0x00000272be929740 JavaThread "Unconstrained build operations Thread 36"        [_thread_blocked, id=1340, stack(0x000000f704700000,0x000000f704800000) (1024K)]
  0x00000272be927fd0 JavaThread "Unconstrained build operations Thread 37"        [_thread_blocked, id=17172, stack(0x000000f704800000,0x000000f704900000) (1024K)]
  0x00000272be927030 JavaThread "Unconstrained build operations Thread 38"        [_thread_blocked, id=21028, stack(0x000000f704900000,0x000000f704a00000) (1024K)]
  0x00000272be926860 JavaThread "Unconstrained build operations Thread 39"        [_thread_blocked, id=21608, stack(0x000000f704a00000,0x000000f704b00000) (1024K)]
  0x00000272be92cdf0 JavaThread "Unconstrained build operations Thread 40"        [_thread_blocked, id=22164, stack(0x000000f704b00000,0x000000f704c00000) (1024K)]
  0x00000272be92c620 JavaThread "Unconstrained build operations Thread 41"        [_thread_blocked, id=1088, stack(0x000000f704c00000,0x000000f704d00000) (1024K)]
  0x00000272be92b680 JavaThread "Unconstrained build operations Thread 42"        [_thread_blocked, id=16860, stack(0x000000f704d00000,0x000000f704e00000) (1024K)]
  0x00000272bf4577f0 JavaThread "Unconstrained build operations Thread 43"        [_thread_blocked, id=2308, stack(0x000000f704e00000,0x000000f704f00000) (1024K)]
  0x00000272bd6bc360 JavaThread "Unconstrained build operations Thread 44"        [_thread_blocked, id=21012, stack(0x000000f704f00000,0x000000f705000000) (1024K)]
  0x00000272bd6be2a0 JavaThread "Unconstrained build operations Thread 45"        [_thread_blocked, id=17556, stack(0x000000f705000000,0x000000f705100000) (1024K)]
  0x00000272bd6bdad0 JavaThread "Unconstrained build operations Thread 46"        [_thread_blocked, id=10164, stack(0x000000f705100000,0x000000f705200000) (1024K)]
  0x00000272bd6bbb90 JavaThread "Unconstrained build operations Thread 47"        [_thread_blocked, id=4436, stack(0x000000f705200000,0x000000f705300000) (1024K)]
  0x00000272bd6c01e0 JavaThread "Unconstrained build operations Thread 48"        [_thread_blocked, id=14864, stack(0x000000f705300000,0x000000f705400000) (1024K)]
  0x00000272bd6c09b0 JavaThread "Unconstrained build operations Thread 49"        [_thread_blocked, id=11564, stack(0x000000f705400000,0x000000f705500000) (1024K)]
  0x00000272bd6c28f0 JavaThread "Unconstrained build operations Thread 50"        [_thread_blocked, id=18108, stack(0x000000f705500000,0x000000f705600000) (1024K)]
  0x00000272bd6c30c0 JavaThread "Unconstrained build operations Thread 51"        [_thread_blocked, id=15652, stack(0x000000f705600000,0x000000f705700000) (1024K)]
  0x00000272bd6c5fa0 JavaThread "Unconstrained build operations Thread 52"        [_thread_blocked, id=5936, stack(0x000000f705700000,0x000000f705800000) (1024K)]
  0x00000272bd6c5000 JavaThread "Unconstrained build operations Thread 53"        [_thread_blocked, id=6460, stack(0x000000f705800000,0x000000f705900000) (1024K)]
  0x00000272bd6c3890 JavaThread "Unconstrained build operations Thread 54"        [_thread_blocked, id=20276, stack(0x000000f705900000,0x000000f705a00000) (1024K)]
  0x00000272bd6c7710 JavaThread "Unconstrained build operations Thread 55"        [_thread_blocked, id=17692, stack(0x000000f705a00000,0x000000f705b00000) (1024K)]
  0x00000272bd6c7ee0 JavaThread "Unconstrained build operations Thread 56"        [_thread_blocked, id=2524, stack(0x000000f705b00000,0x000000f705c00000) (1024K)]
  0x00000272bd6c9e20 JavaThread "Unconstrained build operations Thread 57"        [_thread_blocked, id=20676, stack(0x000000f705c00000,0x000000f705d00000) (1024K)]
  0x00000272bd6c9650 JavaThread "Unconstrained build operations Thread 58"        [_thread_blocked, id=6496, stack(0x000000f705d00000,0x000000f705e00000) (1024K)]
  0x00000272bd6c8e80 JavaThread "Unconstrained build operations Thread 59"        [_thread_blocked, id=14400, stack(0x000000f705e00000,0x000000f705f00000) (1024K)]
  0x00000272bf458f60 JavaThread "Unconstrained build operations Thread 60"        [_thread_blocked, id=21100, stack(0x000000f705f00000,0x000000f706000000) (1024K)]
  0x00000272bf458790 JavaThread "Unconstrained build operations Thread 61"        [_thread_blocked, id=22328, stack(0x000000f706000000,0x000000f706100000) (1024K)]
  0x00000272bf459f00 JavaThread "Unconstrained build operations Thread 62"        [_thread_blocked, id=13916, stack(0x000000f706100000,0x000000f706200000) (1024K)]
  0x00000272bf45b670 JavaThread "Unconstrained build operations Thread 63"        [_thread_blocked, id=20448, stack(0x000000f706200000,0x000000f706300000) (1024K)]
  0x00000272bf45be40 JavaThread "Unconstrained build operations Thread 64"        [_thread_blocked, id=21496, stack(0x000000f706300000,0x000000f706400000) (1024K)]
  0x00000272bf45d5b0 JavaThread "Unconstrained build operations Thread 65"        [_thread_blocked, id=15008, stack(0x000000f706400000,0x000000f706500000) (1024K)]
  0x00000272bf45e550 JavaThread "Unconstrained build operations Thread 66"        [_thread_blocked, id=10980, stack(0x000000f706500000,0x000000f706600000) (1024K)]
  0x00000272bf461c00 JavaThread "Unconstrained build operations Thread 67"        [_thread_blocked, id=21200, stack(0x000000f706600000,0x000000f706700000) (1024K)]
  0x00000272bf45ed20 JavaThread "Unconstrained build operations Thread 68"        [_thread_blocked, id=5312, stack(0x000000f706700000,0x000000f706800000) (1024K)]
  0x00000272bf461430 JavaThread "Unconstrained build operations Thread 69"        [_thread_blocked, id=4016, stack(0x000000f706800000,0x000000f706900000) (1024K)]
  0x00000272bf460c60 JavaThread "Unconstrained build operations Thread 70"        [_thread_blocked, id=10888, stack(0x000000f706900000,0x000000f706a00000) (1024K)]
  0x00000272bf460490 JavaThread "Unconstrained build operations Thread 71"        [_thread_blocked, id=21152, stack(0x000000f706a00000,0x000000f706b00000) (1024K)]
  0x00000272bf463370 JavaThread "Unconstrained build operations Thread 72"        [_thread_blocked, id=20840, stack(0x000000f706b00000,0x000000f706c00000) (1024K)]
  0x00000272bf464ae0 JavaThread "Unconstrained build operations Thread 73"        [_thread_blocked, id=21464, stack(0x000000f706c00000,0x000000f706d00000) (1024K)]
  0x00000272bf4652b0 JavaThread "Unconstrained build operations Thread 74"        [_thread_blocked, id=21952, stack(0x000000f706d00000,0x000000f706e00000) (1024K)]
  0x00000272bf79a050 JavaThread "Unconstrained build operations Thread 75"        [_thread_blocked, id=22148, stack(0x000000f706e00000,0x000000f706f00000) (1024K)]
  0x00000272bf79bf90 JavaThread "Unconstrained build operations Thread 76"        [_thread_blocked, id=15372, stack(0x000000f706f00000,0x000000f707000000) (1024K)]
  0x00000272bf79c760 JavaThread "Unconstrained build operations Thread 77"        [_thread_blocked, id=3296, stack(0x000000f707000000,0x000000f707100000) (1024K)]
  0x00000272bf799880 JavaThread "Unconstrained build operations Thread 78"        [_thread_blocked, id=5080, stack(0x000000f707100000,0x000000f707200000) (1024K)]
  0x00000272bf79b7c0 JavaThread "Unconstrained build operations Thread 79"        [_thread_blocked, id=21928, stack(0x000000f707200000,0x000000f707300000) (1024K)]
  0x00000272bf79f640 JavaThread "Unconstrained build operations Thread 80"        [_thread_blocked, id=13948, stack(0x000000f707300000,0x000000f707400000) (1024K)]
  0x00000272bf79ee70 JavaThread "Unconstrained build operations Thread 81"        [_thread_blocked, id=17944, stack(0x000000f707400000,0x000000f707500000) (1024K)]
  0x00000272bf7a0db0 JavaThread "Unconstrained build operations Thread 82"        [_thread_blocked, id=9072, stack(0x000000f707500000,0x000000f707600000) (1024K)]
  0x00000272bf7a2520 JavaThread "Unconstrained build operations Thread 83"        [_thread_blocked, id=22156, stack(0x000000f707600000,0x000000f707700000) (1024K)]
  0x00000272bf7a1580 JavaThread "Unconstrained build operations Thread 84"        [_thread_blocked, id=20940, stack(0x000000f707700000,0x000000f707800000) (1024K)]
  0x00000272bf79fe10 JavaThread "Unconstrained build operations Thread 85"        [_thread_blocked, id=12412, stack(0x000000f707800000,0x000000f707900000) (1024K)]
  0x00000272bf7a4c30 JavaThread "Unconstrained build operations Thread 86"        [_thread_blocked, id=19188, stack(0x000000f707900000,0x000000f707a00000) (1024K)]
  0x00000272bf7a5400 JavaThread "Unconstrained build operations Thread 87"        [_thread_blocked, id=21156, stack(0x000000f707a00000,0x000000f707b00000) (1024K)]
  0x00000272bf7a7340 JavaThread "Unconstrained build operations Thread 88"        [_thread_blocked, id=15376, stack(0x000000f707b00000,0x000000f707c00000) (1024K)]
  0x00000272bf7a6b70 JavaThread "Unconstrained build operations Thread 89"        [_thread_blocked, id=21836, stack(0x000000f707c00000,0x000000f707d00000) (1024K)]
  0x00000272bf7a8ab0 JavaThread "Unconstrained build operations Thread 90"        [_thread_blocked, id=3376, stack(0x000000f707d00000,0x000000f707e00000) (1024K)]
  0x00000272bf7a5bd0 JavaThread "Unconstrained build operations Thread 91"        [_thread_blocked, id=1768, stack(0x000000f707e00000,0x000000f707f00000) (1024K)]
  0x00000272bf7a9a50 JavaThread "Unconstrained build operations Thread 92"        [_thread_blocked, id=20780, stack(0x000000f707f00000,0x000000f708000000) (1024K)]
  0x00000272bf7ab1c0 JavaThread "Unconstrained build operations Thread 93"        [_thread_blocked, id=21764, stack(0x000000f708000000,0x000000f708100000) (1024K)]
  0x00000272bf7ae0a0 JavaThread "Unconstrained build operations Thread 94"        [_thread_blocked, id=13016, stack(0x000000f708100000,0x000000f708200000) (1024K)]
  0x00000272bf7ac930 JavaThread "Unconstrained build operations Thread 95"        [_thread_blocked, id=1784, stack(0x000000f708200000,0x000000f708300000) (1024K)]
  0x00000272bf7ab990 JavaThread "Unconstrained build operations Thread 96"        [_thread_blocked, id=14492, stack(0x000000f708300000,0x000000f708400000) (1024K)]
  0x00000272bf7ac160 JavaThread "Unconstrained build operations Thread 97"        [_thread_blocked, id=21460, stack(0x000000f708400000,0x000000f708500000) (1024K)]
  0x00000272bf7b0f80 JavaThread "Unconstrained build operations Thread 98"        [_thread_blocked, id=4304, stack(0x000000f708500000,0x000000f708600000) (1024K)]
  0x00000272bf7b3690 JavaThread "Unconstrained build operations Thread 99"        [_thread_blocked, id=15684, stack(0x000000f708600000,0x000000f708700000) (1024K)]
  0x00000272bf7b1f20 JavaThread "Unconstrained build operations Thread 100"        [_thread_blocked, id=21616, stack(0x000000f708700000,0x000000f708800000) (1024K)]
  0x00000272bf7b5da0 JavaThread "Unconstrained build operations Thread 101"        [_thread_blocked, id=15688, stack(0x000000f708800000,0x000000f708900000) (1024K)]
  0x00000272bf7b4e00 JavaThread "Unconstrained build operations Thread 102"        [_thread_blocked, id=21824, stack(0x000000f708900000,0x000000f708a00000) (1024K)]
  0x00000272bf7b2ec0 JavaThread "Unconstrained build operations Thread 103"        [_thread_blocked, id=21620, stack(0x000000f708a00000,0x000000f708b00000) (1024K)]
  0x00000272bf7b4630 JavaThread "Unconstrained build operations Thread 104"        [_thread_blocked, id=2812, stack(0x000000f708b00000,0x000000f708c00000) (1024K)]
  0x00000272bf7b3e60 JavaThread "Unconstrained build operations Thread 105"        [_thread_blocked, id=6176, stack(0x000000f708c00000,0x000000f708d00000) (1024K)]
  0x00000272bf9d43f0 JavaThread "Unconstrained build operations Thread 106"        [_thread_blocked, id=6632, stack(0x000000f708d00000,0x000000f708e00000) (1024K)]
  0x00000272bf9d2c80 JavaThread "Unconstrained build operations Thread 107"        [_thread_blocked, id=2336, stack(0x000000f708e00000,0x000000f708f00000) (1024K)]
  0x00000272bf9d1ce0 JavaThread "Unconstrained build operations Thread 108"        [_thread_blocked, id=3552, stack(0x000000f708f00000,0x000000f709000000) (1024K)]
  0x00000272bf9d6b00 JavaThread "Unconstrained build operations Thread 109"        [_thread_blocked, id=4600, stack(0x000000f709000000,0x000000f709100000) (1024K)]
  0x00000272bf9d6330 JavaThread "Unconstrained build operations Thread 110"        [_thread_blocked, id=22524, stack(0x000000f709100000,0x000000f709200000) (1024K)]
  0x00000272bf9d5b60 JavaThread "Unconstrained build operations Thread 111"        [_thread_blocked, id=19088, stack(0x000000f709200000,0x000000f709300000) (1024K)]
  0x00000272bf9da1b0 JavaThread "Unconstrained build operations Thread 112"        [_thread_blocked, id=14228, stack(0x000000f709300000,0x000000f709400000) (1024K)]
  0x00000272bf9d8270 JavaThread "Unconstrained build operations Thread 113"        [_thread_blocked, id=2544, stack(0x000000f709400000,0x000000f709500000) (1024K)]
  0x00000272bf9db920 JavaThread "Unconstrained build operations Thread 114"        [_thread_blocked, id=18536, stack(0x000000f709500000,0x000000f709600000) (1024K)]
  0x00000272bf9d8a40 JavaThread "Unconstrained build operations Thread 115"        [_thread_blocked, id=3540, stack(0x000000f709600000,0x000000f709700000) (1024K)]
  0x00000272bf9d9210 JavaThread "Unconstrained build operations Thread 116"        [_thread_blocked, id=21940, stack(0x000000f709700000,0x000000f709800000) (1024K)]
  0x00000272bf9db150 JavaThread "Unconstrained build operations Thread 117"        [_thread_blocked, id=20816, stack(0x000000f709800000,0x000000f709900000) (1024K)]
  0x00000272bf9da980 JavaThread "Unconstrained build operations Thread 118"        [_thread_blocked, id=17704, stack(0x000000f709900000,0x000000f709a00000) (1024K)]
  0x00000272bf9dd090 JavaThread "Unconstrained build operations Thread 119"        [_thread_blocked, id=15224, stack(0x000000f709a00000,0x000000f709b00000) (1024K)]
  0x00000272bf9df7a0 JavaThread "Unconstrained build operations Thread 120"        [_thread_blocked, id=7220, stack(0x000000f709b00000,0x000000f709c00000) (1024K)]
  0x00000272bf9dc8c0 JavaThread "Unconstrained build operations Thread 121"        [_thread_blocked, id=9144, stack(0x000000f709c00000,0x000000f709d00000) (1024K)]
  0x00000272bf9e3620 JavaThread "Unconstrained build operations Thread 122"        [_thread_blocked, id=22224, stack(0x000000f709d00000,0x000000f709e00000) (1024K)]
  0x00000272bf9e16e0 JavaThread "Unconstrained build operations Thread 123"        [_thread_blocked, id=3956, stack(0x000000f709e00000,0x000000f709f00000) (1024K)]
  0x00000272bf9e0740 JavaThread "Unconstrained build operations Thread 124"        [_thread_blocked, id=18212, stack(0x000000f709f00000,0x000000f70a000000) (1024K)]
  0x00000272bf9e2e50 JavaThread "Unconstrained build operations Thread 125"        [_thread_blocked, id=14836, stack(0x000000f70a000000,0x000000f70a100000) (1024K)]
  0x00000272bf9e5560 JavaThread "Unconstrained build operations Thread 126"        [_thread_blocked, id=17640, stack(0x000000f70a100000,0x000000f70a200000) (1024K)]
  0x00000272bfbb62f0 JavaThread "C2 CompilerThread4"         daemon [_thread_in_native, id=17632, stack(0x000000f70a200000,0x000000f70a300000) (1024K)]
  0x00000272bfbb7310 JavaThread "C2 CompilerThread5"         daemon [_thread_in_native, id=21160, stack(0x000000f70a300000,0x000000f70a400000) (1024K)]
  0x00000272bfbb52d0 JavaThread "C2 CompilerThread6"         daemon [_thread_in_native, id=2612, stack(0x000000f70a400000,0x000000f70a500000) (1024K)]
  0x00000272bf9e8c10 JavaThread "Problems report writer"            [_thread_blocked, id=17568, stack(0x000000f70a500000,0x000000f70a600000) (1024K)]
  0x00000272bf9e9bb0 JavaThread "build event listener"              [_thread_blocked, id=14388, stack(0x000000f70a600000,0x000000f70a700000) (1024K)]
  0x00000272bf9ed260 JavaThread "Memory manager"                    [_thread_blocked, id=14724, stack(0x000000f70a700000,0x000000f70a800000) (1024K)]
  0x00000272bf9ec2c0 JavaThread "build event listener"              [_thread_blocked, id=5988, stack(0x000000f70a800000,0x000000f70a900000) (1024K)]
  0x00000272c11afd40 JavaThread "pool-3-thread-1"                   [_thread_blocked, id=13552, stack(0x000000f70a900000,0x000000f70aa00000) (1024K)]
  0x00000272c11b0510 JavaThread "build event listener"              [_thread_blocked, id=3616, stack(0x000000f70aa00000,0x000000f70ab00000) (1024K)]
  0x00000272c11b1c80 JavaThread "included builds"                   [_thread_blocked, id=19032, stack(0x000000f70ab00000,0x000000f70ac00000) (1024K)]
  0x00000272c11b4390 JavaThread "Execution worker"                  [_thread_blocked, id=11628, stack(0x000000f70ac00000,0x000000f70ad00000) (1024K)]
  0x00000272c11b14b0 JavaThread "Execution worker Thread 2"         [_thread_blocked, id=10156, stack(0x000000f70ad00000,0x000000f70ae00000) (1024K)]
  0x00000272c11b7270 JavaThread "Execution worker Thread 3"         [_thread_blocked, id=12344, stack(0x000000f70ae00000,0x000000f70af00000) (1024K)]
  0x00000272c11b62d0 JavaThread "Execution worker Thread 4"         [_thread_blocked, id=11532, stack(0x000000f70af00000,0x000000f70b000000) (1024K)]
  0x00000272c11b6aa0 JavaThread "Execution worker Thread 5"         [_thread_blocked, id=18128, stack(0x000000f70b000000,0x000000f70b100000) (1024K)]
  0x00000272c11b91b0 JavaThread "Execution worker Thread 6"         [_thread_blocked, id=22508, stack(0x000000f70b100000,0x000000f70b200000) (1024K)]
  0x00000272c11b9980 JavaThread "Execution worker Thread 7"         [_thread_blocked, id=21476, stack(0x000000f70b200000,0x000000f70b300000) (1024K)]
  0x00000272c11bb0f0 JavaThread "Execution worker Thread 8"         [_thread_blocked, id=21900, stack(0x000000f70b300000,0x000000f70b400000) (1024K)]
  0x00000272c11bd030 JavaThread "Execution worker Thread 9"         [_thread_blocked, id=6336, stack(0x000000f70b400000,0x000000f70b500000) (1024K)]
  0x00000272c11be7a0 JavaThread "Execution worker Thread 10"        [_thread_blocked, id=18808, stack(0x000000f70b500000,0x000000f70b600000) (1024K)]
  0x00000272c11bc090 JavaThread "Execution worker Thread 11"        [_thread_blocked, id=11848, stack(0x000000f70b600000,0x000000f70b700000) (1024K)]
  0x00000272c663b9a0 JavaThread "Execution worker Thread 12"        [_thread_blocked, id=15756, stack(0x000000f70b700000,0x000000f70b800000) (1024K)]
  0x00000272c6639a60 JavaThread "Execution worker Thread 13"        [_thread_blocked, id=13832, stack(0x000000f70b800000,0x000000f70b900000) (1024K)]
  0x00000272c6638ac0 JavaThread "Execution worker Thread 14"        [_thread_blocked, id=10472, stack(0x000000f70b900000,0x000000f70ba00000) (1024K)]
  0x00000272c663aa00 JavaThread "Execution worker Thread 15"        [_thread_blocked, id=4944, stack(0x000000f70ba00000,0x000000f70bb00000) (1024K)]
  0x00000272c6639290 JavaThread "Execution worker Thread 16"        [_thread_blocked, id=17976, stack(0x000000f70bb00000,0x000000f70bc00000) (1024K)]
  0x00000272c663d110 JavaThread "Execution worker Thread 17"        [_thread_blocked, id=5496, stack(0x000000f70bc00000,0x000000f70bd00000) (1024K)]
  0x00000272c663f050 JavaThread "Execution worker Thread 18"        [_thread_blocked, id=4092, stack(0x000000f70bd00000,0x000000f70be00000) (1024K)]
  0x00000272c6640f90 JavaThread "Execution worker Thread 19"        [_thread_blocked, id=21260, stack(0x000000f70be00000,0x000000f70bf00000) (1024K)]
  0x00000272c663e0b0 JavaThread "Execution worker Thread 20"        [_thread_blocked, id=10204, stack(0x000000f70bf00000,0x000000f70c000000) (1024K)]
  0x00000272c6641f30 JavaThread "Execution worker Thread 21"        [_thread_blocked, id=12336, stack(0x000000f70c000000,0x000000f70c100000) (1024K)]
  0x00000272c663f820 JavaThread "Execution worker Thread 22"        [_thread_blocked, id=18936, stack(0x000000f70c100000,0x000000f70c200000) (1024K)]
  0x00000272c66407c0 JavaThread "Execution worker Thread 23"        [_thread_blocked, id=21384, stack(0x000000f70c200000,0x000000f70c300000) (1024K)]
  0x00000272c6644e10 JavaThread "Execution worker Thread 24"        [_thread_blocked, id=22520, stack(0x000000f70c300000,0x000000f70c400000) (1024K)]
  0x00000272c6645db0 JavaThread "Execution worker Thread 25"        [_thread_blocked, id=22120, stack(0x000000f70c400000,0x000000f70c500000) (1024K)]
  0x00000272c6646580 JavaThread "Execution worker Thread 26"        [_thread_blocked, id=12324, stack(0x000000f70c500000,0x000000f70c600000) (1024K)]
  0x00000272c6646d50 JavaThread "Execution worker Thread 27"        [_thread_blocked, id=16420, stack(0x000000f70c600000,0x000000f70c700000) (1024K)]
  0x00000272c6649c30 JavaThread "Execution worker Thread 28"        [_thread_blocked, id=15564, stack(0x000000f70c700000,0x000000f70c800000) (1024K)]
  0x00000272c6647cf0 JavaThread "Execution worker Thread 29"        [_thread_blocked, id=10452, stack(0x000000f70c800000,0x000000f70c900000) (1024K)]
  0x00000272c664a400 JavaThread "Execution worker Thread 30"        [_thread_blocked, id=10016, stack(0x000000f70c900000,0x000000f70ca00000) (1024K)]
  0x00000272c664b3a0 JavaThread "Execution worker Thread 31"        [_thread_blocked, id=12800, stack(0x000000f70ca00000,0x000000f70cb00000) (1024K)]
  0x00000272c664cb10 JavaThread "Cache worker for execution history cache (C:\Users\Intel\Downloads\CRIAndroidSimple\.gradle\9.3.0\executionHistory)"        [_thread_blocked, id=19348, stack(0x000000f70cb00000,0x000000f70cc00000) (1024K)]
  0x00000272c664ea50 JavaThread "Unconstrained build operations Thread 127"        [_thread_blocked, id=15436, stack(0x000000f70cc00000,0x000000f70cd00000) (1024K)]
  0x00000272c664f220 JavaThread "Unconstrained build operations Thread 128"        [_thread_blocked, id=10660, stack(0x000000f70cd00000,0x000000f70ce00000) (1024K)]
  0x00000272c664dab0 JavaThread "Unconstrained build operations Thread 129"        [_thread_blocked, id=2180, stack(0x000000f70ce00000,0x000000f70cf00000) (1024K)]
  0x00000272c6652100 JavaThread "Unconstrained build operations Thread 130"        [_thread_blocked, id=3488, stack(0x000000f70cf00000,0x000000f70d000000) (1024K)]
  0x00000272c66530a0 JavaThread "Unconstrained build operations Thread 131"        [_thread_blocked, id=18912, stack(0x000000f70d200000,0x000000f70d300000) (1024K)]
  0x00000272c66501c0 JavaThread "Unconstrained build operations Thread 132"        [_thread_blocked, id=12140, stack(0x000000f70d300000,0x000000f70d400000) (1024K)]
  0x00000272c6654810 JavaThread "Unconstrained build operations Thread 133"        [_thread_blocked, id=17592, stack(0x000000f70d400000,0x000000f70d500000) (1024K)]
  0x00000272c6654fe0 JavaThread "Unconstrained build operations Thread 134"        [_thread_blocked, id=17396, stack(0x000000f70d500000,0x000000f70d600000) (1024K)]
  0x00000272c6656750 JavaThread "Unconstrained build operations Thread 135"        [_thread_blocked, id=20040, stack(0x000000f70d600000,0x000000f70d700000) (1024K)]
  0x00000272c6656f20 JavaThread "Unconstrained build operations Thread 136"        [_thread_blocked, id=4972, stack(0x000000f70d700000,0x000000f70d800000) (1024K)]
  0x00000272beb50080 JavaThread "Unconstrained build operations Thread 137"        [_thread_blocked, id=14324, stack(0x000000f70d800000,0x000000f70d900000) (1024K)]
  0x00000272beb4f8b0 JavaThread "Unconstrained build operations Thread 138"        [_thread_blocked, id=10884, stack(0x000000f70d900000,0x000000f70da00000) (1024K)]
  0x00000272beb50850 JavaThread "Unconstrained build operations Thread 139"        [_thread_blocked, id=17936, stack(0x000000f70da00000,0x000000f70db00000) (1024K)]
  0x00000272beb51020 JavaThread "Unconstrained build operations Thread 140"        [_thread_blocked, id=8084, stack(0x000000f70db00000,0x000000f70dc00000) (1024K)]
  0x00000272beb4f0e0 JavaThread "Unconstrained build operations Thread 141"        [_thread_blocked, id=21232, stack(0x000000f70dc00000,0x000000f70dd00000) (1024K)]
  0x00000272beb546d0 JavaThread "Unconstrained build operations Thread 142"        [_thread_blocked, id=1552, stack(0x000000f70dd00000,0x000000f70de00000) (1024K)]
  0x00000272beb56610 JavaThread "Unconstrained build operations Thread 143"        [_thread_blocked, id=20016, stack(0x000000f70de00000,0x000000f70df00000) (1024K)]
  0x00000272beb55e40 JavaThread "Unconstrained build operations Thread 144"        [_thread_blocked, id=12504, stack(0x000000f70df00000,0x000000f70e000000) (1024K)]
  0x00000272beb55670 JavaThread "Unconstrained build operations Thread 145"        [_thread_blocked, id=16492, stack(0x000000f70e000000,0x000000f70e100000) (1024K)]
  0x00000272beb575b0 JavaThread "Unconstrained build operations Thread 146"        [_thread_blocked, id=2152, stack(0x000000f70e100000,0x000000f70e200000) (1024K)]
  0x00000272beb594f0 JavaThread "Unconstrained build operations Thread 147"        [_thread_blocked, id=9292, stack(0x000000f70e200000,0x000000f70e300000) (1024K)]
  0x00000272beb58550 JavaThread "Unconstrained build operations Thread 148"        [_thread_blocked, id=15664, stack(0x000000f70e300000,0x000000f70e400000) (1024K)]
  0x00000272beb59cc0 JavaThread "Unconstrained build operations Thread 149"        [_thread_blocked, id=15340, stack(0x000000f70e400000,0x000000f70e500000) (1024K)]
  0x00000272beb5ac60 JavaThread "Unconstrained build operations Thread 150"        [_thread_blocked, id=22112, stack(0x000000f70e500000,0x000000f70e600000) (1024K)]
  0x00000272beb5a490 JavaThread "Unconstrained build operations Thread 151"        [_thread_blocked, id=14380, stack(0x000000f70e600000,0x000000f70e700000) (1024K)]
  0x00000272beb5db40 JavaThread "Unconstrained build operations Thread 152"        [_thread_blocked, id=7228, stack(0x000000f70e700000,0x000000f70e800000) (1024K)]
  0x00000272beb5cba0 JavaThread "Unconstrained build operations Thread 153"        [_thread_blocked, id=18688, stack(0x000000f70e800000,0x000000f70e900000) (1024K)]
  0x00000272beb5f2b0 JavaThread "Unconstrained build operations Thread 154"        [_thread_blocked, id=5888, stack(0x000000f70e900000,0x000000f70ea00000) (1024K)]
  0x00000272beb5eae0 JavaThread "Unconstrained build operations Thread 155"        [_thread_blocked, id=18660, stack(0x000000f70ea00000,0x000000f70eb00000) (1024K)]
  0x00000272beb619c0 JavaThread "Unconstrained build operations Thread 156"        [_thread_blocked, id=16424, stack(0x000000f70eb00000,0x000000f70ec00000) (1024K)]
  0x00000272beb611f0 JavaThread "Unconstrained build operations Thread 157"        [_thread_blocked, id=12676, stack(0x000000f70ec00000,0x000000f70ed00000) (1024K)]
  0x00000272beb62190 JavaThread "Unconstrained build operations Thread 158"        [_thread_blocked, id=16568, stack(0x000000f70ed00000,0x000000f70ee00000) (1024K)]
  0x00000272beb66010 JavaThread "Unconstrained build operations Thread 159"        [_thread_blocked, id=18220, stack(0x000000f70ee00000,0x000000f70ef00000) (1024K)]
  0x00000272beb66fb0 JavaThread "Unconstrained build operations Thread 160"        [_thread_blocked, id=2460, stack(0x000000f70ef00000,0x000000f70f000000) (1024K)]
  0x00000272beb62960 JavaThread "Unconstrained build operations Thread 161"        [_thread_blocked, id=10868, stack(0x000000f70f000000,0x000000f70f100000) (1024K)]
  0x00000272beb667e0 JavaThread "Unconstrained build operations Thread 162"        [_thread_blocked, id=3272, stack(0x000000f70f100000,0x000000f70f200000) (1024K)]
  0x00000272beb648a0 JavaThread "Unconstrained build operations Thread 163"        [_thread_blocked, id=20908, stack(0x000000f70f200000,0x000000f70f300000) (1024K)]
  0x00000272beb68720 JavaThread "Unconstrained build operations Thread 164"        [_thread_blocked, id=21452, stack(0x000000f70f300000,0x000000f70f400000) (1024K)]
  0x00000272beb6ae30 JavaThread "Unconstrained build operations Thread 165"        [_thread_blocked, id=5164, stack(0x000000f70f400000,0x000000f70f500000) (1024K)]
  0x00000272beb6b600 JavaThread "Unconstrained build operations Thread 166"        [_thread_blocked, id=5184, stack(0x000000f70f500000,0x000000f70f600000) (1024K)]
  0x00000272beb6cd70 JavaThread "Unconstrained build operations Thread 167"        [_thread_blocked, id=18708, stack(0x000000f70f600000,0x000000f70f700000) (1024K)]
  0x00000272beb6d540 JavaThread "Unconstrained build operations Thread 168"        [_thread_blocked, id=13004, stack(0x000000f70f700000,0x000000f70f800000) (1024K)]
  0x00000272beb6dd10 JavaThread "Unconstrained build operations Thread 169"        [_thread_blocked, id=19484, stack(0x000000f70f800000,0x000000f70f900000) (1024K)]
  0x00000272bc1cc0e0 JavaThread "Unconstrained build operations Thread 170"        [_thread_blocked, id=16972, stack(0x000000f70f900000,0x000000f70fa00000) (1024K)]
  0x00000272bc1c8a30 JavaThread "Unconstrained build operations Thread 171"        [_thread_blocked, id=2448, stack(0x000000f70fa00000,0x000000f70fb00000) (1024K)]
  0x00000272bc1ca970 JavaThread "Unconstrained build operations Thread 172"        [_thread_blocked, id=22332, stack(0x000000f70fb00000,0x000000f70fc00000) (1024K)]
  0x00000272bc1ca1a0 JavaThread "Unconstrained build operations Thread 173"        [_thread_blocked, id=12144, stack(0x000000f70fc00000,0x000000f70fd00000) (1024K)]
  0x00000272bc1cd080 JavaThread "Unconstrained build operations Thread 174"        [_thread_blocked, id=2032, stack(0x000000f70fd00000,0x000000f70fe00000) (1024K)]
  0x00000272bc1d0730 JavaThread "Unconstrained build operations Thread 175"        [_thread_blocked, id=17348, stack(0x000000f70fe00000,0x000000f70ff00000) (1024K)]
  0x00000272bc1ce7f0 JavaThread "Unconstrained build operations Thread 176"        [_thread_blocked, id=6012, stack(0x000000f70ff00000,0x000000f710000000) (1024K)]
  0x00000272bc1cff60 JavaThread "Unconstrained build operations Thread 177"        [_thread_blocked, id=15608, stack(0x000000f710000000,0x000000f710100000) (1024K)]
  0x00000272bc1cd850 JavaThread "Unconstrained build operations Thread 178"        [_thread_blocked, id=22256, stack(0x000000f710100000,0x000000f710200000) (1024K)]
  0x00000272bc1d1ea0 JavaThread "Unconstrained build operations Thread 179"        [_thread_blocked, id=9080, stack(0x000000f710200000,0x000000f710300000) (1024K)]
  0x00000272bc1d2e40 JavaThread "Unconstrained build operations Thread 180"        [_thread_blocked, id=3080, stack(0x000000f710300000,0x000000f710400000) (1024K)]
  0x00000272bc1d3610 JavaThread "Unconstrained build operations Thread 181"        [_thread_blocked, id=21652, stack(0x000000f710400000,0x000000f710500000) (1024K)]
  0x00000272bc1d7c60 JavaThread "Unconstrained build operations Thread 182"        [_thread_blocked, id=15740, stack(0x000000f710500000,0x000000f710600000) (1024K)]
  0x00000272bc1d5550 JavaThread "Unconstrained build operations Thread 183"        [_thread_blocked, id=17476, stack(0x000000f710600000,0x000000f710700000) (1024K)]
  0x00000272bc1d6cc0 JavaThread "Unconstrained build operations Thread 184"        [_thread_blocked, id=21228, stack(0x000000f710700000,0x000000f710800000) (1024K)]
  0x00000272bc1d45b0 JavaThread "Unconstrained build operations Thread 185"        [_thread_blocked, id=20196, stack(0x000000f710800000,0x000000f710900000) (1024K)]
  0x00000272bc1d7490 JavaThread "Unconstrained build operations Thread 186"        [_thread_blocked, id=22008, stack(0x000000f710900000,0x000000f710a00000) (1024K)]
  0x00000272bc1d9ba0 JavaThread "Unconstrained build operations Thread 187"        [_thread_blocked, id=11624, stack(0x000000f710a00000,0x000000f710b00000) (1024K)]
  0x00000272bc1d8c00 JavaThread "Unconstrained build operations Thread 188"        [_thread_blocked, id=12012, stack(0x000000f710b00000,0x000000f710c00000) (1024K)]
  0x00000272bc1dc2b0 JavaThread "Unconstrained build operations Thread 189"        [_thread_blocked, id=5304, stack(0x000000f710c00000,0x000000f710d00000) (1024K)]
  0x00000272bc1dab40 JavaThread "Unconstrained build operations Thread 190"        [_thread_blocked, id=2484, stack(0x000000f710d00000,0x000000f710e00000) (1024K)]
  0x00000272bc1db310 JavaThread "Unconstrained build operations Thread 191"        [_thread_blocked, id=16084, stack(0x000000f710e00000,0x000000f710f00000) (1024K)]
  0x00000272bc1e10d0 JavaThread "Unconstrained build operations Thread 192"        [_thread_blocked, id=12888, stack(0x000000f710f00000,0x000000f711000000) (1024K)]
  0x00000272bc1e18a0 JavaThread "Unconstrained build operations Thread 193"        [_thread_blocked, id=12600, stack(0x000000f711000000,0x000000f711100000) (1024K)]
  0x00000272bc1de1f0 JavaThread "Unconstrained build operations Thread 194"        [_thread_blocked, id=4568, stack(0x000000f711100000,0x000000f711200000) (1024K)]
  0x00000272bc1de9c0 JavaThread "Unconstrained build operations Thread 195"        [_thread_blocked, id=5688, stack(0x000000f711200000,0x000000f711300000) (1024K)]
  0x00000272bc1e3010 JavaThread "Unconstrained build operations Thread 196"        [_thread_blocked, id=20092, stack(0x000000f711300000,0x000000f711400000) (1024K)]
  0x00000272bc1e6e90 JavaThread "Unconstrained build operations Thread 197"        [_thread_blocked, id=15728, stack(0x000000f711400000,0x000000f711500000) (1024K)]
  0x00000272bc1e3fb0 JavaThread "Unconstrained build operations Thread 198"        [_thread_blocked, id=14868, stack(0x000000f711500000,0x000000f711600000) (1024K)]
  0x00000272bc1e4780 JavaThread "Unconstrained build operations Thread 199"        [_thread_blocked, id=12688, stack(0x000000f711600000,0x000000f711700000) (1024K)]
  0x00000272bc1e5ef0 JavaThread "Unconstrained build operations Thread 200"        [_thread_blocked, id=18184, stack(0x000000f711700000,0x000000f711800000) (1024K)]
  0x00000272bc1e7e30 JavaThread "Unconstrained build operations Thread 201"        [_thread_blocked, id=19172, stack(0x000000f711800000,0x000000f711900000) (1024K)]
  0x00000272bc1e7660 JavaThread "Unconstrained build operations Thread 202"        [_thread_blocked, id=14812, stack(0x000000f711900000,0x000000f711a00000) (1024K)]
  0x00000272bc1a8e60 JavaThread "Unconstrained build operations Thread 203"        [_thread_blocked, id=18224, stack(0x000000f711a00000,0x000000f711b00000) (1024K)]
  0x00000272bc1a9e00 JavaThread "Unconstrained build operations Thread 204"        [_thread_blocked, id=12824, stack(0x000000f711b00000,0x000000f711c00000) (1024K)]
  0x00000272bc1ab570 JavaThread "Unconstrained build operations Thread 205"        [_thread_blocked, id=16016, stack(0x000000f711c00000,0x000000f711d00000) (1024K)]
  0x00000272bc1afbc0 JavaThread "Unconstrained build operations Thread 206"        [_thread_blocked, id=12508, stack(0x000000f711d00000,0x000000f711e00000) (1024K)]
  0x00000272bc1ac510 JavaThread "Unconstrained build operations Thread 207"        [_thread_blocked, id=16816, stack(0x000000f711e00000,0x000000f711f00000) (1024K)]
  0x00000272bc1b0390 JavaThread "Unconstrained build operations Thread 208"        [_thread_blocked, id=19996, stack(0x000000f711f00000,0x000000f712000000) (1024K)]
  0x00000272bc1adc80 JavaThread "Unconstrained build operations Thread 209"        [_thread_blocked, id=11588, stack(0x000000f712000000,0x000000f712100000) (1024K)]
  0x00000272bc1b1330 JavaThread "Unconstrained build operations Thread 210"        [_thread_blocked, id=19384, stack(0x000000f712100000,0x000000f712200000) (1024K)]
  0x00000272bc1b0b60 JavaThread "Unconstrained build operations Thread 211"        [_thread_blocked, id=3532, stack(0x000000f712200000,0x000000f712300000) (1024K)]
  0x00000272bc1b51b0 JavaThread "Unconstrained build operations Thread 212"        [_thread_blocked, id=9180, stack(0x000000f712300000,0x000000f712400000) (1024K)]
  0x00000272bc1b1b00 JavaThread "Unconstrained build operations Thread 213"        [_thread_blocked, id=3404, stack(0x000000f712400000,0x000000f712500000) (1024K)]
  0x00000272bc1b5980 JavaThread "Unconstrained build operations Thread 214"        [_thread_blocked, id=13576, stack(0x000000f712500000,0x000000f712600000) (1024K)]
  0x00000272bc1b6920 JavaThread "Unconstrained build operations Thread 215"        [_thread_blocked, id=16040, stack(0x000000f712600000,0x000000f712700000) (1024K)]
  0x00000272bc1b3270 JavaThread "Unconstrained build operations Thread 216"        [_thread_blocked, id=19736, stack(0x000000f712700000,0x000000f712800000) (1024K)]
  0x00000272bc1b9800 JavaThread "Unconstrained build operations Thread 217"        [_thread_blocked, id=14980, stack(0x000000f712800000,0x000000f712900000) (1024K)]
  0x00000272bc1b70f0 JavaThread "Unconstrained build operations Thread 218"        [_thread_blocked, id=19012, stack(0x000000f712900000,0x000000f712a00000) (1024K)]
  0x00000272bc1baf70 JavaThread "Unconstrained build operations Thread 219"        [_thread_blocked, id=4124, stack(0x000000f712a00000,0x000000f712b00000) (1024K)]
  0x00000272bc1b8860 JavaThread "Unconstrained build operations Thread 220"        [_thread_blocked, id=4188, stack(0x000000f712b00000,0x000000f712c00000) (1024K)]
  0x00000272bc1bedf0 JavaThread "WorkerExecutor Queue"              [_thread_blocked, id=21268, stack(0x000000f712c00000,0x000000f712d00000) (1024K)]
  0x00000272bc1bf5c0 JavaThread "Unconstrained build operations Thread 221"        [_thread_blocked, id=21296, stack(0x000000f712d00000,0x000000f712e00000) (1024K)]
  0x00000272bc1bbf10 JavaThread "Unconstrained build operations Thread 222"        [_thread_blocked, id=10624, stack(0x000000f712e00000,0x000000f712f00000) (1024K)]
  0x00000272bc1bfd90 JavaThread "Unconstrained build operations Thread 223"        [_thread_blocked, id=7488, stack(0x000000f712f00000,0x000000f713000000) (1024K)]
  0x00000272bc1bceb0 JavaThread "Unconstrained build operations Thread 224"        [_thread_blocked, id=17968, stack(0x000000f713000000,0x000000f713100000) (1024K)]
  0x00000272bc1c1500 JavaThread "Unconstrained build operations Thread 225"        [_thread_blocked, id=10488, stack(0x000000f713100000,0x000000f713200000) (1024K)]
  0x00000272bc1c24a0 JavaThread "Unconstrained build operations Thread 226"        [_thread_blocked, id=13728, stack(0x000000f713200000,0x000000f713300000) (1024K)]
  0x00000272bc1c4bb0 JavaThread "Unconstrained build operations Thread 227"        [_thread_blocked, id=21456, stack(0x000000f713300000,0x000000f713400000) (1024K)]
  0x00000272bc1c43e0 JavaThread "Unconstrained build operations Thread 228"        [_thread_blocked, id=9708, stack(0x000000f713400000,0x000000f713500000) (1024K)]
  0x00000272bc1c6320 JavaThread "Unconstrained build operations Thread 229"        [_thread_blocked, id=14996, stack(0x000000f713500000,0x000000f713600000) (1024K)]
  0x00000272bc1c72c0 JavaThread "Unconstrained build operations Thread 230"        [_thread_blocked, id=10140, stack(0x000000f713600000,0x000000f713700000) (1024K)]
  0x00000272c7510860 JavaThread "Unconstrained build operations Thread 231"        [_thread_blocked, id=5084, stack(0x000000f713700000,0x000000f713800000) (1024K)]
  0x00000272c75127a0 JavaThread "Unconstrained build operations Thread 232"        [_thread_blocked, id=10844, stack(0x000000f713800000,0x000000f713900000) (1024K)]
  0x00000272c7512f70 JavaThread "Unconstrained build operations Thread 233"        [_thread_blocked, id=16952, stack(0x000000f713900000,0x000000f713a00000) (1024K)]
  0x00000272c7510090 JavaThread "Unconstrained build operations Thread 234"        [_thread_blocked, id=21692, stack(0x000000f713a00000,0x000000f713b00000) (1024K)]
  0x00000272c7513740 JavaThread "Unconstrained build operations Thread 235"        [_thread_blocked, id=18844, stack(0x000000f713b00000,0x000000f713c00000) (1024K)]
  0x00000272c7513f10 JavaThread "Unconstrained build operations Thread 236"        [_thread_blocked, id=2140, stack(0x000000f713c00000,0x000000f713d00000) (1024K)]
  0x00000272c75175c0 JavaThread "Unconstrained build operations Thread 237"        [_thread_blocked, id=18304, stack(0x000000f713d00000,0x000000f713e00000) (1024K)]
  0x00000272c7518560 JavaThread "Unconstrained build operations Thread 238"        [_thread_blocked, id=2136, stack(0x000000f713e00000,0x000000f713f00000) (1024K)]
  0x00000272c7514eb0 JavaThread "Unconstrained build operations Thread 239"        [_thread_blocked, id=2148, stack(0x000000f713f00000,0x000000f714000000) (1024K)]
  0x00000272c7515680 JavaThread "Unconstrained build operations Thread 240"        [_thread_blocked, id=1836, stack(0x000000f714000000,0x000000f714100000) (1024K)]
  0x00000272c7515e50 JavaThread "Unconstrained build operations Thread 241"        [_thread_blocked, id=18252, stack(0x000000f714100000,0x000000f714200000) (1024K)]
  0x00000272c7516620 JavaThread "Unconstrained build operations Thread 242"        [_thread_blocked, id=13896, stack(0x000000f714200000,0x000000f714300000) (1024K)]
  0x00000272c751d380 JavaThread "Unconstrained build operations Thread 243"        [_thread_blocked, id=18428, stack(0x000000f714300000,0x000000f714400000) (1024K)]
  0x00000272c751b440 JavaThread "Unconstrained build operations Thread 244"        [_thread_blocked, id=2260, stack(0x000000f714400000,0x000000f714500000) (1024K)]
  0x00000272c751a4a0 JavaThread "Unconstrained build operations Thread 245"        [_thread_blocked, id=21884, stack(0x000000f714500000,0x000000f714600000) (1024K)]
  0x00000272c751c3e0 JavaThread "Unconstrained build operations Thread 246"        [_thread_blocked, id=15812, stack(0x000000f714600000,0x000000f714700000) (1024K)]
  0x00000272c751db50 JavaThread "Unconstrained build operations Thread 247"        [_thread_blocked, id=11984, stack(0x000000f714700000,0x000000f714800000) (1024K)]
  0x00000272c7520260 JavaThread "Unconstrained build operations Thread 248"        [_thread_blocked, id=2316, stack(0x000000f714800000,0x000000f714900000) (1024K)]
  0x00000272c7523140 JavaThread "Unconstrained build operations Thread 249"        [_thread_blocked, id=5844, stack(0x000000f714900000,0x000000f714a00000) (1024K)]
  0x00000272c7521200 JavaThread "Unconstrained build operations Thread 250"        [_thread_blocked, id=18584, stack(0x000000f714a00000,0x000000f714b00000) (1024K)]
  0x00000272c75221a0 JavaThread "Unconstrained build operations Thread 251"        [_thread_blocked, id=17504, stack(0x000000f714b00000,0x000000f714c00000) (1024K)]
  0x00000272c75240e0 JavaThread "Unconstrained build operations Thread 252"        [_thread_blocked, id=16400, stack(0x000000f714c00000,0x000000f714d00000) (1024K)]
  0x00000272c7520a30 JavaThread "Unconstrained build operations Thread 253"        [_thread_blocked, id=21500, stack(0x000000f714d00000,0x000000f714e00000) (1024K)]
  0x00000272c7527f60 JavaThread "Unconstrained build operations Thread 254"        [_thread_blocked, id=16288, stack(0x000000f714e00000,0x000000f714f00000) (1024K)]
  0x00000272c7528730 JavaThread "Unconstrained build operations Thread 255"        [_thread_blocked, id=21008, stack(0x000000f714f00000,0x000000f715000000) (1024K)]
  0x00000272c7525080 JavaThread "Unconstrained build operations Thread 256"        [_thread_blocked, id=12852, stack(0x000000f715000000,0x000000f715100000) (1024K)]
  0x00000272c7528f00 JavaThread "Unconstrained build operations Thread 257"        [_thread_blocked, id=12980, stack(0x000000f715100000,0x000000f715200000) (1024K)]
  0x00000272c75267f0 JavaThread "Unconstrained build operations Thread 258"        [_thread_blocked, id=21744, stack(0x000000f715200000,0x000000f715300000) (1024K)]
  0x00000272c752d550 JavaThread "Unconstrained build operations Thread 259"        [_thread_blocked, id=14420, stack(0x000000f715300000,0x000000f715400000) (1024K)]
  0x00000272c7529ea0 JavaThread "Unconstrained build operations Thread 260"        [_thread_blocked, id=8148, stack(0x000000f715400000,0x000000f715500000) (1024K)]
  0x00000272c752dd20 JavaThread "Unconstrained build operations Thread 261"        [_thread_blocked, id=21800, stack(0x000000f715500000,0x000000f715600000) (1024K)]
  0x00000272c752b610 JavaThread "Unconstrained build operations Thread 262"        [_thread_blocked, id=12932, stack(0x000000f715600000,0x000000f715700000) (1024K)]
  0x00000272c752cd80 JavaThread "Unconstrained build operations Thread 263"        [_thread_blocked, id=6264, stack(0x000000f715700000,0x000000f715800000) (1024K)]
  0x00000272c75313d0 JavaThread "Unconstrained build operations Thread 264"        [_thread_blocked, id=10000, stack(0x000000f715800000,0x000000f715900000) (1024K)]
  0x00000272c752f490 JavaThread "Unconstrained build operations Thread 265"        [_thread_blocked, id=1412, stack(0x000000f715900000,0x000000f715a00000) (1024K)]
  0x00000272c7532b40 JavaThread "Unconstrained build operations Thread 266"        [_thread_blocked, id=19316, stack(0x000000f715a00000,0x000000f715b00000) (1024K)]
  0x00000272c7530c00 JavaThread "Unconstrained build operations Thread 267"        [_thread_blocked, id=8080, stack(0x000000f715b00000,0x000000f715c00000) (1024K)]
  0x00000272c752fc60 JavaThread "Unconstrained build operations Thread 268"        [_thread_blocked, id=2404, stack(0x000000f715c00000,0x000000f715d00000) (1024K)]
  0x00000272c7537190 JavaThread "Unconstrained build operations Thread 269"        [_thread_blocked, id=17720, stack(0x000000f715d00000,0x000000f715e00000) (1024K)]
  0x00000272c7535250 JavaThread "Unconstrained build operations Thread 270"        [_thread_blocked, id=2980, stack(0x000000f715e00000,0x000000f715f00000) (1024K)]
  0x00000272c7537960 JavaThread "Unconstrained build operations Thread 271"        [_thread_blocked, id=11112, stack(0x000000f715f00000,0x000000f716000000) (1024K)]
  0x00000272c7538130 JavaThread "Unconstrained build operations Thread 272"        [_thread_blocked, id=4564, stack(0x000000f716000000,0x000000f716100000) (1024K)]
  0x00000272c75361f0 JavaThread "Unconstrained build operations Thread 273"        [_thread_blocked, id=21132, stack(0x000000f716100000,0x000000f716200000) (1024K)]
  0x00000272c753bfb0 JavaThread "Unconstrained build operations Thread 274"        [_thread_blocked, id=16468, stack(0x000000f716200000,0x000000f716300000) (1024K)]
  0x00000272c753c780 JavaThread "Unconstrained build operations Thread 275"        [_thread_blocked, id=14768, stack(0x000000f716300000,0x000000f716400000) (1024K)]
  0x00000272c753b7e0 JavaThread "Unconstrained build operations Thread 276"        [_thread_blocked, id=10460, stack(0x000000f716400000,0x000000f716500000) (1024K)]
  0x00000272c753b010 JavaThread "Unconstrained build operations Thread 277"        [_thread_blocked, id=16284, stack(0x000000f716500000,0x000000f716600000) (1024K)]
  0x00000272c753d720 JavaThread "Unconstrained build operations Thread 278"        [_thread_blocked, id=20640, stack(0x000000f716600000,0x000000f716700000) (1024K)]
  0x00000272c753def0 JavaThread "Unconstrained build operations Thread 279"        [_thread_blocked, id=16260, stack(0x000000f716700000,0x000000f716800000) (1024K)]
  0x00000272c753fe30 JavaThread "Unconstrained build operations Thread 280"        [_thread_blocked, id=8052, stack(0x000000f716800000,0x000000f716900000) (1024K)]
  0x00000272c753ee90 JavaThread "Unconstrained build operations Thread 281"        [_thread_blocked, id=20804, stack(0x000000f716900000,0x000000f716a00000) (1024K)]
  0x00000272c7540dd0 JavaThread "Unconstrained build operations Thread 282"        [_thread_blocked, id=8640, stack(0x000000f716a00000,0x000000f716b00000) (1024K)]
  0x00000272c75434e0 JavaThread "Unconstrained build operations Thread 283"        [_thread_in_Java, id=21576, stack(0x000000f716b00000,0x000000f716c00000) (1024K)]
  0x00000272c7542540 JavaThread "Unconstrained build operations Thread 284"        [_thread_blocked, id=16904, stack(0x000000f716c00000,0x000000f716d00000) (1024K)]
  0x00000272c7541d70 JavaThread "Unconstrained build operations Thread 285"        [_thread_in_Java, id=15816, stack(0x000000f716d00000,0x000000f716e00000) (1024K)]
  0x00000272c7544c50 JavaThread "Unconstrained build operations Thread 286"        [_thread_blocked, id=13968, stack(0x000000f716e00000,0x000000f716f00000) (1024K)]
  0x00000272c75463c0 JavaThread "Unconstrained build operations Thread 287"        [_thread_in_Java, id=8660, stack(0x000000f716f00000,0x000000f717000000) (1024K)]
  0x00000272c7546b90 JavaThread "Unconstrained build operations Thread 288"        [_thread_in_Java, id=16408, stack(0x000000f717000000,0x000000f717100000) (1024K)]
  0x00000272c7547b30 JavaThread "Unconstrained build operations Thread 289"        [_thread_in_Java, id=16192, stack(0x000000f717100000,0x000000f717200000) (1024K)]
  0x00000272c754b9b0 JavaThread "Unconstrained build operations Thread 290"        [_thread_blocked, id=3612, stack(0x000000f717200000,0x000000f717300000) (1024K)]
  0x00000272c7548300 JavaThread "Unconstrained build operations Thread 291"        [_thread_blocked, id=13860, stack(0x000000f717300000,0x000000f717400000) (1024K)]
  0x00000272c7549a70 JavaThread "Unconstrained build operations Thread 292"        [_thread_blocked, id=9440, stack(0x000000f717400000,0x000000f717500000) (1024K)]
  0x00000272c754aa10 JavaThread "Unconstrained build operations Thread 293"        [_thread_blocked, id=10812, stack(0x000000f717500000,0x000000f717600000) (1024K)]
  0x00000272c754a240 JavaThread "Unconstrained build operations Thread 294"        [_thread_blocked, id=19120, stack(0x000000f717600000,0x000000f717700000) (1024K)]
  0x00000272c754e0c0 JavaThread "Unconstrained build operations Thread 295"        [_thread_in_Java, id=21396, stack(0x000000f717700000,0x000000f717800000) (1024K)]
  0x00000272c754f830 JavaThread "Unconstrained build operations Thread 296"        [_thread_blocked, id=21812, stack(0x000000f717800000,0x000000f717900000) (1024K)]
  0x00000272bf195cf0 JavaThread "Unconstrained build operations Thread 297"        [_thread_blocked, id=15964, stack(0x000000f717900000,0x000000f717a00000) (1024K)]
  0x00000272bf1964c0 JavaThread "Unconstrained build operations Thread 298"        [_thread_in_Java, id=21336, stack(0x000000f717a00000,0x000000f717b00000) (1024K)]
  0x00000272bf1993a0 JavaThread "Unconstrained build operations Thread 299"        [_thread_blocked, id=20812, stack(0x000000f717b00000,0x000000f717c00000) (1024K)]
  0x00000272bf19ab10 JavaThread "Unconstrained build operations Thread 300"        [_thread_in_Java, id=6980, stack(0x000000f717c00000,0x000000f717d00000) (1024K)]
  0x00000272bf197c30 JavaThread "Unconstrained build operations Thread 301"        [_thread_in_Java, id=2352, stack(0x000000f717d00000,0x000000f717e00000) (1024K)]
  0x00000272bf198bd0 JavaThread "Unconstrained build operations Thread 302"        [_thread_blocked, id=3620, stack(0x000000f717e00000,0x000000f717f00000) (1024K)]
  0x00000272bf199b70 JavaThread "Unconstrained build operations Thread 303"        [_thread_in_Java, id=16808, stack(0x000000f717f00000,0x000000f718000000) (1024K)]
  0x00000272bf19ca50 JavaThread "Unconstrained build operations Thread 304"        [_thread_in_Java, id=7148, stack(0x000000f718000000,0x000000f718100000) (1024K)]
  0x00000272bf19d220 JavaThread "Unconstrained build operations Thread 305"        [_thread_blocked, id=13368, stack(0x000000f718100000,0x000000f718200000) (1024K)]
  0x00000272bf19e990 JavaThread "Unconstrained build operations Thread 306"        [_thread_blocked, id=22136, stack(0x000000f718200000,0x000000f718300000) (1024K)]
  0x00000272bf19f930 JavaThread "Unconstrained build operations Thread 307"        [_thread_blocked, id=5464, stack(0x000000f718300000,0x000000f718400000) (1024K)]
  0x00000272bf1a08d0 JavaThread "Unconstrained build operations Thread 308"        [_thread_blocked, id=20108, stack(0x000000f718400000,0x000000f718500000) (1024K)]
  0x00000272bf19f160 JavaThread "Unconstrained build operations Thread 309"        [_thread_in_Java, id=9068, stack(0x000000f718500000,0x000000f718600000) (1024K)]
  0x00000272bf19e1c0 JavaThread "Unconstrained build operations Thread 310"        [_thread_in_Java, id=9332, stack(0x000000f718600000,0x000000f718700000) (1024K)]
  0x00000272bf1a56f0 JavaThread "Unconstrained build operations Thread 311"        [_thread_blocked, id=22116, stack(0x000000f718700000,0x000000f718800000) (1024K)]
  0x00000272bf1a2810 JavaThread "Unconstrained build operations Thread 312"        [_thread_blocked, id=19752, stack(0x000000f718800000,0x000000f718900000) (1024K)]
  0x00000272bf1a37b0 JavaThread "Unconstrained build operations Thread 313"        [_thread_blocked, id=6192, stack(0x000000f718900000,0x000000f718a00000) (1024K)]
  0x00000272bcb76df0 JavaThread "C2 CompilerThread7"         daemon [_thread_in_native, id=13008, stack(0x000000f718a00000,0x000000f718b00000) (1024K)]
  0x00000272bcb77600 JavaThread "C2 CompilerThread8"         daemon [_thread_in_native, id=13036, stack(0x000000f718b00000,0x000000f718c00000) (1024K)]
=>0x00000272bcb78e30 JavaThread "C2 CompilerThread9"         daemon [_thread_in_native, id=12076, stack(0x000000f718c00000,0x000000f718d00000) (1024K)]
Total: 406

Other Threads:
  0x00000272b45c0980 VMThread "VM Thread"                           [id=12764, stack(0x000000f77da00000,0x000000f77db00000) (1024K)]
  0x00000272b457bb20 WatcherThread "VM Periodic Task Thread"        [id=4068, stack(0x000000f77d900000,0x000000f77da00000) (1024K)]
  0x000002729b0f1380 WorkerThread "GC Thread#0"                     [id=14772, stack(0x000000f77d400000,0x000000f77d500000) (1024K)]
  0x00000272b9b2cba0 WorkerThread "GC Thread#1"                     [id=11636, stack(0x000000f77e900000,0x000000f77ea00000) (1024K)]
  0x00000272b9b2d440 WorkerThread "GC Thread#2"                     [id=12804, stack(0x000000f77ea00000,0x000000f77eb00000) (1024K)]
  0x00000272b9b2d890 WorkerThread "GC Thread#3"                     [id=8144, stack(0x000000f77eb00000,0x000000f77ec00000) (1024K)]
  0x00000272ba0c1590 WorkerThread "GC Thread#4"                     [id=4408, stack(0x000000f77ec00000,0x000000f77ed00000) (1024K)]
  0x00000272ba0beec0 WorkerThread "GC Thread#5"                     [id=6000, stack(0x000000f77ed00000,0x000000f77ee00000) (1024K)]
  0x00000272ba0c2f70 WorkerThread "GC Thread#6"                     [id=1560, stack(0x000000f77f800000,0x000000f77f900000) (1024K)]
  0x00000272ba0c4500 WorkerThread "GC Thread#7"                     [id=3380, stack(0x000000f77f900000,0x000000f77fa00000) (1024K)]
  0x00000272ba0c33c0 WorkerThread "GC Thread#8"                     [id=21936, stack(0x000000f77fa00000,0x000000f77fb00000) (1024K)]
  0x00000272ba0c4950 WorkerThread "GC Thread#9"                     [id=10656, stack(0x000000f77fb00000,0x000000f77fc00000) (1024K)]
  0x00000272ba0c5640 WorkerThread "GC Thread#10"                    [id=18492, stack(0x000000f77fc00000,0x000000f77fd00000) (1024K)]
  0x00000272ba0c5a90 WorkerThread "GC Thread#11"                    [id=4200, stack(0x000000f77fd00000,0x000000f77fe00000) (1024K)]
  0x00000272ba0c3810 WorkerThread "GC Thread#12"                    [id=6432, stack(0x000000f77fe00000,0x000000f77ff00000) (1024K)]
  0x00000272ba0c3c60 WorkerThread "GC Thread#13"                    [id=17740, stack(0x000000f77ff00000,0x000000f780000000) (1024K)]
  0x00000272bbb01ac0 WorkerThread "GC Thread#14"                    [id=18892, stack(0x000000f700000000,0x000000f700100000) (1024K)]
  0x00000272bbb000e0 WorkerThread "GC Thread#15"                    [id=16792, stack(0x000000f700100000,0x000000f700200000) (1024K)]
  0x00000272bbb03050 WorkerThread "GC Thread#16"                    [id=17792, stack(0x000000f700d00000,0x000000f700e00000) (1024K)]
  0x00000272bbb038f0 WorkerThread "GC Thread#17"                    [id=15068, stack(0x000000f700e00000,0x000000f700f00000) (1024K)]
  0x00000272bbb034a0 WorkerThread "GC Thread#18"                    [id=22196, stack(0x000000f700f00000,0x000000f701000000) (1024K)]
  0x00000272bbaffc90 WorkerThread "GC Thread#19"                    [id=9280, stack(0x000000f701000000,0x000000f701100000) (1024K)]
  0x00000272bbb03d40 WorkerThread "GC Thread#20"                    [id=19292, stack(0x000000f701100000,0x000000f701200000) (1024K)]
  0x00000272bbb04190 WorkerThread "GC Thread#21"                    [id=10728, stack(0x000000f701200000,0x000000f701300000) (1024K)]
  0x00000272bbb045e0 WorkerThread "GC Thread#22"                    [id=13012, stack(0x000000f701300000,0x000000f701400000) (1024K)]
  0x000002729b108330 ConcurrentGCThread "G1 Main Marker"            [id=18764, stack(0x000000f77d500000,0x000000f77d600000) (1024K)]
  0x000002729b10a680 WorkerThread "G1 Conc#0"                       [id=20844, stack(0x000000f77d600000,0x000000f77d700000) (1024K)]
  0x00000272bbb00980 WorkerThread "G1 Conc#1"                       [id=11204, stack(0x000000f700200000,0x000000f700300000) (1024K)]
  0x00000272bbb01f10 WorkerThread "G1 Conc#2"                       [id=16560, stack(0x000000f700300000,0x000000f700400000) (1024K)]
  0x00000272bbaff840 WorkerThread "G1 Conc#3"                       [id=5324, stack(0x000000f700400000,0x000000f700500000) (1024K)]
  0x00000272bbb00530 WorkerThread "G1 Conc#4"                       [id=14672, stack(0x000000f700500000,0x000000f700600000) (1024K)]
  0x00000272bbb01220 WorkerThread "G1 Conc#5"                       [id=20952, stack(0x000000f700600000,0x000000f700700000) (1024K)]
  0x00000272b4437d60 ConcurrentGCThread "G1 Refine#0"               [id=16156, stack(0x000000f77d700000,0x000000f77d800000) (1024K)]
  0x00000272b443a990 ConcurrentGCThread "G1 Service"                [id=16624, stack(0x000000f77d800000,0x000000f77d900000) (1024K)]
Total: 34

Threads with active compile tasks:
C2 CompilerThread0  6324 20087       4       com.android.tools.r8.internal.Oa::a (391 bytes)
C1 CompilerThread0  6324 20363       3       com.android.tools.r8.internal.oA::a (2753 bytes)
C1 CompilerThread1  6324 20354       2       com.android.tools.r8.ir.optimize.t0::a (276 bytes)
C2 CompilerThread1  6324 20014       4       com.android.tools.r8.ir.optimize.e0::a (510 bytes)
C1 CompilerThread2  6324 20246       2       com.android.tools.r8.internal.iu::c (1646 bytes)
C1 CompilerThread3  6324 20323       2       com.android.tools.r8.internal.aA::c (130 bytes)
C1 CompilerThread4  6324 20364       3       com.android.tools.r8.graph.x2::a (12 bytes)
C2 CompilerThread3  6324 20031       4       com.android.tools.r8.internal.Oa::a (350 bytes)
C2 CompilerThread4  6324 19369       4       com.android.tools.r8.ir.optimize.z::a (506 bytes)
C2 CompilerThread5  6324 19738 %     4       com.android.tools.r8.internal.CQ::b @ 1695 (4448 bytes)
C2 CompilerThread6  6324 19736       4       com.android.tools.r8.internal.sW::b (638 bytes)
C2 CompilerThread7  6324 19832 %     4       com.android.tools.r8.internal.f40::a @ 368 (496 bytes)
C2 CompilerThread8  6324 20040       4       com.android.tools.r8.internal.Vz::a (595 bytes)
C2 CompilerThread9  6324 19642       4       com.android.tools.r8.ir.optimize.a0::a (278 bytes)
Total: 14

VM state: not at safepoint (normal execution)

VM Mutex/Monitor currently owned by a thread: None

Heap address: 0x00000000e0000000, size: 512 MB, Compressed Oops mode: 32-bit

CDS archive(s) not mapped
Compressed class space mapped at: 0x0000000044000000-0x0000000058000000, reserved size: 335544320
UseCompressedClassPointers 1, UseCompactObjectHeaders 0
Narrow klass pointer bits 32, Max shift 3
Narrow klass base: 0x0000000000000000, Narrow klass shift: 0
Encoding Range: [0x0000000000000000 - 0x0000000100000000), (4294967296 bytes)
Klass Range:    [0x0000000044000000 - 0x0000000058000000), (335544320 bytes)
Klass ID Range:  [1140850688 - 1476395001) (335544313)
No protection zone.

GC Precious Log:
 CardTable entry size: 512
 Card Set container configuration: InlinePtr #cards 5 size 8 Array Of Cards #cards 10 size 36 Howl #buckets 4 coarsen threshold 1843 Howl Bitmap #cards 512 size 80 coarsen threshold 460 Card regions per heap region 1 cards per card region 2048
 CPUs: 32 total, 32 available
 Memory: 65243M
 Large Page Support: Disabled
 NUMA Support: Disabled
 Compressed Oops: Enabled (32-bit)
 Heap Region Size: 1M
 Heap Min Capacity: 256M
 Heap Initial Capacity: 256M
 Heap Max Capacity: 512M
 Pre-touch: Disabled
 Parallel Workers: 23
 Concurrent Workers: 6
 Concurrent Refinement Workers: 23
 Periodic GC: Disabled

Heap:
 garbage-first heap   total reserved 524288K, committed 524288K, used 408033K [0x00000000e0000000, 0x0000000100000000)
  region size 1024K, 93 young (95232K), 5 survivors (5120K)

Heap Regions: E=young(eden), S=young(survivor), O=old, HS=humongous(starts), HC=humongous(continues), CS=collection set, F=free, TAMS=top-at-mark-start, PB=parsable bottom
|   0|0x00000000e0000000, 0x00000000e0100000, 0x00000000e0100000|100%|HS|  |TAMS 0x00000000e0000000| PB 0x00000000e0000000| Complete |  0
|   1|0x00000000e0100000, 0x00000000e0200000, 0x00000000e0200000|100%|HC|  |TAMS 0x00000000e0100000| PB 0x00000000e0100000| Complete |  0
|   2|0x00000000e0200000, 0x00000000e0300000, 0x00000000e0300000|100%|HC|  |TAMS 0x00000000e0200000| PB 0x00000000e0200000| Complete |  0
|   3|0x00000000e0300000, 0x00000000e0400000, 0x00000000e0400000|100%|HC|  |TAMS 0x00000000e0300000| PB 0x00000000e0300000| Complete |  0
|   4|0x00000000e0400000, 0x00000000e0500000, 0x00000000e0500000|100%|HS|  |TAMS 0x00000000e0400000| PB 0x00000000e0400000| Complete |  0
|   5|0x00000000e0500000, 0x00000000e0600000, 0x00000000e0600000|100%| O|  |TAMS 0x00000000e0500000| PB 0x00000000e0500000| Untracked |  0
|   6|0x00000000e0600000, 0x00000000e0700000, 0x00000000e0700000|100%| O|  |TAMS 0x00000000e0600000| PB 0x00000000e0600000| Untracked |  0
|   7|0x00000000e0700000, 0x00000000e0800000, 0x00000000e0800000|100%| O|  |TAMS 0x00000000e0700000| PB 0x00000000e0700000| Untracked |  0
|   8|0x00000000e0800000, 0x00000000e0900000, 0x00000000e0900000|100%| O|  |TAMS 0x00000000e0800000| PB 0x00000000e0800000| Untracked |  0
|   9|0x00000000e0900000, 0x00000000e0a00000, 0x00000000e0a00000|100%| O|  |TAMS 0x00000000e0900000| PB 0x00000000e0900000| Untracked |  0
|  10|0x00000000e0a00000, 0x00000000e0b00000, 0x00000000e0b00000|100%| O|  |TAMS 0x00000000e0a00000| PB 0x00000000e0a00000| Untracked |  0
|  11|0x00000000e0b00000, 0x00000000e0c00000, 0x00000000e0c00000|100%| O|  |TAMS 0x00000000e0b00000| PB 0x00000000e0b00000| Untracked |  0
|  12|0x00000000e0c00000, 0x00000000e0d00000, 0x00000000e0d00000|100%| O|  |TAMS 0x00000000e0c00000| PB 0x00000000e0c00000| Untracked |  0
|  13|0x00000000e0d00000, 0x00000000e0e00000, 0x00000000e0e00000|100%| O|  |TAMS 0x00000000e0d00000| PB 0x00000000e0d00000| Untracked |  0
|  14|0x00000000e0e00000, 0x00000000e0f00000, 0x00000000e0f00000|100%| O|  |TAMS 0x00000000e0e00000| PB 0x00000000e0e00000| Untracked |  0
|  15|0x00000000e0f00000, 0x00000000e1000000, 0x00000000e1000000|100%| O|  |TAMS 0x00000000e0f00000| PB 0x00000000e0f00000| Untracked |  0
|  16|0x00000000e1000000, 0x00000000e1100000, 0x00000000e1100000|100%| O|  |TAMS 0x00000000e1000000| PB 0x00000000e1000000| Untracked |  0
|  17|0x00000000e1100000, 0x00000000e1200000, 0x00000000e1200000|100%| O|  |TAMS 0x00000000e1100000| PB 0x00000000e1100000| Untracked |  0
|  18|0x00000000e1200000, 0x00000000e1300000, 0x00000000e1300000|100%| O|  |TAMS 0x00000000e1200000| PB 0x00000000e1200000| Untracked |  0
|  19|0x00000000e1300000, 0x00000000e1400000, 0x00000000e1400000|100%| O|  |TAMS 0x00000000e1300000| PB 0x00000000e1300000| Untracked |  0
|  20|0x00000000e1400000, 0x00000000e1500000, 0x00000000e1500000|100%| O|  |TAMS 0x00000000e1400000| PB 0x00000000e1400000| Untracked |  0
|  21|0x00000000e1500000, 0x00000000e1600000, 0x00000000e1600000|100%| O|  |TAMS 0x00000000e1500000| PB 0x00000000e1500000| Untracked |  0
|  22|0x00000000e1600000, 0x00000000e1700000, 0x00000000e1700000|100%| O|  |TAMS 0x00000000e1600000| PB 0x00000000e1600000| Untracked |  0
|  23|0x00000000e1700000, 0x00000000e1800000, 0x00000000e1800000|100%| O|  |TAMS 0x00000000e1700000| PB 0x00000000e1700000| Untracked |  0
|  24|0x00000000e1800000, 0x00000000e1900000, 0x00000000e1900000|100%| O|  |TAMS 0x00000000e1800000| PB 0x00000000e1800000| Untracked |  0
|  25|0x00000000e1900000, 0x00000000e1a00000, 0x00000000e1a00000|100%| O|  |TAMS 0x00000000e1900000| PB 0x00000000e1900000| Untracked |  0
|  26|0x00000000e1a00000, 0x00000000e1b00000, 0x00000000e1b00000|100%| O|  |TAMS 0x00000000e1a00000| PB 0x00000000e1a00000| Untracked |  0
|  27|0x00000000e1b00000, 0x00000000e1c00000, 0x00000000e1c00000|100%| O|  |TAMS 0x00000000e1b00000| PB 0x00000000e1b00000| Untracked |  0
|  28|0x00000000e1c00000, 0x00000000e1d00000, 0x00000000e1d00000|100%| O|  |TAMS 0x00000000e1c00000| PB 0x00000000e1c00000| Untracked |  0
|  29|0x00000000e1d00000, 0x00000000e1e00000, 0x00000000e1e00000|100%| O|  |TAMS 0x00000000e1d00000| PB 0x00000000e1d00000| Untracked |  0
|  30|0x00000000e1e00000, 0x00000000e1f00000, 0x00000000e1f00000|100%| O|  |TAMS 0x00000000e1e00000| PB 0x00000000e1e00000| Untracked |  0
|  31|0x00000000e1f00000, 0x00000000e2000000, 0x00000000e2000000|100%| O|  |TAMS 0x00000000e1f00000| PB 0x00000000e1f00000| Untracked |  0
|  32|0x00000000e2000000, 0x00000000e2100000, 0x00000000e2100000|100%| O|  |TAMS 0x00000000e2000000| PB 0x00000000e2000000| Untracked |  0
|  33|0x00000000e2100000, 0x00000000e2200000, 0x00000000e2200000|100%| O|  |TAMS 0x00000000e2100000| PB 0x00000000e2100000| Untracked |  0
|  34|0x00000000e2200000, 0x00000000e2300000, 0x00000000e2300000|100%| O|  |TAMS 0x00000000e2200000| PB 0x00000000e2200000| Untracked |  0
|  35|0x00000000e2300000, 0x00000000e2400000, 0x00000000e2400000|100%| O|  |TAMS 0x00000000e2300000| PB 0x00000000e2300000| Untracked |  0
|  36|0x00000000e2400000, 0x00000000e2500000, 0x00000000e2500000|100%| O|  |TAMS 0x00000000e2400000| PB 0x00000000e2400000| Untracked |  0
|  37|0x00000000e2500000, 0x00000000e2600000, 0x00000000e2600000|100%| O|  |TAMS 0x00000000e2500000| PB 0x00000000e2500000| Untracked |  0
|  38|0x00000000e2600000, 0x00000000e2700000, 0x00000000e2700000|100%| O|  |TAMS 0x00000000e2600000| PB 0x00000000e2600000| Untracked |  0
|  39|0x00000000e2700000, 0x00000000e2800000, 0x00000000e2800000|100%| O|  |TAMS 0x00000000e2700000| PB 0x00000000e2700000| Untracked |  0
|  40|0x00000000e2800000, 0x00000000e2900000, 0x00000000e2900000|100%| O|  |TAMS 0x00000000e2800000| PB 0x00000000e2800000| Untracked |  0
|  41|0x00000000e2900000, 0x00000000e2a00000, 0x00000000e2a00000|100%| O|  |TAMS 0x00000000e2900000| PB 0x00000000e2900000| Untracked |  0
|  42|0x00000000e2a00000, 0x00000000e2b00000, 0x00000000e2b00000|100%| O|  |TAMS 0x00000000e2a00000| PB 0x00000000e2a00000| Untracked |  0
|  43|0x00000000e2b00000, 0x00000000e2c00000, 0x00000000e2c00000|100%| O|  |TAMS 0x00000000e2b00000| PB 0x00000000e2b00000| Untracked |  0
|  44|0x00000000e2c00000, 0x00000000e2d00000, 0x00000000e2d00000|100%| O|  |TAMS 0x00000000e2c00000| PB 0x00000000e2c00000| Untracked |  0
|  45|0x00000000e2d00000, 0x00000000e2e00000, 0x00000000e2e00000|100%| O|  |TAMS 0x00000000e2d00000| PB 0x00000000e2d00000| Untracked |  0
|  46|0x00000000e2e00000, 0x00000000e2f00000, 0x00000000e2f00000|100%| O|  |TAMS 0x00000000e2e00000| PB 0x00000000e2e00000| Untracked |  0
|  47|0x00000000e2f00000, 0x00000000e3000000, 0x00000000e3000000|100%|HS|  |TAMS 0x00000000e2f00000| PB 0x00000000e2f00000| Complete |  0
|  48|0x00000000e3000000, 0x00000000e3100000, 0x00000000e3100000|100%|HS|  |TAMS 0x00000000e3000000| PB 0x00000000e3000000| Complete |  0
|  49|0x00000000e3100000, 0x00000000e3200000, 0x00000000e3200000|100%|HS|  |TAMS 0x00000000e3100000| PB 0x00000000e3100000| Complete |  0
|  50|0x00000000e3200000, 0x00000000e3300000, 0x00000000e3300000|100%|HC|  |TAMS 0x00000000e3200000| PB 0x00000000e3200000| Complete |  0
|  51|0x00000000e3300000, 0x00000000e3400000, 0x00000000e3400000|100%|HS|  |TAMS 0x00000000e3300000| PB 0x00000000e3300000| Complete |  0
|  52|0x00000000e3400000, 0x00000000e3500000, 0x00000000e3500000|100%|HC|  |TAMS 0x00000000e3400000| PB 0x00000000e3400000| Complete |  0
|  53|0x00000000e3500000, 0x00000000e3600000, 0x00000000e3600000|100%|HS|  |TAMS 0x00000000e3500000| PB 0x00000000e3500000| Complete |  0
|  54|0x00000000e3600000, 0x00000000e3700000, 0x00000000e3700000|100%|HS|  |TAMS 0x00000000e3600000| PB 0x00000000e3600000| Complete |  0
|  55|0x00000000e3700000, 0x00000000e3800000, 0x00000000e3800000|100%|HC|  |TAMS 0x00000000e3700000| PB 0x00000000e3700000| Complete |  0
|  56|0x00000000e3800000, 0x00000000e3900000, 0x00000000e3900000|100%|HC|  |TAMS 0x00000000e3800000| PB 0x00000000e3800000| Complete |  0
|  57|0x00000000e3900000, 0x00000000e3a00000, 0x00000000e3a00000|100%|HS|  |TAMS 0x00000000e3900000| PB 0x00000000e3900000| Complete |  0
|  58|0x00000000e3a00000, 0x00000000e3b00000, 0x00000000e3b00000|100%| O|  |TAMS 0x00000000e3a00000| PB 0x00000000e3a00000| Untracked |  0
|  59|0x00000000e3b00000, 0x00000000e3c00000, 0x00000000e3c00000|100%|HS|  |TAMS 0x00000000e3b00000| PB 0x00000000e3b00000| Complete |  0
|  60|0x00000000e3c00000, 0x00000000e3d00000, 0x00000000e3d00000|100%|HS|  |TAMS 0x00000000e3c00000| PB 0x00000000e3c00000| Complete |  0
|  61|0x00000000e3d00000, 0x00000000e3e00000, 0x00000000e3e00000|100%|HS|  |TAMS 0x00000000e3d00000| PB 0x00000000e3d00000| Complete |  0
|  62|0x00000000e3e00000, 0x00000000e3f00000, 0x00000000e3f00000|100%|HC|  |TAMS 0x00000000e3e00000| PB 0x00000000e3e00000| Complete |  0
|  63|0x00000000e3f00000, 0x00000000e4000000, 0x00000000e4000000|100%|HC|  |TAMS 0x00000000e3f00000| PB 0x00000000e3f00000| Complete |  0
|  64|0x00000000e4000000, 0x00000000e4100000, 0x00000000e4100000|100%|HS|  |TAMS 0x00000000e4000000| PB 0x00000000e4000000| Complete |  0
|  65|0x00000000e4100000, 0x00000000e4200000, 0x00000000e4200000|100%| O|  |TAMS 0x00000000e4100000| PB 0x00000000e4100000| Untracked |  0
|  66|0x00000000e4200000, 0x00000000e4300000, 0x00000000e4300000|100%| O|  |TAMS 0x00000000e4200000| PB 0x00000000e4200000| Untracked |  0
|  67|0x00000000e4300000, 0x00000000e4400000, 0x00000000e4400000|100%| O|  |TAMS 0x00000000e4300000| PB 0x00000000e4300000| Untracked |  0
|  68|0x00000000e4400000, 0x00000000e4500000, 0x00000000e4500000|100%| O|  |TAMS 0x00000000e4400000| PB 0x00000000e4400000| Untracked |  0
|  69|0x00000000e4500000, 0x00000000e4600000, 0x00000000e4600000|100%| O|  |TAMS 0x00000000e4500000| PB 0x00000000e4500000| Untracked |  0
|  70|0x00000000e4600000, 0x00000000e4700000, 0x00000000e4700000|100%| O|  |TAMS 0x00000000e4600000| PB 0x00000000e4600000| Untracked |  0
|  71|0x00000000e4700000, 0x00000000e4800000, 0x00000000e4800000|100%| O|  |TAMS 0x00000000e4700000| PB 0x00000000e4700000| Untracked |  0
|  72|0x00000000e4800000, 0x00000000e4900000, 0x00000000e4900000|100%| O|  |TAMS 0x00000000e4800000| PB 0x00000000e4800000| Untracked |  0
|  73|0x00000000e4900000, 0x00000000e4a00000, 0x00000000e4a00000|100%| O|  |TAMS 0x00000000e4900000| PB 0x00000000e4900000| Untracked |  0
|  74|0x00000000e4a00000, 0x00000000e4b00000, 0x00000000e4b00000|100%| O|  |TAMS 0x00000000e4a00000| PB 0x00000000e4a00000| Untracked |  0
|  75|0x00000000e4b00000, 0x00000000e4c00000, 0x00000000e4c00000|100%| O|  |TAMS 0x00000000e4b00000| PB 0x00000000e4b00000| Untracked |  0
|  76|0x00000000e4c00000, 0x00000000e4d00000, 0x00000000e4d00000|100%| O|  |TAMS 0x00000000e4c00000| PB 0x00000000e4c00000| Untracked |  0
|  77|0x00000000e4d00000, 0x00000000e4e00000, 0x00000000e4e00000|100%| O|  |TAMS 0x00000000e4d00000| PB 0x00000000e4d00000| Untracked |  0
|  78|0x00000000e4e00000, 0x00000000e4f00000, 0x00000000e4f00000|100%| O|  |TAMS 0x00000000e4e00000| PB 0x00000000e4e00000| Untracked |  0
|  79|0x00000000e4f00000, 0x00000000e5000000, 0x00000000e5000000|100%| O|  |TAMS 0x00000000e4f00000| PB 0x00000000e4f00000| Untracked |  0
|  80|0x00000000e5000000, 0x00000000e5100000, 0x00000000e5100000|100%| O|  |TAMS 0x00000000e5000000| PB 0x00000000e5000000| Untracked |  0
|  81|0x00000000e5100000, 0x00000000e5200000, 0x00000000e5200000|100%| O|  |TAMS 0x00000000e5100000| PB 0x00000000e5100000| Untracked |  0
|  82|0x00000000e5200000, 0x00000000e5300000, 0x00000000e5300000|100%| O|  |TAMS 0x00000000e5200000| PB 0x00000000e5200000| Untracked |  0
|  83|0x00000000e5300000, 0x00000000e5400000, 0x00000000e5400000|100%| O|  |TAMS 0x00000000e5300000| PB 0x00000000e5300000| Untracked |  0
|  84|0x00000000e5400000, 0x00000000e5500000, 0x00000000e5500000|100%| O|  |TAMS 0x00000000e5400000| PB 0x00000000e5400000| Untracked |  0
|  85|0x00000000e5500000, 0x00000000e5600000, 0x00000000e5600000|100%| O|  |TAMS 0x00000000e5500000| PB 0x00000000e5500000| Untracked |  0
|  86|0x00000000e5600000, 0x00000000e5700000, 0x00000000e5700000|100%| O|  |TAMS 0x00000000e5600000| PB 0x00000000e5600000| Untracked |  0
|  87|0x00000000e5700000, 0x00000000e5800000, 0x00000000e5800000|100%| O|  |TAMS 0x00000000e5700000| PB 0x00000000e5700000| Untracked |  0
|  88|0x00000000e5800000, 0x00000000e5900000, 0x00000000e5900000|100%| O|  |TAMS 0x00000000e5800000| PB 0x00000000e5800000| Untracked |  0
|  89|0x00000000e5900000, 0x00000000e5a00000, 0x00000000e5a00000|100%| O|  |TAMS 0x00000000e5900000| PB 0x00000000e5900000| Untracked |  0
|  90|0x00000000e5a00000, 0x00000000e5b00000, 0x00000000e5b00000|100%| O|  |TAMS 0x00000000e5a00000| PB 0x00000000e5a00000| Untracked |  0
|  91|0x00000000e5b00000, 0x00000000e5c00000, 0x00000000e5c00000|100%| O|  |TAMS 0x00000000e5b00000| PB 0x00000000e5b00000| Untracked |  0
|  92|0x00000000e5c00000, 0x00000000e5d00000, 0x00000000e5d00000|100%| O|  |TAMS 0x00000000e5c00000| PB 0x00000000e5c00000| Untracked |  0
|  93|0x00000000e5d00000, 0x00000000e5e00000, 0x00000000e5e00000|100%| O|  |TAMS 0x00000000e5d00000| PB 0x00000000e5d00000| Untracked |  0
|  94|0x00000000e5e00000, 0x00000000e5f00000, 0x00000000e5f00000|100%| O|  |TAMS 0x00000000e5e00000| PB 0x00000000e5e00000| Untracked |  0
|  95|0x00000000e5f00000, 0x00000000e6000000, 0x00000000e6000000|100%| O|  |TAMS 0x00000000e5f00000| PB 0x00000000e5f00000| Untracked |  0
|  96|0x00000000e6000000, 0x00000000e6100000, 0x00000000e6100000|100%| O|  |TAMS 0x00000000e6000000| PB 0x00000000e6000000| Untracked |  0
|  97|0x00000000e6100000, 0x00000000e6200000, 0x00000000e6200000|100%| O|  |TAMS 0x00000000e6100000| PB 0x00000000e6100000| Untracked |  0
|  98|0x00000000e6200000, 0x00000000e6300000, 0x00000000e6300000|100%| O|  |TAMS 0x00000000e6200000| PB 0x00000000e6200000| Untracked |  0
|  99|0x00000000e6300000, 0x00000000e6400000, 0x00000000e6400000|100%| O|  |TAMS 0x00000000e6300000| PB 0x00000000e6300000| Untracked |  0
| 100|0x00000000e6400000, 0x00000000e6500000, 0x00000000e6500000|100%| O|  |TAMS 0x00000000e6400000| PB 0x00000000e6400000| Untracked |  0
| 101|0x00000000e6500000, 0x00000000e6600000, 0x00000000e6600000|100%| O|  |TAMS 0x00000000e6500000| PB 0x00000000e6500000| Untracked |  0
| 102|0x00000000e6600000, 0x00000000e6700000, 0x00000000e6700000|100%| O|  |TAMS 0x00000000e6600000| PB 0x00000000e6600000| Untracked |  0
| 103|0x00000000e6700000, 0x00000000e6800000, 0x00000000e6800000|100%| O|  |TAMS 0x00000000e6700000| PB 0x00000000e6700000| Untracked |  0
| 104|0x00000000e6800000, 0x00000000e6900000, 0x00000000e6900000|100%| O|  |TAMS 0x00000000e6800000| PB 0x00000000e6800000| Untracked |  0
| 105|0x00000000e6900000, 0x00000000e6a00000, 0x00000000e6a00000|100%| O|  |TAMS 0x00000000e6900000| PB 0x00000000e6900000| Untracked |  0
| 106|0x00000000e6a00000, 0x00000000e6b00000, 0x00000000e6b00000|100%| O|  |TAMS 0x00000000e6a00000| PB 0x00000000e6a00000| Untracked |  0
| 107|0x00000000e6b00000, 0x00000000e6c00000, 0x00000000e6c00000|100%| O|  |TAMS 0x00000000e6b00000| PB 0x00000000e6b00000| Untracked |  0
| 108|0x00000000e6c00000, 0x00000000e6d00000, 0x00000000e6d00000|100%| O|  |TAMS 0x00000000e6c00000| PB 0x00000000e6c00000| Untracked |  0
| 109|0x00000000e6d00000, 0x00000000e6e00000, 0x00000000e6e00000|100%| O|  |TAMS 0x00000000e6d00000| PB 0x00000000e6d00000| Untracked |  0
| 110|0x00000000e6e00000, 0x00000000e6f00000, 0x00000000e6f00000|100%| O|  |TAMS 0x00000000e6e00000| PB 0x00000000e6e00000| Untracked |  0
| 111|0x00000000e6f00000, 0x00000000e7000000, 0x00000000e7000000|100%|HS|  |TAMS 0x00000000e6f00000| PB 0x00000000e6f00000| Complete |  0
| 112|0x00000000e7000000, 0x00000000e7100000, 0x00000000e7100000|100%| O|  |TAMS 0x00000000e7000000| PB 0x00000000e7000000| Untracked |  0
| 113|0x00000000e7100000, 0x00000000e7200000, 0x00000000e7200000|100%| O|  |TAMS 0x00000000e7100000| PB 0x00000000e7100000| Untracked |  0
| 114|0x00000000e7200000, 0x00000000e7300000, 0x00000000e7300000|100%| O|  |TAMS 0x00000000e7200000| PB 0x00000000e7200000| Untracked |  0
| 115|0x00000000e7300000, 0x00000000e7400000, 0x00000000e7400000|100%| O|  |TAMS 0x00000000e7300000| PB 0x00000000e7300000| Untracked |  0
| 116|0x00000000e7400000, 0x00000000e7500000, 0x00000000e7500000|100%| O|  |TAMS 0x00000000e7400000| PB 0x00000000e7400000| Untracked |  0
| 117|0x00000000e7500000, 0x00000000e7600000, 0x00000000e7600000|100%| O|  |TAMS 0x00000000e7500000| PB 0x00000000e7500000| Untracked |  0
| 118|0x00000000e7600000, 0x00000000e7700000, 0x00000000e7700000|100%| O|  |TAMS 0x00000000e7600000| PB 0x00000000e7600000| Untracked |  0
| 119|0x00000000e7700000, 0x00000000e7800000, 0x00000000e7800000|100%| O|  |TAMS 0x00000000e7700000| PB 0x00000000e7700000| Untracked |  0
| 120|0x00000000e7800000, 0x00000000e7900000, 0x00000000e7900000|100%| O|  |TAMS 0x00000000e7800000| PB 0x00000000e7800000| Untracked |  0
| 121|0x00000000e7900000, 0x00000000e7a00000, 0x00000000e7a00000|100%| O|  |TAMS 0x00000000e7900000| PB 0x00000000e7900000| Untracked |  0
| 122|0x00000000e7a00000, 0x00000000e7b00000, 0x00000000e7b00000|100%| O|  |TAMS 0x00000000e7a00000| PB 0x00000000e7a00000| Untracked |  0
| 123|0x00000000e7b00000, 0x00000000e7c00000, 0x00000000e7c00000|100%| O|  |TAMS 0x00000000e7b00000| PB 0x00000000e7b00000| Untracked |  0
| 124|0x00000000e7c00000, 0x00000000e7d00000, 0x00000000e7d00000|100%| O|  |TAMS 0x00000000e7c00000| PB 0x00000000e7c00000| Untracked |  0
| 125|0x00000000e7d00000, 0x00000000e7e00000, 0x00000000e7e00000|100%| O|  |TAMS 0x00000000e7d00000| PB 0x00000000e7d00000| Untracked |  0
| 126|0x00000000e7e00000, 0x00000000e7f00000, 0x00000000e7f00000|100%| O|  |TAMS 0x00000000e7e00000| PB 0x00000000e7e00000| Untracked |  0
| 127|0x00000000e7f00000, 0x00000000e8000000, 0x00000000e8000000|100%| O|  |TAMS 0x00000000e7f00000| PB 0x00000000e7f00000| Untracked |  0
| 128|0x00000000e8000000, 0x00000000e8100000, 0x00000000e8100000|100%| O|  |TAMS 0x00000000e8000000| PB 0x00000000e8000000| Untracked |  0
| 129|0x00000000e8100000, 0x00000000e8200000, 0x00000000e8200000|100%| O|  |TAMS 0x00000000e8100000| PB 0x00000000e8100000| Untracked |  0
| 130|0x00000000e8200000, 0x00000000e8300000, 0x00000000e8300000|100%| O|  |TAMS 0x00000000e8200000| PB 0x00000000e8200000| Untracked |  0
| 131|0x00000000e8300000, 0x00000000e8400000, 0x00000000e8400000|100%| O|  |TAMS 0x00000000e8300000| PB 0x00000000e8300000| Untracked |  0
| 132|0x00000000e8400000, 0x00000000e8500000, 0x00000000e8500000|100%| O|  |TAMS 0x00000000e8400000| PB 0x00000000e8400000| Untracked |  0
| 133|0x00000000e8500000, 0x00000000e8600000, 0x00000000e8600000|100%| O|  |TAMS 0x00000000e8500000| PB 0x00000000e8500000| Untracked |  0
| 134|0x00000000e8600000, 0x00000000e8700000, 0x00000000e8700000|100%| O|  |TAMS 0x00000000e8600000| PB 0x00000000e8600000| Untracked |  0
| 135|0x00000000e8700000, 0x00000000e8800000, 0x00000000e8800000|100%| O|  |TAMS 0x00000000e8700000| PB 0x00000000e8700000| Untracked |  0
| 136|0x00000000e8800000, 0x00000000e8900000, 0x00000000e8900000|100%| O|  |TAMS 0x00000000e8800000| PB 0x00000000e8800000| Untracked |  0
| 137|0x00000000e8900000, 0x00000000e8a00000, 0x00000000e8a00000|100%| O|  |TAMS 0x00000000e8900000| PB 0x00000000e8900000| Untracked |  0
| 138|0x00000000e8a00000, 0x00000000e8b00000, 0x00000000e8b00000|100%| O|  |TAMS 0x00000000e8a00000| PB 0x00000000e8a00000| Untracked |  0
| 139|0x00000000e8b00000, 0x00000000e8c00000, 0x00000000e8c00000|100%| O|  |TAMS 0x00000000e8b00000| PB 0x00000000e8b00000| Untracked |  0
| 140|0x00000000e8c00000, 0x00000000e8d00000, 0x00000000e8d00000|100%| O|  |TAMS 0x00000000e8c00000| PB 0x00000000e8c00000| Untracked |  0
| 141|0x00000000e8d00000, 0x00000000e8e00000, 0x00000000e8e00000|100%| O|  |TAMS 0x00000000e8d00000| PB 0x00000000e8d00000| Untracked |  0
| 142|0x00000000e8e00000, 0x00000000e8f00000, 0x00000000e8f00000|100%| O|  |TAMS 0x00000000e8e00000| PB 0x00000000e8e00000| Untracked |  0
| 143|0x00000000e8f00000, 0x00000000e9000000, 0x00000000e9000000|100%| O|  |TAMS 0x00000000e8f00000| PB 0x00000000e8f00000| Untracked |  0
| 144|0x00000000e9000000, 0x00000000e9100000, 0x00000000e9100000|100%| O|  |TAMS 0x00000000e9000000| PB 0x00000000e9000000| Untracked |  0
| 145|0x00000000e9100000, 0x00000000e9200000, 0x00000000e9200000|100%| O|  |TAMS 0x00000000e9100000| PB 0x00000000e9100000| Untracked |  0
| 146|0x00000000e9200000, 0x00000000e9300000, 0x00000000e9300000|100%| O|  |TAMS 0x00000000e9200000| PB 0x00000000e9200000| Untracked |  0
| 147|0x00000000e9300000, 0x00000000e9400000, 0x00000000e9400000|100%| O|  |TAMS 0x00000000e9300000| PB 0x00000000e9300000| Untracked |  0
| 148|0x00000000e9400000, 0x00000000e9500000, 0x00000000e9500000|100%| O|  |TAMS 0x00000000e9400000| PB 0x00000000e9400000| Untracked |  0
| 149|0x00000000e9500000, 0x00000000e9600000, 0x00000000e9600000|100%| O|  |TAMS 0x00000000e9500000| PB 0x00000000e9500000| Untracked |  0
| 150|0x00000000e9600000, 0x00000000e9700000, 0x00000000e9700000|100%| O|  |TAMS 0x00000000e9600000| PB 0x00000000e9600000| Untracked |  0
| 151|0x00000000e9700000, 0x00000000e9800000, 0x00000000e9800000|100%| O|  |TAMS 0x00000000e9700000| PB 0x00000000e9700000| Untracked |  0
| 152|0x00000000e9800000, 0x00000000e9900000, 0x00000000e9900000|100%| O|  |TAMS 0x00000000e9800000| PB 0x00000000e9800000| Untracked |  0
| 153|0x00000000e9900000, 0x00000000e9a00000, 0x00000000e9a00000|100%| O|  |TAMS 0x00000000e9900000| PB 0x00000000e9900000| Untracked |  0
| 154|0x00000000e9a00000, 0x00000000e9b00000, 0x00000000e9b00000|100%| O|  |TAMS 0x00000000e9a00000| PB 0x00000000e9a00000| Untracked |  0
| 155|0x00000000e9b00000, 0x00000000e9c00000, 0x00000000e9c00000|100%| O|  |TAMS 0x00000000e9b00000| PB 0x00000000e9b00000| Untracked |  0
| 156|0x00000000e9c00000, 0x00000000e9d00000, 0x00000000e9d00000|100%| O|  |TAMS 0x00000000e9c00000| PB 0x00000000e9c00000| Untracked |  0
| 157|0x00000000e9d00000, 0x00000000e9e00000, 0x00000000e9e00000|100%| O|  |TAMS 0x00000000e9d00000| PB 0x00000000e9d00000| Untracked |  0
| 158|0x00000000e9e00000, 0x00000000e9f00000, 0x00000000e9f00000|100%| O|  |TAMS 0x00000000e9e00000| PB 0x00000000e9e00000| Untracked |  0
| 159|0x00000000e9f00000, 0x00000000ea000000, 0x00000000ea000000|100%| O|  |TAMS 0x00000000e9f00000| PB 0x00000000e9f00000| Untracked |  0
| 160|0x00000000ea000000, 0x00000000ea100000, 0x00000000ea100000|100%| O|  |TAMS 0x00000000ea000000| PB 0x00000000ea000000| Untracked |  0
| 161|0x00000000ea100000, 0x00000000ea200000, 0x00000000ea200000|100%| O|  |TAMS 0x00000000ea100000| PB 0x00000000ea100000| Untracked |  0
| 162|0x00000000ea200000, 0x00000000ea300000, 0x00000000ea300000|100%| O|  |TAMS 0x00000000ea200000| PB 0x00000000ea200000| Untracked |  0
| 163|0x00000000ea300000, 0x00000000ea400000, 0x00000000ea400000|100%| O|  |TAMS 0x00000000ea300000| PB 0x00000000ea300000| Untracked |  0
| 164|0x00000000ea400000, 0x00000000ea500000, 0x00000000ea500000|100%| O|  |TAMS 0x00000000ea400000| PB 0x00000000ea400000| Untracked |  0
| 165|0x00000000ea500000, 0x00000000ea600000, 0x00000000ea600000|100%| O|  |TAMS 0x00000000ea500000| PB 0x00000000ea500000| Untracked |  0
| 166|0x00000000ea600000, 0x00000000ea700000, 0x00000000ea700000|100%| O|  |TAMS 0x00000000ea600000| PB 0x00000000ea600000| Untracked |  0
| 167|0x00000000ea700000, 0x00000000ea800000, 0x00000000ea800000|100%| O|  |TAMS 0x00000000ea700000| PB 0x00000000ea700000| Untracked |  0
| 168|0x00000000ea800000, 0x00000000ea900000, 0x00000000ea900000|100%| O|  |TAMS 0x00000000ea800000| PB 0x00000000ea800000| Untracked |  0
| 169|0x00000000ea900000, 0x00000000eaa00000, 0x00000000eaa00000|100%| O|  |TAMS 0x00000000ea900000| PB 0x00000000ea900000| Untracked |  0
| 170|0x00000000eaa00000, 0x00000000eab00000, 0x00000000eab00000|100%| O|  |TAMS 0x00000000eaa00000| PB 0x00000000eaa00000| Untracked |  0
| 171|0x00000000eab00000, 0x00000000eac00000, 0x00000000eac00000|100%| O|  |TAMS 0x00000000eab00000| PB 0x00000000eab00000| Untracked |  0
| 172|0x00000000eac00000, 0x00000000ead00000, 0x00000000ead00000|100%| O|  |TAMS 0x00000000eac00000| PB 0x00000000eac00000| Untracked |  0
| 173|0x00000000ead00000, 0x00000000eae00000, 0x00000000eae00000|100%| O|  |TAMS 0x00000000ead00000| PB 0x00000000ead00000| Untracked |  0
| 174|0x00000000eae00000, 0x00000000eaf00000, 0x00000000eaf00000|100%| O|  |TAMS 0x00000000eae00000| PB 0x00000000eae00000| Untracked |  0
| 175|0x00000000eaf00000, 0x00000000eb000000, 0x00000000eb000000|100%| O|  |TAMS 0x00000000eaf00000| PB 0x00000000eaf00000| Untracked |  0
| 176|0x00000000eb000000, 0x00000000eb100000, 0x00000000eb100000|100%| O|  |TAMS 0x00000000eb000000| PB 0x00000000eb000000| Untracked |  0
| 177|0x00000000eb100000, 0x00000000eb200000, 0x00000000eb200000|100%| O|  |TAMS 0x00000000eb100000| PB 0x00000000eb100000| Untracked |  0
| 178|0x00000000eb200000, 0x00000000eb300000, 0x00000000eb300000|100%| O|  |TAMS 0x00000000eb200000| PB 0x00000000eb200000| Untracked |  0
| 179|0x00000000eb300000, 0x00000000eb400000, 0x00000000eb400000|100%| O|  |TAMS 0x00000000eb300000| PB 0x00000000eb300000| Untracked |  0
| 180|0x00000000eb400000, 0x00000000eb500000, 0x00000000eb500000|100%| O|  |TAMS 0x00000000eb400000| PB 0x00000000eb400000| Untracked |  0
| 181|0x00000000eb500000, 0x00000000eb600000, 0x00000000eb600000|100%| O|  |TAMS 0x00000000eb500000| PB 0x00000000eb500000| Untracked |  0
| 182|0x00000000eb600000, 0x00000000eb700000, 0x00000000eb700000|100%| O|  |TAMS 0x00000000eb600000| PB 0x00000000eb600000| Untracked |  0
| 183|0x00000000eb700000, 0x00000000eb800000, 0x00000000eb800000|100%| O|  |TAMS 0x00000000eb700000| PB 0x00000000eb700000| Untracked |  0
| 184|0x00000000eb800000, 0x00000000eb900000, 0x00000000eb900000|100%| O|  |TAMS 0x00000000eb800000| PB 0x00000000eb800000| Untracked |  0
| 185|0x00000000eb900000, 0x00000000eba00000, 0x00000000eba00000|100%| O|  |TAMS 0x00000000eb900000| PB 0x00000000eb900000| Untracked |  0
| 186|0x00000000eba00000, 0x00000000ebb00000, 0x00000000ebb00000|100%| O|  |TAMS 0x00000000eba00000| PB 0x00000000eba00000| Untracked |  0
| 187|0x00000000ebb00000, 0x00000000ebc00000, 0x00000000ebc00000|100%| O|  |TAMS 0x00000000ebb00000| PB 0x00000000ebb00000| Untracked |  0
| 188|0x00000000ebc00000, 0x00000000ebd00000, 0x00000000ebd00000|100%| O|  |TAMS 0x00000000ebc00000| PB 0x00000000ebc00000| Untracked |  0
| 189|0x00000000ebd00000, 0x00000000ebe00000, 0x00000000ebe00000|100%| O|  |TAMS 0x00000000ebd00000| PB 0x00000000ebd00000| Untracked |  0
| 190|0x00000000ebe00000, 0x00000000ebf00000, 0x00000000ebf00000|100%| O|  |TAMS 0x00000000ebe00000| PB 0x00000000ebe00000| Untracked |  0
| 191|0x00000000ebf00000, 0x00000000ec000000, 0x00000000ec000000|100%| O|  |TAMS 0x00000000ebf00000| PB 0x00000000ebf00000| Untracked |  0
| 192|0x00000000ec000000, 0x00000000ec100000, 0x00000000ec100000|100%| O|  |TAMS 0x00000000ec000000| PB 0x00000000ec000000| Untracked |  0
| 193|0x00000000ec100000, 0x00000000ec200000, 0x00000000ec200000|100%| O|  |TAMS 0x00000000ec100000| PB 0x00000000ec100000| Untracked |  0
| 194|0x00000000ec200000, 0x00000000ec300000, 0x00000000ec300000|100%| O|  |TAMS 0x00000000ec200000| PB 0x00000000ec200000| Untracked |  0
| 195|0x00000000ec300000, 0x00000000ec400000, 0x00000000ec400000|100%| O|Cm|TAMS 0x00000000ec300000| PB 0x00000000ec300000| Complete |  0
| 196|0x00000000ec400000, 0x00000000ec500000, 0x00000000ec500000|100%| O|Cm|TAMS 0x00000000ec400000| PB 0x00000000ec400000| Complete |  0
| 197|0x00000000ec500000, 0x00000000ec600000, 0x00000000ec600000|100%| O|  |TAMS 0x00000000ec500000| PB 0x00000000ec500000| Untracked |  0
| 198|0x00000000ec600000, 0x00000000ec700000, 0x00000000ec700000|100%| O|  |TAMS 0x00000000ec600000| PB 0x00000000ec600000| Untracked |  0
| 199|0x00000000ec700000, 0x00000000ec800000, 0x00000000ec800000|100%| O|  |TAMS 0x00000000ec700000| PB 0x00000000ec700000| Untracked |  0
| 200|0x00000000ec800000, 0x00000000ec900000, 0x00000000ec900000|100%| O|  |TAMS 0x00000000ec800000| PB 0x00000000ec800000| Untracked |  0
| 201|0x00000000ec900000, 0x00000000eca00000, 0x00000000eca00000|100%| O|  |TAMS 0x00000000ec900000| PB 0x00000000ec900000| Untracked |  0
| 202|0x00000000eca00000, 0x00000000ecb00000, 0x00000000ecb00000|100%| O|  |TAMS 0x00000000eca00000| PB 0x00000000eca00000| Untracked |  0
| 203|0x00000000ecb00000, 0x00000000ecc00000, 0x00000000ecc00000|100%| O|  |TAMS 0x00000000ecb00000| PB 0x00000000ecb00000| Untracked |  0
| 204|0x00000000ecc00000, 0x00000000ecd00000, 0x00000000ecd00000|100%| O|  |TAMS 0x00000000ecc00000| PB 0x00000000ecc00000| Untracked |  0
| 205|0x00000000ecd00000, 0x00000000ece00000, 0x00000000ece00000|100%| O|  |TAMS 0x00000000ecd00000| PB 0x00000000ecd00000| Untracked |  0
| 206|0x00000000ece00000, 0x00000000ecf00000, 0x00000000ecf00000|100%| O|  |TAMS 0x00000000ece00000| PB 0x00000000ece00000| Untracked |  0
| 207|0x00000000ecf00000, 0x00000000ed000000, 0x00000000ed000000|100%| O|  |TAMS 0x00000000ecf00000| PB 0x00000000ecf00000| Untracked |  0
| 208|0x00000000ed000000, 0x00000000ed100000, 0x00000000ed100000|100%| O|  |TAMS 0x00000000ed000000| PB 0x00000000ed000000| Untracked |  0
| 209|0x00000000ed100000, 0x00000000ed200000, 0x00000000ed200000|100%| O|  |TAMS 0x00000000ed100000| PB 0x00000000ed100000| Untracked |  0
| 210|0x00000000ed200000, 0x00000000ed300000, 0x00000000ed300000|100%| O|  |TAMS 0x00000000ed200000| PB 0x00000000ed200000| Untracked |  0
| 211|0x00000000ed300000, 0x00000000ed400000, 0x00000000ed400000|100%| O|  |TAMS 0x00000000ed300000| PB 0x00000000ed300000| Untracked |  0
| 212|0x00000000ed400000, 0x00000000ed500000, 0x00000000ed500000|100%| O|  |TAMS 0x00000000ed400000| PB 0x00000000ed400000| Untracked |  0
| 213|0x00000000ed500000, 0x00000000ed600000, 0x00000000ed600000|100%| O|  |TAMS 0x00000000ed500000| PB 0x00000000ed500000| Untracked |  0
| 214|0x00000000ed600000, 0x00000000ed700000, 0x00000000ed700000|100%| O|  |TAMS 0x00000000ed600000| PB 0x00000000ed600000| Untracked |  0
| 215|0x00000000ed700000, 0x00000000ed800000, 0x00000000ed800000|100%| O|Cm|TAMS 0x00000000ed700000| PB 0x00000000ed700000| Complete |  0
| 216|0x00000000ed800000, 0x00000000ed900000, 0x00000000ed900000|100%| O|  |TAMS 0x00000000ed800000| PB 0x00000000ed800000| Untracked |  0
| 217|0x00000000ed900000, 0x00000000eda00000, 0x00000000eda00000|100%| O|  |TAMS 0x00000000ed900000| PB 0x00000000ed900000| Untracked |  0
| 218|0x00000000eda00000, 0x00000000edb00000, 0x00000000edb00000|100%| O|  |TAMS 0x00000000eda00000| PB 0x00000000eda00000| Untracked |  0
| 219|0x00000000edb00000, 0x00000000edc00000, 0x00000000edc00000|100%| O|  |TAMS 0x00000000edb00000| PB 0x00000000edb00000| Untracked |  0
| 220|0x00000000edc00000, 0x00000000edd00000, 0x00000000edd00000|100%| O|  |TAMS 0x00000000edc00000| PB 0x00000000edc00000| Untracked |  0
| 221|0x00000000edd00000, 0x00000000ede00000, 0x00000000ede00000|100%| O|  |TAMS 0x00000000edd00000| PB 0x00000000edd00000| Untracked |  0
| 222|0x00000000ede00000, 0x00000000edf00000, 0x00000000edf00000|100%| O|  |TAMS 0x00000000ede00000| PB 0x00000000ede00000| Untracked |  0
| 223|0x00000000edf00000, 0x00000000ee000000, 0x00000000ee000000|100%| O|  |TAMS 0x00000000edf00000| PB 0x00000000edf00000| Untracked |  0
| 224|0x00000000ee000000, 0x00000000ee100000, 0x00000000ee100000|100%| O|  |TAMS 0x00000000ee000000| PB 0x00000000ee000000| Untracked |  0
| 225|0x00000000ee100000, 0x00000000ee200000, 0x00000000ee200000|100%| O|  |TAMS 0x00000000ee100000| PB 0x00000000ee100000| Untracked |  0
| 226|0x00000000ee200000, 0x00000000ee300000, 0x00000000ee300000|100%| O|  |TAMS 0x00000000ee200000| PB 0x00000000ee200000| Untracked |  0
| 227|0x00000000ee300000, 0x00000000ee400000, 0x00000000ee400000|100%| O|  |TAMS 0x00000000ee300000| PB 0x00000000ee300000| Untracked |  0
| 228|0x00000000ee400000, 0x00000000ee500000, 0x00000000ee500000|100%| O|  |TAMS 0x00000000ee400000| PB 0x00000000ee400000| Untracked |  0
| 229|0x00000000ee500000, 0x00000000ee600000, 0x00000000ee600000|100%| O|  |TAMS 0x00000000ee500000| PB 0x00000000ee500000| Untracked |  0
| 230|0x00000000ee600000, 0x00000000ee700000, 0x00000000ee700000|100%| O|  |TAMS 0x00000000ee600000| PB 0x00000000ee600000| Untracked |  0
| 231|0x00000000ee700000, 0x00000000ee800000, 0x00000000ee800000|100%| O|  |TAMS 0x00000000ee700000| PB 0x00000000ee700000| Untracked |  0
| 232|0x00000000ee800000, 0x00000000ee900000, 0x00000000ee900000|100%| O|  |TAMS 0x00000000ee800000| PB 0x00000000ee800000| Untracked |  0
| 233|0x00000000ee900000, 0x00000000eea00000, 0x00000000eea00000|100%| O|  |TAMS 0x00000000ee900000| PB 0x00000000ee900000| Untracked |  0
| 234|0x00000000eea00000, 0x00000000eeb00000, 0x00000000eeb00000|100%| O|  |TAMS 0x00000000eea00000| PB 0x00000000eea00000| Untracked |  0
| 235|0x00000000eeb00000, 0x00000000eec00000, 0x00000000eec00000|100%| O|  |TAMS 0x00000000eeb00000| PB 0x00000000eeb00000| Untracked |  0
| 236|0x00000000eec00000, 0x00000000eed00000, 0x00000000eed00000|100%| O|  |TAMS 0x00000000eec00000| PB 0x00000000eec00000| Untracked |  0
| 237|0x00000000eed00000, 0x00000000eee00000, 0x00000000eee00000|100%| O|  |TAMS 0x00000000eed00000| PB 0x00000000eed00000| Untracked |  0
| 238|0x00000000eee00000, 0x00000000eef00000, 0x00000000eef00000|100%| O|  |TAMS 0x00000000eee00000| PB 0x00000000eee00000| Untracked |  0
| 239|0x00000000eef00000, 0x00000000ef000000, 0x00000000ef000000|100%| O|  |TAMS 0x00000000eef00000| PB 0x00000000eef00000| Untracked |  0
| 240|0x00000000ef000000, 0x00000000ef100000, 0x00000000ef100000|100%| O|  |TAMS 0x00000000ef000000| PB 0x00000000ef000000| Untracked |  0
| 241|0x00000000ef100000, 0x00000000ef200000, 0x00000000ef200000|100%| O|  |TAMS 0x00000000ef100000| PB 0x00000000ef100000| Untracked |  0
| 242|0x00000000ef200000, 0x00000000ef300000, 0x00000000ef300000|100%| O|Cm|TAMS 0x00000000ef200000| PB 0x00000000ef200000| Complete |  0
| 243|0x00000000ef300000, 0x00000000ef400000, 0x00000000ef400000|100%| O|  |TAMS 0x00000000ef300000| PB 0x00000000ef300000| Untracked |  0
| 244|0x00000000ef400000, 0x00000000ef500000, 0x00000000ef500000|100%| O|  |TAMS 0x00000000ef400000| PB 0x00000000ef400000| Untracked |  0
| 245|0x00000000ef500000, 0x00000000ef600000, 0x00000000ef600000|100%| O|  |TAMS 0x00000000ef500000| PB 0x00000000ef500000| Untracked |  0
| 246|0x00000000ef600000, 0x00000000ef700000, 0x00000000ef700000|100%| O|  |TAMS 0x00000000ef600000| PB 0x00000000ef600000| Untracked |  0
| 247|0x00000000ef700000, 0x00000000ef800000, 0x00000000ef800000|100%| O|Cm|TAMS 0x00000000ef700000| PB 0x00000000ef700000| Complete |  0
| 248|0x00000000ef800000, 0x00000000ef900000, 0x00000000ef900000|100%| O|  |TAMS 0x00000000ef800000| PB 0x00000000ef800000| Untracked |  0
| 249|0x00000000ef900000, 0x00000000efa00000, 0x00000000efa00000|100%| O|  |TAMS 0x00000000ef900000| PB 0x00000000ef900000| Untracked |  0
| 250|0x00000000efa00000, 0x00000000efb00000, 0x00000000efb00000|100%| O|  |TAMS 0x00000000efa00000| PB 0x00000000efa00000| Untracked |  0
| 251|0x00000000efb00000, 0x00000000efc00000, 0x00000000efc00000|100%| O|  |TAMS 0x00000000efb00000| PB 0x00000000efb00000| Untracked |  0
| 252|0x00000000efc00000, 0x00000000efd00000, 0x00000000efd00000|100%| O|  |TAMS 0x00000000efc00000| PB 0x00000000efc00000| Untracked |  0
| 253|0x00000000efd00000, 0x00000000efe00000, 0x00000000efe00000|100%| O|  |TAMS 0x00000000efd00000| PB 0x00000000efd00000| Untracked |  0
| 254|0x00000000efe00000, 0x00000000eff00000, 0x00000000eff00000|100%| O|  |TAMS 0x00000000efe00000| PB 0x00000000efe00000| Untracked |  0
| 255|0x00000000eff00000, 0x00000000f0000000, 0x00000000f0000000|100%| O|  |TAMS 0x00000000eff00000| PB 0x00000000eff00000| Untracked |  0
| 256|0x00000000f0000000, 0x00000000f0100000, 0x00000000f0100000|100%| O|  |TAMS 0x00000000f0000000| PB 0x00000000f0000000| Untracked |  0
| 257|0x00000000f0100000, 0x00000000f0200000, 0x00000000f0200000|100%| O|  |TAMS 0x00000000f0100000| PB 0x00000000f0100000| Untracked |  0
| 258|0x00000000f0200000, 0x00000000f0300000, 0x00000000f0300000|100%| O|  |TAMS 0x00000000f0200000| PB 0x00000000f0200000| Untracked |  0
| 259|0x00000000f0300000, 0x00000000f0400000, 0x00000000f0400000|100%| O|  |TAMS 0x00000000f0300000| PB 0x00000000f0300000| Untracked |  0
| 260|0x00000000f0400000, 0x00000000f0500000, 0x00000000f0500000|100%| O|  |TAMS 0x00000000f0400000| PB 0x00000000f0400000| Untracked |  0
| 261|0x00000000f0500000, 0x00000000f0600000, 0x00000000f0600000|100%| O|  |TAMS 0x00000000f0500000| PB 0x00000000f0500000| Untracked |  0
| 262|0x00000000f0600000, 0x00000000f0700000, 0x00000000f0700000|100%| O|  |TAMS 0x00000000f0600000| PB 0x00000000f0600000| Untracked |  0
| 263|0x00000000f0700000, 0x00000000f0800000, 0x00000000f0800000|100%| O|  |TAMS 0x00000000f0700000| PB 0x00000000f0700000| Untracked |  0
| 264|0x00000000f0800000, 0x00000000f0900000, 0x00000000f0900000|100%| O|  |TAMS 0x00000000f0800000| PB 0x00000000f0800000| Untracked |  0
| 265|0x00000000f0900000, 0x00000000f0a00000, 0x00000000f0a00000|100%| O|  |TAMS 0x00000000f0900000| PB 0x00000000f0900000| Untracked |  0
| 266|0x00000000f0a00000, 0x00000000f0b00000, 0x00000000f0b00000|100%| O|  |TAMS 0x00000000f0a00000| PB 0x00000000f0a00000| Untracked |  0
| 267|0x00000000f0b00000, 0x00000000f0c00000, 0x00000000f0c00000|100%| O|  |TAMS 0x00000000f0b00000| PB 0x00000000f0b00000| Untracked |  0
| 268|0x00000000f0c00000, 0x00000000f0d00000, 0x00000000f0d00000|100%| O|  |TAMS 0x00000000f0c00000| PB 0x00000000f0c00000| Untracked |  0
| 269|0x00000000f0d00000, 0x00000000f0e00000, 0x00000000f0e00000|100%| O|  |TAMS 0x00000000f0d00000| PB 0x00000000f0d00000| Untracked |  0
| 270|0x00000000f0e00000, 0x00000000f0f00000, 0x00000000f0f00000|100%| O|  |TAMS 0x00000000f0e00000| PB 0x00000000f0e00000| Untracked |  0
| 271|0x00000000f0f00000, 0x00000000f1000000, 0x00000000f1000000|100%| O|  |TAMS 0x00000000f0f00000| PB 0x00000000f0f00000| Untracked |  0
| 272|0x00000000f1000000, 0x00000000f1100000, 0x00000000f1100000|100%| O|  |TAMS 0x00000000f1000000| PB 0x00000000f1000000| Untracked |  0
| 273|0x00000000f1100000, 0x00000000f1200000, 0x00000000f1200000|100%| O|  |TAMS 0x00000000f1100000| PB 0x00000000f1100000| Untracked |  0
| 274|0x00000000f1200000, 0x00000000f1300000, 0x00000000f1300000|100%| O|  |TAMS 0x00000000f1200000| PB 0x00000000f1200000| Untracked |  0
| 275|0x00000000f1300000, 0x00000000f1400000, 0x00000000f1400000|100%| O|  |TAMS 0x00000000f1300000| PB 0x00000000f1300000| Untracked |  0
| 276|0x00000000f1400000, 0x00000000f1500000, 0x00000000f1500000|100%| O|  |TAMS 0x00000000f1400000| PB 0x00000000f1400000| Untracked |  0
| 277|0x00000000f1500000, 0x00000000f15e1240, 0x00000000f1600000| 87%| O|  |TAMS 0x00000000f1500000| PB 0x00000000f1500000| Untracked |  0
| 278|0x00000000f1600000, 0x00000000f1600000, 0x00000000f1700000|  0%| F|  |TAMS 0x00000000f1600000| PB 0x00000000f1600000| Untracked |  0
| 279|0x00000000f1700000, 0x00000000f1700000, 0x00000000f1800000|  0%| F|  |TAMS 0x00000000f1700000| PB 0x00000000f1700000| Untracked |  0
| 280|0x00000000f1800000, 0x00000000f1800000, 0x00000000f1900000|  0%| F|  |TAMS 0x00000000f1800000| PB 0x00000000f1800000| Untracked |  0
| 281|0x00000000f1900000, 0x00000000f1900000, 0x00000000f1a00000|  0%| F|  |TAMS 0x00000000f1900000| PB 0x00000000f1900000| Untracked |  0
| 282|0x00000000f1a00000, 0x00000000f1b00000, 0x00000000f1b00000|100%| O|Cm|TAMS 0x00000000f1a00000| PB 0x00000000f1a00000| Complete |  0
| 283|0x00000000f1b00000, 0x00000000f1c00000, 0x00000000f1c00000|100%| O|Cm|TAMS 0x00000000f1b00000| PB 0x00000000f1b00000| Complete |  0
| 284|0x00000000f1c00000, 0x00000000f1c00000, 0x00000000f1d00000|  0%| F|  |TAMS 0x00000000f1c00000| PB 0x00000000f1c00000| Untracked |  0
| 285|0x00000000f1d00000, 0x00000000f1d00000, 0x00000000f1e00000|  0%| F|  |TAMS 0x00000000f1d00000| PB 0x00000000f1d00000| Untracked |  0
| 286|0x00000000f1e00000, 0x00000000f1e00000, 0x00000000f1f00000|  0%| F|  |TAMS 0x00000000f1e00000| PB 0x00000000f1e00000| Untracked |  0
| 287|0x00000000f1f00000, 0x00000000f1f00000, 0x00000000f2000000|  0%| F|  |TAMS 0x00000000f1f00000| PB 0x00000000f1f00000| Untracked |  0
| 288|0x00000000f2000000, 0x00000000f2000000, 0x00000000f2100000|  0%| F|  |TAMS 0x00000000f2000000| PB 0x00000000f2000000| Untracked |  0
| 289|0x00000000f2100000, 0x00000000f2100000, 0x00000000f2200000|  0%| F|  |TAMS 0x00000000f2100000| PB 0x00000000f2100000| Untracked |  0
| 290|0x00000000f2200000, 0x00000000f2200000, 0x00000000f2300000|  0%| F|  |TAMS 0x00000000f2200000| PB 0x00000000f2200000| Untracked |  0
| 291|0x00000000f2300000, 0x00000000f2300000, 0x00000000f2400000|  0%| F|  |TAMS 0x00000000f2300000| PB 0x00000000f2300000| Untracked |  0
| 292|0x00000000f2400000, 0x00000000f2400000, 0x00000000f2500000|  0%| F|  |TAMS 0x00000000f2400000| PB 0x00000000f2400000| Untracked |  0
| 293|0x00000000f2500000, 0x00000000f2500000, 0x00000000f2600000|  0%| F|  |TAMS 0x00000000f2500000| PB 0x00000000f2500000| Untracked |  0
| 294|0x00000000f2600000, 0x00000000f2600000, 0x00000000f2700000|  0%| F|  |TAMS 0x00000000f2600000| PB 0x00000000f2600000| Untracked |  0
| 295|0x00000000f2700000, 0x00000000f2700000, 0x00000000f2800000|  0%| F|  |TAMS 0x00000000f2700000| PB 0x00000000f2700000| Untracked |  0
| 296|0x00000000f2800000, 0x00000000f2800000, 0x00000000f2900000|  0%| F|  |TAMS 0x00000000f2800000| PB 0x00000000f2800000| Untracked |  0
| 297|0x00000000f2900000, 0x00000000f2900000, 0x00000000f2a00000|  0%| F|  |TAMS 0x00000000f2900000| PB 0x00000000f2900000| Untracked |  0
| 298|0x00000000f2a00000, 0x00000000f2a00000, 0x00000000f2b00000|  0%| F|  |TAMS 0x00000000f2a00000| PB 0x00000000f2a00000| Untracked |  0
| 299|0x00000000f2b00000, 0x00000000f2b00000, 0x00000000f2c00000|  0%| F|  |TAMS 0x00000000f2b00000| PB 0x00000000f2b00000| Untracked |  0
| 300|0x00000000f2c00000, 0x00000000f2c00000, 0x00000000f2d00000|  0%| F|  |TAMS 0x00000000f2c00000| PB 0x00000000f2c00000| Untracked |  0
| 301|0x00000000f2d00000, 0x00000000f2d00000, 0x00000000f2e00000|  0%| F|  |TAMS 0x00000000f2d00000| PB 0x00000000f2d00000| Untracked |  0
| 302|0x00000000f2e00000, 0x00000000f2e00000, 0x00000000f2f00000|  0%| F|  |TAMS 0x00000000f2e00000| PB 0x00000000f2e00000| Untracked |  0
| 303|0x00000000f2f00000, 0x00000000f2f00000, 0x00000000f3000000|  0%| F|  |TAMS 0x00000000f2f00000| PB 0x00000000f2f00000| Untracked |  0
| 304|0x00000000f3000000, 0x00000000f3000000, 0x00000000f3100000|  0%| F|  |TAMS 0x00000000f3000000| PB 0x00000000f3000000| Untracked |  0
| 305|0x00000000f3100000, 0x00000000f3100000, 0x00000000f3200000|  0%| F|  |TAMS 0x00000000f3100000| PB 0x00000000f3100000| Untracked |  0
| 306|0x00000000f3200000, 0x00000000f3200000, 0x00000000f3300000|  0%| F|  |TAMS 0x00000000f3200000| PB 0x00000000f3200000| Untracked |  0
| 307|0x00000000f3300000, 0x00000000f3300000, 0x00000000f3400000|  0%| F|  |TAMS 0x00000000f3300000| PB 0x00000000f3300000| Untracked |  0
| 308|0x00000000f3400000, 0x00000000f3400000, 0x00000000f3500000|  0%| F|  |TAMS 0x00000000f3400000| PB 0x00000000f3400000| Untracked |  0
| 309|0x00000000f3500000, 0x00000000f3500000, 0x00000000f3600000|  0%| F|  |TAMS 0x00000000f3500000| PB 0x00000000f3500000| Untracked |  0
| 310|0x00000000f3600000, 0x00000000f3600000, 0x00000000f3700000|  0%| F|  |TAMS 0x00000000f3600000| PB 0x00000000f3600000| Untracked |  0
| 311|0x00000000f3700000, 0x00000000f3700000, 0x00000000f3800000|  0%| F|  |TAMS 0x00000000f3700000| PB 0x00000000f3700000| Untracked |  0
| 312|0x00000000f3800000, 0x00000000f3800000, 0x00000000f3900000|  0%| F|  |TAMS 0x00000000f3800000| PB 0x00000000f3800000| Untracked |  0
| 313|0x00000000f3900000, 0x00000000f3900000, 0x00000000f3a00000|  0%| F|  |TAMS 0x00000000f3900000| PB 0x00000000f3900000| Untracked |  0
| 314|0x00000000f3a00000, 0x00000000f3a00000, 0x00000000f3b00000|  0%| F|  |TAMS 0x00000000f3a00000| PB 0x00000000f3a00000| Untracked |  0
| 315|0x00000000f3b00000, 0x00000000f3b00000, 0x00000000f3c00000|  0%| F|  |TAMS 0x00000000f3b00000| PB 0x00000000f3b00000| Untracked |  0
| 316|0x00000000f3c00000, 0x00000000f3c00000, 0x00000000f3d00000|  0%| F|  |TAMS 0x00000000f3c00000| PB 0x00000000f3c00000| Untracked |  0
| 317|0x00000000f3d00000, 0x00000000f3d00000, 0x00000000f3e00000|  0%| F|  |TAMS 0x00000000f3d00000| PB 0x00000000f3d00000| Untracked |  0
| 318|0x00000000f3e00000, 0x00000000f3e00000, 0x00000000f3f00000|  0%| F|  |TAMS 0x00000000f3e00000| PB 0x00000000f3e00000| Untracked |  0
| 319|0x00000000f3f00000, 0x00000000f3f00000, 0x00000000f4000000|  0%| F|  |TAMS 0x00000000f3f00000| PB 0x00000000f3f00000| Untracked |  0
| 320|0x00000000f4000000, 0x00000000f4000000, 0x00000000f4100000|  0%| F|  |TAMS 0x00000000f4000000| PB 0x00000000f4000000| Untracked |  0
| 321|0x00000000f4100000, 0x00000000f4100000, 0x00000000f4200000|  0%| F|  |TAMS 0x00000000f4100000| PB 0x00000000f4100000| Untracked |  0
| 322|0x00000000f4200000, 0x00000000f4200000, 0x00000000f4300000|  0%| F|  |TAMS 0x00000000f4200000| PB 0x00000000f4200000| Untracked |  0
| 323|0x00000000f4300000, 0x00000000f4300000, 0x00000000f4400000|  0%| F|  |TAMS 0x00000000f4300000| PB 0x00000000f4300000| Untracked |  0
| 324|0x00000000f4400000, 0x00000000f4400000, 0x00000000f4500000|  0%| F|  |TAMS 0x00000000f4400000| PB 0x00000000f4400000| Untracked |  0
| 325|0x00000000f4500000, 0x00000000f4500000, 0x00000000f4600000|  0%| F|  |TAMS 0x00000000f4500000| PB 0x00000000f4500000| Untracked |  0
| 326|0x00000000f4600000, 0x00000000f4600000, 0x00000000f4700000|  0%| F|  |TAMS 0x00000000f4600000| PB 0x00000000f4600000| Untracked |  0
| 327|0x00000000f4700000, 0x00000000f4700000, 0x00000000f4800000|  0%| F|  |TAMS 0x00000000f4700000| PB 0x00000000f4700000| Untracked |  0
| 328|0x00000000f4800000, 0x00000000f4800000, 0x00000000f4900000|  0%| F|  |TAMS 0x00000000f4800000| PB 0x00000000f4800000| Untracked |  0
| 329|0x00000000f4900000, 0x00000000f4900000, 0x00000000f4a00000|  0%| F|  |TAMS 0x00000000f4900000| PB 0x00000000f4900000| Untracked |  0
| 330|0x00000000f4a00000, 0x00000000f4a00000, 0x00000000f4b00000|  0%| F|  |TAMS 0x00000000f4a00000| PB 0x00000000f4a00000| Untracked |  0
| 331|0x00000000f4b00000, 0x00000000f4b00000, 0x00000000f4c00000|  0%| F|  |TAMS 0x00000000f4b00000| PB 0x00000000f4b00000| Untracked |  0
| 332|0x00000000f4c00000, 0x00000000f4c00000, 0x00000000f4d00000|  0%| F|  |TAMS 0x00000000f4c00000| PB 0x00000000f4c00000| Untracked |  0
| 333|0x00000000f4d00000, 0x00000000f4d00000, 0x00000000f4e00000|  0%| F|  |TAMS 0x00000000f4d00000| PB 0x00000000f4d00000| Untracked |  0
| 334|0x00000000f4e00000, 0x00000000f4e00000, 0x00000000f4f00000|  0%| F|  |TAMS 0x00000000f4e00000| PB 0x00000000f4e00000| Untracked |  0
| 335|0x00000000f4f00000, 0x00000000f4f00000, 0x00000000f5000000|  0%| F|  |TAMS 0x00000000f4f00000| PB 0x00000000f4f00000| Untracked |  0
| 336|0x00000000f5000000, 0x00000000f5000000, 0x00000000f5100000|  0%| F|  |TAMS 0x00000000f5000000| PB 0x00000000f5000000| Untracked |  0
| 337|0x00000000f5100000, 0x00000000f5100000, 0x00000000f5200000|  0%| F|  |TAMS 0x00000000f5100000| PB 0x00000000f5100000| Untracked |  0
| 338|0x00000000f5200000, 0x00000000f5200000, 0x00000000f5300000|  0%| F|  |TAMS 0x00000000f5200000| PB 0x00000000f5200000| Untracked |  0
| 339|0x00000000f5300000, 0x00000000f5300000, 0x00000000f5400000|  0%| F|  |TAMS 0x00000000f5300000| PB 0x00000000f5300000| Untracked |  0
| 340|0x00000000f5400000, 0x00000000f5400000, 0x00000000f5500000|  0%| F|  |TAMS 0x00000000f5400000| PB 0x00000000f5400000| Untracked |  0
| 341|0x00000000f5500000, 0x00000000f5500000, 0x00000000f5600000|  0%| F|  |TAMS 0x00000000f5500000| PB 0x00000000f5500000| Untracked |  0
| 342|0x00000000f5600000, 0x00000000f5600000, 0x00000000f5700000|  0%| F|  |TAMS 0x00000000f5600000| PB 0x00000000f5600000| Untracked |  0
| 343|0x00000000f5700000, 0x00000000f5700000, 0x00000000f5800000|  0%| F|  |TAMS 0x00000000f5700000| PB 0x00000000f5700000| Untracked |  0
| 344|0x00000000f5800000, 0x00000000f5800000, 0x00000000f5900000|  0%| F|  |TAMS 0x00000000f5800000| PB 0x00000000f5800000| Untracked |  0
| 345|0x00000000f5900000, 0x00000000f5900000, 0x00000000f5a00000|  0%| F|  |TAMS 0x00000000f5900000| PB 0x00000000f5900000| Untracked |  0
| 346|0x00000000f5a00000, 0x00000000f5a00000, 0x00000000f5b00000|  0%| F|  |TAMS 0x00000000f5a00000| PB 0x00000000f5a00000| Untracked |  0
| 347|0x00000000f5b00000, 0x00000000f5b00000, 0x00000000f5c00000|  0%| F|  |TAMS 0x00000000f5b00000| PB 0x00000000f5b00000| Untracked |  0
| 348|0x00000000f5c00000, 0x00000000f5c00000, 0x00000000f5d00000|  0%| F|  |TAMS 0x00000000f5c00000| PB 0x00000000f5c00000| Untracked |  0
| 349|0x00000000f5d00000, 0x00000000f5d00000, 0x00000000f5e00000|  0%| F|  |TAMS 0x00000000f5d00000| PB 0x00000000f5d00000| Untracked |  0
| 350|0x00000000f5e00000, 0x00000000f5e00000, 0x00000000f5f00000|  0%| F|  |TAMS 0x00000000f5e00000| PB 0x00000000f5e00000| Untracked |  0
| 351|0x00000000f5f00000, 0x00000000f5f00000, 0x00000000f6000000|  0%| F|  |TAMS 0x00000000f5f00000| PB 0x00000000f5f00000| Untracked |  0
| 352|0x00000000f6000000, 0x00000000f6000000, 0x00000000f6100000|  0%| F|  |TAMS 0x00000000f6000000| PB 0x00000000f6000000| Untracked |  0
| 353|0x00000000f6100000, 0x00000000f6100000, 0x00000000f6200000|  0%| F|  |TAMS 0x00000000f6100000| PB 0x00000000f6100000| Untracked |  0
| 354|0x00000000f6200000, 0x00000000f6200000, 0x00000000f6300000|  0%| F|  |TAMS 0x00000000f6200000| PB 0x00000000f6200000| Untracked |  0
| 355|0x00000000f6300000, 0x00000000f6300000, 0x00000000f6400000|  0%| F|  |TAMS 0x00000000f6300000| PB 0x00000000f6300000| Untracked |  0
| 356|0x00000000f6400000, 0x00000000f6400000, 0x00000000f6500000|  0%| F|  |TAMS 0x00000000f6400000| PB 0x00000000f6400000| Untracked |  0
| 357|0x00000000f6500000, 0x00000000f6500000, 0x00000000f6600000|  0%| F|  |TAMS 0x00000000f6500000| PB 0x00000000f6500000| Untracked |  0
| 358|0x00000000f6600000, 0x00000000f6600000, 0x00000000f6700000|  0%| F|  |TAMS 0x00000000f6600000| PB 0x00000000f6600000| Untracked |  0
| 359|0x00000000f6700000, 0x00000000f6700000, 0x00000000f6800000|  0%| F|  |TAMS 0x00000000f6700000| PB 0x00000000f6700000| Untracked |  0
| 360|0x00000000f6800000, 0x00000000f6800000, 0x00000000f6900000|  0%| F|  |TAMS 0x00000000f6800000| PB 0x00000000f6800000| Untracked |  0
| 361|0x00000000f6900000, 0x00000000f6900000, 0x00000000f6a00000|  0%| F|  |TAMS 0x00000000f6900000| PB 0x00000000f6900000| Untracked |  0
| 362|0x00000000f6a00000, 0x00000000f6a00000, 0x00000000f6b00000|  0%| F|  |TAMS 0x00000000f6a00000| PB 0x00000000f6a00000| Untracked |  0
| 363|0x00000000f6b00000, 0x00000000f6b00000, 0x00000000f6c00000|  0%| F|  |TAMS 0x00000000f6b00000| PB 0x00000000f6b00000| Untracked |  0
| 364|0x00000000f6c00000, 0x00000000f6c00000, 0x00000000f6d00000|  0%| F|  |TAMS 0x00000000f6c00000| PB 0x00000000f6c00000| Untracked |  0
| 365|0x00000000f6d00000, 0x00000000f6d00000, 0x00000000f6e00000|  0%| F|  |TAMS 0x00000000f6d00000| PB 0x00000000f6d00000| Untracked |  0
| 366|0x00000000f6e00000, 0x00000000f6e00000, 0x00000000f6f00000|  0%| F|  |TAMS 0x00000000f6e00000| PB 0x00000000f6e00000| Untracked |  0
| 367|0x00000000f6f00000, 0x00000000f6f00000, 0x00000000f7000000|  0%| F|  |TAMS 0x00000000f6f00000| PB 0x00000000f6f00000| Untracked |  0
| 368|0x00000000f7000000, 0x00000000f7000000, 0x00000000f7100000|  0%| F|  |TAMS 0x00000000f7000000| PB 0x00000000f7000000| Untracked |  0
| 369|0x00000000f7100000, 0x00000000f7100000, 0x00000000f7200000|  0%| F|  |TAMS 0x00000000f7100000| PB 0x00000000f7100000| Untracked |  0
| 370|0x00000000f7200000, 0x00000000f7200000, 0x00000000f7300000|  0%| F|  |TAMS 0x00000000f7200000| PB 0x00000000f7200000| Untracked |  0
| 371|0x00000000f7300000, 0x00000000f735aa58, 0x00000000f7400000| 35%| E|  |TAMS 0x00000000f7300000| PB 0x00000000f7300000| Complete |  0
| 372|0x00000000f7400000, 0x00000000f7500000, 0x00000000f7500000|100%| E|CS|TAMS 0x00000000f7400000| PB 0x00000000f7400000| Complete |  0
| 373|0x00000000f7500000, 0x00000000f7600000, 0x00000000f7600000|100%| E|CS|TAMS 0x00000000f7500000| PB 0x00000000f7500000| Complete |  0
| 374|0x00000000f7600000, 0x00000000f7700000, 0x00000000f7700000|100%| E|CS|TAMS 0x00000000f7600000| PB 0x00000000f7600000| Complete |  0
| 375|0x00000000f7700000, 0x00000000f7800000, 0x00000000f7800000|100%| E|CS|TAMS 0x00000000f7700000| PB 0x00000000f7700000| Complete |  0
| 376|0x00000000f7800000, 0x00000000f7900000, 0x00000000f7900000|100%| E|CS|TAMS 0x00000000f7800000| PB 0x00000000f7800000| Complete |  0
| 377|0x00000000f7900000, 0x00000000f7a00000, 0x00000000f7a00000|100%| E|CS|TAMS 0x00000000f7900000| PB 0x00000000f7900000| Complete |  0
| 378|0x00000000f7a00000, 0x00000000f7b00000, 0x00000000f7b00000|100%| E|CS|TAMS 0x00000000f7a00000| PB 0x00000000f7a00000| Complete |  0
| 379|0x00000000f7b00000, 0x00000000f7c00000, 0x00000000f7c00000|100%| E|CS|TAMS 0x00000000f7b00000| PB 0x00000000f7b00000| Complete |  0
| 380|0x00000000f7c00000, 0x00000000f7d00000, 0x00000000f7d00000|100%| E|CS|TAMS 0x00000000f7c00000| PB 0x00000000f7c00000| Complete |  0
| 381|0x00000000f7d00000, 0x00000000f7e00000, 0x00000000f7e00000|100%| E|CS|TAMS 0x00000000f7d00000| PB 0x00000000f7d00000| Complete |  0
| 382|0x00000000f7e00000, 0x00000000f7f00000, 0x00000000f7f00000|100%| E|CS|TAMS 0x00000000f7e00000| PB 0x00000000f7e00000| Complete |  0
| 383|0x00000000f7f00000, 0x00000000f8000000, 0x00000000f8000000|100%| E|CS|TAMS 0x00000000f7f00000| PB 0x00000000f7f00000| Complete |  0
| 384|0x00000000f8000000, 0x00000000f8100000, 0x00000000f8100000|100%| E|CS|TAMS 0x00000000f8000000| PB 0x00000000f8000000| Complete |  0
| 385|0x00000000f8100000, 0x00000000f8200000, 0x00000000f8200000|100%| E|CS|TAMS 0x00000000f8100000| PB 0x00000000f8100000| Complete |  0
| 386|0x00000000f8200000, 0x00000000f8300000, 0x00000000f8300000|100%| E|CS|TAMS 0x00000000f8200000| PB 0x00000000f8200000| Complete |  0
| 387|0x00000000f8300000, 0x00000000f8400000, 0x00000000f8400000|100%| E|CS|TAMS 0x00000000f8300000| PB 0x00000000f8300000| Complete |  0
| 388|0x00000000f8400000, 0x00000000f8500000, 0x00000000f8500000|100%| E|CS|TAMS 0x00000000f8400000| PB 0x00000000f8400000| Complete |  0
| 389|0x00000000f8500000, 0x00000000f8600000, 0x00000000f8600000|100%| E|CS|TAMS 0x00000000f8500000| PB 0x00000000f8500000| Complete |  0
| 390|0x00000000f8600000, 0x00000000f8700000, 0x00000000f8700000|100%| E|CS|TAMS 0x00000000f8600000| PB 0x00000000f8600000| Complete |  0
| 391|0x00000000f8700000, 0x00000000f8800000, 0x00000000f8800000|100%| E|CS|TAMS 0x00000000f8700000| PB 0x00000000f8700000| Complete |  0
| 392|0x00000000f8800000, 0x00000000f8900000, 0x00000000f8900000|100%| E|  |TAMS 0x00000000f8800000| PB 0x00000000f8800000| Complete |  0
| 393|0x00000000f8900000, 0x00000000f8a00000, 0x00000000f8a00000|100%| E|CS|TAMS 0x00000000f8900000| PB 0x00000000f8900000| Complete |  0
| 394|0x00000000f8a00000, 0x00000000f8b00000, 0x00000000f8b00000|100%| E|CS|TAMS 0x00000000f8a00000| PB 0x00000000f8a00000| Complete |  0
| 395|0x00000000f8b00000, 0x00000000f8c00000, 0x00000000f8c00000|100%| E|CS|TAMS 0x00000000f8b00000| PB 0x00000000f8b00000| Complete |  0
| 396|0x00000000f8c00000, 0x00000000f8d00000, 0x00000000f8d00000|100%| E|CS|TAMS 0x00000000f8c00000| PB 0x00000000f8c00000| Complete |  0
| 397|0x00000000f8d00000, 0x00000000f8e00000, 0x00000000f8e00000|100%| E|CS|TAMS 0x00000000f8d00000| PB 0x00000000f8d00000| Complete |  0
| 398|0x00000000f8e00000, 0x00000000f8f00000, 0x00000000f8f00000|100%| E|CS|TAMS 0x00000000f8e00000| PB 0x00000000f8e00000| Complete |  0
| 399|0x00000000f8f00000, 0x00000000f9000000, 0x00000000f9000000|100%| E|CS|TAMS 0x00000000f8f00000| PB 0x00000000f8f00000| Complete |  0
| 400|0x00000000f9000000, 0x00000000f9100000, 0x00000000f9100000|100%| E|CS|TAMS 0x00000000f9000000| PB 0x00000000f9000000| Complete |  0
| 401|0x00000000f9100000, 0x00000000f9200000, 0x00000000f9200000|100%| E|CS|TAMS 0x00000000f9100000| PB 0x00000000f9100000| Complete |  0
| 402|0x00000000f9200000, 0x00000000f9300000, 0x00000000f9300000|100%| E|CS|TAMS 0x00000000f9200000| PB 0x00000000f9200000| Complete |  0
| 403|0x00000000f9300000, 0x00000000f9400000, 0x00000000f9400000|100%| E|CS|TAMS 0x00000000f9300000| PB 0x00000000f9300000| Complete |  0
| 404|0x00000000f9400000, 0x00000000f9500000, 0x00000000f9500000|100%| E|CS|TAMS 0x00000000f9400000| PB 0x00000000f9400000| Complete |  0
| 405|0x00000000f9500000, 0x00000000f9600000, 0x00000000f9600000|100%| E|CS|TAMS 0x00000000f9500000| PB 0x00000000f9500000| Complete |  0
| 406|0x00000000f9600000, 0x00000000f9700000, 0x00000000f9700000|100%| E|CS|TAMS 0x00000000f9600000| PB 0x00000000f9600000| Complete |  0
| 407|0x00000000f9700000, 0x00000000f9800000, 0x00000000f9800000|100%| E|CS|TAMS 0x00000000f9700000| PB 0x00000000f9700000| Complete |  0
| 408|0x00000000f9800000, 0x00000000f9900000, 0x00000000f9900000|100%| E|CS|TAMS 0x00000000f9800000| PB 0x00000000f9800000| Complete |  0
| 409|0x00000000f9900000, 0x00000000f9a00000, 0x00000000f9a00000|100%| E|CS|TAMS 0x00000000f9900000| PB 0x00000000f9900000| Complete |  0
| 410|0x00000000f9a00000, 0x00000000f9b00000, 0x00000000f9b00000|100%| E|CS|TAMS 0x00000000f9a00000| PB 0x00000000f9a00000| Complete |  0
| 411|0x00000000f9b00000, 0x00000000f9c00000, 0x00000000f9c00000|100%| E|CS|TAMS 0x00000000f9b00000| PB 0x00000000f9b00000| Complete |  0
| 412|0x00000000f9c00000, 0x00000000f9d00000, 0x00000000f9d00000|100%| E|CS|TAMS 0x00000000f9c00000| PB 0x00000000f9c00000| Complete |  0
| 413|0x00000000f9d00000, 0x00000000f9e00000, 0x00000000f9e00000|100%| E|CS|TAMS 0x00000000f9d00000| PB 0x00000000f9d00000| Complete |  0
| 414|0x00000000f9e00000, 0x00000000f9f00000, 0x00000000f9f00000|100%| E|CS|TAMS 0x00000000f9e00000| PB 0x00000000f9e00000| Complete |  0
| 415|0x00000000f9f00000, 0x00000000fa000000, 0x00000000fa000000|100%| E|CS|TAMS 0x00000000f9f00000| PB 0x00000000f9f00000| Complete |  0
| 416|0x00000000fa000000, 0x00000000fa100000, 0x00000000fa100000|100%| E|CS|TAMS 0x00000000fa000000| PB 0x00000000fa000000| Complete |  0
| 417|0x00000000fa100000, 0x00000000fa200000, 0x00000000fa200000|100%| E|CS|TAMS 0x00000000fa100000| PB 0x00000000fa100000| Complete |  0
| 418|0x00000000fa200000, 0x00000000fa300000, 0x00000000fa300000|100%| E|CS|TAMS 0x00000000fa200000| PB 0x00000000fa200000| Complete |  0
| 419|0x00000000fa300000, 0x00000000fa400000, 0x00000000fa400000|100%| E|CS|TAMS 0x00000000fa300000| PB 0x00000000fa300000| Complete |  0
| 420|0x00000000fa400000, 0x00000000fa500000, 0x00000000fa500000|100%| E|CS|TAMS 0x00000000fa400000| PB 0x00000000fa400000| Complete |  0
| 421|0x00000000fa500000, 0x00000000fa600000, 0x00000000fa600000|100%| E|CS|TAMS 0x00000000fa500000| PB 0x00000000fa500000| Complete |  0
| 422|0x00000000fa600000, 0x00000000fa700000, 0x00000000fa700000|100%| E|CS|TAMS 0x00000000fa600000| PB 0x00000000fa600000| Complete |  0
| 423|0x00000000fa700000, 0x00000000fa800000, 0x00000000fa800000|100%| E|CS|TAMS 0x00000000fa700000| PB 0x00000000fa700000| Complete |  0
| 424|0x00000000fa800000, 0x00000000fa900000, 0x00000000fa900000|100%| E|CS|TAMS 0x00000000fa800000| PB 0x00000000fa800000| Complete |  0
| 425|0x00000000fa900000, 0x00000000faa00000, 0x00000000faa00000|100%| E|CS|TAMS 0x00000000fa900000| PB 0x00000000fa900000| Complete |  0
| 426|0x00000000faa00000, 0x00000000fab00000, 0x00000000fab00000|100%| E|CS|TAMS 0x00000000faa00000| PB 0x00000000faa00000| Complete |  0
| 427|0x00000000fab00000, 0x00000000fac00000, 0x00000000fac00000|100%| E|CS|TAMS 0x00000000fab00000| PB 0x00000000fab00000| Complete |  0
| 428|0x00000000fac00000, 0x00000000fad00000, 0x00000000fad00000|100%| E|CS|TAMS 0x00000000fac00000| PB 0x00000000fac00000| Complete |  0
| 429|0x00000000fad00000, 0x00000000fae00000, 0x00000000fae00000|100%| E|CS|TAMS 0x00000000fad00000| PB 0x00000000fad00000| Complete |  0
| 430|0x00000000fae00000, 0x00000000faf00000, 0x00000000faf00000|100%| E|CS|TAMS 0x00000000fae00000| PB 0x00000000fae00000| Complete |  0
| 431|0x00000000faf00000, 0x00000000fb000000, 0x00000000fb000000|100%| E|CS|TAMS 0x00000000faf00000| PB 0x00000000faf00000| Complete |  0
| 432|0x00000000fb000000, 0x00000000fb100000, 0x00000000fb100000|100%| E|CS|TAMS 0x00000000fb000000| PB 0x00000000fb000000| Complete |  0
| 433|0x00000000fb100000, 0x00000000fb200000, 0x00000000fb200000|100%| E|CS|TAMS 0x00000000fb100000| PB 0x00000000fb100000| Complete |  0
| 434|0x00000000fb200000, 0x00000000fb297460, 0x00000000fb300000| 59%| S|CS|TAMS 0x00000000fb200000| PB 0x00000000fb200000| Complete |  0
| 435|0x00000000fb300000, 0x00000000fb400000, 0x00000000fb400000|100%| S|CS|TAMS 0x00000000fb300000| PB 0x00000000fb300000| Complete |  0
| 436|0x00000000fb400000, 0x00000000fb500000, 0x00000000fb500000|100%| S|CS|TAMS 0x00000000fb400000| PB 0x00000000fb400000| Complete |  0
| 437|0x00000000fb500000, 0x00000000fb600000, 0x00000000fb600000|100%| S|CS|TAMS 0x00000000fb500000| PB 0x00000000fb500000| Complete |  0
| 438|0x00000000fb600000, 0x00000000fb700000, 0x00000000fb700000|100%| S|CS|TAMS 0x00000000fb600000| PB 0x00000000fb600000| Complete |  0
| 439|0x00000000fb700000, 0x00000000fb800000, 0x00000000fb800000|100%| E|CS|TAMS 0x00000000fb700000| PB 0x00000000fb700000| Complete |  0
| 440|0x00000000fb800000, 0x00000000fb900000, 0x00000000fb900000|100%| E|CS|TAMS 0x00000000fb800000| PB 0x00000000fb800000| Complete |  0
| 441|0x00000000fb900000, 0x00000000fba00000, 0x00000000fba00000|100%| E|CS|TAMS 0x00000000fb900000| PB 0x00000000fb900000| Complete |  0
| 442|0x00000000fba00000, 0x00000000fbb00000, 0x00000000fbb00000|100%| E|CS|TAMS 0x00000000fba00000| PB 0x00000000fba00000| Complete |  0
| 443|0x00000000fbb00000, 0x00000000fbc00000, 0x00000000fbc00000|100%| E|CS|TAMS 0x00000000fbb00000| PB 0x00000000fbb00000| Complete |  0
| 444|0x00000000fbc00000, 0x00000000fbd00000, 0x00000000fbd00000|100%| E|CS|TAMS 0x00000000fbc00000| PB 0x00000000fbc00000| Complete |  0
| 445|0x00000000fbd00000, 0x00000000fbe00000, 0x00000000fbe00000|100%| E|CS|TAMS 0x00000000fbd00000| PB 0x00000000fbd00000| Complete |  0
| 446|0x00000000fbe00000, 0x00000000fbf00000, 0x00000000fbf00000|100%| E|CS|TAMS 0x00000000fbe00000| PB 0x00000000fbe00000| Complete |  0
| 447|0x00000000fbf00000, 0x00000000fc000000, 0x00000000fc000000|100%| E|CS|TAMS 0x00000000fbf00000| PB 0x00000000fbf00000| Complete |  0
| 448|0x00000000fc000000, 0x00000000fc100000, 0x00000000fc100000|100%| E|CS|TAMS 0x00000000fc000000| PB 0x00000000fc000000| Complete |  0
| 449|0x00000000fc100000, 0x00000000fc200000, 0x00000000fc200000|100%| E|CS|TAMS 0x00000000fc100000| PB 0x00000000fc100000| Complete |  0
| 450|0x00000000fc200000, 0x00000000fc300000, 0x00000000fc300000|100%| E|CS|TAMS 0x00000000fc200000| PB 0x00000000fc200000| Complete |  0
| 451|0x00000000fc300000, 0x00000000fc400000, 0x00000000fc400000|100%| E|CS|TAMS 0x00000000fc300000| PB 0x00000000fc300000| Complete |  0
| 452|0x00000000fc400000, 0x00000000fc500000, 0x00000000fc500000|100%| E|CS|TAMS 0x00000000fc400000| PB 0x00000000fc400000| Complete |  0
| 453|0x00000000fc500000, 0x00000000fc600000, 0x00000000fc600000|100%| E|CS|TAMS 0x00000000fc500000| PB 0x00000000fc500000| Complete |  0
| 454|0x00000000fc600000, 0x00000000fc700000, 0x00000000fc700000|100%| E|CS|TAMS 0x00000000fc600000| PB 0x00000000fc600000| Complete |  0
| 455|0x00000000fc700000, 0x00000000fc800000, 0x00000000fc800000|100%| E|CS|TAMS 0x00000000fc700000| PB 0x00000000fc700000| Complete |  0
| 456|0x00000000fc800000, 0x00000000fc900000, 0x00000000fc900000|100%| E|CS|TAMS 0x00000000fc800000| PB 0x00000000fc800000| Complete |  0
| 457|0x00000000fc900000, 0x00000000fca00000, 0x00000000fca00000|100%| E|CS|TAMS 0x00000000fc900000| PB 0x00000000fc900000| Complete |  0
| 458|0x00000000fca00000, 0x00000000fcb00000, 0x00000000fcb00000|100%| E|CS|TAMS 0x00000000fca00000| PB 0x00000000fca00000| Complete |  0
| 459|0x00000000fcb00000, 0x00000000fcc00000, 0x00000000fcc00000|100%| E|CS|TAMS 0x00000000fcb00000| PB 0x00000000fcb00000| Complete |  0
| 460|0x00000000fcc00000, 0x00000000fcd00000, 0x00000000fcd00000|100%| E|CS|TAMS 0x00000000fcc00000| PB 0x00000000fcc00000| Complete |  0
| 461|0x00000000fcd00000, 0x00000000fce00000, 0x00000000fce00000|100%| E|CS|TAMS 0x00000000fcd00000| PB 0x00000000fcd00000| Complete |  0
| 462|0x00000000fce00000, 0x00000000fcf00000, 0x00000000fcf00000|100%| E|CS|TAMS 0x00000000fce00000| PB 0x00000000fce00000| Complete |  0
| 463|0x00000000fcf00000, 0x00000000fd000000, 0x00000000fd000000|100%| E|CS|TAMS 0x00000000fcf00000| PB 0x00000000fcf00000| Complete |  0
| 464|0x00000000fd000000, 0x00000000fd100000, 0x00000000fd100000|100%| E|CS|TAMS 0x00000000fd000000| PB 0x00000000fd000000| Complete |  0
| 465|0x00000000fd100000, 0x00000000fd200000, 0x00000000fd200000|100%| E|CS|TAMS 0x00000000fd100000| PB 0x00000000fd100000| Complete |  0
| 466|0x00000000fd200000, 0x00000000fd300000, 0x00000000fd300000|100%| E|CS|TAMS 0x00000000fd200000| PB 0x00000000fd200000| Complete |  0
| 467|0x00000000fd300000, 0x00000000fd400000, 0x00000000fd400000|100%| E|CS|TAMS 0x00000000fd300000| PB 0x00000000fd300000| Complete |  0
| 468|0x00000000fd400000, 0x00000000fd500000, 0x00000000fd500000|100%| E|CS|TAMS 0x00000000fd400000| PB 0x00000000fd400000| Complete |  0
| 469|0x00000000fd500000, 0x00000000fd600000, 0x00000000fd600000|100%| E|CS|TAMS 0x00000000fd500000| PB 0x00000000fd500000| Complete |  0
| 470|0x00000000fd600000, 0x00000000fd700000, 0x00000000fd700000|100%| E|CS|TAMS 0x00000000fd600000| PB 0x00000000fd600000| Complete |  0
| 471|0x00000000fd700000, 0x00000000fd800000, 0x00000000fd800000|100%| E|CS|TAMS 0x00000000fd700000| PB 0x00000000fd700000| Complete |  0
| 472|0x00000000fd800000, 0x00000000fd900000, 0x00000000fd900000|100%| E|CS|TAMS 0x00000000fd800000| PB 0x00000000fd800000| Complete |  0
| 473|0x00000000fd900000, 0x00000000fda00000, 0x00000000fda00000|100%| E|CS|TAMS 0x00000000fd900000| PB 0x00000000fd900000| Complete |  0
| 474|0x00000000fda00000, 0x00000000fdb00000, 0x00000000fdb00000|100%| E|CS|TAMS 0x00000000fda00000| PB 0x00000000fda00000| Complete |  0
| 475|0x00000000fdb00000, 0x00000000fdc00000, 0x00000000fdc00000|100%| E|CS|TAMS 0x00000000fdb00000| PB 0x00000000fdb00000| Complete |  0
| 476|0x00000000fdc00000, 0x00000000fdd00000, 0x00000000fdd00000|100%| E|CS|TAMS 0x00000000fdc00000| PB 0x00000000fdc00000| Complete |  0
| 477|0x00000000fdd00000, 0x00000000fde00000, 0x00000000fde00000|100%| E|CS|TAMS 0x00000000fdd00000| PB 0x00000000fdd00000| Complete |  0
| 478|0x00000000fde00000, 0x00000000fdf00000, 0x00000000fdf00000|100%| E|CS|TAMS 0x00000000fde00000| PB 0x00000000fde00000| Complete |  0
| 479|0x00000000fdf00000, 0x00000000fe000000, 0x00000000fe000000|100%| E|CS|TAMS 0x00000000fdf00000| PB 0x00000000fdf00000| Complete |  0
| 480|0x00000000fe000000, 0x00000000fe100000, 0x00000000fe100000|100%| E|CS|TAMS 0x00000000fe000000| PB 0x00000000fe000000| Complete |  0
| 481|0x00000000fe100000, 0x00000000fe200000, 0x00000000fe200000|100%| E|CS|TAMS 0x00000000fe100000| PB 0x00000000fe100000| Complete |  0
| 482|0x00000000fe200000, 0x00000000fe300000, 0x00000000fe300000|100%| E|CS|TAMS 0x00000000fe200000| PB 0x00000000fe200000| Complete |  0
| 483|0x00000000fe300000, 0x00000000fe400000, 0x00000000fe400000|100%| O|  |TAMS 0x00000000fe300000| PB 0x00000000fe300000| Untracked |  0
| 484|0x00000000fe400000, 0x00000000fe500000, 0x00000000fe500000|100%| O|  |TAMS 0x00000000fe400000| PB 0x00000000fe400000| Untracked |  0
| 485|0x00000000fe500000, 0x00000000fe600000, 0x00000000fe600000|100%| O|  |TAMS 0x00000000fe500000| PB 0x00000000fe500000| Untracked |  0
| 486|0x00000000fe600000, 0x00000000fe700000, 0x00000000fe700000|100%| O|  |TAMS 0x00000000fe600000| PB 0x00000000fe600000| Untracked |  0
| 487|0x00000000fe700000, 0x00000000fe800000, 0x00000000fe800000|100%| O|  |TAMS 0x00000000fe700000| PB 0x00000000fe700000| Untracked |  0
| 488|0x00000000fe800000, 0x00000000fe900000, 0x00000000fe900000|100%| O|  |TAMS 0x00000000fe800000| PB 0x00000000fe800000| Untracked |  0
| 489|0x00000000fe900000, 0x00000000fea00000, 0x00000000fea00000|100%| O|  |TAMS 0x00000000fe900000| PB 0x00000000fe900000| Untracked |  0
| 490|0x00000000fea00000, 0x00000000feb00000, 0x00000000feb00000|100%| O|  |TAMS 0x00000000fea00000| PB 0x00000000fea00000| Untracked |  0
| 491|0x00000000feb00000, 0x00000000fec00000, 0x00000000fec00000|100%| O|  |TAMS 0x00000000feb00000| PB 0x00000000feb00000| Untracked |  0
| 492|0x00000000fec00000, 0x00000000fed00000, 0x00000000fed00000|100%| O|  |TAMS 0x00000000fec00000| PB 0x00000000fec00000| Untracked |  0
| 493|0x00000000fed00000, 0x00000000fee00000, 0x00000000fee00000|100%| O|  |TAMS 0x00000000fed00000| PB 0x00000000fed00000| Untracked |  0
| 494|0x00000000fee00000, 0x00000000fef00000, 0x00000000fef00000|100%| O|  |TAMS 0x00000000fee00000| PB 0x00000000fee00000| Untracked |  0
| 495|0x00000000fef00000, 0x00000000ff000000, 0x00000000ff000000|100%| O|  |TAMS 0x00000000fef00000| PB 0x00000000fef00000| Untracked |  0
| 496|0x00000000ff000000, 0x00000000ff100000, 0x00000000ff100000|100%| O|  |TAMS 0x00000000ff000000| PB 0x00000000ff000000| Untracked |  0
| 497|0x00000000ff100000, 0x00000000ff200000, 0x00000000ff200000|100%| O|  |TAMS 0x00000000ff100000| PB 0x00000000ff100000| Untracked |  0
| 498|0x00000000ff200000, 0x00000000ff300000, 0x00000000ff300000|100%| O|  |TAMS 0x00000000ff200000| PB 0x00000000ff200000| Untracked |  0
| 499|0x00000000ff300000, 0x00000000ff400000, 0x00000000ff400000|100%| O|  |TAMS 0x00000000ff300000| PB 0x00000000ff300000| Untracked |  0
| 500|0x00000000ff400000, 0x00000000ff500000, 0x00000000ff500000|100%| O|  |TAMS 0x00000000ff400000| PB 0x00000000ff400000| Untracked |  0
| 501|0x00000000ff500000, 0x00000000ff600000, 0x00000000ff600000|100%| O|  |TAMS 0x00000000ff500000| PB 0x00000000ff500000| Untracked |  0
| 502|0x00000000ff600000, 0x00000000ff700000, 0x00000000ff700000|100%| O|  |TAMS 0x00000000ff600000| PB 0x00000000ff600000| Untracked |  0
| 503|0x00000000ff700000, 0x00000000ff800000, 0x00000000ff800000|100%| O|  |TAMS 0x00000000ff700000| PB 0x00000000ff700000| Untracked |  0
| 504|0x00000000ff800000, 0x00000000ff900000, 0x00000000ff900000|100%| O|  |TAMS 0x00000000ff800000| PB 0x00000000ff800000| Untracked |  0
| 505|0x00000000ff900000, 0x00000000ffa00000, 0x00000000ffa00000|100%| E|CS|TAMS 0x00000000ff900000| PB 0x00000000ff900000| Complete |  0
| 506|0x00000000ffa00000, 0x00000000ffb00000, 0x00000000ffb00000|100%| O|  |TAMS 0x00000000ffa00000| PB 0x00000000ffa00000| Untracked |  0
| 507|0x00000000ffb00000, 0x00000000ffc00000, 0x00000000ffc00000|100%| O|  |TAMS 0x00000000ffb00000| PB 0x00000000ffb00000| Untracked |  0
| 508|0x00000000ffc00000, 0x00000000ffd00000, 0x00000000ffd00000|100%| O|  |TAMS 0x00000000ffc00000| PB 0x00000000ffc00000| Untracked |  0
| 509|0x00000000ffd00000, 0x00000000ffe00000, 0x00000000ffe00000|100%| O|  |TAMS 0x00000000ffd00000| PB 0x00000000ffd00000| Untracked |  0
| 510|0x00000000ffe00000, 0x00000000fff00000, 0x00000000fff00000|100%| O|  |TAMS 0x00000000ffe00000| PB 0x00000000ffe00000| Untracked |  0
| 511|0x00000000fff00000, 0x0000000100000000, 0x0000000100000000|100%| O|  |TAMS 0x00000000fff00000| PB 0x00000000fff00000| Untracked |  0

Card table byte_map: [0x00000272b0980000,0x00000272b0a80000] _byte_map_base: 0x00000272b0280000

Marking Bits: (CMBitMap*) 0x000002729b0f1b10
 Bits: [0x00000272b0a80000, 0x00000272b1280000)

Polling page: 0x000002729ae50000

Metaspace:
Metaspace        used 138997K, committed 141248K, reserved 458752K
 class space     used 20971K, committed 22016K, reserved 327680K

Usage:
  Non-class:    115.26 MB used.
      Class:     20.48 MB used.
       Both:    135.74 MB used.

Virtual space:
  Non-class space:      128.00 MB reserved,     116.44 MB ( 91%) committed,  2 nodes.
      Class space:      320.00 MB reserved,      21.50 MB (  7%) committed,  1 nodes.
             Both:      448.00 MB reserved,     137.94 MB ( 31%) committed. 

Chunk freelists:
   Non-Class:  11.11 MB
       Class:  10.55 MB
        Both:  21.66 MB

MaxMetaspaceSize: 384.00 MB
CompressedClassSpaceSize: 320.00 MB
Initial GC threshold: 21.00 MB
Current GC threshold: 229.50 MB
CDS: off
 - commit_granule_bytes: 65536.
 - commit_granule_words: 8192.
 - virtual_space_node_default_size: 8388608.
 - enlarge_chunks_in_place: 1.
UseCompressedClassPointers 1, UseCompactObjectHeaders 0
Narrow klass pointer bits 32, Max shift 3
Narrow klass base: 0x0000000000000000, Narrow klass shift: 0
Encoding Range: [0x0000000000000000 - 0x0000000100000000), (4294967296 bytes)
Klass Range:    [0x0000000044000000 - 0x0000000058000000), (335544320 bytes)
Klass ID Range:  [1140850688 - 1476395001) (335544313)
No protection zone.


Internal statistics:

num_allocs_failed_limit: 12.
num_arena_births: 4330.
num_arena_deaths: 58.
num_vsnodes_births: 3.
num_vsnodes_deaths: 0.
num_space_committed: 2206.
num_space_uncommitted: 0.
num_chunks_returned_to_freelist: 98.
num_chunks_taken_from_freelist: 9849.
num_chunk_merges: 46.
num_chunk_splits: 6716.
num_chunks_enlarged: 4592.
num_inconsistent_stats: 0.

CodeHeap 'non-profiled nmethods': size=118912Kb used=8162Kb max_used=8162Kb free=110749Kb
 bounds [0x00000272a7a10000, 0x00000272a8210000, 0x00000272aee30000]
CodeHeap 'profiled nmethods': size=118848Kb used=25077Kb max_used=25077Kb free=93770Kb
 bounds [0x000002729fe30000, 0x00000272a16f0000, 0x00000272a7240000]
CodeHeap 'non-nmethods': size=8000Kb used=4327Kb max_used=4557Kb free=3672Kb
 bounds [0x00000272a7240000, 0x00000272a76d0000, 0x00000272a7a10000]
CodeCache: size=245760Kb, used=37566Kb, max_used=37796Kb, free=208191Kb
 total_blobs=17750, nmethods=16816, adapters=831, full_count=0
Compilation: enabled, stopped_count=0, restarted_count=0

Compilation events (20 events):
Event: 6.247 Thread 0x00000272b9074e90 nmethod 19726 0x00000272a0050288 code [0x00000272a0050380, 0x00000272a0050640]
Event: 6.248 Thread 0x00000272b9074e90 19732       2       java.util.stream.SortedOps$AbstractRefSortingSink::<init> (11 bytes)
Event: 6.248 Thread 0x00000272b9070600 19731       2       java.util.stream.SortedOps$OfRef::opWrapSink (60 bytes)
Event: 6.248 Thread 0x00000272b906fdf0 nmethod 19695 0x00000272a004ff88 code [0x00000272a0050080, 0x00000272a0050248]
Event: 6.248 Thread 0x00000272ba4c7fe0 nmethod 19752 0x00000272a156f188 code [0x00000272a156f280, 0x00000272a156f488]
Event: 6.248 Thread 0x00000272b9074e90 nmethod 19732 0x00000272a156ed88 code [0x00000272a156ee80, 0x00000272a156f140]
Event: 6.248 Thread 0x00000272b9074e90 19735       2       java.util.stream.SortedOps$RefSortingSink::<init> (7 bytes)
Event: 6.248 Thread 0x00000272bcb77600 nmethod 19506 0x00000272a81ea908 code [0x00000272a81eaa00, 0x00000272a81eaea8]
Event: 6.248 Thread 0x00000272bcb77600 19563       4       com.android.tools.r8.internal.K5$$Lambda/0x00000000454f75c0::accept (8 bytes)
Event: 6.248 Thread 0x00000272ba4c7fe0 19720       2       com.android.tools.r8.internal.G00::next (26 bytes)
Event: 6.248 Thread 0x00000272ba4c7fe0 nmethod 19720 0x00000272a156ea08 code [0x00000272a156eb00, 0x00000272a156ed58]
Event: 6.248 Thread 0x00000272ba4c7fe0 19722       2       com.android.tools.r8.internal.J00::<init> (15 bytes)
Event: 6.248 Thread 0x00000272ba4c7fe0 nmethod 19722 0x00000272a004fc88 code [0x00000272a004fd80, 0x00000272a004fed0]
Event: 6.248 Thread 0x00000272ba4c7fe0 19723       2       com.android.tools.r8.ir.optimize.z$$Lambda/0x00000000454e5a68::test (8 bytes)
Event: 6.248 Thread 0x00000272b9070600 nmethod 19731 0x00000272a0775788 code [0x00000272a0775880, 0x00000272a0775f48]
Event: 6.248 Thread 0x00000272b906fdf0 19761       3       com.android.tools.r8.internal.N5::i (53 bytes)
Event: 6.248 Thread 0x00000272b9074e90 nmethod 19735 0x00000272a156e608 code [0x00000272a156e700, 0x00000272a156e9c8]
Event: 6.248 Thread 0x00000272b9074e90 19724       2       com.android.tools.r8.internal.L00::b (60 bytes)
Event: 6.248 Thread 0x00000272b9074e90 nmethod 19724 0x00000272a0775408 code [0x00000272a0775500, 0x00000272a0775730]
Event: 6.248 Thread 0x00000272b9074e90 19716       2       com.android.tools.r8.ir.optimize.z$$Lambda/0x00000000454df2f0::get (8 bytes)

GC Heap Usage History (20 events):
Event: 5.783 {heap Before GC invocations=27 (full 0):
 garbage-first heap   total reserved 524288K, committed 323584K, used 286080K [0x00000000e0000000, 0x0000000100000000)
  region size 1024K, 130 young (133120K), 19 survivors (19456K)
}
Event: 5.789 {heap After GC invocations=28 (full 0):
 garbage-first heap   total reserved 524288K, committed 329728K, used 196608K [0x00000000e0000000, 0x0000000100000000)
  region size 1024K, 17 young (17408K), 17 survivors (17408K)
}
Event: 5.858 {heap Before GC invocations=29 (full 0):
 garbage-first heap   total reserved 524288K, committed 329728K, used 290816K [0x00000000e0000000, 0x0000000100000000)
  region size 1024K, 110 young (112640K), 17 survivors (17408K)
}
Event: 5.863 {heap After GC invocations=30 (full 0):
 garbage-first heap   total reserved 524288K, committed 329728K, used 216237K [0x00000000e0000000, 0x0000000100000000)
  region size 1024K, 14 young (14336K), 14 survivors (14336K)
}
Event: 5.901 {heap Before GC invocations=30 (full 0):
 garbage-first heap   total reserved 524288K, committed 329728K, used 294061K [0x00000000e0000000, 0x0000000100000000)
  region size 1024K, 91 young (93184K), 14 survivors (14336K)
}
Event: 5.907 {heap After GC invocations=31 (full 0):
 garbage-first heap   total reserved 524288K, committed 329728K, used 233472K [0x00000000e0000000, 0x0000000100000000)
  region size 1024K, 12 young (12288K), 12 survivors (12288K)
}
Event: 5.953 {heap Before GC invocations=31 (full 0):
 garbage-first heap   total reserved 524288K, committed 329728K, used 297984K [0x00000000e0000000, 0x0000000100000000)
  region size 1024K, 76 young (77824K), 12 survivors (12288K)
}
Event: 5.957 {heap After GC invocations=32 (full 0):
 garbage-first heap   total reserved 524288K, committed 352256K, used 244722K [0x00000000e0000000, 0x0000000100000000)
  region size 1024K, 9 young (9216K), 9 survivors (9216K)
}
Event: 5.985 {heap Before GC invocations=32 (full 0):
 garbage-first heap   total reserved 524288K, committed 352256K, used 319474K [0x00000000e0000000, 0x0000000100000000)
  region size 1024K, 82 young (83968K), 9 survivors (9216K)
}
Event: 5.990 {heap After GC invocations=33 (full 0):
 garbage-first heap   total reserved 524288K, committed 352256K, used 261977K [0x00000000e0000000, 0x0000000100000000)
  region size 1024K, 11 young (11264K), 11 survivors (11264K)
}
Event: 6.023 {heap Before GC invocations=34 (full 0):
 garbage-first heap   total reserved 524288K, committed 437248K, used 321369K [0x00000000e0000000, 0x0000000100000000)
  region size 1024K, 70 young (71680K), 11 survivors (11264K)
}
Event: 6.027 {heap After GC invocations=35 (full 0):
 garbage-first heap   total reserved 524288K, committed 437248K, used 276716K [0x00000000e0000000, 0x0000000100000000)
  region size 1024K, 9 young (9216K), 9 survivors (9216K)
}
Event: 6.073 {heap Before GC invocations=35 (full 0):
 garbage-first heap   total reserved 524288K, committed 437248K, used 385260K [0x00000000e0000000, 0x0000000100000000)
  region size 1024K, 116 young (118784K), 9 survivors (9216K)
}
Event: 6.078 {heap After GC invocations=36 (full 0):
 garbage-first heap   total reserved 524288K, committed 437248K, used 299518K [0x00000000e0000000, 0x0000000100000000)
  region size 1024K, 15 young (15360K), 15 survivors (15360K)
}
Event: 6.134 {heap Before GC invocations=36 (full 0):
 garbage-first heap   total reserved 524288K, committed 437248K, used 391678K [0x00000000e0000000, 0x0000000100000000)
  region size 1024K, 106 young (108544K), 15 survivors (15360K)
}
Event: 6.139 {heap After GC invocations=37 (full 0):
 garbage-first heap   total reserved 524288K, committed 437248K, used 314128K [0x00000000e0000000, 0x0000000100000000)
  region size 1024K, 14 young (14336K), 14 survivors (14336K)
}
Event: 6.189 {heap Before GC invocations=37 (full 0):
 garbage-first heap   total reserved 524288K, committed 437248K, used 397072K [0x00000000e0000000, 0x0000000100000000)
  region size 1024K, 96 young (98304K), 14 survivors (14336K)
}
Event: 6.192 {heap After GC invocations=38 (full 0):
 garbage-first heap   total reserved 524288K, committed 437248K, used 319724K [0x00000000e0000000, 0x0000000100000000)
  region size 1024K, 5 young (5120K), 5 survivors (5120K)
}
Event: 6.239 {heap Before GC invocations=38 (full 0):
 garbage-first heap   total reserved 524288K, committed 437248K, used 401644K [0x00000000e0000000, 0x0000000100000000)
  region size 1024K, 86 young (88064K), 5 survivors (5120K)
}
Event: 6.241 {heap After GC invocations=39 (full 0):
 garbage-first heap   total reserved 524288K, committed 437248K, used 319364K [0x00000000e0000000, 0x0000000100000000)
  region size 1024K, 4 young (4096K), 4 survivors (4096K)
}

Metaspace Usage History (20 events):
Event: 5.783 {metaspace Before GC invocations=27 (full 0):
 Metaspace       used 126502K, committed 128704K, reserved 458752K
  class space    used 18683K, committed 19712K, reserved 327680K
}
Event: 5.789 {metaspace After GC invocations=28 (full 0):
 Metaspace       used 126502K, committed 128704K, reserved 458752K
  class space    used 18683K, committed 19712K, reserved 327680K
}
Event: 5.858 {metaspace Before GC invocations=29 (full 0):
 Metaspace       used 128539K, committed 130752K, reserved 458752K
  class space    used 19093K, committed 20160K, reserved 327680K
}
Event: 5.863 {metaspace After GC invocations=30 (full 0):
 Metaspace       used 128539K, committed 130752K, reserved 458752K
  class space    used 19093K, committed 20160K, reserved 327680K
}
Event: 5.901 {metaspace Before GC invocations=30 (full 0):
 Metaspace       used 129542K, committed 131776K, reserved 458752K
  class space    used 19240K, committed 20288K, reserved 327680K
}
Event: 5.907 {metaspace After GC invocations=31 (full 0):
 Metaspace       used 129542K, committed 131776K, reserved 458752K
  class space    used 19240K, committed 20288K, reserved 327680K
}
Event: 5.953 {metaspace Before GC invocations=31 (full 0):
 Metaspace       used 131950K, committed 134144K, reserved 458752K
  class space    used 19825K, committed 20864K, reserved 327680K
}
Event: 5.957 {metaspace After GC invocations=32 (full 0):
 Metaspace       used 131950K, committed 134144K, reserved 458752K
  class space    used 19825K, committed 20864K, reserved 327680K
}
Event: 5.985 {metaspace Before GC invocations=32 (full 0):
 Metaspace       used 132183K, committed 134400K, reserved 458752K
  class space    used 19873K, committed 20928K, reserved 327680K
}
Event: 5.990 {metaspace After GC invocations=33 (full 0):
 Metaspace       used 132183K, committed 134400K, reserved 458752K
  class space    used 19873K, committed 20928K, reserved 327680K
}
Event: 6.023 {metaspace Before GC invocations=34 (full 0):
 Metaspace       used 132642K, committed 134848K, reserved 458752K
  class space    used 19958K, committed 20992K, reserved 327680K
}
Event: 6.027 {metaspace After GC invocations=35 (full 0):
 Metaspace       used 132642K, committed 134848K, reserved 458752K
  class space    used 19958K, committed 20992K, reserved 327680K
}
Event: 6.073 {metaspace Before GC invocations=35 (full 0):
 Metaspace       used 134590K, committed 136768K, reserved 458752K
  class space    used 20356K, committed 21376K, reserved 327680K
}
Event: 6.078 {metaspace After GC invocations=36 (full 0):
 Metaspace       used 134590K, committed 136768K, reserved 458752K
  class space    used 20356K, committed 21376K, reserved 327680K
}
Event: 6.134 {metaspace Before GC invocations=36 (full 0):
 Metaspace       used 136908K, committed 139136K, reserved 458752K
  class space    used 20770K, committed 21824K, reserved 327680K
}
Event: 6.139 {metaspace After GC invocations=37 (full 0):
 Metaspace       used 136908K, committed 139136K, reserved 458752K
  class space    used 20770K, committed 21824K, reserved 327680K
}
Event: 6.189 {metaspace Before GC invocations=37 (full 0):
 Metaspace       used 138138K, committed 140288K, reserved 458752K
  class space    used 20930K, committed 21952K, reserved 327680K
}
Event: 6.192 {metaspace After GC invocations=38 (full 0):
 Metaspace       used 138138K, committed 140288K, reserved 458752K
  class space    used 20930K, committed 21952K, reserved 327680K
}
Event: 6.239 {metaspace Before GC invocations=38 (full 0):
 Metaspace       used 138659K, committed 140928K, reserved 458752K
  class space    used 20953K, committed 22016K, reserved 327680K
}
Event: 6.241 {metaspace After GC invocations=39 (full 0):
 Metaspace       used 138659K, committed 140928K, reserved 458752K
  class space    used 20953K, committed 22016K, reserved 327680K
}

Dll operation events (3 events):
Event: 0.004 Loaded shared library C:\Program Files\Android\Android Studio\jbr\bin\java.dll
Event: 0.007 Loaded shared library C:\Program Files\Android\Android Studio\jbr\bin\zip.dll
Event: 0.243 Loaded shared library C:\Program Files\Android\Android Studio\jbr\bin\verify.dll

Deoptimization events (20 events):
Event: 6.221 Thread 0x00000272c7547b30 Uncommon trap: trap_request=0xffffff66 fr.pc=0x00000272a81bb7c4 relative=0x0000000000000944
Event: 6.221 Thread 0x00000272c7547b30 Uncommon trap: reason=loop_limit_check action=maybe_recompile pc=0x00000272a81bb7c4 method=com.android.tools.r8.internal.RF.a()I @ 64 c2
Event: 6.221 Thread 0x00000272c7547b30 DEOPT PACKING pc=0x00000272a81bb7c4 sp=0x000000f7171f9fa0
Event: 6.221 Thread 0x00000272c7547b30 DEOPT UNPACKING pc=0x00000272a7358582 sp=0x000000f7171f9e70 mode 2
Event: 6.230 Thread 0x00000272c7546b90 Uncommon trap: trap_request=0xffffff45 fr.pc=0x00000272a81c6160 relative=0x00000000000002e0
Event: 6.230 Thread 0x00000272c7546b90 Uncommon trap: reason=unstable_if action=reinterpret pc=0x00000272a81c6160 method=com.android.tools.r8.internal.cB.indexOf(Ljava/lang/Object;)I @ 34 c2
Event: 6.230 Thread 0x00000272c7546b90 DEOPT PACKING pc=0x00000272a81c6160 sp=0x000000f7170fa620
Event: 6.231 Thread 0x00000272c7546b90 DEOPT UNPACKING pc=0x00000272a7358582 sp=0x000000f7170fa4e8 mode 2
Event: 6.231 Thread 0x00000272bf19ab10 Uncommon trap: trap_request=0xffffff66 fr.pc=0x00000272a81c77dc relative=0x000000000000095c
Event: 6.231 Thread 0x00000272bf19ab10 Uncommon trap: reason=loop_limit_check action=maybe_recompile pc=0x00000272a81c77dc method=com.android.tools.r8.internal.S.putAll(Ljava/util/Map;)V @ 31 c2
Event: 6.231 Thread 0x00000272bf19ab10 DEOPT PACKING pc=0x00000272a81c77dc sp=0x000000f717cf9450
Event: 6.231 Thread 0x00000272bf19ab10 DEOPT UNPACKING pc=0x00000272a7358582 sp=0x000000f717cf9420 mode 2
Event: 6.244 Thread 0x00000272c7541d70 Uncommon trap: trap_request=0xffffffde fr.pc=0x00000272a81e0b7c relative=0x0000000000001a5c
Event: 6.244 Thread 0x00000272c7541d70 Uncommon trap: reason=class_check action=maybe_recompile pc=0x00000272a81e0b7c method=com.android.tools.r8.internal.sr0.G()Z @ 43 c2
Event: 6.244 Thread 0x00000272c7541d70 DEOPT PACKING pc=0x00000272a81e0b7c sp=0x000000f716df96b0
Event: 6.244 Thread 0x00000272c7541d70 DEOPT UNPACKING pc=0x00000272a7358582 sp=0x000000f716df9680 mode 2
Event: 6.244 Thread 0x00000272c7541d70 Uncommon trap: trap_request=0xffffffde fr.pc=0x00000272a81e0b7c relative=0x0000000000001a5c
Event: 6.244 Thread 0x00000272c7541d70 Uncommon trap: reason=class_check action=maybe_recompile pc=0x00000272a81e0b7c method=com.android.tools.r8.internal.sr0.G()Z @ 43 c2
Event: 6.244 Thread 0x00000272c7541d70 DEOPT PACKING pc=0x00000272a81e0b7c sp=0x000000f716df99a0
Event: 6.244 Thread 0x00000272c7541d70 DEOPT UNPACKING pc=0x00000272a7358582 sp=0x000000f716df9970 mode 2

Classes loaded (20 events):
Event: 5.658 Loading class java/util/function/BooleanSupplier
Event: 5.658 Loading class java/util/function/BooleanSupplier done
Event: 5.774 Loading class java/util/concurrent/ConcurrentHashMap$TreeNode
Event: 5.774 Loading class java/util/concurrent/ConcurrentHashMap$TreeNode done
Event: 5.774 Loading class java/util/concurrent/ConcurrentHashMap$TreeBin
Event: 5.775 Loading class java/util/concurrent/ConcurrentHashMap$TreeBin done
Event: 6.069 Loading class java/util/IdentityHashMap$EntrySpliterator
Event: 6.069 Loading class java/util/IdentityHashMap$IdentityHashMapSpliterator
Event: 6.069 Loading class java/util/IdentityHashMap$IdentityHashMapSpliterator done
Event: 6.070 Loading class java/util/IdentityHashMap$EntrySpliterator done
Event: 6.083 Loading class java/util/SortedSet$1
Event: 6.083 Loading class java/util/SortedSet$1 done
Event: 6.087 Loading class java/util/PriorityQueue
Event: 6.087 Loading class java/util/PriorityQueue done
Event: 6.090 Loading class java/util/IdentityHashMap$ValueIterator
Event: 6.090 Loading class java/util/IdentityHashMap$ValueIterator done
Event: 6.118 Loading class java/util/AbstractList$SubList
Event: 6.118 Loading class java/util/AbstractList$SubList done
Event: 6.118 Loading class java/util/AbstractList$SubList$1
Event: 6.118 Loading class java/util/AbstractList$SubList$1 done

Classes unloaded (16 events):
Event: 6.001 Thread 0x00000272b45c0980 Unloading class 0x000000004535a800 'java/lang/invoke/LambdaForm$DMH+0x000000004535a800'
Event: 6.001 Thread 0x00000272b45c0980 Unloading class 0x000000004535a400 'java/lang/invoke/LambdaForm$DMH+0x000000004535a400'
Event: 6.001 Thread 0x00000272b45c0980 Unloading class 0x000000004535a000 'java/lang/invoke/LambdaForm$DMH+0x000000004535a000'
Event: 6.001 Thread 0x00000272b45c0980 Unloading class 0x0000000045359c00 'java/lang/invoke/LambdaForm$DMH+0x0000000045359c00'
Event: 6.001 Thread 0x00000272b45c0980 Unloading class 0x0000000045359400 'java/lang/invoke/LambdaForm$DMH+0x0000000045359400'
Event: 6.001 Thread 0x00000272b45c0980 Unloading class 0x0000000045358c00 'java/lang/invoke/LambdaForm$DMH+0x0000000045358c00'
Event: 6.001 Thread 0x00000272b45c0980 Unloading class 0x0000000045359000 'java/lang/invoke/LambdaForm$DMH+0x0000000045359000'
Event: 6.001 Thread 0x00000272b45c0980 Unloading class 0x0000000045358400 'java/lang/invoke/LambdaForm$DMH+0x0000000045358400'
Event: 6.001 Thread 0x00000272b45c0980 Unloading class 0x0000000045358800 'java/lang/invoke/LambdaForm$DMH+0x0000000045358800'
Event: 6.001 Thread 0x00000272b45c0980 Unloading class 0x0000000045359800 'java/lang/invoke/LambdaForm$DMH+0x0000000045359800'
Event: 6.001 Thread 0x00000272b45c0980 Unloading class 0x00000000452d1800 'java/lang/invoke/LambdaForm$DMH+0x00000000452d1800'
Event: 6.001 Thread 0x00000272b45c0980 Unloading class 0x00000000452d1000 'java/lang/invoke/LambdaForm$DMH+0x00000000452d1000'
Event: 6.001 Thread 0x00000272b45c0980 Unloading class 0x00000000452d0c00 'java/lang/invoke/LambdaForm$DMH+0x00000000452d0c00'
Event: 6.001 Thread 0x00000272b45c0980 Unloading class 0x00000000452d0800 'java/lang/invoke/LambdaForm$DMH+0x00000000452d0800'
Event: 6.001 Thread 0x00000272b45c0980 Unloading class 0x00000000452d0400 'java/lang/invoke/LambdaForm$DMH+0x00000000452d0400'
Event: 6.001 Thread 0x00000272b45c0980 Unloading class 0x00000000452d1400 'java/lang/invoke/LambdaForm$DMH+0x00000000452d1400'

Classes redefined (0 events):
No events

Internal exceptions (20 events):
Event: 6.020 Thread 0x00000272c754e0c0 Exception <a 'java/lang/IncompatibleClassChangeError'{0x00000000f787f260}: Found class java.lang.Object, but interface was expected> (0x00000000f787f260) 
thrown [s\src\hotspot\share\interpreter\linkResolver.cpp, line 882]
Event: 6.020 Thread 0x00000272bf19f160 Exception <a 'java/lang/IncompatibleClassChangeError'{0x00000000f7890820}: Found class java.lang.Object, but interface was expected> (0x00000000f7890820) 
thrown [s\src\hotspot\share\interpreter\linkResolver.cpp, line 882]
Event: 6.020 Thread 0x00000272c7547b30 Exception <a 'java/lang/IncompatibleClassChangeError'{0x00000000f789f0c8}: Found class java.lang.Object, but interface was expected> (0x00000000f789f0c8) 
thrown [s\src\hotspot\share\interpreter\linkResolver.cpp, line 882]
Event: 6.020 Thread 0x00000272c7546b90 Exception <a 'java/lang/IncompatibleClassChangeError'{0x00000000f78b33f0}: Found class java.lang.Object, but interface was expected> (0x00000000f78b33f0) 
thrown [s\src\hotspot\share\interpreter\linkResolver.cpp, line 882]
Event: 6.044 Thread 0x00000272bf19e1c0 Implicit null exception at 0x00000272a7ee83a8 to 0x00000272a7ee83f8
Event: 6.056 Thread 0x00000272c7546b90 Exception <a 'java/lang/NoSuchMethodError'{0x00000000f4a24c08}: 'void java.lang.invoke.DirectMethodHandle$Holder.invokeSpecial(java.lang.Object, java.lang.Object, int, java.lang.Object)'> (0x00000000f4a24c08) 
thrown [s\src\hotspot\share\interpreter\linkResolver.cpp, line 815]
Event: 6.056 Thread 0x00000272c754e0c0 Exception <a 'java/lang/NoSuchMethodError'{0x00000000f4a2fda8}: 'void java.lang.invoke.DirectMethodHandle$Holder.invokeSpecial(java.lang.Object, java.lang.Object, int, java.lang.Object)'> (0x00000000f4a2fda8) 
thrown [s\src\hotspot\share\interpreter\linkResolver.cpp, line 815]
Event: 6.056 Thread 0x00000272c7541d70 Exception <a 'java/lang/NoSuchMethodError'{0x00000000f4b35d98}: 'void java.lang.invoke.DirectMethodHandle$Holder.invokeSpecial(java.lang.Object, java.lang.Object, int, java.lang.Object)'> (0x00000000f4b35d98) 
thrown [s\src\hotspot\share\interpreter\linkResolver.cpp, line 815]
Event: 6.093 Thread 0x00000272bf197c30 Exception <a 'java/lang/NoSuchMethodError'{0x00000000f7335b70}: 'int java.lang.invoke.DirectMethodHandle$Holder.invokeSpecial(java.lang.Object, java.lang.Object, java.lang.Object, int, java.lang.Object)'> (0x00000000f7335b70) 
thrown [s\src\hotspot\share\interpreter\linkResolver.cpp, line 815]
Event: 6.093 Thread 0x00000272c754e0c0 Exception <a 'java/lang/NoSuchMethodError'{0x00000000f7161630}: 'int java.lang.invoke.DirectMethodHandle$Holder.invokeSpecial(java.lang.Object, java.lang.Object, java.lang.Object, int, java.lang.Object)'> (0x00000000f7161630) 
thrown [s\src\hotspot\share\interpreter\linkResolver.cpp, line 815]
Event: 6.093 Thread 0x00000272bf19ca50 Exception <a 'java/lang/NoSuchMethodError'{0x00000000f73f5da8}: 'int java.lang.invoke.DirectMethodHandle$Holder.invokeSpecial(java.lang.Object, java.lang.Object, java.lang.Object, int, java.lang.Object)'> (0x00000000f73f5da8) 
thrown [s\src\hotspot\share\interpreter\linkResolver.cpp, line 815]
Event: 6.093 Thread 0x00000272c7541d70 Exception <a 'java/lang/NoSuchMethodError'{0x00000000f7173140}: 'int java.lang.invoke.DirectMethodHandle$Holder.invokeSpecial(java.lang.Object, java.lang.Object, java.lang.Object, int, java.lang.Object)'> (0x00000000f7173140) 
thrown [s\src\hotspot\share\interpreter\linkResolver.cpp, line 815]
Event: 6.093 Thread 0x00000272c75463c0 Exception <a 'java/lang/NoSuchMethodError'{0x00000000f738d7f0}: 'int java.lang.invoke.DirectMethodHandle$Holder.invokeSpecial(java.lang.Object, java.lang.Object, java.lang.Object, int, java.lang.Object)'> (0x00000000f738d7f0) 
thrown [s\src\hotspot\share\interpreter\linkResolver.cpp, line 815]
Event: 6.093 Thread 0x00000272c7547b30 Exception <a 'java/lang/NoSuchMethodError'{0x00000000f711df70}: 'int java.lang.invoke.DirectMethodHandle$Holder.invokeSpecial(java.lang.Object, java.lang.Object, java.lang.Object, int, java.lang.Object)'> (0x00000000f711df70) 
thrown [s\src\hotspot\share\interpreter\linkResolver.cpp, line 815]
Event: 6.093 Thread 0x00000272bf19f160 Exception <a 'java/lang/NoSuchMethodError'{0x00000000f70d0780}: 'int java.lang.invoke.DirectMethodHandle$Holder.invokeSpecial(java.lang.Object, java.lang.Object, java.lang.Object, int, java.lang.Object)'> (0x00000000f70d0780) 
thrown [s\src\hotspot\share\interpreter\linkResolver.cpp, line 815]
Event: 6.093 Thread 0x00000272bf1964c0 Exception <a 'java/lang/NoSuchMethodError'{0x00000000f7206ee8}: 'int java.lang.invoke.DirectMethodHandle$Holder.invokeSpecial(java.lang.Object, java.lang.Object, java.lang.Object, int, java.lang.Object)'> (0x00000000f7206ee8) 
thrown [s\src\hotspot\share\interpreter\linkResolver.cpp, line 815]
Event: 6.093 Thread 0x00000272c7546b90 Exception <a 'java/lang/NoSuchMethodError'{0x00000000f71d7f88}: 'int java.lang.invoke.DirectMethodHandle$Holder.invokeSpecial(java.lang.Object, java.lang.Object, java.lang.Object, int, java.lang.Object)'> (0x00000000f71d7f88) 
thrown [s\src\hotspot\share\interpreter\linkResolver.cpp, line 815]
Event: 6.111 Thread 0x00000272c7546b90 Exception <a 'java/lang/NoSuchMethodError'{0x00000000f566e5d0}: 'java.lang.Object java.lang.invoke.DirectMethodHandle$Holder.invokeInterface(java.lang.Object, java.lang.Object, int)'> (0x00000000f566e5d0) 
thrown [s\src\hotspot\share\interpreter\linkResolver.cpp, line 815]
Event: 6.151 Thread 0x00000272bf197c30 Exception <a 'java/lang/NoSuchMethodError'{0x00000000f7e183f8}: 'void java.lang.invoke.DirectMethodHandle$Holder.invokeStatic(java.lang.Object, java.lang.Object, java.lang.Object, java.lang.Object, java.lang.Object, java.lang.Object, java.lang.Object)'> (0x00000000f7e183f8) 
thrown [s\src\hotspot\share\interpreter\linkResolver.cpp, line 815]
Event: 6.158 Thread 0x00000272bf19e1c0 Exception <a 'java/lang/IncompatibleClassChangeError'{0x00000000f7215980}: Found class java.lang.Object, but interface was expected> (0x00000000f7215980) 
thrown [s\src\hotspot\share\interpreter\linkResolver.cpp, line 882]

VM Operations (20 events):
Event: 6.108 Executing non-safepoint VM operation: HandshakeAllThreads (Deoptimize)
Event: 6.108 Executing non-safepoint VM operation: HandshakeAllThreads (Deoptimize) done
Event: 6.113 Executing non-safepoint VM operation: HandshakeAllThreads (Deoptimize)
Event: 6.114 Executing non-safepoint VM operation: HandshakeAllThreads (Deoptimize) done
Event: 6.118 Executing non-safepoint VM operation: HandshakeAllThreads (Deoptimize)
Event: 6.119 Executing non-safepoint VM operation: HandshakeAllThreads (Deoptimize) done
Event: 6.124 Executing non-safepoint VM operation: HandshakeAllThreads (Deoptimize)
Event: 6.124 Executing non-safepoint VM operation: HandshakeAllThreads (Deoptimize) done
Event: 6.134 Executing safepoint VM operation: G1CollectForAllocation (G1 Evacuation Pause)
Event: 6.139 Executing safepoint VM operation: G1CollectForAllocation (G1 Evacuation Pause) done
Event: 6.150 Executing non-safepoint VM operation: HandshakeAllThreads (Deoptimize)
Event: 6.151 Executing non-safepoint VM operation: HandshakeAllThreads (Deoptimize) done
Event: 6.164 Executing non-safepoint VM operation: HandshakeAllThreads (Deoptimize)
Event: 6.165 Executing non-safepoint VM operation: HandshakeAllThreads (Deoptimize) done
Event: 6.180 Executing non-safepoint VM operation: HandshakeAllThreads (Deoptimize)
Event: 6.181 Executing non-safepoint VM operation: HandshakeAllThreads (Deoptimize) done
Event: 6.189 Executing safepoint VM operation: G1CollectForAllocation (G1 Evacuation Pause)
Event: 6.192 Executing safepoint VM operation: G1CollectForAllocation (G1 Evacuation Pause) done
Event: 6.239 Executing safepoint VM operation: G1CollectForAllocation (G1 Evacuation Pause)
Event: 6.241 Executing safepoint VM operation: G1CollectForAllocation (G1 Evacuation Pause) done

Memory protections (0 events):
No events

Nmethod flushes (20 events):
Event: 6.009 Thread 0x00000272b45c0980 flushing  nmethod 0x00000272a08fb088
Event: 6.009 Thread 0x00000272b45c0980 flushing  nmethod 0x00000272a0908908
Event: 6.009 Thread 0x00000272b45c0980 flushing  nmethod 0x00000272a0ab1e08
Event: 6.009 Thread 0x00000272b45c0980 flushing  nmethod 0x00000272a0e78788
Event: 6.009 Thread 0x00000272b45c0980 flushing  nmethod 0x00000272a0e78e08
Event: 6.009 Thread 0x00000272b45c0980 flushing  nmethod 0x00000272a0e79888
Event: 6.009 Thread 0x00000272b45c0980 flushing  nmethod 0x00000272a0ed8608
Event: 6.009 Thread 0x00000272b45c0980 flushing  nmethod 0x00000272a0ed8908
Event: 6.009 Thread 0x00000272b45c0980 flushing  nmethod 0x00000272a0edbc88
Event: 6.009 Thread 0x00000272b45c0980 flushing  nmethod 0x00000272a0edc888
Event: 6.009 Thread 0x00000272b45c0980 flushing  nmethod 0x00000272a0eddb08
Event: 6.009 Thread 0x00000272b45c0980 flushing  nmethod 0x00000272a0ede488
Event: 6.009 Thread 0x00000272b45c0980 flushing  nmethod 0x00000272a0fac908
Event: 6.009 Thread 0x00000272b45c0980 flushing  nmethod 0x00000272a11b7b88
Event: 6.009 Thread 0x00000272b45c0980 flushing  nmethod 0x00000272a14e2b88
Event: 6.009 Thread 0x00000272b45c0980 flushing  nmethod 0x00000272a14e3808
Event: 6.009 Thread 0x00000272b45c0980 flushing  nmethod 0x00000272a14e4a88
Event: 6.009 Thread 0x00000272b45c0980 flushing  nmethod 0x00000272a14e5188
Event: 6.009 Thread 0x00000272b45c0980 flushing  nmethod 0x00000272a14e6108
Event: 6.009 Thread 0x00000272b45c0980 flushing  nmethod 0x00000272a14ed808

Events (20 events):
Event: 5.536 Thread 0x00000272c11b62d0 Thread added: 0x00000272bf195cf0
Event: 5.536 Thread 0x00000272c11b62d0 Thread added: 0x00000272bf1964c0
Event: 5.536 Thread 0x00000272c11b62d0 Thread added: 0x00000272bf1993a0
Event: 5.537 Thread 0x00000272c11b62d0 Thread added: 0x00000272bf19ab10
Event: 5.537 Thread 0x00000272c11b62d0 Thread added: 0x00000272bf197c30
Event: 5.537 Thread 0x00000272c11b62d0 Thread added: 0x00000272bf198bd0
Event: 5.537 Thread 0x00000272c11b62d0 Thread added: 0x00000272bf199b70
Event: 5.537 Thread 0x00000272c11b62d0 Thread added: 0x00000272bf19ca50
Event: 5.537 Thread 0x00000272c11b62d0 Thread added: 0x00000272bf19d220
Event: 5.537 Thread 0x00000272c11b62d0 Thread added: 0x00000272bf19e990
Event: 5.537 Thread 0x00000272c11b62d0 Thread added: 0x00000272bf19f930
Event: 5.537 Thread 0x00000272c11b62d0 Thread added: 0x00000272bf1a08d0
Event: 5.537 Thread 0x00000272c11b62d0 Thread added: 0x00000272bf19f160
Event: 5.537 Thread 0x00000272c11b62d0 Thread added: 0x00000272bf19e1c0
Event: 5.537 Thread 0x00000272c11b62d0 Thread added: 0x00000272bf1a56f0
Event: 5.537 Thread 0x00000272c11b62d0 Thread added: 0x00000272bf1a2810
Event: 5.537 Thread 0x00000272c11b62d0 Thread added: 0x00000272bf1a37b0
Event: 5.738 Thread 0x00000272ba4c7fe0 Thread added: 0x00000272bcb76df0
Event: 5.738 Thread 0x00000272ba4c7fe0 Thread added: 0x00000272bcb77600
Event: 5.738 Thread 0x00000272ba4c7fe0 Thread added: 0x00000272bcb78e30


Dynamic libraries:
0x00007ff6b9cd0000 - 0x00007ff6b9cda000 	C:\Program Files\Android\Android Studio\jbr\bin\java.exe
0x00007ff931a20000 - 0x00007ff931c86000 	C:\WINDOWS\SYSTEM32\ntdll.dll
0x00007ff9307a0000 - 0x00007ff930869000 	C:\WINDOWS\System32\KERNEL32.DLL
0x00007ff92f1e0000 - 0x00007ff92f5de000 	C:\WINDOWS\System32\KERNELBASE.dll
0x00007ff92f5f0000 - 0x00007ff92f73c000 	C:\WINDOWS\System32\ucrtbase.dll
0x00007ff8f0a80000 - 0x00007ff8f0a96000 	C:\Program Files\Android\Android Studio\jbr\bin\jli.dll
0x00007ff8a5380000 - 0x00007ff8a539b000 	C:\Program Files\Android\Android Studio\jbr\bin\VCRUNTIME140.dll
0x00007ff931100000 - 0x00007ff9312c7000 	C:\WINDOWS\System32\USER32.dll
0x00007ff92edc0000 - 0x00007ff92ede7000 	C:\WINDOWS\System32\win32u.dll
0x00007ff92ddd0000 - 0x00007ff92e062000 	C:\WINDOWS\WinSxS\amd64_microsoft.windows.common-controls_6595b64144ccf1df_6.0.26100.8875_none_3e0d5d42e32fe9dd\COMCTL32.dll
0x00007ff9306f0000 - 0x00007ff930799000 	C:\WINDOWS\System32\msvcrt.dll
0x00007ff9314d0000 - 0x00007ff9314fb000 	C:\WINDOWS\System32\GDI32.dll
0x00007ff92edf0000 - 0x00007ff92ef1a000 	C:\WINDOWS\System32\gdi32full.dll
0x00007ff92efb0000 - 0x00007ff92f053000 	C:\WINDOWS\System32\msvcp_win.dll
0x00007ff930040000 - 0x00007ff930072000 	C:\WINDOWS\System32\IMM32.DLL
0x00007ff8fc6e0000 - 0x00007ff8fc6ec000 	C:\Program Files\Android\Android Studio\jbr\bin\vcruntime140_1.dll
0x00007ff8a50b0000 - 0x00007ff8a513d000 	C:\Program Files\Android\Android Studio\jbr\bin\msvcp140.dll
0x00007ff8a53a0000 - 0x00007ff8a627a000 	C:\Program Files\Android\Android Studio\jbr\bin\server\jvm.dll
0x00007ff931040000 - 0x00007ff9310f7000 	C:\WINDOWS\System32\ADVAPI32.dll
0x00007ff9312d0000 - 0x00007ff93137a000 	C:\WINDOWS\System32\sechost.dll
0x00007ff931720000 - 0x00007ff931838000 	C:\WINDOWS\System32\RPCRT4.dll
0x00007ff930080000 - 0x00007ff930100000 	C:\WINDOWS\System32\WS2_32.dll
0x00007ff92eaa0000 - 0x00007ff92eafe000 	C:\WINDOWS\SYSTEM32\POWRPROF.dll
0x00007ff92cb10000 - 0x00007ff92cb1b000 	C:\WINDOWS\SYSTEM32\VERSION.dll
0x00007ff91ed20000 - 0x00007ff91ed56000 	C:\WINDOWS\SYSTEM32\WINMM.dll
0x00007ff92ea80000 - 0x00007ff92ea94000 	C:\WINDOWS\SYSTEM32\UMPDC.dll
0x00007ff92dc20000 - 0x00007ff92dc3b000 	C:\WINDOWS\SYSTEM32\kernel.appcore.dll
0x00007ff8f6140000 - 0x00007ff8f614a000 	C:\Program Files\Android\Android Studio\jbr\bin\jimage.dll
0x00007ff92e3d0000 - 0x00007ff92e612000 	C:\WINDOWS\SYSTEM32\DBGHELP.DLL
0x00007ff930870000 - 0x00007ff930bf3000 	C:\WINDOWS\System32\combase.dll
0x00007ff930180000 - 0x00007ff930259000 	C:\WINDOWS\System32\OLEAUT32.dll
0x00007ff92e280000 - 0x00007ff92e2bb000 	C:\WINDOWS\SYSTEM32\dbgcore.DLL
0x00007ff92f060000 - 0x00007ff92f10c000 	C:\WINDOWS\System32\bcryptPrimitives.dll
0x00007ff928900000 - 0x00007ff92890e000 	C:\Program Files\Android\Android Studio\jbr\bin\instrument.dll
0x00007ff8a5360000 - 0x00007ff8a537f000 	C:\Program Files\Android\Android Studio\jbr\bin\java.dll
0x00007ff931840000 - 0x00007ff9319d9000 	C:\WINDOWS\System32\ole32.dll
0x00007ff92f8a0000 - 0x00007ff930032000 	C:\WINDOWS\System32\SHELL32.dll
0x00007ff8a5340000 - 0x00007ff8a5357000 	C:\Program Files\Android\Android Studio\jbr\bin\zip.dll
0x00007ff92b6a0000 - 0x00007ff92bf32000 	C:\WINDOWS\SYSTEM32\windows.storage.dll
0x00007ff92f760000 - 0x00007ff92f857000 	C:\WINDOWS\System32\SHCORE.dll
0x00007ff930110000 - 0x00007ff930177000 	C:\WINDOWS\System32\shlwapi.dll
0x00007ff92eb60000 - 0x00007ff92eb89000 	C:\WINDOWS\SYSTEM32\profapi.dll
0x00007ff8f0490000 - 0x00007ff8f04a0000 	C:\Program Files\Android\Android Studio\jbr\bin\net.dll
0x00007ff92ce20000 - 0x00007ff92ce8c000 	C:\WINDOWS\system32\mswsock.dll
0x00007ff8a5320000 - 0x00007ff8a5336000 	C:\Program Files\Android\Android Studio\jbr\bin\nio.dll
0x00007ff8effd0000 - 0x00007ff8effe0000 	C:\Program Files\Android\Android Studio\jbr\bin\verify.dll
0x00007ff8fc6b0000 - 0x00007ff8fc6d7000 	C:\Users\Intel\.gradle\native\660c5614fbf4a5f2a75b1949f50a0caf5cd603558e7d8a26e50b933a0cfb79d1\windows-amd64\native-platform.dll
0x00007ff8bd460000 - 0x00007ff8bd4d7000 	C:\Users\Intel\.gradle\native\0.2.8\x86_64-windows-gnu\gradle-fileevents.dll
0x00007ff8f6170000 - 0x00007ff8f6179000 	C:\Program Files\Android\Android Studio\jbr\bin\management.dll
0x00007ff8f6160000 - 0x00007ff8f616b000 	C:\Program Files\Android\Android Studio\jbr\bin\management_ext.dll
0x00007ff931710000 - 0x00007ff931718000 	C:\WINDOWS\System32\PSAPI.DLL
0x00007ff92c270000 - 0x00007ff92c2a3000 	C:\WINDOWS\SYSTEM32\IPHLPAPI.DLL
0x00007ff9314c0000 - 0x00007ff9314ca000 	C:\WINDOWS\System32\NSI.dll
0x00007ff8f6180000 - 0x00007ff8f6189000 	C:\Program Files\Android\Android Studio\jbr\bin\extnet.dll
0x00007ff92e740000 - 0x00007ff92e75b000 	C:\WINDOWS\SYSTEM32\CRYPTSP.dll
0x00007ff92c820000 - 0x00007ff92c859000 	C:\WINDOWS\system32\rsaenh.dll
0x00007ff92cee0000 - 0x00007ff92cf12000 	C:\WINDOWS\SYSTEM32\USERENV.dll
0x00007ff92eb30000 - 0x00007ff92eb5a000 	C:\WINDOWS\SYSTEM32\bcrypt.dll
0x00007ff92d090000 - 0x00007ff92d09c000 	C:\WINDOWS\SYSTEM32\CRYPTBASE.dll
0x00007ff8adcf0000 - 0x00007ff8adcf8000 	C:\WINDOWS\system32\wshunix.dll
0x00007ff908000000 - 0x00007ff908018000 	C:\WINDOWS\system32\napinsp.dll
0x00007ff92c300000 - 0x00007ff92c456000 	C:\WINDOWS\SYSTEM32\DNSAPI.dll
0x00007ff92cc40000 - 0x00007ff92cc4d000 	C:\WINDOWS\SYSTEM32\DSPARSE.dll
0x00007ff906480000 - 0x00007ff906493000 	C:\WINDOWS\System32\winrnr.dll
0x00007ff906450000 - 0x00007ff906472000 	C:\WINDOWS\system32\nlansp_c.dll
0x00007ff9259c0000 - 0x00007ff9259d6000 	C:\WINDOWS\system32\wshbth.dll
0x00007ff925790000 - 0x00007ff92579b000 	C:\Windows\System32\rasadhlp.dll
0x00007ff920080000 - 0x00007ff920106000 	C:\WINDOWS\System32\fwpuclnt.dll

JVMTI agents:
C:\Users\Intel\.gradle\wrapper\dists\gradle-9.3.0-bin\79n14ral3mx1ozqr3csh2u872\gradle-9.3.0\lib\agents\gradle-instrumentation-agent-9.3.0.jar path:C:\Program Files\Android\Android Studio\jbr\bin\instrument.dll, loaded, initialized, instrumentlib options:none

dbghelp: loaded successfully - version: 4.0.5 - missing functions: none
symbol engine: initialized successfully - sym options: 0x614 - pdb path: .;C:\Program Files\Android\Android Studio\jbr\bin;C:\WINDOWS\SYSTEM32;C:\WINDOWS\WinSxS\amd64_microsoft.windows.common-controls_6595b64144ccf1df_6.0.26100.8875_none_3e0d5d42e32fe9dd;C:\Program Files\Android\Android Studio\jbr\bin\server;C:\Users\Intel\.gradle\native\660c5614fbf4a5f2a75b1949f50a0caf5cd603558e7d8a26e50b933a0cfb79d1\windows-amd64;C:\Users\Intel\.gradle\native\0.2.8\x86_64-windows-gnu

VM Arguments:
jvm_args: --add-opens=java.base/java.lang=ALL-UNNAMED --add-opens=java.base/java.lang.invoke=ALL-UNNAMED --add-opens=java.base/java.util=ALL-UNNAMED --add-opens=java.prefs/java.util.prefs=ALL-UNNAMED --add-exports=jdk.compiler/com.sun.tools.javac.api=ALL-UNNAMED --add-exports=jdk.compiler/com.sun.tools.javac.util=ALL-UNNAMED --add-opens=java.base/java.util=ALL-UNNAMED --add-opens=java.prefs/java.util.prefs=ALL-UNNAMED --add-opens=java.base/java.nio.charset=ALL-UNNAMED --add-opens=java.base/java.net=ALL-UNNAMED --add-opens=java.base/java.util.concurrent=ALL-UNNAMED --add-opens=java.base/java.util.concurrent.atomic=ALL-UNNAMED --add-opens=java.xml/javax.xml.namespace=ALL-UNNAMED --add-opens=java.base/java.time=ALL-UNNAMED --enable-native-access=ALL-UNNAMED -XX:MaxMetaspaceSize=384m -XX:+HeapDumpOnOutOfMemoryError -Xms256m -Xmx512m -Dfile.encoding=UTF-8 -Duser.country=BE -Duser.language=nl -Duser.variant -javaagent:C:\Users\Intel\.gradle\wrapper\dists\gradle-9.3.0-bin\79n14ral3mx1ozqr3csh2u872\gradle-9.3.0\lib\agents\gradle-instrumentation-agent-9.3.0.jar 
java_command: org.gradle.launcher.daemon.bootstrap.GradleDaemon 9.3.0
java_class_path (initial): C:\Users\Intel\.gradle\wrapper\dists\gradle-9.3.0-bin\79n14ral3mx1ozqr3csh2u872\gradle-9.3.0\lib\gradle-daemon-main-9.3.0.jar
Launcher Type: SUN_STANDARD

[Global flags]
     intx CICompilerCount                          = 15                                        {product} {ergonomic}
   size_t CompressedClassSpaceSize                 = 335544320                                 {product} {ergonomic}
     uint ConcGCThreads                            = 6                                         {product} {ergonomic}
     uint G1ConcRefinementThreads                  = 23                                        {product} {ergonomic}
   size_t G1HeapRegionSize                         = 1048576                                   {product} {ergonomic}
     bool HeapDumpOnOutOfMemoryError               = true                                   {manageable} {command line}
   size_t InitialHeapSize                          = 268435456                                 {product} {command line}
   size_t MarkStackSize                            = 4194304                                   {product} {ergonomic}
   size_t MarkStackSizeMax                         = 536870912                                 {product} {ergonomic}
   size_t MaxHeapSize                              = 536870912                                 {product} {command line}
   size_t MaxMetaspaceSize                         = 402653184                                 {product} {command line}
   size_t MaxNewSize                               = 321912832                                 {product} {ergonomic}
   size_t MinHeapDeltaBytes                        = 1048576                                   {product} {ergonomic}
   size_t MinHeapSize                              = 268435456                                 {product} {command line}
    uintx NonNMethodCodeHeapSize                   = 8192000                                {pd product} {ergonomic}
    uintx NonProfiledCodeHeapSize                  = 121765888                              {pd product} {ergonomic}
    uintx ProfiledCodeHeapSize                     = 121700352                              {pd product} {ergonomic}
    uintx ReservedCodeCacheSize                    = 251658240                              {pd product} {ergonomic}
     bool SegmentedCodeCache                       = true                                      {product} {ergonomic}
   size_t SoftMaxHeapSize                          = 536870912                              {manageable} {ergonomic}
     bool UseCompressedOops                        = true                           {product lp64_product} {ergonomic}
     bool UseG1GC                                  = true                                      {product} {ergonomic}
     bool UseLargePagesIndividualAllocation        = false                                  {pd product} {ergonomic}

Logging:
Log output configuration:
 #0: stdout all=warning uptime,level,tags foldmultilines=false
 #1: stderr all=off uptime,level,tags foldmultilines=false

Release file:
JAVA_VERSION="25.0.2" 
MODULES="java.base java.compiler java.datatransfer java.xml java.prefs java.desktop java.instrument java.logging java.management java.security.sasl java.naming java.rmi java.management.rmi java.net.http java.scripting java.security.jgss java.transaction.xa java.sql java.sql.rowset java.xml.crypto java.se java.smartcardio jdk.accessibility jdk.internal.jvmstat jdk.attach jdk.charsets jdk.internal.opt jdk.zipfs jdk.compiler jdk.crypto.cryptoki jdk.crypto.ec jdk.dynalink jdk.hotspot.agent jdk.httpserver jdk.internal.ed jdk.internal.le jdk.internal.md jdk.internal.vm.ci jdk.jartool jdk.javadoc jdk.jcmd jdk.jdeps jdk.jdwp.agent jdk.jdi jdk.jfr jdk.jlink jdk.localedata jdk.management jdk.management.agent jdk.management.jfr jdk.naming.dns jdk.naming.rmi jdk.net jdk.sctp jdk.security.auth jdk.security.jgss jdk.unsupported jdk.unsupported.desktop jdk.xml.dom" 
IMPLEMENTOR="JetBrains s.r.o." 
JAVA_RUNTIME_VERSION="25.0.2+-15348964-b329.117" 
LIBC="default" 
OS_ARCH="x86_64" 
OS_NAME="Windows" 
SOURCE=".:git:3cf398e84a39" 

Environment Variables:
PATH=C:\Program Files\NVIDIA GPU Computing Toolkit\CUDA\v12.8\bin;C:\Program Files\NVIDIA GPU Computing Toolkit\CUDA\v12.8\libnvvp;;;;C:\WINDOWS\system32;C:\WINDOWS;C:\WINDOWS\System32\Wbem;C:\WINDOWS\System32\WindowsPowerShell\v1.0\;C:\WINDOWS\System32\OpenSSH\;C:\Program Files\Git\cmd;C:\Program Files (x86)\NVIDIA Corporation\PhysX\Common;C:\Program Files\NVIDIA Corporation\NVIDIA NvDLISR;C:\Program Files\NVIDIA Corporation\Nsight Compute 2025.1.0\;C:\Program Files\NVIDIA Corporation\NVIDIA app\NvDLISR;C:\Program Files\dotnet\;C:\Users\Intel\AppData\Local\Programs\Python\Python312\Scripts\;C:\Users\Intel\AppData\Local\Programs\Python\Python312\;C:\Users\Intel\AppData\Local\Programs\Python\Python311\Scripts\;C:\Users\Intel\AppData\Local\Programs\Python\Python311\;C:\Users\Intel\AppData\Local\Programs\Python\Python310\Scripts\;C:\Users\Intel\AppData\Local\Programs\Python\Python310\;C:\Users\Intel\AppData\Local\Microsoft\WindowsApps;C:\Users\Intel\.dotnet\tools
USERNAME=Intel
OS=Windows_NT
PROCESSOR_IDENTIFIER=Intel64 Family 6 Model 183 Stepping 1, GenuineIntel
TMP=C:\Users\Intel\AppData\Local\Temp
TEMP=C:\Users\Intel\AppData\Local\Temp




Compilation memory statistics disabled.

Periodic native trim disabled

JNI global refs:
JNI global refs: 50, weak refs: 195

JNI global refs memory usage: 835, weak refs: 2729

Process memory usage:
Resident Set Size: 1015940K (1% of 66809568K total physical memory with 50268916K free physical memory)

OOME stack traces (most recent first):
Classloader memory used:
Loader org.gradle.internal.classloader.VisitableURLClassLoader$InstrumentingVisitableURLClassLoader: 52194 K
Loader org.gradle.internal.classloader.VisitableURLClassLoader                         : 44342 K
Loader bootstrap                                                                       : 29471 K
Loader org.gradle.initialization.MixInLegacyTypesClassLoader                           : 12449 K
Loader jdk.internal.loader.ClassLoaders$AppClassLoader                                 : 225 K
Loader jdk.internal.loader.ClassLoaders$PlatformClassLoader                            : 158 K
Loader org.gradle.groovy.scripts.internal.DefaultScriptCompilationHandler$ScriptClassLoader: 122 K
Loader org.gradle.internal.classloader.VisitableURLClassLoader                         : 51320 B

Classes loaded by more than one classloader:
Class Program                                                                         : loaded 5 times (x 74B)
Class com.google.common.base.Equivalence$Identity                                     : loaded 2 times (x 84B)
Class com.google.common.collect.RegularImmutableMap$KeySet                            : loaded 2 times (x 152B)
Class org.gradle.internal.classloader.FilteringClassLoader                            : loaded 2 times (x 106B)
Class [Lcom.google.common.base.AbstractIterator$State;                                : loaded 2 times (x 71B)
Class com.google.common.base.CharMatcher$IsEither                                     : loaded 2 times (x 113B)
Class org.gradle.internal.classloader.ClassLoaderHierarchy                            : loaded 2 times (x 72B)
Class com.google.common.collect.ImmutableEnumSet                                      : loaded 2 times (x 148B)
Class com.google.common.util.concurrent.ExecutionError                                : loaded 2 times (x 84B)
Class com.google.common.collect.ImmutableList$1                                       : loaded 2 times (x 99B)
Class org.gradle.api.internal.classpath.ManifestUtil                                  : loaded 2 times (x 73B)
Class com.google.common.io.ByteArrayDataOutput                                        : loaded 2 times (x 72B)
Class com.google.common.collect.RegularImmutableMap                                   : loaded 2 times (x 122B)
Class com.google.common.collect.ImmutableMap$MapViewOfValuesAsSingletonSets           : loaded 2 times (x 127B)
Class [Lorg.objectweb.asm.Symbol;                                                     : loaded 2 times (x 71B)
Class org.objectweb.asm.ClassVisitor                                                  : loaded 2 times (x 90B)
Class com.google.common.collect.UnmodifiableListIterator                              : loaded 2 times (x 97B)
Class ijKotlinCoroutineJvmDebugInit1_6cshnk5ey2f3nejrfkwgib8o4$_run_closure1$_closure2: loaded 2 times (x 140B)
Class org.objectweb.asm.MethodTooLargeException                                       : loaded 2 times (x 84B)
Class [Lcom.google.common.cache.CacheBuilder$OneWeigher;                              : loaded 2 times (x 71B)
Class com.google.common.base.Suppliers                                                : loaded 2 times (x 73B)
Class com.google.common.base.Platform$JdkPatternCompiler                              : loaded 2 times (x 77B)
Class org.gradle.internal.classloader.DefaultClassLoaderFactory                       : loaded 2 times (x 84B)
Class com.google.common.base.CharMatcher$None                                         : loaded 2 times (x 114B)
Class org.gradle.internal.classloader.ClassLoaderVisitor                              : loaded 2 times (x 78B)
Class [Lcom.google.common.collect.ImmutableMapEntry;                                  : loaded 2 times (x 71B)
Class org.gradle.api.internal.classpath.EffectiveClassPath                            : loaded 2 times (x 92B)
Class com.google.common.collect.ImmutableRangeSet                                     : loaded 2 times (x 117B)
Class com.google.common.collect.ImmutableEnumMap                                      : loaded 2 times (x 127B)
Class com.google.common.collect.ListMultimap                                          : loaded 2 times (x 72B)
Class com.google.common.collect.Sets$1                                                : loaded 2 times (x 141B)
Class org.objectweb.asm.AnnotationVisitor                                             : loaded 2 times (x 80B)
Class com.google.common.base.Splitter                                                 : loaded 2 times (x 74B)
Class org.gradle.api.internal.DefaultClassPathProvider                                : loaded 2 times (x 78B)
Class com.google.common.collect.Sets$2                                                : loaded 2 times (x 141B)
Class [Lorg.gradle.api.internal.ClassPathProvider;                                    : loaded 2 times (x 71B)
Class org.gradle.api.internal.ClassPathProvider                                       : loaded 2 times (x 72B)
Class [Lorg.objectweb.asm.AnnotationVisitor;                                          : loaded 2 times (x 71B)
Class com.google.common.collect.Sets$3                                                : loaded 2 times (x 141B)
Class com.google.common.cache.LocalCache$LocalLoadingCache                            : loaded 2 times (x 136B)
Class com.google.common.base.AbstractIterator$State                                   : loaded 2 times (x 81B)
Class org.gradle.internal.service.UnknownServiceException                             : loaded 2 times (x 85B)
Class com.google.common.io.ByteArrayDataInput                                         : loaded 2 times (x 72B)
Class com.google.common.collect.Sets$4                                                : loaded 2 times (x 141B)
Class org.objectweb.asm.ModuleVisitor                                                 : loaded 2 times (x 83B)
Class com.google.common.cache.LocalCache$Strength$1                                   : loaded 2 times (x 83B)
Class com.google.common.util.concurrent.SettableFuture                                : loaded 2 times (x 116B)
Class com.google.common.cache.LocalCache$Strength$2                                   : loaded 2 times (x 83B)
Class com.google.common.io.ByteStreams                                                : loaded 2 times (x 73B)
Class com.google.common.cache.LocalCache$Strength$3                                   : loaded 2 times (x 83B)
Class com.google.common.collect.MapDifference                                         : loaded 2 times (x 72B)
Class com.google.common.base.Splitter$1                                               : loaded 2 times (x 79B)
Class ijJvmDebugger1_ewkv1r8vhe7wre3euz9djkhur$_run_closure1$_closure2                : loaded 2 times (x 141B)
Class org.objectweb.asm.FieldWriter                                                   : loaded 2 times (x 79B)
Class com.google.common.cache.CacheBuilder$NullListener                               : loaded 2 times (x 84B)
Class org.gradle.internal.classpath.TransformedClassPath                              : loaded 2 times (x 98B)
Class org.gradle.internal.classloader.InstrumentingClassLoader                        : loaded 2 times (x 72B)
Class com.google.common.collect.ImmutableRangeSet$AsSet                               : loaded 2 times (x 301B)
Class com.google.common.cache.CacheLoader$FunctionToCacheLoader                       : loaded 2 times (x 77B)
Class com.google.common.collect.Iterators$ArrayItr                                    : loaded 2 times (x 99B)
Class com.google.common.collect.ImmutableCollection$Builder                           : loaded 2 times (x 78B)
Class com.google.common.base.Joiner                                                   : loaded 2 times (x 81B)
Class com.google.common.base.MoreObjects                                              : loaded 2 times (x 73B)
Class [Lorg.objectweb.asm.Type;                                                       : loaded 2 times (x 71B)
Class com.google.common.collect.Platform                                              : loaded 2 times (x 73B)
Class com.google.common.collect.UnmodifiableIterator                                  : loaded 2 times (x 82B)
Class org.gradle.internal.service.ServiceLocator                                      : loaded 2 times (x 72B)
Class com.google.common.base.Ascii                                                    : loaded 2 times (x 73B)
Class com.google.common.collect.SingletonImmutableBiMap                               : loaded 2 times (x 145B)
Class com.google.common.cache.LocalCache$1                                            : loaded 2 times (x 91B)
Class com.google.common.collect.AbstractMapEntry                                      : loaded 2 times (x 83B)
Class com.google.common.collect.Sets$ImprovedAbstractSet                              : loaded 2 times (x 137B)
Class com.google.common.collect.ImmutableList$Builder                                 : loaded 2 times (x 79B)
Class com.google.common.cache.LocalCache$2                                            : loaded 2 times (x 144B)
Class com.google.common.collect.AbstractMultimap                                      : loaded 2 times (x 125B)
Class com.google.common.collect.ImmutableRangeSet$1                                   : loaded 2 times (x 211B)
Class com.google.common.collect.RegularImmutableAsList                                : loaded 2 times (x 218B)
Class com.google.common.collect.Range                                                 : loaded 2 times (x 89B)
Class com.google.common.util.concurrent.AbstractFuture$Trusted                        : loaded 2 times (x 72B)
Class com.google.common.collect.Iterators                                             : loaded 2 times (x 73B)
Class com.google.common.util.concurrent.UncheckedExecutionException                   : loaded 2 times (x 84B)
Class com.google.common.collect.Lists$StringAsImmutableList                           : loaded 2 times (x 209B)
Class com.google.common.collect.AbstractMapBasedMultimap$KeySet$1                     : loaded 2 times (x 84B)
Class org.objectweb.asm.ClassWriter                                                   : loaded 2 times (x 107B)
Class com.google.common.cache.CacheLoader$UnsupportedLoadingOperationException        : loaded 2 times (x 84B)
Class com.google.common.base.CharMatcher$And                                          : loaded 2 times (x 114B)
Class org.gradle.internal.classloader.ClasspathUtil$1                                 : loaded 2 times (x 78B)
Class com.google.common.base.Objects                                                  : loaded 2 times (x 73B)
Class org.objectweb.asm.FieldVisitor                                                  : loaded 2 times (x 79B)
Class com.google.common.collect.IndexedImmutableSet                                   : loaded 2 times (x 152B)
Class com.google.common.collect.ImmutableMap$1                                        : loaded 2 times (x 83B)
Class com.google.common.collect.BiMap                                                 : loaded 2 times (x 72B)
Class org.gradle.api.internal.classpath.DefaultModuleRegistry$DefaultModule           : loaded 2 times (x 88B)
Class com.google.common.primitives.Ints                                               : loaded 2 times (x 73B)
Class com.google.common.collect.AbstractIterator                                      : loaded 2 times (x 84B)
Class com.google.common.math.MathPreconditions                                        : loaded 2 times (x 73B)
Class com.google.common.collect.Multiset                                              : loaded 2 times (x 72B)
Class com.google.common.collect.ArrayListMultimapGwtSerializationDependencies         : loaded 2 times (x 173B)
Class com.google.common.collect.ObjectArrays                                          : loaded 2 times (x 73B)
Class com.google.common.collect.AbstractIndexedListIterator                           : loaded 2 times (x 98B)
Class com.google.common.collect.ImmutableMapEntrySet                                  : loaded 2 times (x 153B)
Class org.gradle.api.internal.classpath.Module                                        : loaded 2 times (x 72B)
Class com.google.common.cache.Weigher                                                 : loaded 2 times (x 72B)
Class org.gradle.api.internal.classpath.UnknownModuleException                        : loaded 2 times (x 84B)
Class com.google.common.base.Stopwatch                                                : loaded 2 times (x 74B)
Class com.google.common.cache.LocalCache$Strength                                     : loaded 2 times (x 83B)
Class com.google.common.cache.Cache                                                   : loaded 2 times (x 72B)
Class com.google.common.util.concurrent.AbstractFuture$Cancellation                   : loaded 2 times (x 74B)
Class com.google.common.collect.ImmutableMap$Builder                                  : loaded 2 times (x 84B)
Class com.google.common.base.NullnessCasts                                            : loaded 2 times (x 73B)
Class com.google.common.cache.RemovalListener                                         : loaded 2 times (x 72B)
Class ijKotlinCoroutineJvmDebugInit1_6cshnk5ey2f3nejrfkwgib8o4                        : loaded 2 times (x 173B)
Class org.gradle.api.internal.DefaultClassPathRegistry                                : loaded 2 times (x 78B)
Class com.google.common.primitives.IntsMethodsForWeb                                  : loaded 2 times (x 73B)
Class com.google.common.collect.Multimap                                              : loaded 2 times (x 72B)
Class org.gradle.api.internal.ClassPathRegistry                                       : loaded 2 times (x 72B)
Class org.gradle.internal.classpath.DefaultClassPath$ImmutableUniqueList              : loaded 2 times (x 201B)
Class com.google.common.base.ExtraObjectsMethodsForWeb                                : loaded 2 times (x 73B)
Class com.google.common.base.PairwiseEquivalence                                      : loaded 2 times (x 85B)
Class com.google.common.cache.CacheBuilder                                            : loaded 2 times (x 74B)
Class com.google.common.collect.SingletonImmutableList                                : loaded 2 times (x 209B)
Class Settings_gradle$1                                                               : loaded 2 times (x 76B)
Class org.gradle.internal.classpath.ClassPath                                         : loaded 2 times (x 72B)
Class com.google.common.collect.ImmutableList$ReverseImmutableList                    : loaded 2 times (x 210B)
Class com.google.common.base.JdkPattern                                               : loaded 2 times (x 77B)
Class org.objectweb.asm.SymbolTable$Entry                                             : loaded 2 times (x 75B)
Class org.objectweb.asm.Edge                                                          : loaded 2 times (x 74B)
Class com.google.common.base.Suppliers$SupplierOfInstance                             : loaded 2 times (x 81B)
Class com.google.common.collect.Iterators$1                                           : loaded 2 times (x 83B)
Class com.google.common.cache.LocalCache$ComputingValueReference                      : loaded 2 times (x 98B)
Class com.google.common.collect.SingletonImmutableSet                                 : loaded 2 times (x 148B)
Class com.google.common.collect.ImmutableMap$IteratorBasedImmutableMap                : loaded 2 times (x 127B)
Class com.google.common.cache.LocalCache$Segment                                      : loaded 2 times (x 155B)
Class com.google.common.collect.SortedIterable                                        : loaded 2 times (x 72B)
Class [Lorg.objectweb.asm.SymbolTable$Entry;                                          : loaded 2 times (x 71B)
Class com.google.common.cache.CacheLoader                                             : loaded 2 times (x 76B)
Class com.google.common.collect.Iterators$4                                           : loaded 2 times (x 84B)
Class com.google.common.collect.ImmutableBiMap                                        : loaded 2 times (x 145B)
Class com.google.common.collect.AbstractListMultimap                                  : loaded 2 times (x 173B)
Class org.gradle.api.internal.classpath.ModuleRegistry                                : loaded 2 times (x 72B)
Class org.gradle.internal.installation.GradleInstallation$1                           : loaded 2 times (x 77B)
Class com.google.common.util.concurrent.internal.InternalFutureFailureAccess          : loaded 2 times (x 74B)
Class com.google.common.collect.Iterators$5                                           : loaded 2 times (x 84B)
Class com.google.common.collect.ImmutableSet$JdkBackedSetBuilderImpl                  : loaded 2 times (x 78B)
Class com.google.common.base.Splitter$SplittingIterator                               : loaded 2 times (x 85B)
Class ijJvmDebugger1_ewkv1r8vhe7wre3euz9djkhur                                        : loaded 2 times (x 173B)
Class com.google.common.cache.LocalCache$LocalManualCache$1                           : loaded 2 times (x 77B)
Class com.google.common.base.CharMatcher$ForPredicate                                 : loaded 2 times (x 114B)
Class com.google.common.collect.ImmutableCollection                                   : loaded 2 times (x 127B)
Class com.google.common.base.CharMatcher$AnyOf                                        : loaded 2 times (x 114B)
Class org.gradle.api.internal.classpath.DefaultModuleRegistry                         : loaded 2 times (x 88B)
Class com.google.common.util.concurrent.ListenableFuture                              : loaded 2 times (x 72B)
Class com.google.common.cache.ReferenceEntry                                          : loaded 2 times (x 72B)
Class com.google.common.collect.ImmutableSet$CachingAsList                            : loaded 2 times (x 149B)
Class com.google.common.base.Converter                                                : loaded 2 times (x 92B)
Class com.google.common.collect.Lists                                                 : loaded 2 times (x 73B)
Class com.google.common.util.concurrent.AbstractFuture                                : loaded 2 times (x 108B)
Class com.google.common.base.FunctionalEquivalence                                    : loaded 2 times (x 85B)
Class com.google.common.collect.Iterators$9                                           : loaded 2 times (x 83B)
Class com.google.common.collect.AbstractMapBasedMultimap                              : loaded 2 times (x 140B)
Class com.google.common.collect.ImmutableAsList                                       : loaded 2 times (x 211B)
Class org.objectweb.asm.RecordComponentVisitor                                        : loaded 2 times (x 79B)
Class com.google.common.cache.CacheLoader$SupplierToCacheLoader                       : loaded 2 times (x 77B)
Class org.gradle.internal.service.ServiceLookupException                              : loaded 2 times (x 84B)
Class com.google.common.collect.ImmutableSortedSet                                    : loaded 2 times (x 301B)
Class [Lcom.google.common.cache.LocalCache$EntryFactory;                              : loaded 2 times (x 71B)
Class org.gradle.internal.classloader.ClassLoaderFactory                              : loaded 2 times (x 72B)
Class com.google.common.cache.LocalCache$LocalManualCache                             : loaded 2 times (x 101B)
Class com.google.common.base.CharMatcher$IsNot                                        : loaded 2 times (x 113B)
Class com.google.common.base.CommonPattern                                            : loaded 2 times (x 76B)
Class org.gradle.internal.service.CachingServiceLocator                               : loaded 2 times (x 84B)
Class com.google.common.collect.AbstractMapBasedMultimap$KeySet                       : loaded 2 times (x 139B)
Class com.google.common.collect.RegularImmutableSortedSet                             : loaded 2 times (x 301B)
Class com.google.common.math.IntMath                                                  : loaded 2 times (x 73B)
Class ijJvmDebugger1_ewkv1r8vhe7wre3euz9djkhur$_run_closure1                          : loaded 2 times (x 140B)
Class com.google.common.collect.ImmutableMapEntry                                     : loaded 2 times (x 87B)
Class com.google.common.base.Equivalence                                              : loaded 2 times (x 84B)
Class com.google.common.collect.ImmutableMapEntry$NonTerminalImmutableMapEntry        : loaded 2 times (x 87B)
Class com.google.common.base.Function                                                 : loaded 2 times (x 72B)
Class com.google.common.collect.IndexedImmutableSet$1                                 : loaded 2 times (x 214B)
Class com.google.common.cache.CacheBuilder$OneWeigher                                 : loaded 2 times (x 84B)
Class com.google.common.collect.RegularImmutableList                                  : loaded 2 times (x 214B)
Class org.gradle.internal.classloader.ClasspathUtil                                   : loaded 2 times (x 73B)
Class com.google.common.util.concurrent.Uninterruptibles                              : loaded 2 times (x 73B)
Class com.google.common.collect.Maps                                                  : loaded 2 times (x 73B)
Class org.gradle.api.specs.Spec                                                       : loaded 2 times (x 72B)
Class [Lcom.google.common.collect.ImmutableEntry;                                     : loaded 2 times (x 71B)
Class com.google.common.cache.LocalCache$LoadingValueReference                        : loaded 2 times (x 98B)
Class com.google.common.base.Platform                                                 : loaded 2 times (x 73B)
Class [Lorg.objectweb.asm.AnnotationWriter;                                           : loaded 2 times (x 71B)
Class com.google.common.collect.Maps$8                                                : loaded 2 times (x 84B)
Class ijKotlinCoroutineJvmDebugInit1_6cshnk5ey2f3nejrfkwgib8o4$_run_closure1          : loaded 2 times (x 140B)
Class com.google.common.collect.ImmutableRangeSet$Builder                             : loaded 2 times (x 79B)
Class com.google.common.collect.Sets$SetView                                          : loaded 2 times (x 140B)
Class com.google.common.cache.LocalCache$StrongValueReference                         : loaded 2 times (x 92B)
Class org.objectweb.asm.Type                                                          : loaded 2 times (x 74B)
Class org.gradle.internal.classloader.VisitableURLClassLoader$InstrumentingVisitableURLClassLoader: loaded 2 times (x 124B)
Class org.objectweb.asm.ByteVector                                                    : loaded 2 times (x 81B)
Class [Lcom.google.common.cache.CacheBuilder$NullListener;                            : loaded 2 times (x 71B)
Class com.google.common.math.IntMath$1                                                : loaded 2 times (x 73B)
Class org.gradle.internal.classloader.VisitableURLClassLoader$Spec                    : loaded 2 times (x 76B)
Class org.gradle.internal.classpath.DefaultClassPath                                  : loaded 2 times (x 92B)
Class org.objectweb.asm.Symbol                                                        : loaded 2 times (x 75B)
Class com.google.common.base.AbstractIterator                                         : loaded 2 times (x 82B)
Class com.google.common.io.Closer                                                     : loaded 2 times (x 80B)
Class com.google.common.collect.RegularImmutableMap$Values                            : loaded 2 times (x 209B)
Class com.google.common.collect.ImmutableSet                                          : loaded 2 times (x 147B)
Class com.google.common.base.CharMatcher$BitSetMatcher                                : loaded 2 times (x 114B)
Class org.gradle.internal.classloader.ClassLoaderSpec                                 : loaded 2 times (x 73B)
Class org.objectweb.asm.AnnotationWriter                                              : loaded 2 times (x 80B)
Class com.google.common.cache.CacheStats                                              : loaded 2 times (x 73B)
Class com.google.common.io.Closer$Suppressor                                          : loaded 2 times (x 72B)
Class org.objectweb.asm.RecordComponentWriter                                         : loaded 2 times (x 79B)
Class com.google.common.util.concurrent.AbstractFuture$Listener                       : loaded 2 times (x 74B)
Class com.google.common.base.CharMatcher$Or                                           : loaded 2 times (x 114B)
Class Settings_gradle$1$1                                                             : loaded 2 times (x 76B)
Class org.objectweb.asm.Attribute                                                     : loaded 2 times (x 79B)
Class com.google.common.base.Supplier                                                 : loaded 2 times (x 72B)
Class org.gradle.internal.classloader.VisitableURLClassLoader                         : loaded 2 times (x 118B)
Class Settings_gradle                                                                 : loaded 2 times (x 126B)
Class org.gradle.internal.Cast                                                        : loaded 2 times (x 73B)
Class org.gradle.api.Action                                                           : loaded 2 times (x 72B)
Class com.google.common.collect.Sets                                                  : loaded 2 times (x 73B)
Class org.objectweb.asm.Handler                                                       : loaded 2 times (x 74B)
Class com.google.common.base.Ticker                                                   : loaded 2 times (x 74B)
Class com.google.common.base.Strings                                                  : loaded 2 times (x 73B)
Class com.google.common.base.CharMatcher$FastMatcher                                  : loaded 2 times (x 113B)
Class [Lcom.google.common.cache.LocalCache$Segment;                                   : loaded 2 times (x 71B)
Class [Lcom.google.common.cache.LocalCache$Strength;                                  : loaded 2 times (x 71B)
Class com.google.common.cache.CacheBuilder$1                                          : loaded 2 times (x 87B)
Class com.google.common.collect.ImmutableMap                                          : loaded 2 times (x 122B)
Class com.google.common.base.Predicate                                                : loaded 2 times (x 72B)
Class org.gradle.internal.classpath.DefaultClassPath$ImmutableUniqueList$Builder      : loaded 2 times (x 77B)
Class com.google.common.collect.AbstractRangeSet                                      : loaded 2 times (x 116B)
Class com.google.common.cache.LocalCache                                              : loaded 2 times (x 188B)
Class com.google.common.cache.CacheBuilder$2                                          : loaded 2 times (x 74B)
Class com.google.common.base.CharMatcher$NegatedFastMatcher                           : loaded 2 times (x 115B)
Class [Lcom.google.common.collect.AbstractMapEntry;                                   : loaded 2 times (x 71B)
Class com.google.common.collect.ImmutableEntry                                        : loaded 2 times (x 84B)
Class com.google.common.collect.ArrayListMultimap                                     : loaded 2 times (x 173B)
Class org.gradle.api.GradleException                                                  : loaded 2 times (x 84B)
Class com.google.common.base.Suppliers$MemoizingSupplier                              : loaded 2 times (x 81B)
Class com.google.common.collect.CollectPreconditions                                  : loaded 2 times (x 73B)
Class com.google.common.collect.SortedMapDifference                                   : loaded 2 times (x 72B)
Class com.google.common.cache.LocalCache$EntryFactory                                 : loaded 2 times (x 85B)
Class com.google.common.cache.LocalCache$AbstractReferenceEntry                       : loaded 2 times (x 109B)
Class org.gradle.internal.IoActions                                                   : loaded 2 times (x 73B)
Class com.google.common.collect.ImmutableRangeSet$ComplementRanges                    : loaded 2 times (x 209B)
Class org.objectweb.asm.SymbolTable                                                   : loaded 2 times (x 74B)
Class com.google.common.cache.CacheLoader$InvalidCacheLoadException                   : loaded 2 times (x 84B)
Class com.google.common.collect.ImmutableSet$RegularSetBuilderImpl                    : loaded 2 times (x 78B)
Class org.gradle.internal.classloader.SystemClassLoaderSpec                           : loaded 2 times (x 73B)
Class com.google.common.cache.LocalCache$StrongEntry                                  : loaded 2 times (x 110B)
Class com.google.common.util.concurrent.AbstractFuture$TrustedFuture                  : loaded 2 times (x 116B)
Class com.google.common.cache.LoadingCache                                            : loaded 2 times (x 72B)
Class com.google.common.io.ByteStreams$LimitedInputStream                             : loaded 2 times (x 94B)
Class com.google.common.base.Suppliers$NonSerializableMemoizingSupplier               : loaded 2 times (x 81B)
Class org.objectweb.asm.MethodWriter                                                  : loaded 2 times (x 107B)
Class [Lcom.google.common.cache.Weigher;                                              : loaded 2 times (x 71B)
Class com.google.common.collect.RegularImmutableMap$BucketOverflowException           : loaded 2 times (x 84B)
Class com.google.common.collect.RegularImmutableBiMap                                 : loaded 2 times (x 149B)
Class com.google.common.cache.LocalCache$ValueReference                               : loaded 2 times (x 72B)
Class com.google.common.base.CharMatcher$Negated                                      : loaded 2 times (x 115B)
Class com.google.common.base.CharMatcher$Is                                           : loaded 2 times (x 113B)
Class com.google.common.util.concurrent.AbstractFuture$Failure                        : loaded 2 times (x 74B)
Class com.google.common.base.Equivalence$Equals                                       : loaded 2 times (x 84B)
Class com.google.common.collect.Hashing                                               : loaded 2 times (x 73B)
Class com.google.common.base.PatternCompiler                                          : loaded 2 times (x 72B)
Class com.google.common.base.Preconditions                                            : loaded 2 times (x 73B)
Class com.google.common.base.Joiner$1                                                 : loaded 2 times (x 82B)
Class org.objectweb.asm.Label                                                         : loaded 2 times (x 75B)
Class org.objectweb.asm.CurrentFrame                                                  : loaded 2 times (x 75B)
Class org.objectweb.asm.ClassTooLargeException                                        : loaded 2 times (x 84B)
Class com.google.common.collect.PeekingIterator                                       : loaded 2 times (x 72B)
Class com.google.common.base.CharMatcher                                              : loaded 2 times (x 113B)
Class com.google.common.collect.Maps$IteratorBasedAbstractMap                         : loaded 2 times (x 127B)
Class com.google.common.collect.RangeGwtSerializationDependencies                     : loaded 2 times (x 73B)
Class com.google.common.base.Joiner$2                                                 : loaded 2 times (x 81B)
Class org.objectweb.asm.Frame                                                         : loaded 2 times (x 75B)
Class org.objectweb.asm.MethodVisitor                                                 : loaded 2 times (x 107B)
Class com.google.common.cache.LocalCache$EntryFactory$1                               : loaded 2 times (x 85B)
Class [Lcom.google.common.cache.RemovalListener;                                      : loaded 2 times (x 71B)
Class com.google.common.base.CharMatcher$1                                            : loaded 2 times (x 115B)
Class com.google.common.base.CharMatcher$NamedFastMatcher                             : loaded 2 times (x 114B)
Class com.google.common.collect.RangeSet                                              : loaded 2 times (x 72B)
Class com.google.common.cache.LocalCache$EntryFactory$2                               : loaded 2 times (x 85B)
Class org.gradle.api.internal.classpath.GlobalCacheRootsProvider                      : loaded 2 times (x 72B)
Class com.google.common.collect.CollectCollectors                                     : loaded 2 times (x 73B)
Class org.objectweb.asm.ModuleWriter                                                  : loaded 2 times (x 83B)
Class com.google.common.cache.LocalCache$EntryFactory$3                               : loaded 2 times (x 85B)
Class com.google.common.base.Ticker$1                                                 : loaded 2 times (x 74B)
Class com.google.common.collect.ImmutableMapEntrySet$RegularEntrySet                  : loaded 2 times (x 153B)
Class com.google.common.collect.Maps$BiMapConverter                                   : loaded 2 times (x 92B)
Class com.google.common.cache.LocalCache$EntryFactory$4                               : loaded 2 times (x 85B)
Class com.google.common.collect.ImmutableSet$Builder                                  : loaded 2 times (x 87B)
Class com.google.common.base.CharMatcher$InRange                                      : loaded 2 times (x 113B)
Class com.google.common.io.ByteStreams$1                                              : loaded 2 times (x 87B)
Class com.google.common.cache.LocalCache$EntryFactory$5                               : loaded 2 times (x 85B)
Class com.google.common.cache.LocalCache$EntryFactory$6                               : loaded 2 times (x 85B)
Class org.gradle.internal.installation.CurrentGradleInstallationLocator               : loaded 2 times (x 73B)
Class com.google.common.collect.Maps$KeySet                                           : loaded 2 times (x 139B)
Class com.google.common.cache.LocalCache$EntryFactory$7                               : loaded 2 times (x 85B)
Class com.google.common.collect.ImmutableSet$EmptySetBuilderImpl                      : loaded 2 times (x 78B)
Class com.google.common.collect.ImmutableList                                         : loaded 2 times (x 208B)
Class org.gradle.internal.service.DefaultServiceLocator                               : loaded 2 times (x 85B)
Class com.google.common.cache.LocalCache$EntryFactory$8                               : loaded 2 times (x 85B)
Class com.google.common.collect.ImmutableSet$SetBuilderImpl                           : loaded 2 times (x 78B)
Class org.gradle.internal.installation.CurrentGradleInstallation                      : loaded 2 times (x 75B)
Class com.google.common.cache.CacheLoader$1                                           : loaded 2 times (x 77B)
Class com.google.common.collect.ForwardingObject                                      : loaded 2 times (x 74B)
Class com.google.common.collect.ImmutableList$SubList                                 : loaded 2 times (x 210B)
Class org.gradle.util.internal.GUtil                                                  : loaded 2 times (x 73B)
Class com.google.common.cache.AbstractCache$StatsCounter                              : loaded 2 times (x 72B)
Class com.google.common.collect.Iterators$MergingIterator                             : loaded 2 times (x 83B)
Class com.google.common.collect.RegularImmutableSet                                   : loaded 2 times (x 149B)
Class org.gradle.internal.installation.GradleInstallation                             : loaded 2 times (x 77B)
Class com.google.common.collect.Iterables                                             : loaded 2 times (x 73B)
Class com.google.common.base.Splitter$Strategy                                        : loaded 2 times (x 72B)

---------------  S Y S T E M  ---------------

OS:
 Windows 11 , 64 bit Build 26100 (10.0.26100.8875)
OS uptime: 0 days 0:08 hours
Hyper-V role detected

CPU: total 32 (initial active 32) (16 cores per cpu, 2 threads per core) family 6 model 183 stepping 1 microcode 0x115, cx8, cmov, fxsr, ht, mmx, 3dnowpref, sse, sse2, sse3, ssse3, sse4.1, sse4.2, popcnt, lzcnt, tsc, tscinvbit, avx, avx2, aes, erms, clmul, bmi1, bmi2, adx, sha, fma, vzeroupper, clflush, clflushopt, clwb, hv, serialize, rdtscp, rdpid, fsrm, gfni, f16c, cet_ibt, cet_ss
Processor Information for the first 32 processors :
  Max Mhz: 3200, Current Mhz: 3200, Mhz Limit: 3200

Memory: 4k page, system-wide physical 65243M (49087M free)
TotalPageFile size 130779M (AvailPageFile size 115440M)
current process WorkingSet (physical memory assigned to process): 995M, peak: 997M
current process commit charge ("private bytes"): 1106M, peak: 1108M

vm_info: OpenJDK 64-Bit Server VM (25.0.2+-15348964-b329.117) for windows-amd64 JRE (25.0.2+-15348964-b329.117), built on 2026-05-05T18:25:19Z with MS VC++ 16.10 / 16.11 (VS2019)

END.
