#
# A fatal error has been detected by the Java Runtime Environment:
#
#  EXCEPTION_ACCESS_VIOLATION (0xc0000005) at pc=0x00007ff8a577a0b5, pid=16040, tid=19736
#
# JRE version: OpenJDK Runtime Environment (25.0.2) (build 25.0.2+-15348964-b329.117)
# Java VM: OpenJDK 64-Bit Server VM (25.0.2+-15348964-b329.117, mixed mode, tiered, compressed oops, compressed class ptrs, g1 gc, windows-amd64)
# Problematic frame:
# V  [jvm.dll+0x3da0b5]
#
# No core dump will be written. Minidumps are not enabled by default on client versions of Windows
#
# If you would like to submit a bug report, please visit:
#   https://youtrack.jetbrains.com/issues/JBR
#

---------------  S U M M A R Y ------------

Command Line: --add-opens=java.base/java.lang=ALL-UNNAMED --add-opens=java.base/java.lang.invoke=ALL-UNNAMED --add-opens=java.base/java.util=ALL-UNNAMED --add-opens=java.prefs/java.util.prefs=ALL-UNNAMED --add-exports=jdk.compiler/com.sun.tools.javac.api=ALL-UNNAMED --add-exports=jdk.compiler/com.sun.tools.javac.util=ALL-UNNAMED --add-opens=java.base/java.util=ALL-UNNAMED --add-opens=java.prefs/java.util.prefs=ALL-UNNAMED --add-opens=java.base/java.nio.charset=ALL-UNNAMED --add-opens=java.base/java.net=ALL-UNNAMED --add-opens=java.base/java.util.concurrent=ALL-UNNAMED --add-opens=java.base/java.util.concurrent.atomic=ALL-UNNAMED --add-opens=java.xml/javax.xml.namespace=ALL-UNNAMED --add-opens=java.base/java.time=ALL-UNNAMED --enable-native-access=ALL-UNNAMED -XX:MaxMetaspaceSize=384m -XX:+HeapDumpOnOutOfMemoryError -Xms256m -Xmx512m -Dfile.encoding=UTF-8 -Duser.country=BE -Duser.language=nl -Duser.variant -javaagent:C:\Users\Intel\.gradle\wrapper\dists\gradle-9.3.0-bin\79n14ral3mx1ozqr3csh2u872\gradle-9.3.0\lib\agents\gradle-instrumentation-agent-9.3.0.jar org.gradle.launcher.daemon.bootstrap.GradleDaemon 9.3.0

Host: Intel(R) Core(TM) i9-14900K, 32 cores, 63G,  Windows 11 , 64 bit Build 26100 (10.0.26100.8875)
Time: Sat Aug  8 12:45:09 2026 Romance (zomertijd) elapsed time: 5.841983 seconds (0d 0h 0m 5s)

---------------  T H R E A D  ---------------

Current thread (0x0000012b849064d0):  WorkerThread "G1 Conc#1"      [id=19736, stack(0x0000000c87b00000,0x0000000c87c00000) (1024K)]

Stack: [0x0000000c87b00000,0x0000000c87c00000],  sp=0x0000000c87bff810,  free space=1022k
Native frames: (J=compiled Java code, j=interpreted, Vv=VM code, C=native code)
V  [jvm.dll+0x3da0b5]  (no source info available)
V  [jvm.dll+0x3da96d]  (no source info available)
V  [jvm.dll+0x3dc451]  (no source info available)
V  [jvm.dll+0x3dbfc5]  (no source info available)
V  [jvm.dll+0x3dbd25]  (no source info available)
V  [jvm.dll+0x3f3176]  (no source info available)
V  [jvm.dll+0x3dc4fb]  (no source info available)
V  [jvm.dll+0xa3f0a4]  (no source info available)
V  [jvm.dll+0x9ab9c8]  (no source info available)
V  [jvm.dll+0x7bb985]  (no source info available)
C  [ucrtbase.dll+0x2cd30]  (no source info available)
C  [KERNEL32.DLL+0x2e957]  (no source info available)
C  [ntdll.dll+0xaad6c]  (no source info available)


siginfo: EXCEPTION_ACCESS_VIOLATION (0xc0000005), writing address 0x000000000000006a


Registers:
RAX=0x0000000000000007, RBX=0x0000012be61d7620, RCX=0x0000000000000014, RDX=0x0000012be61d53a0
RSP=0x0000000c87bff810, RBP=0x00000000e68e0250, RSI=0x0000012be6145480, RDI=0x00000000e0000000
R8 =0x0000000000000007, R9 =0x00000000e68e0248, R10=0x0000000000000014, R11=0x0000000c87bffa40
R12=0x00000000c0006f10, R13=0x0000000000000000, R14=0x00000000e68e0238, R15=0x00000000c00071a0
RIP=0x00007ff8a577a0b5, EFLAGS=0x0000000000010246

XMM[0]=0x0000000000000000 0x0000000000000068
XMM[1]=0x0000000000000000 0x0000000000000000
XMM[2]=0x0000000000000000 0x0000000000000000
XMM[3]=0x0000000000000000 0x0000000000000000
XMM[4]=0x0000000000000000 0x0000000000000000
XMM[5]=0x0000000000000000 0x0000000000000000
XMM[6]=0x0000000000000000 0x0000000000000000
XMM[7]=0x0000000000000000 0x0000000000000000
XMM[8]=0x0000000000000000 0x0000000000000000
XMM[9]=0x0000000000000000 0x0000000000000000
XMM[10]=0x0000000000000000 0x0000000000000000
XMM[11]=0x0000000000000000 0x0000000000000000
XMM[12]=0x0000000000000000 0x0000000000000000
XMM[13]=0x0000000000000000 0x0000000000000000
XMM[14]=0x0000000000000000 0x0000000000000000
XMM[15]=0x0000000000000000 0x0000000000000000
  MXCSR=0x00001fa0


Register to memory mapping:

RAX=0x0000000000000007 is an unknown value
RBX=0x0000012be61d7620 points into unknown readable memory: 0x0000012be3c99330 | 30 93 c9 e3 2b 01 00 00
RCX=0x0000000000000014 is an unknown value
RDX=0x0000012be61d53a0 points into unknown readable memory: 0x00000000e0700000 | 00 00 70 e0 00 00 00 00
RSP=0x0000000c87bff810 points into unknown readable memory: 0x0000012be61dcf00 | 00 cf 1d e6 2b 01 00 00
RBP=0x00000000e68e0250 is pointing into object: java.lang.ref.SoftReference 
{0x00000000e68e0238} - klass: 'java/lang/ref/SoftReference' - flags: 

 - ---- fields (total size 5 words):
 - private 'referent' 'Ljava/lang/Object;' @12  a 'java/lang/reflect/Method'{0x00000000e68ce750} (0xe68ce750)
 - volatile 'queue' 'Ljava/lang/ref/ReferenceQueue;' @16  a 'java/lang/ref/ReferenceQueue$Null'{0x00000000e07014c0} (0xe07014c0)
 - volatile 'next' 'Ljava/lang/ref/Reference;' @20  null (0x00000000)
 - private transient 'discovered' 'Ljava/lang/ref/Reference;' @24  null (0x00000000)
 - private 'timestamp' 'J' @32  476540 (0x000000000007457c)
RSI=0x0000012be6145480 points into unknown readable memory: 0x0000012be61d5940 | 40 59 1d e6 2b 01 00 00
RDI=0x00000000e0000000 is an oop: [B 
{0x00000000e0000000} - klass: {type array byte} - flags: is_cloneable_fast 

 - length: 3157893
 -   0: 50 P
 -   1: 4b K
 -   2: 1  
 -   3: 2  
 -   4: 14  
 -   5: 3  
 -   6: a  
 -   7: 0  
 -   8: 0  
 -   9: 8  
 -  10: 8  
 -  11: 0  
 -  12: 0  
 -  13: 0  
 -  14: 41 A
 -  15: 0  
 -  16: 0  
 -  17: 0  
 -  18: 0  
 -  19: 0  
 -  20: 2  
 -  21: 0  
 -  22: 0  
 -  23: 0  
 -  24: 0  
 -  25: 0  
 -  26: 0  
 -  27: 0  
 -  28: 9  
 -  29: 0  
 -  30: 0  
 -  31: 0  
 -  32: 0  
 -  33: 0  
 -  34: 0  
 -  35: 0  
 -  36: 0  
 -  37: 0  
 -  38: 10  
 -  39: 0  
 -  40: ffffffed  
 -  41: 41 A
 -  42: 0  
 -  43: 0  
 -  44: 0  
 -  45: 0  
 -  46: 4d M
 -  47: 45 E
 -  48: 54 T
 -  49: 41 A
 -  50: 2d -
 -  51: 49 I
 -  52: 4e N
 -  53: 46 F
 -  54: 2f /
 -  55: 50 P
 -  56: 4b K
 -  57: 1  
 -  58: 2  
 -  59: 14  
 -  60: 3  
 -  61: a  
 -  62: 0  
 -  63: 0  
 -  64: 8  
 -  65: 8  
 -  66: 0  
 -  67: 0  
 -  68: 0  
 -  69: 41 A
 -  70: 0  
 -  71: 57 W
 -  72: ffffffb2  
 -  73: 49 I
 -  74: ffffffcb  
 -  75: 6f o
 -  76: 0  
 -  77: 0  
 -  78: 0  
 -  79: ffffff99  
 -  80: 0  
 -  81: 0  
 -  82: 0  
 -  83: 14  
 -  84: 0  
 -  85: 0  
 -  86: 0  
 -  87: 0  
 -  88: 0  
 -  89: 0  
 -  90: 0  
 -  91: 0  
 -  92: 0  
 -  93: 0  
 -  94: 0  
 -  95: ffffffa4  
 -  96: ffffff81  
 -  97: 29 )
 -  98: 0  
 -  99: 0  
 - 100: 0  
 - 101: 4d M
 - 102: 45 E
 - 103: 54 T
 - 104: 41 A
 - 105: 2d -
 - 106: 49 I
 - 107: 4e N
 - 108: 46 F
 - 109: 2f /
 - 110: 4d M
 - 111: 41 A
 - 112: 4e N
 - 113: 49 I
 - 114: 46 F
 - 115: 45 E
 - 116: 53 S
 - 117: 54 T
 - 118: 2e .
 - 119: 4d M
 - 120: 46 F
 - 121: 50 P
 - 122: 4b K
 - 123: 1  
 - 124: 2  
 - 125: 14  
 - 126: 0  
 - 127: a  
 - 128: 0  
 - 129: 0  
 - 130: 8  
 - 131: 8  
 - 132: 0  
 - 133: 0  
 - 134: 0  
 - 135: 41 A
 - 136: 0  
 - 137: ffffff8d  
 - 138: fffffff5  
 - 139: ffffff84  
 - 140: ffffffcf  
 - 141: 17  
 - 142: 0  
 - 143: 0  
 - 144: 0  
 - 145: 18  
 - 146: 0  
 - 147: 0  
 - 148: 0  
 - 149: 27 '
 - 150: 0  
 - 151: 0  
 - 152: 0  
 - 153: 0  
 - 154: 0  
 - 155: 0  
 - 156: 0  
 - 157: 0  
 - 158: 0  
 - 159: 0  
 - 160: 0  
 - 161: 0  
 - 162: 0  
 - 163: ffffffca  
 - 164: 0  
 - 165: 0  
 - 166: 0  
 - 167: 4d M
 - 168: 45 E
 - 169: 54 T
 - 170: 41 A
 - 171: 2d -
 - 172: 49 I
 - 173: 4e N
 - 174: 46 F
 - 175: 2f /
 - 176: 61 a
 - 177: 72 r
 - 178: 67 g
 - 179: 75 u
 - 180: 6d m
 - 181: 65 e
 - 182: 6e n
 - 183: 74 t
 - 184: 73 s
 - 185: 2e .
 - 186: 63 c
 - 187: 6f o
 - 188: 6d m
 - 189: 6d m
 - 190: 6f o
 - 191: 6e n
 - 192: 2e .
 - 193: 6b k
 - 194: 6f o
 - 195: 74 t
 - 196: 6c l
 - 197: 69 i
 - 198: 6e n
 - 199: 5f _
 - 200: 6d m
 - 201: 6f o
 - 202: 64 d
 - 203: 75 u
 - 204: 6c l
 - 205: 65 e
 - 206: 50 P
 - 207: 4b K
 - 208: 1  
 - 209: 2  
 - 210: 14  
 - 211: 0  
 - 212: a  
 - 213: 0  
 - 214: 0  
 - 215: 8  
 - 216: 8  
 - 217: 0  
 - 218: 0  
 - 219: 0  
 - 220: 41 A
 - 221: 0  
 - 222: ffffffd2  
 - 223: ffffffc6  
 - 224: ffffffef  
 - 225: 9  
 - 226: 11  
 - 227: 0  
 - 228: 0  
 - 229: 0  
 - 230: 18  
 - 231: 0  
 - 232: 0  
 - 233: 0  
 - 234: 25 %
 - 235: 0  
 - 236: 0  
 - 237: 0  
 - 238: 0  
 - 239: 0  
 - 240: 0  
 - 241: 0  
 - 242: 0  
 - 243: 0  
 - 244: 0  
 - 245: 0  
 - 246: 0  
 - 247: 0  
 - 248: 26 &
 - 249: 1  
 - 250: 0  
 - 251: 0  
 - 252: 4d M
 - 253: 45 E
 - 254: 54 T
 - 255: 41 A
 - <3157637 more elements, increase MaxElementPrintSize to print>
R8 =0x0000000000000007 is an unknown value
R9 =0x00000000e68e0248 is pointing into object: java.lang.ref.SoftReference 
{0x00000000e68e0238} - klass: 'java/lang/ref/SoftReference' - flags: 

 - ---- fields (total size 5 words):
 - private 'referent' 'Ljava/lang/Object;' @12  a 'java/lang/reflect/Method'{0x00000000e68ce750} (0xe68ce750)
 - volatile 'queue' 'Ljava/lang/ref/ReferenceQueue;' @16  a 'java/lang/ref/ReferenceQueue$Null'{0x00000000e07014c0} (0xe07014c0)
 - volatile 'next' 'Ljava/lang/ref/Reference;' @20  null (0x00000000)
 - private transient 'discovered' 'Ljava/lang/ref/Reference;' @24  null (0x00000000)
 - private 'timestamp' 'J' @32  476540 (0x000000000007457c)
R10=0x0000000000000014 is an unknown value
R11=0x0000000c87bffa40 points into unknown readable memory: 0x00007ff8a5edc780 | 80 c7 ed a5 f8 7f 00 00
R12=0x00000000c0006f10 is a pointer to class: 
java.lang.ref.SoftReference {0x00000000c0006f18}
 - instance size:     5
 - klass size:        82
 - access:            public synchronized 
 - flags:             rewritten has_nonstatic_fields defined_by_boot_loader 
 - state:             fully_initialized
 - name:              'java/lang/ref/SoftReference'
 - super:             'java/lang/ref/Reference'
 - sub:               'sun/security/util/MemoryCache$SoftCacheEntry'   'java/io/ClassCache$CacheRef'   'com/sun/beans/util/Cache$Kind$Soft'   'org/codehaus/groovy/util/ReferenceType$SoftRef'   (4 more klasses...)
 - arrays:            'java/lang/ref/SoftReference'[]
 - methods:           Array<T>(0x0000012b800377d0)
 - method ordering:   Array<T>(0x0000012b80000018)
 - local interfaces:  Array<T>(0x0000012b80000048)
 - trans. interfaces: Array<T>(0x0000012b80000048)
 - secondary supers: Array<T>(0x0000012b80000038)
 - hash_slot:         35
 - secondary bitmap: 0x0000000000000000
 - constants:         constant pool [50] {0x0000012b800375e0} for 'java/lang/ref/SoftReference' cache=0x0000012b801fbd40
 - class loader data:  loader data: 0x0000012bfd8bd310 of 'bootstrap'
 - class type annotations:  Array<T>(0x0000012b80037a68)
 - generic signature: '<T:Ljava/lang/Object;>Ljava/lang/ref/Reference<TT;>;'
 - inner classes:     Array<T>(0x0000012b80000020)
 - nest members:     Array<T>(0x0000012b80000020)
 - permitted subclasses:     Array<T>(0x0000012b80000020)
 - java mirror:       a 'java/lang/Class'{0x00000000e0703d80} = 'java/lang/ref/SoftReference'
 - vtable length      13  (start addr: 0x00000000c0007120)
 - itable length      2 (start addr: 0x00000000c0007188)
 - ---- static fields (1 words):
 - private static 'clock' 'J' @120 
 - ---- non-static fields (7 words):
 - private 'referent' 'Ljava/lang/Object;' @12 
 - volatile 'queue' 'Ljava/lang/ref/ReferenceQueue;' @16 
 - volatile 'next' 'Ljava/lang/ref/Reference;' @20 
 - private transient 'discovered' 'Ljava/lang/ref/Reference;' @24 
 - private 'timestamp' 'J' @32 
 - non-static oop maps (1 entries): 16-20 
R13=0x0 is null
R14=0x00000000e68e0238 is an oop: java.lang.ref.SoftReference 
{0x00000000e68e0238} - klass: 'java/lang/ref/SoftReference' - flags: 

 - ---- fields (total size 5 words):
 - private 'referent' 'Ljava/lang/Object;' @12  a 'java/lang/reflect/Method'{0x00000000e68ce750} (0xe68ce750)
 - volatile 'queue' 'Ljava/lang/ref/ReferenceQueue;' @16  a 'java/lang/ref/ReferenceQueue$Null'{0x00000000e07014c0} (0xe07014c0)
 - volatile 'next' 'Ljava/lang/ref/Reference;' @20  null (0x00000000)
 - private transient 'discovered' 'Ljava/lang/ref/Reference;' @24  null (0x00000000)
 - private 'timestamp' 'J' @32  476540 (0x000000000007457c)
R15=0x00000000c00071a0 is a pointer to class: 
java.lang.ref.WeakReference {0x00000000c00071a8}
 - instance size:     4
 - klass size:        82
 - access:            public synchronized 
 - flags:             rewritten has_nonstatic_fields defined_by_boot_loader 
 - state:             fully_initialized
 - name:              'java/lang/ref/WeakReference'
 - super:             'java/lang/ref/Reference'
 - sub:               'com/sun/jmx/mbeanserver/WeakIdentityHashMap$IdentityWeakReference'   'com/google/common/cache/LocalCache$WeakEntry'   'com/google/common/cache/LocalCache$WeakValueReference'   'org/apache/groovy/util/concurrent/ConcurrentReferenceHashMap$WeakKeyReference'   (11 more klasses...)
 - arrays:            'java/lang/ref/WeakReference'[]
 - methods:           Array<T>(0x0000012b80037c60)
 - method ordering:   Array<T>(0x0000012b80000018)
 - local interfaces:  Array<T>(0x0000012b80000048)
 - trans. interfaces: Array<T>(0x0000012b80000048)
 - secondary supers: Array<T>(0x0000012b80000038)
 - hash_slot:         42
 - secondary bitmap: 0x0000000000000000
 - constants:         constant pool [34] {0x0000012b80037af8} for 'java/lang/ref/WeakReference' cache=0x0000012b80201ee8
 - class loader data:  loader data: 0x0000012bfd8bd310 of 'bootstrap'
 - class type annotations:  Array<T>(0x0000012b80037e10)
 - generic signature: '<T:Ljava/lang/Object;>Ljava/lang/ref/Reference<TT;>;'
 - inner classes:     Array<T>(0x0000012b80000020)
 - nest members:     Array<T>(0x0000012b80000020)
 - permitted subclasses:     Array<T>(0x0000012b80000020)
 - java mirror:       a 'java/lang/Class'{0x00000000e0e7d350} = 'java/lang/ref/WeakReference'
 - vtable length      13  (start addr: 0x00000000c00073b0)
 - itable length      2 (start addr: 0x00000000c0007418)
 - ---- static fields (0 words):
 - ---- non-static fields (4 words):
 - private 'referent' 'Ljava/lang/Object;' @12 
 - volatile 'queue' 'Ljava/lang/ref/ReferenceQueue;' @16 
 - volatile 'next' 'Ljava/lang/ref/Reference;' @20 
 - private transient 'discovered' 'Ljava/lang/ref/Reference;' @24 
 - non-static oop maps (1 entries): 16-20 

Top of Stack: (sp=0x0000000c87bff810)
0x0000000c87bff810:   0000012be61dcf00 0000012b849064d0   ....+....d..+...
0x0000000c87bff820:   0000012bff74f390 0000012b84bc3660   ..t.+...`6..+...
0x0000000c87bff830:   00000000c0007198 00007ff8a577a96d   .q......m.w.....
0x0000000c87bff840:   00000000e68e0248 0000000c87bffa40   H.......@.......
0x0000000c87bff850:   00000000e68dff54 0000000c87bffa40   T.......@.......
0x0000000c87bff860:   00000000e6900000 0000000000000000   ................
0x0000000c87bff870:   0000000000000005 00007ff8a577c451   ........Q.w.....
0x0000000c87bff880:   00000000e68e0238 0000012be61de5f0   8...........+...
0x0000000c87bff890:   0000000c87bffa20 0000012be61de5f0    ...........+...
0x0000000c87bff8a0:   00000000e6798e01 0000012be61de5f0   ..y.........+...
0x0000000c87bff8b0:   0000012be6151b00 00007ff8a577bfc5   ....+.....w.....
0x0000000c87bff8c0:   0000000c87bffa20 0000000c87bffa20    ....... .......
0x0000000c87bff8d0:   00000000e68e0238 0000000000000000   8...............
0x0000000c87bff8e0:   000000000004c4b4 0000000000321162   ........b.2.....
0x0000000c87bff8f0:   0000435557fde5a3 0000000000000000   ...WUC..........
0x0000000c87bff900:   0000012be61667c0 0000000000000001   .g..+...........
0x0000000c87bff910:   0000012be61667c0 0000000c84eff601   .g..+...........
0x0000000c87bff920:   00000000e6900000 0000000c87bffa20   ........ .......
0x0000000c87bff930:   0000000000000001 00007ff8a577bd25   ........%.w.....
0x0000000c87bff940:   0000000000000013 0000000c87bffa20   ........ .......
0x0000000c87bff950:   0000012be61de5f0 0000000000000200   ....+...........
0x0000000c87bff960:   01dd2722f897b851 0000000000000000   Q..."'..........
0x0000000c87bff970:   0000000000000000 00007ff8a5774a08   .........Jw.....
0x0000000c87bff980:   01dd2722f897b851 0000000000000000   Q..."'..........
0x0000000c87bff990:   0000000000000055 0000000c84eff7f0   U...............
0x0000000c87bff9a0:   0000012be6133020 00007ff8a5793176    0..+...v1y.....
0x0000000c87bff9b0:   0000000000000013 0000012b84faf590   ............+...
0x0000000c87bff9c0:   0000000000000001 00007ff8a5768033   ........3.v.....
0x0000000c87bff9d0:   0000000000000030 0000000000000034   0.......4.......
0x0000000c87bff9e0:   0000000000000001 0000012b84ddbe60   ........`...+...
0x0000000c87bff9f0:   0000012b849064d0 00007ff8a577c4fb   .d..+.....w.....
0x0000000c87bffa00:   0000000000000000 0000000c84eff7d0   ................

Instructions: (pc=0x00007ff8a577a0b5)
  0x00007ff8a5779fb5:   48 2b c7 48 d3 e8 8b c0 48 8b 14 c6 48 8b 43 08
  0x00007ff8a5779fc5:   4c 8b 42 28 49 39 40 08 74 0f 45 8b 43 18 49 8b
  0x00007ff8a5779fd5:   d1 48 8b cb e8 22 1c 00 00 48 8b 74 24 38 48 8b
  0x00007ff8a5779fe5:   5c 24 30 48 8b 7c 24 20 48 83 c4 28 c3 cc cc cc
  0x00007ff8a5779ff5:   cc cc cc cc cc cc cc cc cc cc cc 48 83 ec 28 8b
  0x00007ff8a577a005:   02 4c 8b ca 4c 8b d9 85 c0 0f 84 b0 00 00 00 8b
  0x00007ff8a577a015:   0d 2e 2c 9d 00 44 8b c0 49 d3 e0 4c 03 05 19 2c
  0x00007ff8a577a025:   9d 00 0f 84 97 00 00 00 44 8b 15 dc c4 9d 00 49
  0x00007ff8a577a035:   8b c0 48 33 c2 41 8b ca 48 d3 e8 48 85 c0 74 7f
  0x00007ff8a577a045:   49 8b 43 10 48 89 5c 24 30 48 89 74 24 38 48 89
  0x00007ff8a577a055:   7c 24 20 8b 88 18 02 00 00 48 8b b8 10 02 00 00
  0x00007ff8a577a065:   48 8b b0 f8 01 00 00 48 d3 e7 41 8b ca 4c 2b c7
  0x00007ff8a577a075:   49 d3 e8 41 8b c0 48 8b 14 c6 48 8b 5a 28 83 7b
  0x00007ff8a577a085:   18 00 74 2c 49 8b c1 48 2b c7 48 d3 e8 8b c0 48
  0x00007ff8a577a095:   8b 14 c6 48 8b 43 08 4c 8b 42 28 49 39 40 08 74
  0x00007ff8a577a0a5:   0f 45 8b 43 18 49 8b d1 48 8b cb e8 4b 1b 00 00
=>0x00007ff8a577a0b5:   48 8b 74 24 38 48 8b 5c 24 30 48 8b 7c 24 20 48
  0x00007ff8a577a0c5:   83 c4 28 c3 cc cc cc cc cc cc cc 48 83 ec 38 80
  0x00007ff8a577a0d5:   3d 69 cd 9d 00 00 4c 8d 1d be 0e 00 00 41 0f 10
  0x00007ff8a577a0e5:   01 49 8b c3 4c 8d 15 90 0f 00 00 49 0f 45 c2 4c
  0x00007ff8a577a0f5:   8d 4c 24 20 48 89 05 a0 2f 97 00 0f 29 44 24 20
  0x00007ff8a577a105:   49 3b c3 75 0a e8 91 0e 00 00 48 83 c4 38 c3 ff
  0x00007ff8a577a115:   d0 48 83 c4 38 c3 cc cc cc cc cc 80 3d 1d cd 9d
  0x00007ff8a577a125:   00 00 4c 8d 15 b2 03 00 00 49 8b c2 4c 8d 0d 48
  0x00007ff8a577a135:   04 00 00 49 0f 45 c1 48 89 05 95 2f 97 00 49 3b
  0x00007ff8a577a145:   c2 0f 84 94 03 00 00 48 ff e0 cc 48 83 ec 38 80
  0x00007ff8a577a155:   3d e9 cc 9d 00 00 4c 8d 1d 3e 0e 00 00 41 0f 10
  0x00007ff8a577a165:   01 49 8b c3 4c 8d 15 10 0f 00 00 49 0f 45 c2 4c
  0x00007ff8a577a175:   8d 4c 24 20 48 89 05 08 2f 97 00 0f 29 44 24 20
  0x00007ff8a577a185:   49 3b c3 75 0a e8 11 0e 00 00 48 83 c4 38 c3 ff
  0x00007ff8a577a195:   d0 48 83 c4 38 c3 cc cc cc cc cc 80 3d 9d cc 9d
  0x00007ff8a577a1a5:   00 00 4c 8d 15 32 03 00 00 49 8b c2 4c 8d 0d c8


Stack slot to memory mapping:

stack at sp + 0 slots: 0x0000012be61dcf00 points into unknown readable memory: 0x0000006f00000000 | 00 00 00 00 6f 00 00 00
stack at sp + 1 slots: 0x0000012b849064d0 points into unknown readable memory: 0x00007ff8a5f9ac50 | 50 ac f9 a5 f8 7f 00 00
stack at sp + 2 slots: 0x0000012bff74f390 points into unknown readable memory: 0x6e45737365630902 | 02 09 63 65 73 73 45 6e
stack at sp + 3 slots: 0x0000012b84bc3660 points into unknown readable memory: 0x0000000000000000 | 00 00 00 00 00 00 00 00
stack at sp + 4 slots: 0x00000000c0007198 is pointing into metadata
stack at sp + 5 slots: 0x00007ff8a577a96d jvm.dll
stack at sp + 6 slots: 0x00000000e68e0248 is pointing into object: java.lang.ref.SoftReference 
{0x00000000e68e0238} - klass: 'java/lang/ref/SoftReference' - flags: 

 - ---- fields (total size 5 words):
 - private 'referent' 'Ljava/lang/Object;' @12  a 'java/lang/reflect/Method'{0x00000000e68ce750} (0xe68ce750)
 - volatile 'queue' 'Ljava/lang/ref/ReferenceQueue;' @16  a 'java/lang/ref/ReferenceQueue$Null'{0x00000000e07014c0} (0xe07014c0)
 - volatile 'next' 'Ljava/lang/ref/Reference;' @20  null (0x00000000)
 - private transient 'discovered' 'Ljava/lang/ref/Reference;' @24  null (0x00000000)
 - private 'timestamp' 'J' @32  476540 (0x000000000007457c)
stack at sp + 7 slots: 0x0000000c87bffa40 points into unknown readable memory: 0x00007ff8a5edc780 | 80 c7 ed a5 f8 7f 00 00


---------------  P R O C E S S  ---------------

Threads class SMR info:
_java_thread_list=0x0000012b8f193d70, length=406, elements={
0x0000012be611ffa0, 0x0000012bfda5ba70, 0x0000012bfe000080, 0x0000012bfe000c50,
0x0000012bfe008ef0, 0x0000012bfe009ab0, 0x0000012bfe003950, 0x0000012bfe004110,
0x0000012bfe007010, 0x0000012bfe038db0, 0x0000012bfe143ce0, 0x0000012bfe43b190,
0x0000012bfe144d00, 0x0000012bfe141490, 0x0000012bfe1424b0, 0x0000012bfe145510,
0x0000012bfe146d40, 0x0000012bfe145d20, 0x0000012bff71fe40, 0x0000012b84b11970,
0x0000012b852818b0, 0x0000012b84fc8c50, 0x0000012b84bc6c20, 0x0000012b84ad6960,
0x0000012bff3beb90, 0x0000012b84fc0e70, 0x0000012b84fbef30, 0x0000012b84fbf700,
0x0000012b85246e70, 0x0000012b85247e10, 0x0000012b85249d50, 0x0000012b8524d400,
0x0000012b86dab7c0, 0x0000012b86dabf90, 0x0000012b86dac760, 0x0000012b86daee70,
0x0000012b86e425c0, 0x0000012b86e44cd0, 0x0000012b86e44500, 0x0000012b86e41df0,
0x0000012b86e46c10, 0x0000012b86e46440, 0x0000012b8725f0a0, 0x0000012b8725f870,
0x0000012b87264690, 0x0000012b87264e60, 0x0000012b87265630, 0x0000012b87265e00,
0x0000012b87263ec0, 0x0000012b872207d0, 0x0000012b8721e0c0, 0x0000012b8721f830,
0x0000012b8721f060, 0x0000012b87221f40, 0x0000012b87224e20, 0x0000012b87222ee0,
0x0000012b87223e80, 0x0000012b8732bf30, 0x0000012b8732ced0, 0x0000012b87329ff0,
0x0000012b8732a7c0, 0x0000012b87330d50, 0x0000012b8732f5e0, 0x0000012b87331520,
0x0000012b8732fdb0, 0x0000012b884f4610, 0x0000012b884f74f0, 0x0000012b884f8490,
0x0000012b884f4de0, 0x0000012b884f6550, 0x0000012b884f55b0, 0x0000012b884fbb40,
0x0000012b884fc310, 0x0000012b884faba0, 0x0000012b884fd2b0, 0x0000012b88500190,
0x0000012b884fda80, 0x0000012b88500960, 0x0000012b884fea20, 0x0000012b884ff9c0,
0x0000012b8839a0c0, 0x0000012b883979b0, 0x0000012b8839eee0, 0x0000012b8839b830,
0x0000012b8839e710, 0x0000012b8839f6b0, 0x0000012b8839c7d0, 0x0000012b883a3d00,
0x0000012b883a2590, 0x0000012b883a2d60, 0x0000012b883a4ca0, 0x0000012b883a5c40,
0x0000012b883a6410, 0x0000012b883a3530, 0x0000012b884aa970, 0x0000012b884a9200,
0x0000012b884a7a90, 0x0000012b884a72c0, 0x0000012b884ad850, 0x0000012b884ae020,
0x0000012b884ad080, 0x0000012b884ab910, 0x0000012b884ac0e0, 0x0000012b884b2670,
0x0000012b884aff60, 0x0000012b884b0730, 0x0000012b884b16d0, 0x0000012b884b5550,
0x0000012b884b45b0, 0x0000012b884b4d80, 0x0000012b879006a0, 0x0000012b878ffed0,
0x0000012b878fdf90, 0x0000012b878fe760, 0x0000012b878fef30, 0x0000012b87904520,
0x0000012b879054c0, 0x0000012b87905c90, 0x0000012b87906c30, 0x0000012b87907400,
0x0000012b8790aab0, 0x0000012b87908b70, 0x0000012b87909340, 0x0000012b87907bd0,
0x0000012b8790c220, 0x0000012b88891810, 0x0000012b88891fe0, 0x0000012b88893750,
0x0000012b888900a0, 0x0000012b888975d0, 0x0000012b88893f20, 0x0000012b88896630,
0x0000012b88894ec0, 0x0000012b8889bc20, 0x0000012b88899510, 0x0000012b8889ac80,
0x0000012b88898d40, 0x0000012b8889d390, 0x0000012b8889db60, 0x0000012b888a1210,
0x0000012b888a19e0, 0x0000012b8889f2d0, 0x0000012b8889eb00, 0x0000012b888a40f0,
0x0000012b888a48c0, 0x0000012b888a6030, 0x0000012b888a2980, 0x0000012b888a77a0,
0x0000012b888a6800, 0x0000012b888aa680, 0x0000012b888aae50, 0x0000012b888abdf0,
0x0000012b888a8f10, 0x0000012b888acd90, 0x0000012b888ad560, 0x0000012b888aecd0,
0x0000012b886b9370, 0x0000012b886baae0, 0x0000012b886bb2b0, 0x0000012b886b8ba0,
0x0000012b886bba80, 0x0000012b886bca20, 0x0000012b886b9b40, 0x0000012b886c1070,
0x0000012b886bf900, 0x0000012b886bd9c0, 0x0000012b886c2010, 0x0000012b886be960,
0x0000012b886c56c0, 0x0000012b886c4ef0, 0x0000012b886c5e90, 0x0000012b886c2fb0,
0x0000012b886c3780, 0x0000012b886a84c0, 0x0000012b886a8cd0, 0x0000012b886aa500,
0x0000012b886ca4e0, 0x0000012b886cd3c0, 0x0000012b886ce360, 0x0000012b886cfad0,
0x0000012b8efa22a0, 0x0000012b8efa3a10, 0x0000012b8efa5180, 0x0000012b8efa41e0,
0x0000012b8efa2a70, 0x0000012b8efa7890, 0x0000012b8efa68f0, 0x0000012b8efa97d0,
0x0000012b8efa8060, 0x0000012b8eface80, 0x0000012b8efabee0, 0x0000012b8efad650,
0x0000012b8efac6b0, 0x0000012b8efaaf40, 0x0000012b8efb0530, 0x0000012b8efb2470,
0x0000012b8efb14d0, 0x0000012b8efaedc0, 0x0000012b8efb5b20, 0x0000012b8efb5350,
0x0000012b8efb62f0, 0x0000012b8efb7290, 0x0000012b8efb7a60, 0x0000012b8efb91d0,
0x0000012b8efbb110, 0x0000012b8efb8a00, 0x0000012b8efb8230, 0x0000012b8efbef90,
0x0000012b8efbd820, 0x0000012b8efbdff0, 0x0000012b8efbe7c0, 0x0000012b8efc0ed0,
0x0000012b8efc16a0, 0x0000012b8f05f690, 0x0000012b8f553ee0, 0x0000012b8f551fa0,
0x0000012b8f5565f0, 0x0000012b8f557590, 0x0000012b8f558d00, 0x0000012b8f5594d0,
0x0000012b8f556dc0, 0x0000012b8f55a470, 0x0000012b8f55c3b0, 0x0000012b8f55b410,
0x0000012b8f55d350, 0x0000012b8f55f290, 0x0000012b8f5619a0, 0x0000012b8f563110,
0x0000012b8f5638e0, 0x0000012b8f560230, 0x0000012b8f5611d0, 0x0000012b8f564880,
0x0000012b8f567760, 0x0000012b8f565820, 0x0000012b8f567f30, 0x0000012b8f566f90,
0x0000012b8f569e70, 0x0000012b8f56b5e0, 0x0000012b8f56dcf0, 0x0000012b8f56bdb0,
0x0000012b8f56e4c0, 0x0000012b8f56ae10, 0x0000012b8f56cd50, 0x0000012b8f570bd0,
0x0000012b8f570400, 0x0000012b8f11ed70, 0x0000012b8f11e5a0, 0x0000012b8f11ce30,
0x0000012b8f124b30, 0x0000012b8f124360, 0x0000012b8f121c50, 0x0000012b8f125ad0,
0x0000012b8f122bf0, 0x0000012b8f127240, 0x0000012b8f12b0c0, 0x0000012b8f127a10,
0x0000012b8f12b890, 0x0000012b8f1289b0, 0x0000012b8f12c830, 0x0000012b8f12d000,
0x0000012b8f12d7d0, 0x0000012b8f12fee0, 0x0000012b8f131650, 0x0000012b8f12dfa0,
0x0000012b8f1325f0, 0x0000012b8f132dc0, 0x0000012b8f1354d0, 0x0000012b8f136470,
0x0000012b8f133d60, 0x0000012b8f133590, 0x0000012b8f137be0, 0x0000012b8f139b20,
0x0000012b8f13a2f0, 0x0000012b8f13aac0, 0x0000012b8f138b80, 0x0000012b8f13ca00,
0x0000012b8f13d1d0, 0x0000012b8f13e940, 0x0000012b8f1427c0, 0x0000012b8f141820,
0x0000012b8f141ff0, 0x0000012b8f143760, 0x0000012b8f140880, 0x0000012b8f145e70,
0x0000012b8f1475e0, 0x0000012b8f143f30, 0x0000012b8f148580, 0x0000012b8f144ed0,
0x0000012b8f14a4c0, 0x0000012b8f14ac90, 0x0000012b8f14bc30, 0x0000012b8f149520,
0x0000012b8f14e340, 0x0000012b8f14f2e0, 0x0000012b8f14fab0, 0x0000012b8f150a50,
0x0000012b8f14d3a0, 0x0000012b8f151220, 0x0000012b8f1550a0, 0x0000012b8f155870,
0x0000012b8f156040, 0x0000012b8f156810, 0x0000012b8f157f80, 0x0000012b8f158f20,
0x0000012b8f1596f0, 0x0000012b8f15b630, 0x0000012b8f15ae60, 0x0000012b8f05fe60,
0x0000012b8f061da0, 0x0000012b8f0663f0, 0x0000012b8f062d40, 0x0000012b8f066bc0,
0x0000012b8f063ce0, 0x0000012b8f068330, 0x0000012b8f068b00, 0x0000012b8f0692d0,
0x0000012b8f06b210, 0x0000012b8f06b9e0, 0x0000012b8f06c980, 0x0000012b8f06e0f0,
0x0000012b8f071f70, 0x0000012b8f070030, 0x0000012b8f070800, 0x0000012b8f06f860,
0x0000012b8f06e8c0, 0x0000012b8f075620, 0x0000012b8f073eb0, 0x0000012b8f072740,
0x0000012b8f076d90, 0x0000012b8f0736e0, 0x0000012b8f077560, 0x0000012b8f0794a0,
0x0000012b8f07bbb0, 0x0000012b8f07a440, 0x0000012b8f078cd0, 0x0000012b8f079c70,
0x0000012b8f5713a0, 0x0000012b8fb69d70, 0x0000012b8fe9bb10, 0x0000012b8fe9cab0,
0x0000012b8fe99bd0, 0x0000012b8fe9d280, 0x0000012b8fe9da50, 0x0000012b8fe9f1c0,
0x0000012b8fe9e9f0, 0x0000012b8fea2870, 0x0000012b8fea3040, 0x0000012b8fea0930,
0x0000012b8fe9f990, 0x0000012b8fea4f80, 0x0000012b8fea3810, 0x0000012b8fea3fe0,
0x0000012b8fea5750, 0x0000012b8fea8630, 0x0000012b8fea8e00, 0x0000012b8fea66f0,
0x0000012b8feacc80, 0x0000012b8fead450, 0x0000012b8feaa570, 0x0000012b8feafb60,
0x0000012b8feaf390, 0x0000012b8feb0330, 0x0000012b8feae3f0, 0x0000012b8feb0b00,
0x0000012b8feb4980, 0x0000012b8feb5920, 0x0000012b8feb60f0, 0x0000012b8feb68c0,
0x0000012b8feb7090, 0x0000012b8febaf10, 0x0000012b8febb6e0, 0x0000012b8feb9f70,
0x0000012b8feb8fd0, 0x0000012b8feb97a0, 0x0000012b8febd620, 0x0000012b8febed90,
0x0000012b8fec1c70, 0x0000012b8fec14a0, 0x0000012b8febf560, 0x0000012b8fec2440,
0x0000012b8fec33e0, 0x0000012b8fec62c0, 0x0000012b8fec6a90, 0x0000012b8fec5320,
0x0000012b8fec5af0, 0x0000012b8fec9970, 0x0000012b8feca910, 0x0000012b8fecb0e0,
0x0000012b8fecb8b0, 0x0000012b8fec89d0, 0x0000012b8fecd020, 0x0000012b8fecdfc0,
0x0000012b8fecf730, 0x0000012b8fed0ea0, 0x0000012b8fed06d0, 0x0000012b8fed2610,
0x0000012b8fed2de0, 0x0000012b8fed4550, 0x0000012b8fed6490, 0x0000012b8fed6c60,
0x0000012b8fed35b0, 0x0000012b8fed7430, 0x0000012b8fb6a540, 0x0000012b8e5a91f0,
0x0000012b8e5a89e0, 0x0000012b8e5a9a00
}

Java Threads: ( => current thread )
  0x0000012be611ffa0 JavaThread "main"                              [_thread_blocked, id=11900, stack(0x0000000c84c00000,0x0000000c84d00000) (1024K)]
  0x0000012bfda5ba70 JavaThread "Common-Cleaner"             daemon [_thread_blocked, id=17692, stack(0x0000000c85400000,0x0000000c85500000) (1024K)]
  0x0000012bfe000080 JavaThread "Reference Handler"          daemon [_thread_blocked, id=15252, stack(0x0000000c85500000,0x0000000c85600000) (1024K)]
  0x0000012bfe000c50 JavaThread "Finalizer"                  daemon [_thread_blocked, id=20276, stack(0x0000000c85600000,0x0000000c85700000) (1024K)]
  0x0000012bfe008ef0 JavaThread "Signal Dispatcher"          daemon [_thread_blocked, id=3816, stack(0x0000000c85700000,0x0000000c85800000) (1024K)]
  0x0000012bfe009ab0 JavaThread "Attach Listener"            daemon [_thread_blocked, id=5936, stack(0x0000000c85800000,0x0000000c85900000) (1024K)]
  0x0000012bfe003950 JavaThread "Service Thread"             daemon [_thread_blocked, id=6496, stack(0x0000000c85900000,0x0000000c85a00000) (1024K)]
  0x0000012bfe004110 JavaThread "Monitor Deflation Thread"   daemon [_thread_blocked, id=6108, stack(0x0000000c85a00000,0x0000000c85b00000) (1024K)]
  0x0000012bfe007010 JavaThread "C2 CompilerThread0"         daemon [_thread_in_native, id=21572, stack(0x0000000c85b00000,0x0000000c85c00000) (1024K)]
  0x0000012bfe038db0 JavaThread "C1 CompilerThread0"         daemon [_thread_blocked, id=19232, stack(0x0000000c85c00000,0x0000000c85d00000) (1024K)]
  0x0000012bfe143ce0 JavaThread "C1 CompilerThread1"         daemon [_thread_blocked, id=21048, stack(0x0000000c85d00000,0x0000000c85e00000) (1024K)]
  0x0000012bfe43b190 JavaThread "Notification Thread"        daemon [_thread_blocked, id=21496, stack(0x0000000c85e00000,0x0000000c85f00000) (1024K)]
  0x0000012bfe144d00 JavaThread "C2 CompilerThread1"         daemon [_thread_in_native, id=12424, stack(0x0000000c85f00000,0x0000000c86000000) (1024K)]
  0x0000012bfe141490 JavaThread "C2 CompilerThread2"         daemon [_thread_in_native, id=14864, stack(0x0000000c86000000,0x0000000c86100000) (1024K)]
  0x0000012bfe1424b0 JavaThread "C2 CompilerThread3"         daemon [_thread_in_native, id=6460, stack(0x0000000c86100000,0x0000000c86200000) (1024K)]
  0x0000012bfe145510 JavaThread "C1 CompilerThread2"         daemon [_thread_blocked, id=15636, stack(0x0000000c86200000,0x0000000c86300000) (1024K)]
  0x0000012bfe146d40 JavaThread "C1 CompilerThread3"         daemon [_thread_blocked, id=6392, stack(0x0000000c86800000,0x0000000c86900000) (1024K)]
  0x0000012bfe145d20 JavaThread "C1 CompilerThread4"         daemon [_thread_blocked, id=12832, stack(0x0000000c86900000,0x0000000c86a00000) (1024K)]
  0x0000012bff71fe40 JavaThread "Daemon health stats"               [_thread_blocked, id=22444, stack(0x0000000c86a00000,0x0000000c86b00000) (1024K)]
  0x0000012b84b11970 JavaThread "Incoming local TCP Connector on port 58111"        [_thread_in_native, id=16772, stack(0x0000000c86b00000,0x0000000c86c00000) (1024K)]
  0x0000012b852818b0 JavaThread "Daemon periodic checks"            [_thread_blocked, id=22348, stack(0x0000000c86c00000,0x0000000c86d00000) (1024K)]
  0x0000012b84fc8c50 JavaThread "Daemon"                            [_thread_blocked, id=5140, stack(0x0000000c86d00000,0x0000000c86e00000) (1024K)]
  0x0000012b84bc6c20 JavaThread "Handler for socket connection from /127.0.0.1:58111 to /127.0.0.1:58112"        [_thread_in_native, id=18568, stack(0x0000000c86e00000,0x0000000c86f00000) (1024K)]
  0x0000012b84ad6960 JavaThread "Cancel handler"                    [_thread_blocked, id=10980, stack(0x0000000c86f00000,0x0000000c87000000) (1024K)]
  0x0000012bff3beb90 JavaThread "Daemon worker"                     [_thread_blocked, id=18604, stack(0x0000000c87000000,0x0000000c87100000) (1024K)]
  0x0000012b84fc0e70 JavaThread "Asynchronous log dispatcher for DefaultDaemonConnection: socket connection from /127.0.0.1:58111 to /127.0.0.1:58112"        [_thread_blocked, id=15444, stack(0x0000000c88000000,0x0000000c88100000) (1024K)]
  0x0000012b84fbef30 JavaThread "Stdin handler"                     [_thread_blocked, id=21976, stack(0x0000000c88100000,0x0000000c88200000) (1024K)]
  0x0000012b84fbf700 JavaThread "Daemon client event forwarder"        [_thread_blocked, id=16060, stack(0x0000000c88200000,0x0000000c88300000) (1024K)]
  0x0000012b85246e70 JavaThread "Cache worker for journal cache (C:\Users\Intel\.gradle\caches\journal-1)"        [_thread_blocked, id=11876, stack(0x0000000c88300000,0x0000000c88400000) (1024K)]
  0x0000012b85247e10 JavaThread "File lock request listener"        [_thread_in_native, id=11644, stack(0x0000000c88400000,0x0000000c88500000) (1024K)]
  0x0000012b85249d50 JavaThread "Cache worker for file hash cache (C:\Users\Intel\.gradle\caches\9.3.0\fileHashes)"        [_thread_blocked, id=21932, stack(0x0000000c88500000,0x0000000c88600000) (1024K)]
  0x0000012b8524d400 JavaThread "Cache worker for file hash cache (C:\Users\Intel\Downloads\CRIAndroidSimple\.gradle\9.3.0\fileHashes)"        [_thread_blocked, id=16144, stack(0x0000000c88d00000,0x0000000c88e00000) (1024K)]
  0x0000012b86dab7c0 JavaThread "Cache worker for Build Output Cleanup Cache (C:\Users\Intel\Downloads\CRIAndroidSimple\.gradle\buildOutputCleanup)"        [_thread_blocked, id=6128, stack(0x0000000c88e00000,0x0000000c88f00000) (1024K)]
  0x0000012b86dabf90 JavaThread "File watcher server"        daemon [_thread_in_native, id=10132, stack(0x0000000c88f00000,0x0000000c89000000) (1024K)]
  0x0000012b86dac760 JavaThread "File watcher consumer"      daemon [_thread_blocked, id=5144, stack(0x0000000c89000000,0x0000000c89100000) (1024K)]
  0x0000012b86daee70 JavaThread "Cache worker for checksums cache (C:\Users\Intel\Downloads\CRIAndroidSimple\.gradle\9.3.0\checksums)"        [_thread_blocked, id=5848, stack(0x0000000c89100000,0x0000000c89200000) (1024K)]
  0x0000012b86e425c0 JavaThread "Cache worker for file content cache (C:\Users\Intel\.gradle\caches\9.3.0\fileContent)"        [_thread_blocked, id=3372, stack(0x0000000c89200000,0x0000000c89300000) (1024K)]
  0x0000012b86e44cd0 JavaThread "Cache worker for cache directory md-supplier (C:\Users\Intel\.gradle\caches\9.3.0\md-supplier)"        [_thread_blocked, id=9956, stack(0x0000000c89300000,0x0000000c89400000) (1024K)]
  0x0000012b86e44500 JavaThread "Cache worker for cache directory md-rule (C:\Users\Intel\.gradle\caches\9.3.0\md-rule)"        [_thread_blocked, id=12328, stack(0x0000000c89400000,0x0000000c89500000) (1024K)]
  0x0000012b86e41df0 JavaThread "jar transforms"                    [_thread_blocked, id=14672, stack(0x0000000c89500000,0x0000000c89600000) (1024K)]
  0x0000012b86e46c10 JavaThread "jar transforms Thread 2"           [_thread_blocked, id=18892, stack(0x0000000c89600000,0x0000000c89700000) (1024K)]
  0x0000012b86e46440 JavaThread "jar transforms Thread 3"           [_thread_blocked, id=20624, stack(0x0000000c89700000,0x0000000c89800000) (1024K)]
  0x0000012b8725f0a0 JavaThread "Unconstrained build operations"        [_thread_blocked, id=17740, stack(0x0000000c89800000,0x0000000c89900000) (1024K)]
  0x0000012b8725f870 JavaThread "Unconstrained build operations Thread 2"        [_thread_blocked, id=6432, stack(0x0000000c89900000,0x0000000c89a00000) (1024K)]
  0x0000012b87264690 JavaThread "Unconstrained build operations Thread 3"        [_thread_blocked, id=10656, stack(0x0000000c89a00000,0x0000000c89b00000) (1024K)]
  0x0000012b87264e60 JavaThread "Unconstrained build operations Thread 4"        [_thread_blocked, id=11204, stack(0x0000000c89b00000,0x0000000c89c00000) (1024K)]
  0x0000012b87265630 JavaThread "Unconstrained build operations Thread 5"        [_thread_blocked, id=16792, stack(0x0000000c89c00000,0x0000000c89d00000) (1024K)]
  0x0000012b87265e00 JavaThread "Unconstrained build operations Thread 6"        [_thread_blocked, id=16560, stack(0x0000000c89d00000,0x0000000c89e00000) (1024K)]
  0x0000012b87263ec0 JavaThread "Unconstrained build operations Thread 7"        [_thread_blocked, id=21808, stack(0x0000000c89e00000,0x0000000c89f00000) (1024K)]
  0x0000012b872207d0 JavaThread "Unconstrained build operations Thread 8"        [_thread_blocked, id=17084, stack(0x0000000c89f00000,0x0000000c8a000000) (1024K)]
  0x0000012b8721e0c0 JavaThread "Unconstrained build operations Thread 9"        [_thread_blocked, id=5060, stack(0x0000000c8a000000,0x0000000c8a100000) (1024K)]
  0x0000012b8721f830 JavaThread "Unconstrained build operations Thread 10"        [_thread_blocked, id=4200, stack(0x0000000c8a100000,0x0000000c8a200000) (1024K)]
  0x0000012b8721f060 JavaThread "Unconstrained build operations Thread 11"        [_thread_blocked, id=11080, stack(0x0000000c8a200000,0x0000000c8a300000) (1024K)]
  0x0000012b87221f40 JavaThread "Unconstrained build operations Thread 12"        [_thread_blocked, id=7904, stack(0x0000000c8a300000,0x0000000c8a400000) (1024K)]
  0x0000012b87224e20 JavaThread "Unconstrained build operations Thread 13"        [_thread_blocked, id=21684, stack(0x0000000c8a400000,0x0000000c8a500000) (1024K)]
  0x0000012b87222ee0 JavaThread "Unconstrained build operations Thread 14"        [_thread_blocked, id=2712, stack(0x0000000c8a500000,0x0000000c8a600000) (1024K)]
  0x0000012b87223e80 JavaThread "Unconstrained build operations Thread 15"        [_thread_blocked, id=18492, stack(0x0000000c8a600000,0x0000000c8a700000) (1024K)]
  0x0000012b8732bf30 JavaThread "Unconstrained build operations Thread 16"        [_thread_blocked, id=20756, stack(0x0000000c8a700000,0x0000000c8a800000) (1024K)]
  0x0000012b8732ced0 JavaThread "Unconstrained build operations Thread 17"        [_thread_blocked, id=5324, stack(0x0000000c8a800000,0x0000000c8a900000) (1024K)]
  0x0000012b87329ff0 JavaThread "Unconstrained build operations Thread 18"        [_thread_blocked, id=11704, stack(0x0000000c8a900000,0x0000000c8aa00000) (1024K)]
  0x0000012b8732a7c0 JavaThread "Unconstrained build operations Thread 19"        [_thread_blocked, id=9852, stack(0x0000000c8aa00000,0x0000000c8ab00000) (1024K)]
  0x0000012b87330d50 JavaThread "Unconstrained build operations Thread 20"        [_thread_blocked, id=10348, stack(0x0000000c8ab00000,0x0000000c8ac00000) (1024K)]
  0x0000012b8732f5e0 JavaThread "Unconstrained build operations Thread 21"        [_thread_blocked, id=20860, stack(0x0000000c8ac00000,0x0000000c8ad00000) (1024K)]
  0x0000012b87331520 JavaThread "Unconstrained build operations Thread 22"        [_thread_blocked, id=17668, stack(0x0000000c8ad00000,0x0000000c8ae00000) (1024K)]
  0x0000012b8732fdb0 JavaThread "jar transforms Thread 4"           [_thread_blocked, id=5472, stack(0x0000000c8ae00000,0x0000000c8af00000) (1024K)]
  0x0000012b884f4610 JavaThread "jar transforms Thread 5"           [_thread_blocked, id=21224, stack(0x0000000c8af00000,0x0000000c8b000000) (1024K)]
  0x0000012b884f74f0 JavaThread "Unconstrained build operations Thread 23"        [_thread_blocked, id=6912, stack(0x0000000c8b000000,0x0000000c8b100000) (1024K)]
  0x0000012b884f8490 JavaThread "Unconstrained build operations Thread 24"        [_thread_blocked, id=19360, stack(0x0000000c8b100000,0x0000000c8b200000) (1024K)]
  0x0000012b884f4de0 JavaThread "Unconstrained build operations Thread 25"        [_thread_blocked, id=20948, stack(0x0000000c8b200000,0x0000000c8b300000) (1024K)]
  0x0000012b884f6550 JavaThread "Unconstrained build operations Thread 26"        [_thread_blocked, id=19712, stack(0x0000000c8b300000,0x0000000c8b400000) (1024K)]
  0x0000012b884f55b0 JavaThread "Unconstrained build operations Thread 27"        [_thread_blocked, id=21256, stack(0x0000000c8b400000,0x0000000c8b500000) (1024K)]
  0x0000012b884fbb40 JavaThread "Unconstrained build operations Thread 28"        [_thread_blocked, id=17840, stack(0x0000000c8b500000,0x0000000c8b600000) (1024K)]
  0x0000012b884fc310 JavaThread "Unconstrained build operations Thread 29"        [_thread_blocked, id=12292, stack(0x0000000c8b600000,0x0000000c8b700000) (1024K)]
  0x0000012b884faba0 JavaThread "Unconstrained build operations Thread 30"        [_thread_blocked, id=11844, stack(0x0000000c8b700000,0x0000000c8b800000) (1024K)]
  0x0000012b884fd2b0 JavaThread "Unconstrained build operations Thread 31"        [_thread_blocked, id=19964, stack(0x0000000c8b800000,0x0000000c8b900000) (1024K)]
  0x0000012b88500190 JavaThread "Unconstrained build operations Thread 32"        [_thread_blocked, id=21196, stack(0x0000000c8b900000,0x0000000c8ba00000) (1024K)]
  0x0000012b884fda80 JavaThread "Unconstrained build operations Thread 33"        [_thread_blocked, id=19588, stack(0x0000000c8ba00000,0x0000000c8bb00000) (1024K)]
  0x0000012b88500960 JavaThread "jar transforms Thread 6"           [_thread_blocked, id=16092, stack(0x0000000c8bb00000,0x0000000c8bc00000) (1024K)]
  0x0000012b884fea20 JavaThread "jar transforms Thread 7"           [_thread_blocked, id=10144, stack(0x0000000c8bc00000,0x0000000c8bd00000) (1024K)]
  0x0000012b884ff9c0 JavaThread "jar transforms Thread 8"           [_thread_blocked, id=21068, stack(0x0000000c8bd00000,0x0000000c8be00000) (1024K)]
  0x0000012b8839a0c0 JavaThread "Unconstrained build operations Thread 34"        [_thread_blocked, id=9232, stack(0x0000000c8be00000,0x0000000c8bf00000) (1024K)]
  0x0000012b883979b0 JavaThread "Unconstrained build operations Thread 35"        [_thread_blocked, id=22216, stack(0x0000000c8bf00000,0x0000000c8c000000) (1024K)]
  0x0000012b8839eee0 JavaThread "Unconstrained build operations Thread 36"        [_thread_blocked, id=20784, stack(0x0000000c8c000000,0x0000000c8c100000) (1024K)]
  0x0000012b8839b830 JavaThread "Unconstrained build operations Thread 37"        [_thread_blocked, id=6452, stack(0x0000000c8c100000,0x0000000c8c200000) (1024K)]
  0x0000012b8839e710 JavaThread "Unconstrained build operations Thread 38"        [_thread_blocked, id=21524, stack(0x0000000c8c200000,0x0000000c8c300000) (1024K)]
  0x0000012b8839f6b0 JavaThread "Unconstrained build operations Thread 39"        [_thread_blocked, id=14696, stack(0x0000000c8c300000,0x0000000c8c400000) (1024K)]
  0x0000012b8839c7d0 JavaThread "Unconstrained build operations Thread 40"        [_thread_blocked, id=18376, stack(0x0000000c8c400000,0x0000000c8c500000) (1024K)]
  0x0000012b883a3d00 JavaThread "Unconstrained build operations Thread 41"        [_thread_blocked, id=13952, stack(0x0000000c8c500000,0x0000000c8c600000) (1024K)]
  0x0000012b883a2590 JavaThread "Unconstrained build operations Thread 42"        [_thread_blocked, id=17596, stack(0x0000000c8c600000,0x0000000c8c700000) (1024K)]
  0x0000012b883a2d60 JavaThread "Unconstrained build operations Thread 43"        [_thread_blocked, id=12296, stack(0x0000000c8c700000,0x0000000c8c800000) (1024K)]
  0x0000012b883a4ca0 JavaThread "Unconstrained build operations Thread 44"        [_thread_blocked, id=13376, stack(0x0000000c8c800000,0x0000000c8c900000) (1024K)]
  0x0000012b883a5c40 JavaThread "Unconstrained build operations Thread 45"        [_thread_blocked, id=6032, stack(0x0000000c8c900000,0x0000000c8ca00000) (1024K)]
  0x0000012b883a6410 JavaThread "Unconstrained build operations Thread 46"        [_thread_blocked, id=20420, stack(0x0000000c8ca00000,0x0000000c8cb00000) (1024K)]
  0x0000012b883a3530 JavaThread "Unconstrained build operations Thread 47"        [_thread_blocked, id=12788, stack(0x0000000c8cb00000,0x0000000c8cc00000) (1024K)]
  0x0000012b884aa970 JavaThread "Unconstrained build operations Thread 48"        [_thread_blocked, id=5996, stack(0x0000000c8cc00000,0x0000000c8cd00000) (1024K)]
  0x0000012b884a9200 JavaThread "Unconstrained build operations Thread 49"        [_thread_blocked, id=3628, stack(0x0000000c8cd00000,0x0000000c8ce00000) (1024K)]
  0x0000012b884a7a90 JavaThread "Unconstrained build operations Thread 50"        [_thread_blocked, id=5752, stack(0x0000000c8ce00000,0x0000000c8cf00000) (1024K)]
  0x0000012b884a72c0 JavaThread "Unconstrained build operations Thread 51"        [_thread_blocked, id=20796, stack(0x0000000c8cf00000,0x0000000c8d000000) (1024K)]
  0x0000012b884ad850 JavaThread "Unconstrained build operations Thread 52"        [_thread_blocked, id=20996, stack(0x0000000c8d000000,0x0000000c8d100000) (1024K)]
  0x0000012b884ae020 JavaThread "Unconstrained build operations Thread 53"        [_thread_blocked, id=22452, stack(0x0000000c8d100000,0x0000000c8d200000) (1024K)]
  0x0000012b884ad080 JavaThread "Unconstrained build operations Thread 54"        [_thread_blocked, id=2268, stack(0x0000000c8d200000,0x0000000c8d300000) (1024K)]
  0x0000012b884ab910 JavaThread "Unconstrained build operations Thread 55"        [_thread_blocked, id=15736, stack(0x0000000c8d300000,0x0000000c8d400000) (1024K)]
  0x0000012b884ac0e0 JavaThread "Unconstrained build operations Thread 56"        [_thread_blocked, id=19480, stack(0x0000000c8d400000,0x0000000c8d500000) (1024K)]
  0x0000012b884b2670 JavaThread "Unconstrained build operations Thread 57"        [_thread_blocked, id=20888, stack(0x0000000c8d500000,0x0000000c8d600000) (1024K)]
  0x0000012b884aff60 JavaThread "Unconstrained build operations Thread 58"        [_thread_blocked, id=16304, stack(0x0000000c8d600000,0x0000000c8d700000) (1024K)]
  0x0000012b884b0730 JavaThread "Unconstrained build operations Thread 59"        [_thread_blocked, id=15668, stack(0x0000000c8d700000,0x0000000c8d800000) (1024K)]
  0x0000012b884b16d0 JavaThread "Unconstrained build operations Thread 60"        [_thread_blocked, id=15624, stack(0x0000000c8d800000,0x0000000c8d900000) (1024K)]
  0x0000012b884b5550 JavaThread "Unconstrained build operations Thread 61"        [_thread_blocked, id=5044, stack(0x0000000c8d900000,0x0000000c8da00000) (1024K)]
  0x0000012b884b45b0 JavaThread "Unconstrained build operations Thread 62"        [_thread_blocked, id=21208, stack(0x0000000c8da00000,0x0000000c8db00000) (1024K)]
  0x0000012b884b4d80 JavaThread "Unconstrained build operations Thread 63"        [_thread_blocked, id=12776, stack(0x0000000c8db00000,0x0000000c8dc00000) (1024K)]
  0x0000012b879006a0 JavaThread "Unconstrained build operations Thread 64"        [_thread_blocked, id=16752, stack(0x0000000c8dc00000,0x0000000c8dd00000) (1024K)]
  0x0000012b878ffed0 JavaThread "Unconstrained build operations Thread 65"        [_thread_blocked, id=7540, stack(0x0000000c8dd00000,0x0000000c8de00000) (1024K)]
  0x0000012b878fdf90 JavaThread "Unconstrained build operations Thread 66"        [_thread_blocked, id=18368, stack(0x0000000c8de00000,0x0000000c8df00000) (1024K)]
  0x0000012b878fe760 JavaThread "Unconstrained build operations Thread 67"        [_thread_blocked, id=13416, stack(0x0000000c8df00000,0x0000000c8e000000) (1024K)]
  0x0000012b878fef30 JavaThread "Unconstrained build operations Thread 68"        [_thread_blocked, id=13560, stack(0x0000000c8e000000,0x0000000c8e100000) (1024K)]
  0x0000012b87904520 JavaThread "Unconstrained build operations Thread 69"        [_thread_blocked, id=15872, stack(0x0000000c8e100000,0x0000000c8e200000) (1024K)]
  0x0000012b879054c0 JavaThread "Unconstrained build operations Thread 70"        [_thread_blocked, id=21720, stack(0x0000000c8e200000,0x0000000c8e300000) (1024K)]
  0x0000012b87905c90 JavaThread "Unconstrained build operations Thread 71"        [_thread_blocked, id=11228, stack(0x0000000c8e300000,0x0000000c8e400000) (1024K)]
  0x0000012b87906c30 JavaThread "Unconstrained build operations Thread 72"        [_thread_blocked, id=10612, stack(0x0000000c8e400000,0x0000000c8e500000) (1024K)]
  0x0000012b87907400 JavaThread "Unconstrained build operations Thread 73"        [_thread_blocked, id=8116, stack(0x0000000c8e500000,0x0000000c8e600000) (1024K)]
  0x0000012b8790aab0 JavaThread "Unconstrained build operations Thread 74"        [_thread_blocked, id=22456, stack(0x0000000c8e600000,0x0000000c8e700000) (1024K)]
  0x0000012b87908b70 JavaThread "Unconstrained build operations Thread 75"        [_thread_blocked, id=4940, stack(0x0000000c8e700000,0x0000000c8e800000) (1024K)]
  0x0000012b87909340 JavaThread "Unconstrained build operations Thread 76"        [_thread_blocked, id=12872, stack(0x0000000c8e800000,0x0000000c8e900000) (1024K)]
  0x0000012b87907bd0 JavaThread "Unconstrained build operations Thread 77"        [_thread_blocked, id=13424, stack(0x0000000c8e900000,0x0000000c8ea00000) (1024K)]
  0x0000012b8790c220 JavaThread "Unconstrained build operations Thread 78"        [_thread_blocked, id=17988, stack(0x0000000c8ea00000,0x0000000c8eb00000) (1024K)]
  0x0000012b88891810 JavaThread "Unconstrained build operations Thread 79"        [_thread_blocked, id=18760, stack(0x0000000c8eb00000,0x0000000c8ec00000) (1024K)]
  0x0000012b88891fe0 JavaThread "Unconstrained build operations Thread 80"        [_thread_blocked, id=22076, stack(0x0000000c8ec00000,0x0000000c8ed00000) (1024K)]
  0x0000012b88893750 JavaThread "Unconstrained build operations Thread 81"        [_thread_blocked, id=14224, stack(0x0000000c8ed00000,0x0000000c8ee00000) (1024K)]
  0x0000012b888900a0 JavaThread "Unconstrained build operations Thread 82"        [_thread_blocked, id=16124, stack(0x0000000c8ee00000,0x0000000c8ef00000) (1024K)]
  0x0000012b888975d0 JavaThread "Unconstrained build operations Thread 83"        [_thread_blocked, id=22016, stack(0x0000000c8ef00000,0x0000000c8f000000) (1024K)]
  0x0000012b88893f20 JavaThread "Unconstrained build operations Thread 84"        [_thread_blocked, id=21204, stack(0x0000000c8f000000,0x0000000c8f100000) (1024K)]
  0x0000012b88896630 JavaThread "Unconstrained build operations Thread 85"        [_thread_blocked, id=15628, stack(0x0000000c8f100000,0x0000000c8f200000) (1024K)]
  0x0000012b88894ec0 JavaThread "Unconstrained build operations Thread 86"        [_thread_blocked, id=9220, stack(0x0000000c8f200000,0x0000000c8f300000) (1024K)]
  0x0000012b8889bc20 JavaThread "Unconstrained build operations Thread 87"        [_thread_blocked, id=16608, stack(0x0000000c8f300000,0x0000000c8f400000) (1024K)]
  0x0000012b88899510 JavaThread "Unconstrained build operations Thread 88"        [_thread_blocked, id=22180, stack(0x0000000c8f400000,0x0000000c8f500000) (1024K)]
  0x0000012b8889ac80 JavaThread "Unconstrained build operations Thread 89"        [_thread_blocked, id=3384, stack(0x0000000c8f500000,0x0000000c8f600000) (1024K)]
  0x0000012b88898d40 JavaThread "Unconstrained build operations Thread 90"        [_thread_blocked, id=15744, stack(0x0000000c8f600000,0x0000000c8f700000) (1024K)]
  0x0000012b8889d390 JavaThread "Unconstrained build operations Thread 91"        [_thread_blocked, id=17992, stack(0x0000000c8f700000,0x0000000c8f800000) (1024K)]
  0x0000012b8889db60 JavaThread "Unconstrained build operations Thread 92"        [_thread_blocked, id=12444, stack(0x0000000c8f800000,0x0000000c8f900000) (1024K)]
  0x0000012b888a1210 JavaThread "Unconstrained build operations Thread 93"        [_thread_blocked, id=19688, stack(0x0000000c8f900000,0x0000000c8fa00000) (1024K)]
  0x0000012b888a19e0 JavaThread "Unconstrained build operations Thread 94"        [_thread_blocked, id=15180, stack(0x0000000c8fa00000,0x0000000c8fb00000) (1024K)]
  0x0000012b8889f2d0 JavaThread "Unconstrained build operations Thread 95"        [_thread_blocked, id=11192, stack(0x0000000c8fb00000,0x0000000c8fc00000) (1024K)]
  0x0000012b8889eb00 JavaThread "Unconstrained build operations Thread 96"        [_thread_blocked, id=11180, stack(0x0000000c8fc00000,0x0000000c8fd00000) (1024K)]
  0x0000012b888a40f0 JavaThread "Unconstrained build operations Thread 97"        [_thread_blocked, id=15400, stack(0x0000000c8fd00000,0x0000000c8fe00000) (1024K)]
  0x0000012b888a48c0 JavaThread "Unconstrained build operations Thread 98"        [_thread_blocked, id=6224, stack(0x0000000c8fe00000,0x0000000c8ff00000) (1024K)]
  0x0000012b888a6030 JavaThread "Unconstrained build operations Thread 99"        [_thread_blocked, id=18920, stack(0x0000000c8ff00000,0x0000000c90000000) (1024K)]
  0x0000012b888a2980 JavaThread "Unconstrained build operations Thread 100"        [_thread_blocked, id=9436, stack(0x0000000c90000000,0x0000000c90100000) (1024K)]
  0x0000012b888a77a0 JavaThread "Unconstrained build operations Thread 101"        [_thread_blocked, id=15776, stack(0x0000000c90100000,0x0000000c90200000) (1024K)]
  0x0000012b888a6800 JavaThread "Unconstrained build operations Thread 102"        [_thread_blocked, id=15168, stack(0x0000000c90200000,0x0000000c90300000) (1024K)]
  0x0000012b888aa680 JavaThread "Unconstrained build operations Thread 103"        [_thread_blocked, id=18616, stack(0x0000000c90300000,0x0000000c90400000) (1024K)]
  0x0000012b888aae50 JavaThread "Unconstrained build operations Thread 104"        [_thread_blocked, id=15084, stack(0x0000000c90400000,0x0000000c90500000) (1024K)]
  0x0000012b888abdf0 JavaThread "Unconstrained build operations Thread 105"        [_thread_blocked, id=15120, stack(0x0000000c90500000,0x0000000c90600000) (1024K)]
  0x0000012b888a8f10 JavaThread "Unconstrained build operations Thread 106"        [_thread_blocked, id=14444, stack(0x0000000c90600000,0x0000000c90700000) (1024K)]
  0x0000012b888acd90 JavaThread "Unconstrained build operations Thread 107"        [_thread_blocked, id=21596, stack(0x0000000c90700000,0x0000000c90800000) (1024K)]
  0x0000012b888ad560 JavaThread "Unconstrained build operations Thread 108"        [_thread_blocked, id=17940, stack(0x0000000c90800000,0x0000000c90900000) (1024K)]
  0x0000012b888aecd0 JavaThread "Unconstrained build operations Thread 109"        [_thread_blocked, id=9992, stack(0x0000000c90900000,0x0000000c90a00000) (1024K)]
  0x0000012b886b9370 JavaThread "Unconstrained build operations Thread 110"        [_thread_blocked, id=21284, stack(0x0000000c90a00000,0x0000000c90b00000) (1024K)]
  0x0000012b886baae0 JavaThread "Unconstrained build operations Thread 111"        [_thread_blocked, id=16796, stack(0x0000000c90b00000,0x0000000c90c00000) (1024K)]
  0x0000012b886bb2b0 JavaThread "Unconstrained build operations Thread 112"        [_thread_blocked, id=7952, stack(0x0000000c90c00000,0x0000000c90d00000) (1024K)]
  0x0000012b886b8ba0 JavaThread "Unconstrained build operations Thread 113"        [_thread_blocked, id=17768, stack(0x0000000c90d00000,0x0000000c90e00000) (1024K)]
  0x0000012b886bba80 JavaThread "Unconstrained build operations Thread 114"        [_thread_blocked, id=14424, stack(0x0000000c90e00000,0x0000000c90f00000) (1024K)]
  0x0000012b886bca20 JavaThread "Unconstrained build operations Thread 115"        [_thread_blocked, id=3888, stack(0x0000000c90f00000,0x0000000c91000000) (1024K)]
  0x0000012b886b9b40 JavaThread "Unconstrained build operations Thread 116"        [_thread_blocked, id=1984, stack(0x0000000c91000000,0x0000000c91100000) (1024K)]
  0x0000012b886c1070 JavaThread "Unconstrained build operations Thread 117"        [_thread_blocked, id=22044, stack(0x0000000c91100000,0x0000000c91200000) (1024K)]
  0x0000012b886bf900 JavaThread "Unconstrained build operations Thread 118"        [_thread_blocked, id=1068, stack(0x0000000c91200000,0x0000000c91300000) (1024K)]
  0x0000012b886bd9c0 JavaThread "Unconstrained build operations Thread 119"        [_thread_blocked, id=13280, stack(0x0000000c91300000,0x0000000c91400000) (1024K)]
  0x0000012b886c2010 JavaThread "Unconstrained build operations Thread 120"        [_thread_blocked, id=6848, stack(0x0000000c91400000,0x0000000c91500000) (1024K)]
  0x0000012b886be960 JavaThread "Unconstrained build operations Thread 121"        [_thread_blocked, id=11484, stack(0x0000000c91500000,0x0000000c91600000) (1024K)]
  0x0000012b886c56c0 JavaThread "Unconstrained build operations Thread 122"        [_thread_blocked, id=19100, stack(0x0000000c91600000,0x0000000c91700000) (1024K)]
  0x0000012b886c4ef0 JavaThread "Unconstrained build operations Thread 123"        [_thread_blocked, id=21092, stack(0x0000000c91700000,0x0000000c91800000) (1024K)]
  0x0000012b886c5e90 JavaThread "Unconstrained build operations Thread 124"        [_thread_blocked, id=8784, stack(0x0000000c91800000,0x0000000c91900000) (1024K)]
  0x0000012b886c2fb0 JavaThread "Unconstrained build operations Thread 125"        [_thread_blocked, id=16452, stack(0x0000000c91900000,0x0000000c91a00000) (1024K)]
  0x0000012b886c3780 JavaThread "Unconstrained build operations Thread 126"        [_thread_blocked, id=17796, stack(0x0000000c91a00000,0x0000000c91b00000) (1024K)]
  0x0000012b886a84c0 JavaThread "C2 CompilerThread4"         daemon [_thread_in_native, id=9412, stack(0x0000000c91b00000,0x0000000c91c00000) (1024K)]
  0x0000012b886a8cd0 JavaThread "C2 CompilerThread5"         daemon [_thread_in_native, id=12976, stack(0x0000000c91c00000,0x0000000c91d00000) (1024K)]
  0x0000012b886aa500 JavaThread "C2 CompilerThread6"         daemon [_thread_in_native, id=13844, stack(0x0000000c91d00000,0x0000000c91e00000) (1024K)]
  0x0000012b886ca4e0 JavaThread "Problems report writer"            [_thread_blocked, id=20952, stack(0x0000000c91e00000,0x0000000c91f00000) (1024K)]
  0x0000012b886cd3c0 JavaThread "build event listener"              [_thread_blocked, id=11076, stack(0x0000000c91f00000,0x0000000c92000000) (1024K)]
  0x0000012b886ce360 JavaThread "Memory manager"                    [_thread_blocked, id=7564, stack(0x0000000c92000000,0x0000000c92100000) (1024K)]
  0x0000012b886cfad0 JavaThread "build event listener"              [_thread_blocked, id=18924, stack(0x0000000c92100000,0x0000000c92200000) (1024K)]
  0x0000012b8efa22a0 JavaThread "pool-3-thread-1"                   [_thread_blocked, id=10000, stack(0x0000000c92200000,0x0000000c92300000) (1024K)]
  0x0000012b8efa3a10 JavaThread "build event listener"              [_thread_blocked, id=9844, stack(0x0000000c92300000,0x0000000c92400000) (1024K)]
  0x0000012b8efa5180 JavaThread "included builds"                   [_thread_blocked, id=15068, stack(0x0000000c92400000,0x0000000c92500000) (1024K)]
  0x0000012b8efa41e0 JavaThread "Execution worker"                  [_thread_blocked, id=17792, stack(0x0000000c92500000,0x0000000c92600000) (1024K)]
  0x0000012b8efa2a70 JavaThread "Execution worker Thread 2"         [_thread_blocked, id=2404, stack(0x0000000c92600000,0x0000000c92700000) (1024K)]
  0x0000012b8efa7890 JavaThread "Execution worker Thread 3"         [_thread_blocked, id=22196, stack(0x0000000c92700000,0x0000000c92800000) (1024K)]
  0x0000012b8efa68f0 JavaThread "Execution worker Thread 4"         [_thread_blocked, id=9280, stack(0x0000000c92800000,0x0000000c92900000) (1024K)]
  0x0000012b8efa97d0 JavaThread "Execution worker Thread 5"         [_thread_blocked, id=9120, stack(0x0000000c92900000,0x0000000c92a00000) (1024K)]
  0x0000012b8efa8060 JavaThread "Execution worker Thread 6"         [_thread_blocked, id=21576, stack(0x0000000c92a00000,0x0000000c92b00000) (1024K)]
  0x0000012b8eface80 JavaThread "Execution worker Thread 7"         [_thread_blocked, id=16904, stack(0x0000000c92b00000,0x0000000c92c00000) (1024K)]
  0x0000012b8efabee0 JavaThread "Execution worker Thread 8"         [_thread_blocked, id=8052, stack(0x0000000c92c00000,0x0000000c92d00000) (1024K)]
  0x0000012b8efad650 JavaThread "Execution worker Thread 9"         [_thread_blocked, id=5216, stack(0x0000000c92d00000,0x0000000c92e00000) (1024K)]
  0x0000012b8efac6b0 JavaThread "Execution worker Thread 10"        [_thread_blocked, id=19152, stack(0x0000000c92e00000,0x0000000c92f00000) (1024K)]
  0x0000012b8efaaf40 JavaThread "Execution worker Thread 11"        [_thread_blocked, id=18908, stack(0x0000000c92f00000,0x0000000c93000000) (1024K)]
  0x0000012b8efb0530 JavaThread "Execution worker Thread 12"        [_thread_blocked, id=3612, stack(0x0000000c93000000,0x0000000c93100000) (1024K)]
  0x0000012b8efb2470 JavaThread "Execution worker Thread 13"        [_thread_blocked, id=16192, stack(0x0000000c93100000,0x0000000c93200000) (1024K)]
  0x0000012b8efb14d0 JavaThread "Execution worker Thread 14"        [_thread_blocked, id=15816, stack(0x0000000c93200000,0x0000000c93300000) (1024K)]
  0x0000012b8efaedc0 JavaThread "Execution worker Thread 15"        [_thread_blocked, id=19472, stack(0x0000000c93300000,0x0000000c93400000) (1024K)]
  0x0000012b8efb5b20 JavaThread "Execution worker Thread 16"        [_thread_blocked, id=21148, stack(0x0000000c93400000,0x0000000c93500000) (1024K)]
  0x0000012b8efb5350 JavaThread "Execution worker Thread 17"        [_thread_blocked, id=16204, stack(0x0000000c93500000,0x0000000c93600000) (1024K)]
  0x0000012b8efb62f0 JavaThread "Execution worker Thread 18"        [_thread_blocked, id=8608, stack(0x0000000c93600000,0x0000000c93700000) (1024K)]
  0x0000012b8efb7290 JavaThread "Execution worker Thread 19"        [_thread_blocked, id=11960, stack(0x0000000c93700000,0x0000000c93800000) (1024K)]
  0x0000012b8efb7a60 JavaThread "Execution worker Thread 20"        [_thread_blocked, id=15620, stack(0x0000000c93800000,0x0000000c93900000) (1024K)]
  0x0000012b8efb91d0 JavaThread "Execution worker Thread 21"        [_thread_blocked, id=14500, stack(0x0000000c93900000,0x0000000c93a00000) (1024K)]
  0x0000012b8efbb110 JavaThread "Execution worker Thread 22"        [_thread_blocked, id=15604, stack(0x0000000c93a00000,0x0000000c93b00000) (1024K)]
  0x0000012b8efb8a00 JavaThread "Execution worker Thread 23"        [_thread_blocked, id=21312, stack(0x0000000c93b00000,0x0000000c93c00000) (1024K)]
  0x0000012b8efb8230 JavaThread "Execution worker Thread 24"        [_thread_blocked, id=16168, stack(0x0000000c93c00000,0x0000000c93d00000) (1024K)]
  0x0000012b8efbef90 JavaThread "Execution worker Thread 25"        [_thread_blocked, id=21012, stack(0x0000000c93d00000,0x0000000c93e00000) (1024K)]
  0x0000012b8efbd820 JavaThread "Execution worker Thread 26"        [_thread_blocked, id=2308, stack(0x0000000c93e00000,0x0000000c93f00000) (1024K)]
  0x0000012b8efbdff0 JavaThread "Execution worker Thread 27"        [_thread_blocked, id=21608, stack(0x0000000c93f00000,0x0000000c94000000) (1024K)]
  0x0000012b8efbe7c0 JavaThread "Execution worker Thread 28"        [_thread_blocked, id=21028, stack(0x0000000c94000000,0x0000000c94100000) (1024K)]
  0x0000012b8efc0ed0 JavaThread "Execution worker Thread 29"        [_thread_blocked, id=17172, stack(0x0000000c94100000,0x0000000c94200000) (1024K)]
  0x0000012b8efc16a0 JavaThread "Execution worker Thread 30"        [_thread_blocked, id=18180, stack(0x0000000c94200000,0x0000000c94300000) (1024K)]
  0x0000012b8f05f690 JavaThread "Execution worker Thread 31"        [_thread_blocked, id=1088, stack(0x0000000c94300000,0x0000000c94400000) (1024K)]
  0x0000012b8f553ee0 JavaThread "Cache worker for execution history cache (C:\Users\Intel\Downloads\CRIAndroidSimple\.gradle\9.3.0\executionHistory)"        [_thread_blocked, id=22164, stack(0x0000000c94400000,0x0000000c94500000) (1024K)]
  0x0000012b8f551fa0 JavaThread "Unconstrained build operations Thread 127"        [_thread_blocked, id=16860, stack(0x0000000c94500000,0x0000000c94600000) (1024K)]
  0x0000012b8f5565f0 JavaThread "Unconstrained build operations Thread 128"        [_thread_blocked, id=1340, stack(0x0000000c94600000,0x0000000c94700000) (1024K)]
  0x0000012b8f557590 JavaThread "Unconstrained build operations Thread 129"        [_thread_blocked, id=17600, stack(0x0000000c94700000,0x0000000c94800000) (1024K)]
  0x0000012b8f558d00 JavaThread "Unconstrained build operations Thread 130"        [_thread_blocked, id=12320, stack(0x0000000c94a00000,0x0000000c94b00000) (1024K)]
  0x0000012b8f5594d0 JavaThread "Unconstrained build operations Thread 131"        [_thread_blocked, id=20780, stack(0x0000000c94b00000,0x0000000c94c00000) (1024K)]
  0x0000012b8f556dc0 JavaThread "Unconstrained build operations Thread 132"        [_thread_blocked, id=14780, stack(0x0000000c94c00000,0x0000000c94d00000) (1024K)]
  0x0000012b8f55a470 JavaThread "Unconstrained build operations Thread 133"        [_thread_blocked, id=14396, stack(0x0000000c94d00000,0x0000000c94e00000) (1024K)]
  0x0000012b8f55c3b0 JavaThread "Unconstrained build operations Thread 134"        [_thread_blocked, id=17944, stack(0x0000000c94e00000,0x0000000c94f00000) (1024K)]
  0x0000012b8f55b410 JavaThread "Unconstrained build operations Thread 135"        [_thread_blocked, id=13948, stack(0x0000000c94f00000,0x0000000c95000000) (1024K)]
  0x0000012b8f55d350 JavaThread "Unconstrained build operations Thread 136"        [_thread_blocked, id=15372, stack(0x0000000c95000000,0x0000000c95100000) (1024K)]
  0x0000012b8f55f290 JavaThread "Unconstrained build operations Thread 137"        [_thread_blocked, id=22148, stack(0x0000000c95100000,0x0000000c95200000) (1024K)]
  0x0000012b8f5619a0 JavaThread "Unconstrained build operations Thread 138"        [_thread_blocked, id=21952, stack(0x0000000c95200000,0x0000000c95300000) (1024K)]
  0x0000012b8f563110 JavaThread "Unconstrained build operations Thread 139"        [_thread_blocked, id=21152, stack(0x0000000c95300000,0x0000000c95400000) (1024K)]
  0x0000012b8f5638e0 JavaThread "Unconstrained build operations Thread 140"        [_thread_blocked, id=5080, stack(0x0000000c95400000,0x0000000c95500000) (1024K)]
  0x0000012b8f560230 JavaThread "Unconstrained build operations Thread 141"        [_thread_blocked, id=3296, stack(0x0000000c95500000,0x0000000c95600000) (1024K)]
  0x0000012b8f5611d0 JavaThread "Unconstrained build operations Thread 142"        [_thread_blocked, id=21928, stack(0x0000000c95600000,0x0000000c95700000) (1024K)]
  0x0000012b8f564880 JavaThread "Unconstrained build operations Thread 143"        [_thread_blocked, id=21464, stack(0x0000000c95700000,0x0000000c95800000) (1024K)]
  0x0000012b8f567760 JavaThread "Unconstrained build operations Thread 144"        [_thread_blocked, id=20840, stack(0x0000000c95800000,0x0000000c95900000) (1024K)]
  0x0000012b8f565820 JavaThread "Unconstrained build operations Thread 145"        [_thread_blocked, id=20428, stack(0x0000000c95900000,0x0000000c95a00000) (1024K)]
  0x0000012b8f567f30 JavaThread "Unconstrained build operations Thread 146"        [_thread_blocked, id=17604, stack(0x0000000c95a00000,0x0000000c95b00000) (1024K)]
  0x0000012b8f566f90 JavaThread "Unconstrained build operations Thread 147"        [_thread_blocked, id=21476, stack(0x0000000c95b00000,0x0000000c95c00000) (1024K)]
  0x0000012b8f569e70 JavaThread "Unconstrained build operations Thread 148"        [_thread_blocked, id=22508, stack(0x0000000c95c00000,0x0000000c95d00000) (1024K)]
  0x0000012b8f56b5e0 JavaThread "Unconstrained build operations Thread 149"        [_thread_blocked, id=13832, stack(0x0000000c95d00000,0x0000000c95e00000) (1024K)]
  0x0000012b8f56dcf0 JavaThread "Unconstrained build operations Thread 150"        [_thread_blocked, id=19188, stack(0x0000000c95e00000,0x0000000c95f00000) (1024K)]
  0x0000012b8f56bdb0 JavaThread "Unconstrained build operations Thread 151"        [_thread_blocked, id=12412, stack(0x0000000c95f00000,0x0000000c96000000) (1024K)]
  0x0000012b8f56e4c0 JavaThread "Unconstrained build operations Thread 152"        [_thread_blocked, id=20940, stack(0x0000000c96000000,0x0000000c96100000) (1024K)]
  0x0000012b8f56ae10 JavaThread "Unconstrained build operations Thread 153"        [_thread_blocked, id=15756, stack(0x0000000c96100000,0x0000000c96200000) (1024K)]
  0x0000012b8f56cd50 JavaThread "Unconstrained build operations Thread 154"        [_thread_blocked, id=18808, stack(0x0000000c96200000,0x0000000c96300000) (1024K)]
  0x0000012b8f570bd0 JavaThread "Unconstrained build operations Thread 155"        [_thread_blocked, id=11848, stack(0x0000000c96300000,0x0000000c96400000) (1024K)]
  0x0000012b8f570400 JavaThread "Unconstrained build operations Thread 156"        [_thread_blocked, id=21900, stack(0x0000000c96400000,0x0000000c96500000) (1024K)]
  0x0000012b8f11ed70 JavaThread "Unconstrained build operations Thread 157"        [_thread_blocked, id=18128, stack(0x0000000c96500000,0x0000000c96600000) (1024K)]
  0x0000012b8f11e5a0 JavaThread "Unconstrained build operations Thread 158"        [_thread_blocked, id=1768, stack(0x0000000c96600000,0x0000000c96700000) (1024K)]
  0x0000012b8f11ce30 JavaThread "Unconstrained build operations Thread 159"        [_thread_blocked, id=12892, stack(0x0000000c96700000,0x0000000c96800000) (1024K)]
  0x0000012b8f124b30 JavaThread "Unconstrained build operations Thread 160"        [_thread_blocked, id=1876, stack(0x0000000c96800000,0x0000000c96900000) (1024K)]
  0x0000012b8f124360 JavaThread "Unconstrained build operations Thread 161"        [_thread_blocked, id=9336, stack(0x0000000c96900000,0x0000000c96a00000) (1024K)]
  0x0000012b8f121c50 JavaThread "Unconstrained build operations Thread 162"        [_thread_blocked, id=17660, stack(0x0000000c96a00000,0x0000000c96b00000) (1024K)]
  0x0000012b8f125ad0 JavaThread "Unconstrained build operations Thread 163"        [_thread_blocked, id=11532, stack(0x0000000c96b00000,0x0000000c96c00000) (1024K)]
  0x0000012b8f122bf0 JavaThread "Unconstrained build operations Thread 164"        [_thread_blocked, id=16696, stack(0x0000000c96c00000,0x0000000c96d00000) (1024K)]
  0x0000012b8f127240 JavaThread "Unconstrained build operations Thread 165"        [_thread_blocked, id=13036, stack(0x0000000c96d00000,0x0000000c96e00000) (1024K)]
  0x0000012b8f12b0c0 JavaThread "Unconstrained build operations Thread 166"        [_thread_blocked, id=10924, stack(0x0000000c96e00000,0x0000000c96f00000) (1024K)]
  0x0000012b8f127a10 JavaThread "Unconstrained build operations Thread 167"        [_thread_blocked, id=3928, stack(0x0000000c96f00000,0x0000000c97000000) (1024K)]
  0x0000012b8f12b890 JavaThread "Unconstrained build operations Thread 168"        [_thread_blocked, id=21156, stack(0x0000000c97000000,0x0000000c97100000) (1024K)]
  0x0000012b8f1289b0 JavaThread "Unconstrained build operations Thread 169"        [_thread_blocked, id=21836, stack(0x0000000c97100000,0x0000000c97200000) (1024K)]
  0x0000012b8f12c830 JavaThread "Unconstrained build operations Thread 170"        [_thread_blocked, id=20896, stack(0x0000000c97200000,0x0000000c97300000) (1024K)]
  0x0000012b8f12d000 JavaThread "Unconstrained build operations Thread 171"        [_thread_blocked, id=3376, stack(0x0000000c97300000,0x0000000c97400000) (1024K)]
  0x0000012b8f12d7d0 JavaThread "Unconstrained build operations Thread 172"        [_thread_blocked, id=12344, stack(0x0000000c97400000,0x0000000c97500000) (1024K)]
  0x0000012b8f12fee0 JavaThread "Unconstrained build operations Thread 173"        [_thread_blocked, id=12076, stack(0x0000000c97500000,0x0000000c97600000) (1024K)]
  0x0000012b8f131650 JavaThread "Unconstrained build operations Thread 174"        [_thread_blocked, id=22024, stack(0x0000000c97600000,0x0000000c97700000) (1024K)]
  0x0000012b8f12dfa0 JavaThread "Unconstrained build operations Thread 175"        [_thread_blocked, id=21824, stack(0x0000000c97700000,0x0000000c97800000) (1024K)]
  0x0000012b8f1325f0 JavaThread "Unconstrained build operations Thread 176"        [_thread_blocked, id=21460, stack(0x0000000c97800000,0x0000000c97900000) (1024K)]
  0x0000012b8f132dc0 JavaThread "Unconstrained build operations Thread 177"        [_thread_blocked, id=15688, stack(0x0000000c97900000,0x0000000c97a00000) (1024K)]
  0x0000012b8f1354d0 JavaThread "Unconstrained build operations Thread 178"        [_thread_blocked, id=14492, stack(0x0000000c97a00000,0x0000000c97b00000) (1024K)]
  0x0000012b8f136470 JavaThread "Unconstrained build operations Thread 179"        [_thread_blocked, id=1784, stack(0x0000000c97b00000,0x0000000c97c00000) (1024K)]
  0x0000012b8f133d60 JavaThread "Unconstrained build operations Thread 180"        [_thread_blocked, id=13016, stack(0x0000000c97c00000,0x0000000c97d00000) (1024K)]
  0x0000012b8f133590 JavaThread "Unconstrained build operations Thread 181"        [_thread_blocked, id=4304, stack(0x0000000c97d00000,0x0000000c97e00000) (1024K)]
  0x0000012b8f137be0 JavaThread "Unconstrained build operations Thread 182"        [_thread_blocked, id=21764, stack(0x0000000c97e00000,0x0000000c97f00000) (1024K)]
  0x0000012b8f139b20 JavaThread "Unconstrained build operations Thread 183"        [_thread_blocked, id=15684, stack(0x0000000c97f00000,0x0000000c98000000) (1024K)]
  0x0000012b8f13a2f0 JavaThread "Unconstrained build operations Thread 184"        [_thread_blocked, id=21616, stack(0x0000000c98000000,0x0000000c98100000) (1024K)]
  0x0000012b8f13aac0 JavaThread "Unconstrained build operations Thread 185"        [_thread_blocked, id=6336, stack(0x0000000c98100000,0x0000000c98200000) (1024K)]
  0x0000012b8f138b80 JavaThread "Unconstrained build operations Thread 186"        [_thread_blocked, id=2200, stack(0x0000000c98200000,0x0000000c98300000) (1024K)]
  0x0000012b8f13ca00 JavaThread "Unconstrained build operations Thread 187"        [_thread_blocked, id=3676, stack(0x0000000c98300000,0x0000000c98400000) (1024K)]
  0x0000012b8f13d1d0 JavaThread "Unconstrained build operations Thread 188"        [_thread_blocked, id=2612, stack(0x0000000c98400000,0x0000000c98500000) (1024K)]
  0x0000012b8f13e940 JavaThread "Unconstrained build operations Thread 189"        [_thread_blocked, id=21160, stack(0x0000000c98500000,0x0000000c98600000) (1024K)]
  0x0000012b8f1427c0 JavaThread "Unconstrained build operations Thread 190"        [_thread_blocked, id=17640, stack(0x0000000c98600000,0x0000000c98700000) (1024K)]
  0x0000012b8f141820 JavaThread "Unconstrained build operations Thread 191"        [_thread_blocked, id=22224, stack(0x0000000c98700000,0x0000000c98800000) (1024K)]
  0x0000012b8f141ff0 JavaThread "Unconstrained build operations Thread 192"        [_thread_blocked, id=18212, stack(0x0000000c98800000,0x0000000c98900000) (1024K)]
  0x0000012b8f143760 JavaThread "Unconstrained build operations Thread 193"        [_thread_blocked, id=14836, stack(0x0000000c98900000,0x0000000c98a00000) (1024K)]
  0x0000012b8f140880 JavaThread "Unconstrained build operations Thread 194"        [_thread_blocked, id=17632, stack(0x0000000c98a00000,0x0000000c98b00000) (1024K)]
  0x0000012b8f145e70 JavaThread "Unconstrained build operations Thread 195"        [_thread_blocked, id=9144, stack(0x0000000c98b00000,0x0000000c98c00000) (1024K)]
  0x0000012b8f1475e0 JavaThread "Unconstrained build operations Thread 196"        [_thread_blocked, id=7220, stack(0x0000000c98c00000,0x0000000c98d00000) (1024K)]
  0x0000012b8f143f30 JavaThread "Unconstrained build operations Thread 197"        [_thread_blocked, id=21328, stack(0x0000000c98d00000,0x0000000c98e00000) (1024K)]
  0x0000012b8f148580 JavaThread "Unconstrained build operations Thread 198"        [_thread_blocked, id=21528, stack(0x0000000c98e00000,0x0000000c98f00000) (1024K)]
  0x0000012b8f144ed0 JavaThread "Unconstrained build operations Thread 199"        [_thread_blocked, id=16188, stack(0x0000000c98f00000,0x0000000c99000000) (1024K)]
  0x0000012b8f14a4c0 JavaThread "Unconstrained build operations Thread 200"        [_thread_blocked, id=21624, stack(0x0000000c99000000,0x0000000c99100000) (1024K)]
  0x0000012b8f14ac90 JavaThread "Unconstrained build operations Thread 201"        [_thread_blocked, id=8736, stack(0x0000000c99100000,0x0000000c99200000) (1024K)]
  0x0000012b8f14bc30 JavaThread "Unconstrained build operations Thread 202"        [_thread_blocked, id=12836, stack(0x0000000c99200000,0x0000000c99300000) (1024K)]
  0x0000012b8f149520 JavaThread "Unconstrained build operations Thread 203"        [_thread_blocked, id=3204, stack(0x0000000c99300000,0x0000000c99400000) (1024K)]
  0x0000012b8f14e340 JavaThread "Unconstrained build operations Thread 204"        [_thread_blocked, id=20776, stack(0x0000000c99400000,0x0000000c99500000) (1024K)]
  0x0000012b8f14f2e0 JavaThread "Unconstrained build operations Thread 205"        [_thread_blocked, id=17316, stack(0x0000000c99500000,0x0000000c99600000) (1024K)]
  0x0000012b8f14fab0 JavaThread "Unconstrained build operations Thread 206"        [_thread_blocked, id=22304, stack(0x0000000c99600000,0x0000000c99700000) (1024K)]
  0x0000012b8f150a50 JavaThread "Unconstrained build operations Thread 207"        [_thread_blocked, id=6656, stack(0x0000000c99700000,0x0000000c99800000) (1024K)]
  0x0000012b8f14d3a0 JavaThread "Unconstrained build operations Thread 208"        [_thread_blocked, id=12364, stack(0x0000000c99800000,0x0000000c99900000) (1024K)]
  0x0000012b8f151220 JavaThread "Unconstrained build operations Thread 209"        [_thread_blocked, id=18680, stack(0x0000000c99900000,0x0000000c99a00000) (1024K)]
  0x0000012b8f1550a0 JavaThread "Unconstrained build operations Thread 210"        [_thread_blocked, id=10156, stack(0x0000000c99a00000,0x0000000c99b00000) (1024K)]
  0x0000012b8f155870 JavaThread "Unconstrained build operations Thread 211"        [_thread_blocked, id=21332, stack(0x0000000c99b00000,0x0000000c99c00000) (1024K)]
  0x0000012b8f156040 JavaThread "Unconstrained build operations Thread 212"        [_thread_blocked, id=11628, stack(0x0000000c99c00000,0x0000000c99d00000) (1024K)]
  0x0000012b8f156810 JavaThread "Unconstrained build operations Thread 213"        [_thread_blocked, id=19032, stack(0x0000000c99d00000,0x0000000c99e00000) (1024K)]
  0x0000012b8f157f80 JavaThread "Unconstrained build operations Thread 214"        [_thread_blocked, id=3616, stack(0x0000000c99e00000,0x0000000c99f00000) (1024K)]
  0x0000012b8f158f20 JavaThread "Unconstrained build operations Thread 215"        [_thread_blocked, id=17860, stack(0x0000000c99f00000,0x0000000c9a000000) (1024K)]
  0x0000012b8f1596f0 JavaThread "Unconstrained build operations Thread 216"        [_thread_blocked, id=13552, stack(0x0000000c9a000000,0x0000000c9a100000) (1024K)]
  0x0000012b8f15b630 JavaThread "Unconstrained build operations Thread 217"        [_thread_blocked, id=21516, stack(0x0000000c9a100000,0x0000000c9a200000) (1024K)]
  0x0000012b8f15ae60 JavaThread "Unconstrained build operations Thread 218"        [_thread_blocked, id=12324, stack(0x0000000c9a200000,0x0000000c9a300000) (1024K)]
  0x0000012b8f05fe60 JavaThread "Unconstrained build operations Thread 219"        [_thread_blocked, id=22120, stack(0x0000000c9a300000,0x0000000c9a400000) (1024K)]
  0x0000012b8f061da0 JavaThread "Unconstrained build operations Thread 220"        [_thread_blocked, id=12336, stack(0x0000000c9a400000,0x0000000c9a500000) (1024K)]
  0x0000012b8f0663f0 JavaThread "WorkerExecutor Queue"              [_thread_blocked, id=15376, stack(0x0000000c9a500000,0x0000000c9a600000) (1024K)]
  0x0000012b8f062d40 JavaThread "Unconstrained build operations Thread 221"        [_thread_blocked, id=3956, stack(0x0000000c9a600000,0x0000000c9a700000) (1024K)]
  0x0000012b8f066bc0 JavaThread "Unconstrained build operations Thread 222"        [_thread_blocked, id=10204, stack(0x0000000c9a700000,0x0000000c9a800000) (1024K)]
  0x0000012b8f063ce0 JavaThread "Unconstrained build operations Thread 223"        [_thread_blocked, id=21260, stack(0x0000000c9a800000,0x0000000c9a900000) (1024K)]
  0x0000012b8f068330 JavaThread "Unconstrained build operations Thread 224"        [_thread_blocked, id=15224, stack(0x0000000c9a900000,0x0000000c9aa00000) (1024K)]
  0x0000012b8f068b00 JavaThread "Unconstrained build operations Thread 225"        [_thread_blocked, id=17976, stack(0x0000000c9aa00000,0x0000000c9ab00000) (1024K)]
  0x0000012b8f0692d0 JavaThread "Unconstrained build operations Thread 226"        [_thread_blocked, id=21384, stack(0x0000000c9ab00000,0x0000000c9ac00000) (1024K)]
  0x0000012b8f06b210 JavaThread "Unconstrained build operations Thread 227"        [_thread_blocked, id=18936, stack(0x0000000c9ac00000,0x0000000c9ad00000) (1024K)]
  0x0000012b8f06b9e0 JavaThread "Unconstrained build operations Thread 228"        [_thread_blocked, id=22520, stack(0x0000000c9ad00000,0x0000000c9ae00000) (1024K)]
  0x0000012b8f06c980 JavaThread "Unconstrained build operations Thread 229"        [_thread_blocked, id=4092, stack(0x0000000c9ae00000,0x0000000c9af00000) (1024K)]
  0x0000012b8f06e0f0 JavaThread "Unconstrained build operations Thread 230"        [_thread_blocked, id=1708, stack(0x0000000c9af00000,0x0000000c9b000000) (1024K)]
  0x0000012b8f071f70 JavaThread "Unconstrained build operations Thread 231"        [_thread_blocked, id=5496, stack(0x0000000c9b000000,0x0000000c9b100000) (1024K)]
  0x0000012b8f070030 JavaThread "Unconstrained build operations Thread 232"        [_thread_blocked, id=12304, stack(0x0000000c9b100000,0x0000000c9b200000) (1024K)]
  0x0000012b8f070800 JavaThread "Unconstrained build operations Thread 233"        [_thread_blocked, id=10016, stack(0x0000000c9b200000,0x0000000c9b300000) (1024K)]
  0x0000012b8f06f860 JavaThread "Unconstrained build operations Thread 234"        [_thread_blocked, id=11832, stack(0x0000000c9b300000,0x0000000c9b400000) (1024K)]
  0x0000012b8f06e8c0 JavaThread "Unconstrained build operations Thread 235"        [_thread_blocked, id=12800, stack(0x0000000c9b400000,0x0000000c9b500000) (1024K)]
  0x0000012b8f075620 JavaThread "Unconstrained build operations Thread 236"        [_thread_blocked, id=18576, stack(0x0000000c9b500000,0x0000000c9b600000) (1024K)]
  0x0000012b8f073eb0 JavaThread "Unconstrained build operations Thread 237"        [_thread_blocked, id=19388, stack(0x0000000c9b600000,0x0000000c9b700000) (1024K)]
  0x0000012b8f072740 JavaThread "Unconstrained build operations Thread 238"        [_thread_blocked, id=10364, stack(0x0000000c9b700000,0x0000000c9b800000) (1024K)]
  0x0000012b8f076d90 JavaThread "Unconstrained build operations Thread 239"        [_thread_blocked, id=14324, stack(0x0000000c9b800000,0x0000000c9b900000) (1024K)]
  0x0000012b8f0736e0 JavaThread "Unconstrained build operations Thread 240"        [_thread_blocked, id=4972, stack(0x0000000c9b900000,0x0000000c9ba00000) (1024K)]
  0x0000012b8f077560 JavaThread "Unconstrained build operations Thread 241"        [_thread_blocked, id=20040, stack(0x0000000c9ba00000,0x0000000c9bb00000) (1024K)]
  0x0000012b8f0794a0 JavaThread "Unconstrained build operations Thread 242"        [_thread_blocked, id=17592, stack(0x0000000c9bb00000,0x0000000c9bc00000) (1024K)]
  0x0000012b8f07bbb0 JavaThread "Unconstrained build operations Thread 243"        [_thread_blocked, id=17396, stack(0x0000000c9bc00000,0x0000000c9bd00000) (1024K)]
  0x0000012b8f07a440 JavaThread "Unconstrained build operations Thread 244"        [_thread_blocked, id=12140, stack(0x0000000c9bd00000,0x0000000c9be00000) (1024K)]
  0x0000012b8f078cd0 JavaThread "Unconstrained build operations Thread 245"        [_thread_blocked, id=18912, stack(0x0000000c9be00000,0x0000000c9bf00000) (1024K)]
  0x0000012b8f079c70 JavaThread "Unconstrained build operations Thread 246"        [_thread_blocked, id=3488, stack(0x0000000c9bf00000,0x0000000c9c000000) (1024K)]
  0x0000012b8f5713a0 JavaThread "Unconstrained build operations Thread 247"        [_thread_blocked, id=2180, stack(0x0000000c9c000000,0x0000000c9c100000) (1024K)]
  0x0000012b8fb69d70 JavaThread "Unconstrained build operations Thread 248"        [_thread_blocked, id=10660, stack(0x0000000c9c100000,0x0000000c9c200000) (1024K)]
  0x0000012b8fe9bb10 JavaThread "Unconstrained build operations Thread 249"        [_thread_blocked, id=15436, stack(0x0000000c9c200000,0x0000000c9c300000) (1024K)]
  0x0000012b8fe9cab0 JavaThread "Unconstrained build operations Thread 250"        [_thread_blocked, id=15664, stack(0x0000000c9c300000,0x0000000c9c400000) (1024K)]
  0x0000012b8fe99bd0 JavaThread "Unconstrained build operations Thread 251"        [_thread_blocked, id=19348, stack(0x0000000c9c400000,0x0000000c9c500000) (1024K)]
  0x0000012b8fe9d280 JavaThread "Unconstrained build operations Thread 252"        [_thread_blocked, id=20016, stack(0x0000000c9c500000,0x0000000c9c600000) (1024K)]
  0x0000012b8fe9da50 JavaThread "Unconstrained build operations Thread 253"        [_thread_blocked, id=1552, stack(0x0000000c9c600000,0x0000000c9c700000) (1024K)]
  0x0000012b8fe9f1c0 JavaThread "Unconstrained build operations Thread 254"        [_thread_blocked, id=9292, stack(0x0000000c9c700000,0x0000000c9c800000) (1024K)]
  0x0000012b8fe9e9f0 JavaThread "Unconstrained build operations Thread 255"        [_thread_blocked, id=21232, stack(0x0000000c9c800000,0x0000000c9c900000) (1024K)]
  0x0000012b8fea2870 JavaThread "Unconstrained build operations Thread 256"        [_thread_blocked, id=10884, stack(0x0000000c9c900000,0x0000000c9ca00000) (1024K)]
  0x0000012b8fea3040 JavaThread "Unconstrained build operations Thread 257"        [_thread_blocked, id=12504, stack(0x0000000c9ca00000,0x0000000c9cb00000) (1024K)]
  0x0000012b8fea0930 JavaThread "Unconstrained build operations Thread 258"        [_thread_blocked, id=16492, stack(0x0000000c9cb00000,0x0000000c9cc00000) (1024K)]
  0x0000012b8fe9f990 JavaThread "Unconstrained build operations Thread 259"        [_thread_blocked, id=2152, stack(0x0000000c9cc00000,0x0000000c9cd00000) (1024K)]
  0x0000012b8fea4f80 JavaThread "Unconstrained build operations Thread 260"        [_thread_blocked, id=8084, stack(0x0000000c9cd00000,0x0000000c9ce00000) (1024K)]
  0x0000012b8fea3810 JavaThread "Unconstrained build operations Thread 261"        [_thread_blocked, id=17936, stack(0x0000000c9ce00000,0x0000000c9cf00000) (1024K)]
  0x0000012b8fea3fe0 JavaThread "Unconstrained build operations Thread 262"        [_thread_blocked, id=2032, stack(0x0000000c9cf00000,0x0000000c9d000000) (1024K)]
  0x0000012b8fea5750 JavaThread "Unconstrained build operations Thread 263"        [_thread_blocked, id=3272, stack(0x0000000c9d000000,0x0000000c9d100000) (1024K)]
  0x0000012b8fea8630 JavaThread "Unconstrained build operations Thread 264"        [_thread_blocked, id=16568, stack(0x0000000c9d100000,0x0000000c9d200000) (1024K)]
  0x0000012b8fea8e00 JavaThread "Unconstrained build operations Thread 265"        [_thread_blocked, id=16424, stack(0x0000000c9d200000,0x0000000c9d300000) (1024K)]
  0x0000012b8fea66f0 JavaThread "Unconstrained build operations Thread 266"        [_thread_blocked, id=12676, stack(0x0000000c9d300000,0x0000000c9d400000) (1024K)]
  0x0000012b8feacc80 JavaThread "Unconstrained build operations Thread 267"        [_thread_blocked, id=18660, stack(0x0000000c9d400000,0x0000000c9d500000) (1024K)]
  0x0000012b8fead450 JavaThread "Unconstrained build operations Thread 268"        [_thread_blocked, id=18220, stack(0x0000000c9d500000,0x0000000c9d600000) (1024K)]
  0x0000012b8feaa570 JavaThread "Unconstrained build operations Thread 269"        [_thread_blocked, id=5888, stack(0x0000000c9d600000,0x0000000c9d700000) (1024K)]
  0x0000012b8feafb60 JavaThread "Unconstrained build operations Thread 270"        [_thread_blocked, id=10868, stack(0x0000000c9d700000,0x0000000c9d800000) (1024K)]
  0x0000012b8feaf390 JavaThread "Unconstrained build operations Thread 271"        [_thread_blocked, id=2460, stack(0x0000000c9d800000,0x0000000c9d900000) (1024K)]
  0x0000012b8feb0330 JavaThread "Unconstrained build operations Thread 272"        [_thread_blocked, id=11656, stack(0x0000000c9d900000,0x0000000c9da00000) (1024K)]
  0x0000012b8feae3f0 JavaThread "Unconstrained build operations Thread 273"        [_thread_blocked, id=20956, stack(0x0000000c9da00000,0x0000000c9db00000) (1024K)]
  0x0000012b8feb0b00 JavaThread "Unconstrained build operations Thread 274"        [_thread_blocked, id=12144, stack(0x0000000c9db00000,0x0000000c9dc00000) (1024K)]
  0x0000012b8feb4980 JavaThread "Unconstrained build operations Thread 275"        [_thread_blocked, id=22332, stack(0x0000000c9dc00000,0x0000000c9dd00000) (1024K)]
  0x0000012b8feb5920 JavaThread "Unconstrained build operations Thread 276"        [_thread_blocked, id=18708, stack(0x0000000c9dd00000,0x0000000c9de00000) (1024K)]
  0x0000012b8feb60f0 JavaThread "Unconstrained build operations Thread 277"        [_thread_blocked, id=5184, stack(0x0000000c9de00000,0x0000000c9df00000) (1024K)]
  0x0000012b8feb68c0 JavaThread "Unconstrained build operations Thread 278"        [_thread_blocked, id=20908, stack(0x0000000c9df00000,0x0000000c9e000000) (1024K)]
  0x0000012b8feb7090 JavaThread "Unconstrained build operations Thread 279"        [_thread_blocked, id=16972, stack(0x0000000c9e000000,0x0000000c9e100000) (1024K)]
  0x0000012b8febaf10 JavaThread "Unconstrained build operations Thread 280"        [_thread_blocked, id=13004, stack(0x0000000c9e100000,0x0000000c9e200000) (1024K)]
  0x0000012b8febb6e0 JavaThread "Unconstrained build operations Thread 281"        [_thread_blocked, id=19484, stack(0x0000000c9e200000,0x0000000c9e300000) (1024K)]
  0x0000012b8feb9f70 JavaThread "Unconstrained build operations Thread 282"        [_thread_blocked, id=2448, stack(0x0000000c9e300000,0x0000000c9e400000) (1024K)]
  0x0000012b8feb8fd0 JavaThread "Unconstrained build operations Thread 283"        [_thread_blocked, id=5164, stack(0x0000000c9e400000,0x0000000c9e500000) (1024K)]
  0x0000012b8feb97a0 JavaThread "Unconstrained build operations Thread 284"        [_thread_blocked, id=21452, stack(0x0000000c9e500000,0x0000000c9e600000) (1024K)]
  0x0000012b8febd620 JavaThread "Unconstrained build operations Thread 285"        [_thread_blocked, id=20196, stack(0x0000000c9e600000,0x0000000c9e700000) (1024K)]
  0x0000012b8febed90 JavaThread "Unconstrained build operations Thread 286"        [_thread_blocked, id=21228, stack(0x0000000c9e700000,0x0000000c9e800000) (1024K)]
  0x0000012b8fec1c70 JavaThread "Unconstrained build operations Thread 287"        [_thread_blocked, id=3080, stack(0x0000000c9e800000,0x0000000c9e900000) (1024K)]
  0x0000012b8fec14a0 JavaThread "Unconstrained build operations Thread 288"        [_thread_blocked, id=9080, stack(0x0000000c9e900000,0x0000000c9ea00000) (1024K)]
  0x0000012b8febf560 JavaThread "Unconstrained build operations Thread 289"        [_thread_blocked, id=22256, stack(0x0000000c9ea00000,0x0000000c9eb00000) (1024K)]
  0x0000012b8fec2440 JavaThread "Unconstrained build operations Thread 290"        [_thread_blocked, id=17348, stack(0x0000000c9eb00000,0x0000000c9ec00000) (1024K)]
  0x0000012b8fec33e0 JavaThread "Unconstrained build operations Thread 291"        [_thread_blocked, id=15740, stack(0x0000000c9ec00000,0x0000000c9ed00000) (1024K)]
  0x0000012b8fec62c0 JavaThread "Unconstrained build operations Thread 292"        [_thread_blocked, id=21652, stack(0x0000000c9ed00000,0x0000000c9ee00000) (1024K)]
  0x0000012b8fec6a90 JavaThread "Unconstrained build operations Thread 293"        [_thread_blocked, id=17476, stack(0x0000000c9ee00000,0x0000000c9ef00000) (1024K)]
  0x0000012b8fec5320 JavaThread "Unconstrained build operations Thread 294"        [_thread_blocked, id=15608, stack(0x0000000c9ef00000,0x0000000c9f000000) (1024K)]
  0x0000012b8fec5af0 JavaThread "Unconstrained build operations Thread 295"        [_thread_blocked, id=6012, stack(0x0000000c9f000000,0x0000000c9f100000) (1024K)]
  0x0000012b8fec9970 JavaThread "Unconstrained build operations Thread 296"        [_thread_blocked, id=18224, stack(0x0000000c9f100000,0x0000000c9f200000) (1024K)]
  0x0000012b8feca910 JavaThread "Unconstrained build operations Thread 297"        [_thread_blocked, id=14868, stack(0x0000000c9f200000,0x0000000c9f300000) (1024K)]
  0x0000012b8fecb0e0 JavaThread "Unconstrained build operations Thread 298"        [_thread_blocked, id=14812, stack(0x0000000c9f300000,0x0000000c9f400000) (1024K)]
  0x0000012b8fecb8b0 JavaThread "Unconstrained build operations Thread 299"        [_thread_blocked, id=20092, stack(0x0000000c9f400000,0x0000000c9f500000) (1024K)]
  0x0000012b8fec89d0 JavaThread "Unconstrained build operations Thread 300"        [_thread_blocked, id=15728, stack(0x0000000c9f500000,0x0000000c9f600000) (1024K)]
  0x0000012b8fecd020 JavaThread "Unconstrained build operations Thread 301"        [_thread_blocked, id=12600, stack(0x0000000c9f600000,0x0000000c9f700000) (1024K)]
  0x0000012b8fecdfc0 JavaThread "Unconstrained build operations Thread 302"        [_thread_blocked, id=18184, stack(0x0000000c9f700000,0x0000000c9f800000) (1024K)]
  0x0000012b8fecf730 JavaThread "Unconstrained build operations Thread 303"        [_thread_blocked, id=12688, stack(0x0000000c9f800000,0x0000000c9f900000) (1024K)]
  0x0000012b8fed0ea0 JavaThread "Unconstrained build operations Thread 304"        [_thread_blocked, id=19172, stack(0x0000000c9f900000,0x0000000c9fa00000) (1024K)]
  0x0000012b8fed06d0 JavaThread "Unconstrained build operations Thread 305"        [_thread_blocked, id=5688, stack(0x0000000c9fa00000,0x0000000c9fb00000) (1024K)]
  0x0000012b8fed2610 JavaThread "Unconstrained build operations Thread 306"        [_thread_blocked, id=4568, stack(0x0000000c9fb00000,0x0000000c9fc00000) (1024K)]
  0x0000012b8fed2de0 JavaThread "Unconstrained build operations Thread 307"        [_thread_blocked, id=20760, stack(0x0000000c9fc00000,0x0000000c9fd00000) (1024K)]
  0x0000012b8fed4550 JavaThread "Unconstrained build operations Thread 308"        [_thread_blocked, id=10624, stack(0x0000000c9fd00000,0x0000000c9fe00000) (1024K)]
  0x0000012b8fed6490 JavaThread "Unconstrained build operations Thread 309"        [_thread_blocked, id=4124, stack(0x0000000c9fe00000,0x0000000c9ff00000) (1024K)]
  0x0000012b8fed6c60 JavaThread "Unconstrained build operations Thread 310"        [_thread_blocked, id=7488, stack(0x0000000c9ff00000,0x0000000ca0000000) (1024K)]
  0x0000012b8fed35b0 JavaThread "Unconstrained build operations Thread 311"        [_thread_blocked, id=14980, stack(0x0000000ca0000000,0x0000000ca0100000) (1024K)]
  0x0000012b8fed7430 JavaThread "Unconstrained build operations Thread 312"        [_thread_blocked, id=13576, stack(0x0000000ca0100000,0x0000000ca0200000) (1024K)]
  0x0000012b8fb6a540 JavaThread "Unconstrained build operations Thread 313"        [_thread_blocked, id=19012, stack(0x0000000ca0200000,0x0000000ca0300000) (1024K)]
  0x0000012b8e5a91f0 JavaThread "C2 CompilerThread7"         daemon [_thread_in_native, id=21268, stack(0x0000000ca0300000,0x0000000ca0400000) (1024K)]
  0x0000012b8e5a89e0 JavaThread "C2 CompilerThread8"         daemon [_thread_in_native, id=4188, stack(0x0000000ca0400000,0x0000000ca0500000) (1024K)]
  0x0000012b8e5a9a00 JavaThread "C2 CompilerThread9"         daemon [_thread_in_native, id=21296, stack(0x0000000ca0500000,0x0000000ca0600000) (1024K)]
Total: 406

Other Threads:
  0x0000012bfda320f0 VMThread "VM Thread"                           [id=12248, stack(0x0000000c85300000,0x0000000c85400000) (1024K)]
  0x0000012bfd9f19d0 WatcherThread "VM Periodic Task Thread"        [id=14856, stack(0x0000000c85200000,0x0000000c85300000) (1024K)]
  0x0000012be6151370 WorkerThread "GC Thread#0"                     [id=15656, stack(0x0000000c84d00000,0x0000000c84e00000) (1024K)]
  0x0000012bfedefeb0 WorkerThread "GC Thread#1"                     [id=4012, stack(0x0000000c86300000,0x0000000c86400000) (1024K)]
  0x0000012bfea689d0 WorkerThread "GC Thread#2"                     [id=20676, stack(0x0000000c86400000,0x0000000c86500000) (1024K)]
  0x0000012bfea65610 WorkerThread "GC Thread#3"                     [id=14792, stack(0x0000000c86500000,0x0000000c86600000) (1024K)]
  0x0000012bfea651c0 WorkerThread "GC Thread#4"                     [id=13124, stack(0x0000000c86600000,0x0000000c86700000) (1024K)]
  0x0000012bfea65a60 WorkerThread "GC Thread#5"                     [id=21416, stack(0x0000000c86700000,0x0000000c86800000) (1024K)]
  0x0000012b84902870 WorkerThread "GC Thread#6"                     [id=2592, stack(0x0000000c87100000,0x0000000c87200000) (1024K)]
  0x0000012b84902cc0 WorkerThread "GC Thread#7"                     [id=10828, stack(0x0000000c87200000,0x0000000c87300000) (1024K)]
  0x0000012b84903560 WorkerThread "GC Thread#8"                     [id=20448, stack(0x0000000c87300000,0x0000000c87400000) (1024K)]
  0x0000012b848ff900 WorkerThread "GC Thread#9"                     [id=7320, stack(0x0000000c87400000,0x0000000c87500000) (1024K)]
  0x0000012b849039b0 WorkerThread "GC Thread#10"                    [id=20976, stack(0x0000000c87500000,0x0000000c87600000) (1024K)]
  0x0000012b848ffd50 WorkerThread "GC Thread#11"                    [id=18896, stack(0x0000000c87600000,0x0000000c87700000) (1024K)]
  0x0000012b84903e00 WorkerThread "GC Thread#12"                    [id=10564, stack(0x0000000c87700000,0x0000000c87800000) (1024K)]
  0x0000012b849001a0 WorkerThread "GC Thread#13"                    [id=3756, stack(0x0000000c87800000,0x0000000c87900000) (1024K)]
  0x0000012b84904f40 WorkerThread "GC Thread#14"                    [id=13916, stack(0x0000000c87900000,0x0000000c87a00000) (1024K)]
  0x0000012b84906080 WorkerThread "GC Thread#15"                    [id=5312, stack(0x0000000c87a00000,0x0000000c87b00000) (1024K)]
  0x0000012b854160c0 WorkerThread "GC Thread#16"                    [id=21756, stack(0x0000000c88600000,0x0000000c88700000) (1024K)]
  0x0000012b85416510 WorkerThread "GC Thread#17"                    [id=16704, stack(0x0000000c88700000,0x0000000c88800000) (1024K)]
  0x0000012b85414290 WorkerThread "GC Thread#18"                    [id=15912, stack(0x0000000c88800000,0x0000000c88900000) (1024K)]
  0x0000012b85417650 WorkerThread "GC Thread#19"                    [id=11332, stack(0x0000000c88900000,0x0000000c88a00000) (1024K)]
  0x0000012b85416db0 WorkerThread "GC Thread#20"                    [id=15456, stack(0x0000000c88a00000,0x0000000c88b00000) (1024K)]
  0x0000012b854139f0 WorkerThread "GC Thread#21"                    [id=3172, stack(0x0000000c88b00000,0x0000000c88c00000) (1024K)]
  0x0000012b85417aa0 WorkerThread "GC Thread#22"                    [id=10344, stack(0x0000000c88c00000,0x0000000c88d00000) (1024K)]
  0x0000012be6159930 ConcurrentGCThread "G1 Main Marker"            [id=7064, stack(0x0000000c84e00000,0x0000000c84f00000) (1024K)]
  0x0000012be615bc80 WorkerThread "G1 Conc#0"                       [id=15392, stack(0x0000000c84f00000,0x0000000c85000000) (1024K)]
=>0x0000012b849064d0 WorkerThread "G1 Conc#1"                       [id=19736, stack(0x0000000c87b00000,0x0000000c87c00000) (1024K)]
  0x0000012b84904250 WorkerThread "G1 Conc#2"                       [id=3356, stack(0x0000000c87c00000,0x0000000c87d00000) (1024K)]
  0x0000012b84906920 WorkerThread "G1 Conc#3"                       [id=21936, stack(0x0000000c87d00000,0x0000000c87e00000) (1024K)]
  0x0000012b84905390 WorkerThread "G1 Conc#4"                       [id=3380, stack(0x0000000c87e00000,0x0000000c87f00000) (1024K)]
  0x0000012b849046a0 WorkerThread "G1 Conc#5"                       [id=1560, stack(0x0000000c87f00000,0x0000000c88000000) (1024K)]
  0x0000012bfd8be600 ConcurrentGCThread "G1 Refine#0"               [id=2880, stack(0x0000000c85000000,0x0000000c85100000) (1024K)]
  0x0000012bfd8bf010 ConcurrentGCThread "G1 Service"                [id=15008, stack(0x0000000c85100000,0x0000000c85200000) (1024K)]
Total: 34

Threads with active compile tasks:
C2 CompilerThread0  5898 21925       4       com.android.tools.r8.ir.optimize.e0::a (1588 bytes)
C2 CompilerThread1  5898 22213       4       com.android.tools.r8.internal.CQ::b (4448 bytes)
C2 CompilerThread2  5898 22244 %     4       com.android.tools.r8.internal.Wm::b @ 647 (3611 bytes)
C2 CompilerThread3  5898 20697       4       com.android.tools.r8.ir.optimize.z::a (506 bytes)
C2 CompilerThread4  5898 20393 %     4       com.android.tools.r8.internal.CQ::a @ 1309 (1862 bytes)
C2 CompilerThread5  5898 22183 %     4       com.android.tools.r8.internal.CQ::b @ 937 (1520 bytes)
C2 CompilerThread6  5898 22254       4       com.android.tools.r8.ir.optimize.e0::a (708 bytes)
C2 CompilerThread7  5898 22144 %     4       com.android.tools.r8.internal.f40::a @ 280 (496 bytes)
C2 CompilerThread8  5898 22264       4       com.android.tools.r8.ir.optimize.e0::a (114 bytes)
C2 CompilerThread9  5898 22274       4       com.android.tools.r8.graph.U0::a (433 bytes)
Total: 10

VM state: not at safepoint (normal execution)

VM Mutex/Monitor currently owned by a thread:  ([mutex/lock_event])
[0x00007ff8a6184818] Heap_lock - owner thread: 0x0000012b8fed4550

Heap address: 0x00000000e0000000, size: 512 MB, Compressed Oops mode: 32-bit

CDS archive(s) not mapped
Compressed class space mapped at: 0x00000000c0000000-0x00000000d4000000, reserved size: 335544320
UseCompressedClassPointers 1, UseCompactObjectHeaders 0
Narrow klass pointer bits 32, Max shift 3
Narrow klass base: 0x0000000000000000, Narrow klass shift: 0
Encoding Range: [0x0000000000000000 - 0x0000000100000000), (4294967296 bytes)
Klass Range:    [0x00000000c0000000 - 0x00000000d4000000), (335544320 bytes)
Klass ID Range:  [3221225472 - 3556769785) (335544313)
No protection zone.

GC Precious Log:
 CardTable entry size: 512
 Card Set container configuration: InlinePtr #cards 5 size 8 Array Of Cards #cards 10 size 36 Howl #buckets 4 coarsen threshold 1843 Howl Bitmap #cards 512 size 80 coarsen threshold 460 Card regions per heap region 1 cards per card region 2048
 CPUs: 32 total, 32 available
 Memory: 65243M
 Large Page Support: Disabled
 NUMA Support: Disabled
 Compressed Oops: Enabled (32-bit)
 Heap Region Size: 1M
 Heap Min Capacity: 256M
 Heap Initial Capacity: 256M
 Heap Max Capacity: 512M
 Pre-touch: Disabled
 Parallel Workers: 23
 Concurrent Workers: 6
 Concurrent Refinement Workers: 23
 Periodic GC: Disabled

Heap:
 garbage-first heap   total reserved 524288K, committed 524288K, used 494719K [0x00000000e0000000, 0x0000000100000000)
  region size 1024K, 177 young (181248K), 10 survivors (10240K)

Heap Regions: E=young(eden), S=young(survivor), O=old, HS=humongous(starts), HC=humongous(continues), CS=collection set, F=free, TAMS=top-at-mark-start, PB=parsable bottom
|   0|0x00000000e0000000, 0x00000000e0100000, 0x00000000e0100000|100%|HS|  |TAMS 0x00000000e0100000| PB 0x00000000e0000000| Complete |  0
|   1|0x00000000e0100000, 0x00000000e0200000, 0x00000000e0200000|100%|HC|  |TAMS 0x00000000e0200000| PB 0x00000000e0100000| Complete |  0
|   2|0x00000000e0200000, 0x00000000e0300000, 0x00000000e0300000|100%|HC|  |TAMS 0x00000000e0300000| PB 0x00000000e0200000| Complete |  0
|   3|0x00000000e0300000, 0x00000000e0400000, 0x00000000e0400000|100%|HC|  |TAMS 0x00000000e0400000| PB 0x00000000e0300000| Complete |  0
|   4|0x00000000e0400000, 0x00000000e0500000, 0x00000000e0500000|100%|HS|  |TAMS 0x00000000e0500000| PB 0x00000000e0400000| Complete |  0
|   5|0x00000000e0500000, 0x00000000e0600000, 0x00000000e0600000|100%| O|  |TAMS 0x00000000e0600000| PB 0x00000000e0500000| Untracked |  0
|   6|0x00000000e0600000, 0x00000000e0700000, 0x00000000e0700000|100%| O|  |TAMS 0x00000000e0700000| PB 0x00000000e0600000| Untracked |  0
|   7|0x00000000e0700000, 0x00000000e0800000, 0x00000000e0800000|100%| O|  |TAMS 0x00000000e0800000| PB 0x00000000e0700000| Untracked |  0
|   8|0x00000000e0800000, 0x00000000e0900000, 0x00000000e0900000|100%| O|  |TAMS 0x00000000e0900000| PB 0x00000000e0800000| Untracked |  0
|   9|0x00000000e0900000, 0x00000000e0a00000, 0x00000000e0a00000|100%| O|  |TAMS 0x00000000e0a00000| PB 0x00000000e0900000| Untracked |  0
|  10|0x00000000e0a00000, 0x00000000e0b00000, 0x00000000e0b00000|100%| O|  |TAMS 0x00000000e0b00000| PB 0x00000000e0a00000| Untracked |  0
|  11|0x00000000e0b00000, 0x00000000e0c00000, 0x00000000e0c00000|100%| O|  |TAMS 0x00000000e0c00000| PB 0x00000000e0b00000| Untracked |  0
|  12|0x00000000e0c00000, 0x00000000e0d00000, 0x00000000e0d00000|100%| O|  |TAMS 0x00000000e0d00000| PB 0x00000000e0c00000| Untracked |  0
|  13|0x00000000e0d00000, 0x00000000e0e00000, 0x00000000e0e00000|100%| O|  |TAMS 0x00000000e0e00000| PB 0x00000000e0d00000| Untracked |  0
|  14|0x00000000e0e00000, 0x00000000e0f00000, 0x00000000e0f00000|100%| O|  |TAMS 0x00000000e0f00000| PB 0x00000000e0e00000| Untracked |  0
|  15|0x00000000e0f00000, 0x00000000e1000000, 0x00000000e1000000|100%| O|  |TAMS 0x00000000e1000000| PB 0x00000000e0f00000| Untracked |  0
|  16|0x00000000e1000000, 0x00000000e1100000, 0x00000000e1100000|100%| O|  |TAMS 0x00000000e1100000| PB 0x00000000e1000000| Untracked |  0
|  17|0x00000000e1100000, 0x00000000e1200000, 0x00000000e1200000|100%| O|  |TAMS 0x00000000e1200000| PB 0x00000000e1100000| Untracked |  0
|  18|0x00000000e1200000, 0x00000000e1300000, 0x00000000e1300000|100%| O|  |TAMS 0x00000000e1300000| PB 0x00000000e1200000| Untracked |  0
|  19|0x00000000e1300000, 0x00000000e1400000, 0x00000000e1400000|100%| O|  |TAMS 0x00000000e1400000| PB 0x00000000e1300000| Untracked |  0
|  20|0x00000000e1400000, 0x00000000e1500000, 0x00000000e1500000|100%| O|  |TAMS 0x00000000e1500000| PB 0x00000000e1400000| Untracked |  0
|  21|0x00000000e1500000, 0x00000000e1600000, 0x00000000e1600000|100%| O|  |TAMS 0x00000000e1600000| PB 0x00000000e1500000| Untracked |  0
|  22|0x00000000e1600000, 0x00000000e1700000, 0x00000000e1700000|100%| O|  |TAMS 0x00000000e1700000| PB 0x00000000e1600000| Untracked |  0
|  23|0x00000000e1700000, 0x00000000e1800000, 0x00000000e1800000|100%| O|  |TAMS 0x00000000e1800000| PB 0x00000000e1700000| Untracked |  0
|  24|0x00000000e1800000, 0x00000000e1900000, 0x00000000e1900000|100%| O|  |TAMS 0x00000000e1900000| PB 0x00000000e1800000| Untracked |  0
|  25|0x00000000e1900000, 0x00000000e1a00000, 0x00000000e1a00000|100%| O|  |TAMS 0x00000000e1a00000| PB 0x00000000e1900000| Untracked |  0
|  26|0x00000000e1a00000, 0x00000000e1b00000, 0x00000000e1b00000|100%| O|  |TAMS 0x00000000e1b00000| PB 0x00000000e1a00000| Untracked |  0
|  27|0x00000000e1b00000, 0x00000000e1c00000, 0x00000000e1c00000|100%| O|  |TAMS 0x00000000e1c00000| PB 0x00000000e1b00000| Untracked |  0
|  28|0x00000000e1c00000, 0x00000000e1d00000, 0x00000000e1d00000|100%| O|  |TAMS 0x00000000e1d00000| PB 0x00000000e1c00000| Untracked |  0
|  29|0x00000000e1d00000, 0x00000000e1e00000, 0x00000000e1e00000|100%| O|  |TAMS 0x00000000e1e00000| PB 0x00000000e1d00000| Untracked |  0
|  30|0x00000000e1e00000, 0x00000000e1f00000, 0x00000000e1f00000|100%| O|  |TAMS 0x00000000e1f00000| PB 0x00000000e1e00000| Untracked |  0
|  31|0x00000000e1f00000, 0x00000000e2000000, 0x00000000e2000000|100%| O|  |TAMS 0x00000000e2000000| PB 0x00000000e1f00000| Untracked |  0
|  32|0x00000000e2000000, 0x00000000e2100000, 0x00000000e2100000|100%| O|  |TAMS 0x00000000e2100000| PB 0x00000000e2000000| Untracked |  0
|  33|0x00000000e2100000, 0x00000000e2200000, 0x00000000e2200000|100%| O|  |TAMS 0x00000000e2200000| PB 0x00000000e2100000| Untracked |  0
|  34|0x00000000e2200000, 0x00000000e2300000, 0x00000000e2300000|100%| O|  |TAMS 0x00000000e2300000| PB 0x00000000e2200000| Untracked |  0
|  35|0x00000000e2300000, 0x00000000e2400000, 0x00000000e2400000|100%| O|  |TAMS 0x00000000e2400000| PB 0x00000000e2300000| Untracked |  0
|  36|0x00000000e2400000, 0x00000000e2500000, 0x00000000e2500000|100%| O|  |TAMS 0x00000000e2500000| PB 0x00000000e2400000| Untracked |  0
|  37|0x00000000e2500000, 0x00000000e2600000, 0x00000000e2600000|100%| O|  |TAMS 0x00000000e2600000| PB 0x00000000e2500000| Untracked |  0
|  38|0x00000000e2600000, 0x00000000e2700000, 0x00000000e2700000|100%| O|  |TAMS 0x00000000e2700000| PB 0x00000000e2600000| Untracked |  0
|  39|0x00000000e2700000, 0x00000000e2800000, 0x00000000e2800000|100%| O|  |TAMS 0x00000000e2800000| PB 0x00000000e2700000| Untracked |  0
|  40|0x00000000e2800000, 0x00000000e2900000, 0x00000000e2900000|100%| O|  |TAMS 0x00000000e2900000| PB 0x00000000e2800000| Untracked |  0
|  41|0x00000000e2900000, 0x00000000e2a00000, 0x00000000e2a00000|100%| O|  |TAMS 0x00000000e2a00000| PB 0x00000000e2900000| Untracked |  0
|  42|0x00000000e2a00000, 0x00000000e2b00000, 0x00000000e2b00000|100%| O|  |TAMS 0x00000000e2b00000| PB 0x00000000e2a00000| Untracked |  0
|  43|0x00000000e2b00000, 0x00000000e2c00000, 0x00000000e2c00000|100%| O|  |TAMS 0x00000000e2c00000| PB 0x00000000e2b00000| Untracked |  0
|  44|0x00000000e2c00000, 0x00000000e2d00000, 0x00000000e2d00000|100%| O|  |TAMS 0x00000000e2d00000| PB 0x00000000e2c00000| Untracked |  0
|  45|0x00000000e2d00000, 0x00000000e2e00000, 0x00000000e2e00000|100%| O|  |TAMS 0x00000000e2e00000| PB 0x00000000e2d00000| Untracked |  0
|  46|0x00000000e2e00000, 0x00000000e2f00000, 0x00000000e2f00000|100%| O|  |TAMS 0x00000000e2f00000| PB 0x00000000e2e00000| Untracked |  0
|  47|0x00000000e2f00000, 0x00000000e3000000, 0x00000000e3000000|100%|HS|  |TAMS 0x00000000e3000000| PB 0x00000000e2f00000| Complete |  0
|  48|0x00000000e3000000, 0x00000000e3100000, 0x00000000e3100000|100%|HS|  |TAMS 0x00000000e3100000| PB 0x00000000e3000000| Complete |  0
|  49|0x00000000e3100000, 0x00000000e3200000, 0x00000000e3200000|100%|HS|  |TAMS 0x00000000e3200000| PB 0x00000000e3100000| Complete |  0
|  50|0x00000000e3200000, 0x00000000e3300000, 0x00000000e3300000|100%|HC|  |TAMS 0x00000000e3300000| PB 0x00000000e3200000| Complete |  0
|  51|0x00000000e3300000, 0x00000000e3400000, 0x00000000e3400000|100%|HS|  |TAMS 0x00000000e3400000| PB 0x00000000e3300000| Complete |  0
|  52|0x00000000e3400000, 0x00000000e3500000, 0x00000000e3500000|100%|HC|  |TAMS 0x00000000e3500000| PB 0x00000000e3400000| Complete |  0
|  53|0x00000000e3500000, 0x00000000e3600000, 0x00000000e3600000|100%|HS|  |TAMS 0x00000000e3600000| PB 0x00000000e3500000| Complete |  0
|  54|0x00000000e3600000, 0x00000000e3700000, 0x00000000e3700000|100%|HS|  |TAMS 0x00000000e3700000| PB 0x00000000e3600000| Complete |  0
|  55|0x00000000e3700000, 0x00000000e3800000, 0x00000000e3800000|100%|HC|  |TAMS 0x00000000e3800000| PB 0x00000000e3700000| Complete |  0
|  56|0x00000000e3800000, 0x00000000e3900000, 0x00000000e3900000|100%|HC|  |TAMS 0x00000000e3900000| PB 0x00000000e3800000| Complete |  0
|  57|0x00000000e3900000, 0x00000000e3a00000, 0x00000000e3a00000|100%|HS|  |TAMS 0x00000000e3a00000| PB 0x00000000e3900000| Complete |  0
|  58|0x00000000e3a00000, 0x00000000e3b00000, 0x00000000e3b00000|100%| O|  |TAMS 0x00000000e3b00000| PB 0x00000000e3a00000| Untracked |  0
|  59|0x00000000e3b00000, 0x00000000e3c00000, 0x00000000e3c00000|100%|HS|  |TAMS 0x00000000e3c00000| PB 0x00000000e3b00000| Complete |  0
|  60|0x00000000e3c00000, 0x00000000e3d00000, 0x00000000e3d00000|100%|HS|  |TAMS 0x00000000e3d00000| PB 0x00000000e3c00000| Complete |  0
|  61|0x00000000e3d00000, 0x00000000e3e00000, 0x00000000e3e00000|100%|HS|  |TAMS 0x00000000e3e00000| PB 0x00000000e3d00000| Complete |  0
|  62|0x00000000e3e00000, 0x00000000e3f00000, 0x00000000e3f00000|100%|HC|  |TAMS 0x00000000e3f00000| PB 0x00000000e3e00000| Complete |  0
|  63|0x00000000e3f00000, 0x00000000e4000000, 0x00000000e4000000|100%|HC|  |TAMS 0x00000000e4000000| PB 0x00000000e3f00000| Complete |  0
|  64|0x00000000e4000000, 0x00000000e4100000, 0x00000000e4100000|100%|HS|  |TAMS 0x00000000e4100000| PB 0x00000000e4000000| Complete |  0
|  65|0x00000000e4100000, 0x00000000e4200000, 0x00000000e4200000|100%| O|  |TAMS 0x00000000e4200000| PB 0x00000000e4100000| Untracked |  0
|  66|0x00000000e4200000, 0x00000000e4300000, 0x00000000e4300000|100%| O|  |TAMS 0x00000000e4300000| PB 0x00000000e4200000| Untracked |  0
|  67|0x00000000e4300000, 0x00000000e4400000, 0x00000000e4400000|100%| O|  |TAMS 0x00000000e4400000| PB 0x00000000e4300000| Untracked |  0
|  68|0x00000000e4400000, 0x00000000e4500000, 0x00000000e4500000|100%| O|  |TAMS 0x00000000e4500000| PB 0x00000000e4400000| Untracked |  0
|  69|0x00000000e4500000, 0x00000000e4600000, 0x00000000e4600000|100%| O|  |TAMS 0x00000000e4600000| PB 0x00000000e4500000| Untracked |  0
|  70|0x00000000e4600000, 0x00000000e4700000, 0x00000000e4700000|100%| O|  |TAMS 0x00000000e4700000| PB 0x00000000e4600000| Untracked |  0
|  71|0x00000000e4700000, 0x00000000e4800000, 0x00000000e4800000|100%| O|  |TAMS 0x00000000e4800000| PB 0x00000000e4700000| Untracked |  0
|  72|0x00000000e4800000, 0x00000000e4900000, 0x00000000e4900000|100%| O|  |TAMS 0x00000000e4900000| PB 0x00000000e4800000| Untracked |  0
|  73|0x00000000e4900000, 0x00000000e4a00000, 0x00000000e4a00000|100%| O|  |TAMS 0x00000000e4a00000| PB 0x00000000e4900000| Untracked |  0
|  74|0x00000000e4a00000, 0x00000000e4b00000, 0x00000000e4b00000|100%| O|  |TAMS 0x00000000e4b00000| PB 0x00000000e4a00000| Untracked |  0
|  75|0x00000000e4b00000, 0x00000000e4c00000, 0x00000000e4c00000|100%| O|  |TAMS 0x00000000e4c00000| PB 0x00000000e4b00000| Untracked |  0
|  76|0x00000000e4c00000, 0x00000000e4d00000, 0x00000000e4d00000|100%| O|  |TAMS 0x00000000e4d00000| PB 0x00000000e4c00000| Untracked |  0
|  77|0x00000000e4d00000, 0x00000000e4e00000, 0x00000000e4e00000|100%| O|  |TAMS 0x00000000e4e00000| PB 0x00000000e4d00000| Untracked |  0
|  78|0x00000000e4e00000, 0x00000000e4f00000, 0x00000000e4f00000|100%| O|  |TAMS 0x00000000e4f00000| PB 0x00000000e4e00000| Untracked |  0
|  79|0x00000000e4f00000, 0x00000000e5000000, 0x00000000e5000000|100%| O|  |TAMS 0x00000000e5000000| PB 0x00000000e4f00000| Untracked |  0
|  80|0x00000000e5000000, 0x00000000e5100000, 0x00000000e5100000|100%| O|  |TAMS 0x00000000e5100000| PB 0x00000000e5000000| Untracked |  0
|  81|0x00000000e5100000, 0x00000000e5200000, 0x00000000e5200000|100%| O|  |TAMS 0x00000000e5200000| PB 0x00000000e5100000| Untracked |  0
|  82|0x00000000e5200000, 0x00000000e5300000, 0x00000000e5300000|100%| O|  |TAMS 0x00000000e5300000| PB 0x00000000e5200000| Untracked |  0
|  83|0x00000000e5300000, 0x00000000e5400000, 0x00000000e5400000|100%| O|  |TAMS 0x00000000e5400000| PB 0x00000000e5300000| Untracked |  0
|  84|0x00000000e5400000, 0x00000000e5500000, 0x00000000e5500000|100%| O|  |TAMS 0x00000000e5500000| PB 0x00000000e5400000| Untracked |  0
|  85|0x00000000e5500000, 0x00000000e5600000, 0x00000000e5600000|100%| O|  |TAMS 0x00000000e5600000| PB 0x00000000e5500000| Untracked |  0
|  86|0x00000000e5600000, 0x00000000e5700000, 0x00000000e5700000|100%| O|  |TAMS 0x00000000e5700000| PB 0x00000000e5600000| Untracked |  0
|  87|0x00000000e5700000, 0x00000000e5800000, 0x00000000e5800000|100%| O|  |TAMS 0x00000000e5800000| PB 0x00000000e5700000| Untracked |  0
|  88|0x00000000e5800000, 0x00000000e5900000, 0x00000000e5900000|100%| O|  |TAMS 0x00000000e5900000| PB 0x00000000e5800000| Untracked |  0
|  89|0x00000000e5900000, 0x00000000e5a00000, 0x00000000e5a00000|100%| O|  |TAMS 0x00000000e5a00000| PB 0x00000000e5900000| Untracked |  0
|  90|0x00000000e5a00000, 0x00000000e5b00000, 0x00000000e5b00000|100%| O|  |TAMS 0x00000000e5b00000| PB 0x00000000e5a00000| Untracked |  0
|  91|0x00000000e5b00000, 0x00000000e5c00000, 0x00000000e5c00000|100%| O|  |TAMS 0x00000000e5c00000| PB 0x00000000e5b00000| Untracked |  0
|  92|0x00000000e5c00000, 0x00000000e5d00000, 0x00000000e5d00000|100%| O|  |TAMS 0x00000000e5d00000| PB 0x00000000e5c00000| Untracked |  0
|  93|0x00000000e5d00000, 0x00000000e5e00000, 0x00000000e5e00000|100%| O|  |TAMS 0x00000000e5e00000| PB 0x00000000e5d00000| Untracked |  0
|  94|0x00000000e5e00000, 0x00000000e5f00000, 0x00000000e5f00000|100%| O|  |TAMS 0x00000000e5f00000| PB 0x00000000e5e00000| Untracked |  0
|  95|0x00000000e5f00000, 0x00000000e6000000, 0x00000000e6000000|100%| O|  |TAMS 0x00000000e6000000| PB 0x00000000e5f00000| Untracked |  0
|  96|0x00000000e6000000, 0x00000000e6100000, 0x00000000e6100000|100%| O|  |TAMS 0x00000000e6100000| PB 0x00000000e6000000| Untracked |  0
|  97|0x00000000e6100000, 0x00000000e6200000, 0x00000000e6200000|100%| O|  |TAMS 0x00000000e6200000| PB 0x00000000e6100000| Untracked |  0
|  98|0x00000000e6200000, 0x00000000e6300000, 0x00000000e6300000|100%| O|  |TAMS 0x00000000e6300000| PB 0x00000000e6200000| Untracked |  0
|  99|0x00000000e6300000, 0x00000000e6400000, 0x00000000e6400000|100%| O|  |TAMS 0x00000000e6400000| PB 0x00000000e6300000| Untracked |  0
| 100|0x00000000e6400000, 0x00000000e6500000, 0x00000000e6500000|100%| O|  |TAMS 0x00000000e6500000| PB 0x00000000e6400000| Untracked |  0
| 101|0x00000000e6500000, 0x00000000e6600000, 0x00000000e6600000|100%| O|  |TAMS 0x00000000e6600000| PB 0x00000000e6500000| Untracked |  0
| 102|0x00000000e6600000, 0x00000000e6700000, 0x00000000e6700000|100%| O|  |TAMS 0x00000000e6700000| PB 0x00000000e6600000| Untracked |  0
| 103|0x00000000e6700000, 0x00000000e6800000, 0x00000000e6800000|100%| O|  |TAMS 0x00000000e6800000| PB 0x00000000e6700000| Untracked |  0
| 104|0x00000000e6800000, 0x00000000e6900000, 0x00000000e6900000|100%| O|  |TAMS 0x00000000e6900000| PB 0x00000000e6900000| Untracked |  0
| 105|0x00000000e6900000, 0x00000000e6a00000, 0x00000000e6a00000|100%| O|  |TAMS 0x00000000e6a00000| PB 0x00000000e6900000| Untracked |  0
| 106|0x00000000e6a00000, 0x00000000e6b00000, 0x00000000e6b00000|100%| O|  |TAMS 0x00000000e6b00000| PB 0x00000000e6a00000| Untracked |  0
| 107|0x00000000e6b00000, 0x00000000e6c00000, 0x00000000e6c00000|100%| O|  |TAMS 0x00000000e6c00000| PB 0x00000000e6b00000| Untracked |  0
| 108|0x00000000e6c00000, 0x00000000e6d00000, 0x00000000e6d00000|100%| O|  |TAMS 0x00000000e6d00000| PB 0x00000000e6c00000| Untracked |  0
| 109|0x00000000e6d00000, 0x00000000e6e00000, 0x00000000e6e00000|100%| O|  |TAMS 0x00000000e6e00000| PB 0x00000000e6d00000| Untracked |  0
| 110|0x00000000e6e00000, 0x00000000e6f00000, 0x00000000e6f00000|100%| O|Cm|TAMS 0x00000000e6f00000| PB 0x00000000e6e00000| Updating |  0
| 111|0x00000000e6f00000, 0x00000000e7000000, 0x00000000e7000000|100%| O|Cm|TAMS 0x00000000e7000000| PB 0x00000000e6f00000| Updating |  0
| 112|0x00000000e7000000, 0x00000000e7100000, 0x00000000e7100000|100%| O|  |TAMS 0x00000000e7100000| PB 0x00000000e7000000| Untracked |  0
| 113|0x00000000e7100000, 0x00000000e7200000, 0x00000000e7200000|100%| O|  |TAMS 0x00000000e7200000| PB 0x00000000e7100000| Untracked |  0
| 114|0x00000000e7200000, 0x00000000e7300000, 0x00000000e7300000|100%| O|  |TAMS 0x00000000e7300000| PB 0x00000000e7200000| Untracked |  0
| 115|0x00000000e7300000, 0x00000000e7400000, 0x00000000e7400000|100%| O|  |TAMS 0x00000000e7400000| PB 0x00000000e7300000| Untracked |  0
| 116|0x00000000e7400000, 0x00000000e7500000, 0x00000000e7500000|100%|HS|  |TAMS 0x00000000e7500000| PB 0x00000000e7400000| Complete |  0
| 117|0x00000000e7500000, 0x00000000e7600000, 0x00000000e7600000|100%| O|  |TAMS 0x00000000e7600000| PB 0x00000000e7500000| Untracked |  0
| 118|0x00000000e7600000, 0x00000000e7700000, 0x00000000e7700000|100%| O|  |TAMS 0x00000000e7700000| PB 0x00000000e7600000| Untracked |  0
| 119|0x00000000e7700000, 0x00000000e7800000, 0x00000000e7800000|100%| O|  |TAMS 0x00000000e7800000| PB 0x00000000e7700000| Untracked |  0
| 120|0x00000000e7800000, 0x00000000e7900000, 0x00000000e7900000|100%| O|  |TAMS 0x00000000e7900000| PB 0x00000000e7800000| Untracked |  0
| 121|0x00000000e7900000, 0x00000000e7a00000, 0x00000000e7a00000|100%| O|  |TAMS 0x00000000e7a00000| PB 0x00000000e7900000| Untracked |  0
| 122|0x00000000e7a00000, 0x00000000e7b00000, 0x00000000e7b00000|100%| O|  |TAMS 0x00000000e7b00000| PB 0x00000000e7a00000| Untracked |  0
| 123|0x00000000e7b00000, 0x00000000e7c00000, 0x00000000e7c00000|100%| O|  |TAMS 0x00000000e7c00000| PB 0x00000000e7b00000| Untracked |  0
| 124|0x00000000e7c00000, 0x00000000e7d00000, 0x00000000e7d00000|100%| O|  |TAMS 0x00000000e7d00000| PB 0x00000000e7c00000| Untracked |  0
| 125|0x00000000e7d00000, 0x00000000e7e00000, 0x00000000e7e00000|100%| O|  |TAMS 0x00000000e7e00000| PB 0x00000000e7d00000| Untracked |  0
| 126|0x00000000e7e00000, 0x00000000e7f00000, 0x00000000e7f00000|100%| O|  |TAMS 0x00000000e7f00000| PB 0x00000000e7e00000| Untracked |  0
| 127|0x00000000e7f00000, 0x00000000e8000000, 0x00000000e8000000|100%| O|  |TAMS 0x00000000e8000000| PB 0x00000000e7f00000| Untracked |  0
| 128|0x00000000e8000000, 0x00000000e8100000, 0x00000000e8100000|100%| O|  |TAMS 0x00000000e8100000| PB 0x00000000e8000000| Untracked |  0
| 129|0x00000000e8100000, 0x00000000e8200000, 0x00000000e8200000|100%| O|  |TAMS 0x00000000e8200000| PB 0x00000000e8100000| Untracked |  0
| 130|0x00000000e8200000, 0x00000000e8300000, 0x00000000e8300000|100%| O|  |TAMS 0x00000000e8300000| PB 0x00000000e8200000| Untracked |  0
| 131|0x00000000e8300000, 0x00000000e8400000, 0x00000000e8400000|100%| O|  |TAMS 0x00000000e8400000| PB 0x00000000e8300000| Untracked |  0
| 132|0x00000000e8400000, 0x00000000e8500000, 0x00000000e8500000|100%| O|  |TAMS 0x00000000e8500000| PB 0x00000000e8400000| Untracked |  0
| 133|0x00000000e8500000, 0x00000000e8600000, 0x00000000e8600000|100%| O|  |TAMS 0x00000000e8600000| PB 0x00000000e8500000| Untracked |  0
| 134|0x00000000e8600000, 0x00000000e8700000, 0x00000000e8700000|100%| O|  |TAMS 0x00000000e8700000| PB 0x00000000e8600000| Untracked |  0
| 135|0x00000000e8700000, 0x00000000e8800000, 0x00000000e8800000|100%| O|  |TAMS 0x00000000e8800000| PB 0x00000000e8700000| Untracked |  0
| 136|0x00000000e8800000, 0x00000000e8900000, 0x00000000e8900000|100%| O|  |TAMS 0x00000000e8900000| PB 0x00000000e8800000| Untracked |  0
| 137|0x00000000e8900000, 0x00000000e8a00000, 0x00000000e8a00000|100%| O|  |TAMS 0x00000000e8a00000| PB 0x00000000e8900000| Untracked |  0
| 138|0x00000000e8a00000, 0x00000000e8b00000, 0x00000000e8b00000|100%| O|  |TAMS 0x00000000e8b00000| PB 0x00000000e8a00000| Untracked |  0
| 139|0x00000000e8b00000, 0x00000000e8c00000, 0x00000000e8c00000|100%| O|  |TAMS 0x00000000e8c00000| PB 0x00000000e8b00000| Untracked |  0
| 140|0x00000000e8c00000, 0x00000000e8d00000, 0x00000000e8d00000|100%| O|  |TAMS 0x00000000e8d00000| PB 0x00000000e8c00000| Untracked |  0
| 141|0x00000000e8d00000, 0x00000000e8e00000, 0x00000000e8e00000|100%| O|  |TAMS 0x00000000e8e00000| PB 0x00000000e8d00000| Untracked |  0
| 142|0x00000000e8e00000, 0x00000000e8f00000, 0x00000000e8f00000|100%| O|  |TAMS 0x00000000e8f00000| PB 0x00000000e8e00000| Untracked |  0
| 143|0x00000000e8f00000, 0x00000000e9000000, 0x00000000e9000000|100%| O|  |TAMS 0x00000000e9000000| PB 0x00000000e8f00000| Untracked |  0
| 144|0x00000000e9000000, 0x00000000e9100000, 0x00000000e9100000|100%| O|  |TAMS 0x00000000e9100000| PB 0x00000000e9000000| Untracked |  0
| 145|0x00000000e9100000, 0x00000000e9200000, 0x00000000e9200000|100%| O|  |TAMS 0x00000000e9200000| PB 0x00000000e9100000| Untracked |  0
| 146|0x00000000e9200000, 0x00000000e9300000, 0x00000000e9300000|100%| O|  |TAMS 0x00000000e9300000| PB 0x00000000e9200000| Untracked |  0
| 147|0x00000000e9300000, 0x00000000e9400000, 0x00000000e9400000|100%| O|  |TAMS 0x00000000e9400000| PB 0x00000000e9300000| Untracked |  0
| 148|0x00000000e9400000, 0x00000000e9500000, 0x00000000e9500000|100%| O|  |TAMS 0x00000000e9500000| PB 0x00000000e9400000| Untracked |  0
| 149|0x00000000e9500000, 0x00000000e9600000, 0x00000000e9600000|100%| O|  |TAMS 0x00000000e9600000| PB 0x00000000e9500000| Untracked |  0
| 150|0x00000000e9600000, 0x00000000e9700000, 0x00000000e9700000|100%| O|  |TAMS 0x00000000e9700000| PB 0x00000000e9600000| Untracked |  0
| 151|0x00000000e9700000, 0x00000000e9800000, 0x00000000e9800000|100%| O|  |TAMS 0x00000000e9800000| PB 0x00000000e9700000| Untracked |  0
| 152|0x00000000e9800000, 0x00000000e9900000, 0x00000000e9900000|100%| O|  |TAMS 0x00000000e9900000| PB 0x00000000e9800000| Untracked |  0
| 153|0x00000000e9900000, 0x00000000e9a00000, 0x00000000e9a00000|100%| O|  |TAMS 0x00000000e9a00000| PB 0x00000000e9900000| Untracked |  0
| 154|0x00000000e9a00000, 0x00000000e9b00000, 0x00000000e9b00000|100%| O|  |TAMS 0x00000000e9b00000| PB 0x00000000e9a00000| Untracked |  0
| 155|0x00000000e9b00000, 0x00000000e9c00000, 0x00000000e9c00000|100%| O|  |TAMS 0x00000000e9c00000| PB 0x00000000e9b00000| Untracked |  0
| 156|0x00000000e9c00000, 0x00000000e9d00000, 0x00000000e9d00000|100%| O|  |TAMS 0x00000000e9d00000| PB 0x00000000e9c00000| Untracked |  0
| 157|0x00000000e9d00000, 0x00000000e9e00000, 0x00000000e9e00000|100%| O|  |TAMS 0x00000000e9e00000| PB 0x00000000e9d00000| Untracked |  0
| 158|0x00000000e9e00000, 0x00000000e9f00000, 0x00000000e9f00000|100%| O|  |TAMS 0x00000000e9f00000| PB 0x00000000e9e00000| Untracked |  0
| 159|0x00000000e9f00000, 0x00000000ea000000, 0x00000000ea000000|100%| O|  |TAMS 0x00000000ea000000| PB 0x00000000e9f00000| Untracked |  0
| 160|0x00000000ea000000, 0x00000000ea100000, 0x00000000ea100000|100%| O|  |TAMS 0x00000000ea100000| PB 0x00000000ea000000| Untracked |  0
| 161|0x00000000ea100000, 0x00000000ea200000, 0x00000000ea200000|100%| O|  |TAMS 0x00000000ea200000| PB 0x00000000ea100000| Untracked |  0
| 162|0x00000000ea200000, 0x00000000ea300000, 0x00000000ea300000|100%| O|  |TAMS 0x00000000ea300000| PB 0x00000000ea200000| Untracked |  0
| 163|0x00000000ea300000, 0x00000000ea400000, 0x00000000ea400000|100%| O|  |TAMS 0x00000000ea400000| PB 0x00000000ea300000| Untracked |  0
| 164|0x00000000ea400000, 0x00000000ea500000, 0x00000000ea500000|100%| O|  |TAMS 0x00000000ea500000| PB 0x00000000ea400000| Untracked |  0
| 165|0x00000000ea500000, 0x00000000ea600000, 0x00000000ea600000|100%| O|  |TAMS 0x00000000ea600000| PB 0x00000000ea500000| Untracked |  0
| 166|0x00000000ea600000, 0x00000000ea700000, 0x00000000ea700000|100%| O|  |TAMS 0x00000000ea700000| PB 0x00000000ea600000| Untracked |  0
| 167|0x00000000ea700000, 0x00000000ea800000, 0x00000000ea800000|100%| O|  |TAMS 0x00000000ea800000| PB 0x00000000ea700000| Untracked |  0
| 168|0x00000000ea800000, 0x00000000ea900000, 0x00000000ea900000|100%| O|  |TAMS 0x00000000ea900000| PB 0x00000000ea800000| Untracked |  0
| 169|0x00000000ea900000, 0x00000000eaa00000, 0x00000000eaa00000|100%| O|  |TAMS 0x00000000eaa00000| PB 0x00000000ea900000| Untracked |  0
| 170|0x00000000eaa00000, 0x00000000eab00000, 0x00000000eab00000|100%| O|  |TAMS 0x00000000eab00000| PB 0x00000000eaa00000| Untracked |  0
| 171|0x00000000eab00000, 0x00000000eac00000, 0x00000000eac00000|100%| O|  |TAMS 0x00000000eac00000| PB 0x00000000eab00000| Untracked |  0
| 172|0x00000000eac00000, 0x00000000ead00000, 0x00000000ead00000|100%| O|  |TAMS 0x00000000ead00000| PB 0x00000000eac00000| Untracked |  0
| 173|0x00000000ead00000, 0x00000000eae00000, 0x00000000eae00000|100%| O|  |TAMS 0x00000000eae00000| PB 0x00000000ead00000| Untracked |  0
| 174|0x00000000eae00000, 0x00000000eaf00000, 0x00000000eaf00000|100%| O|  |TAMS 0x00000000eaf00000| PB 0x00000000eae00000| Untracked |  0
| 175|0x00000000eaf00000, 0x00000000eb000000, 0x00000000eb000000|100%| O|  |TAMS 0x00000000eb000000| PB 0x00000000eaf00000| Untracked |  0
| 176|0x00000000eb000000, 0x00000000eb100000, 0x00000000eb100000|100%| O|  |TAMS 0x00000000eb100000| PB 0x00000000eb000000| Untracked |  0
| 177|0x00000000eb100000, 0x00000000eb200000, 0x00000000eb200000|100%| O|  |TAMS 0x00000000eb200000| PB 0x00000000eb100000| Untracked |  0
| 178|0x00000000eb200000, 0x00000000eb300000, 0x00000000eb300000|100%| O|  |TAMS 0x00000000eb300000| PB 0x00000000eb200000| Untracked |  0
| 179|0x00000000eb300000, 0x00000000eb400000, 0x00000000eb400000|100%| O|  |TAMS 0x00000000eb400000| PB 0x00000000eb300000| Untracked |  0
| 180|0x00000000eb400000, 0x00000000eb500000, 0x00000000eb500000|100%| O|  |TAMS 0x00000000eb500000| PB 0x00000000eb400000| Untracked |  0
| 181|0x00000000eb500000, 0x00000000eb600000, 0x00000000eb600000|100%| O|  |TAMS 0x00000000eb600000| PB 0x00000000eb500000| Untracked |  0
| 182|0x00000000eb600000, 0x00000000eb700000, 0x00000000eb700000|100%| O|  |TAMS 0x00000000eb700000| PB 0x00000000eb600000| Untracked |  0
| 183|0x00000000eb700000, 0x00000000eb800000, 0x00000000eb800000|100%| O|Cm|TAMS 0x00000000eb800000| PB 0x00000000eb700000| Updating |  0
| 184|0x00000000eb800000, 0x00000000eb900000, 0x00000000eb900000|100%| O|  |TAMS 0x00000000eb800000| PB 0x00000000eb800000| Untracked |  0
| 185|0x00000000eb900000, 0x00000000eba00000, 0x00000000eba00000|100%| O|  |TAMS 0x00000000eba00000| PB 0x00000000eb900000| Untracked |  0
| 186|0x00000000eba00000, 0x00000000ebb00000, 0x00000000ebb00000|100%| O|  |TAMS 0x00000000ebb00000| PB 0x00000000eba00000| Untracked |  0
| 187|0x00000000ebb00000, 0x00000000ebc00000, 0x00000000ebc00000|100%| O|  |TAMS 0x00000000ebc00000| PB 0x00000000ebb00000| Untracked |  0
| 188|0x00000000ebc00000, 0x00000000ebd00000, 0x00000000ebd00000|100%| O|  |TAMS 0x00000000ebd00000| PB 0x00000000ebc00000| Untracked |  0
| 189|0x00000000ebd00000, 0x00000000ebe00000, 0x00000000ebe00000|100%| O|  |TAMS 0x00000000ebe00000| PB 0x00000000ebd00000| Untracked |  0
| 190|0x00000000ebe00000, 0x00000000ebf00000, 0x00000000ebf00000|100%| O|  |TAMS 0x00000000ebf00000| PB 0x00000000ebe00000| Untracked |  0
| 191|0x00000000ebf00000, 0x00000000ec000000, 0x00000000ec000000|100%| O|  |TAMS 0x00000000ec000000| PB 0x00000000ebf00000| Untracked |  0
| 192|0x00000000ec000000, 0x00000000ec100000, 0x00000000ec100000|100%| O|  |TAMS 0x00000000ec100000| PB 0x00000000ec000000| Untracked |  0
| 193|0x00000000ec100000, 0x00000000ec200000, 0x00000000ec200000|100%| O|  |TAMS 0x00000000ec200000| PB 0x00000000ec100000| Untracked |  0
| 194|0x00000000ec200000, 0x00000000ec300000, 0x00000000ec300000|100%| O|  |TAMS 0x00000000ec300000| PB 0x00000000ec200000| Untracked |  0
| 195|0x00000000ec300000, 0x00000000ec400000, 0x00000000ec400000|100%| O|  |TAMS 0x00000000ec400000| PB 0x00000000ec300000| Untracked |  0
| 196|0x00000000ec400000, 0x00000000ec500000, 0x00000000ec500000|100%| O|  |TAMS 0x00000000ec500000| PB 0x00000000ec400000| Untracked |  0
| 197|0x00000000ec500000, 0x00000000ec600000, 0x00000000ec600000|100%| O|  |TAMS 0x00000000ec600000| PB 0x00000000ec500000| Untracked |  0
| 198|0x00000000ec600000, 0x00000000ec700000, 0x00000000ec700000|100%| O|  |TAMS 0x00000000ec700000| PB 0x00000000ec600000| Untracked |  0
| 199|0x00000000ec700000, 0x00000000ec800000, 0x00000000ec800000|100%| O|  |TAMS 0x00000000ec800000| PB 0x00000000ec700000| Untracked |  0
| 200|0x00000000ec800000, 0x00000000ec900000, 0x00000000ec900000|100%| O|  |TAMS 0x00000000ec900000| PB 0x00000000ec800000| Untracked |  0
| 201|0x00000000ec900000, 0x00000000eca00000, 0x00000000eca00000|100%| O|  |TAMS 0x00000000eca00000| PB 0x00000000ec900000| Untracked |  0
| 202|0x00000000eca00000, 0x00000000ecb00000, 0x00000000ecb00000|100%| O|  |TAMS 0x00000000ecb00000| PB 0x00000000eca00000| Untracked |  0
| 203|0x00000000ecb00000, 0x00000000ecc00000, 0x00000000ecc00000|100%| O|  |TAMS 0x00000000ecc00000| PB 0x00000000ecb00000| Untracked |  0
| 204|0x00000000ecc00000, 0x00000000ecd00000, 0x00000000ecd00000|100%| O|  |TAMS 0x00000000ecd00000| PB 0x00000000ecc00000| Untracked |  0
| 205|0x00000000ecd00000, 0x00000000ece00000, 0x00000000ece00000|100%| O|Cm|TAMS 0x00000000ece00000| PB 0x00000000ecd00000| Updating |  0
| 206|0x00000000ece00000, 0x00000000ecf00000, 0x00000000ecf00000|100%| O|  |TAMS 0x00000000ecf00000| PB 0x00000000ece00000| Untracked |  0
| 207|0x00000000ecf00000, 0x00000000ed000000, 0x00000000ed000000|100%| O|  |TAMS 0x00000000ecf00000| PB 0x00000000ecf00000| Untracked |  0
| 208|0x00000000ed000000, 0x00000000ed100000, 0x00000000ed100000|100%| O|  |TAMS 0x00000000ed100000| PB 0x00000000ed000000| Untracked |  0
| 209|0x00000000ed100000, 0x00000000ed200000, 0x00000000ed200000|100%| O|  |TAMS 0x00000000ed200000| PB 0x00000000ed100000| Untracked |  0
| 210|0x00000000ed200000, 0x00000000ed300000, 0x00000000ed300000|100%| O|  |TAMS 0x00000000ed300000| PB 0x00000000ed200000| Untracked |  0
| 211|0x00000000ed300000, 0x00000000ed400000, 0x00000000ed400000|100%| O|  |TAMS 0x00000000ed400000| PB 0x00000000ed300000| Untracked |  0
| 212|0x00000000ed400000, 0x00000000ed500000, 0x00000000ed500000|100%| O|  |TAMS 0x00000000ed500000| PB 0x00000000ed400000| Untracked |  0
| 213|0x00000000ed500000, 0x00000000ed600000, 0x00000000ed600000|100%| O|  |TAMS 0x00000000ed600000| PB 0x00000000ed500000| Untracked |  0
| 214|0x00000000ed600000, 0x00000000ed700000, 0x00000000ed700000|100%| O|  |TAMS 0x00000000ed700000| PB 0x00000000ed600000| Untracked |  0
| 215|0x00000000ed700000, 0x00000000ed800000, 0x00000000ed800000|100%| O|Cm|TAMS 0x00000000ed800000| PB 0x00000000ed700000| Updating |  0
| 216|0x00000000ed800000, 0x00000000ed900000, 0x00000000ed900000|100%| O|  |TAMS 0x00000000ed900000| PB 0x00000000ed800000| Untracked |  0
| 217|0x00000000ed900000, 0x00000000eda00000, 0x00000000eda00000|100%| O|Cm|TAMS 0x00000000eda00000| PB 0x00000000ed900000| Updating |  0
| 218|0x00000000eda00000, 0x00000000edb00000, 0x00000000edb00000|100%| O|Cm|TAMS 0x00000000edb00000| PB 0x00000000eda00000| Updating |  0
| 219|0x00000000edb00000, 0x00000000edc00000, 0x00000000edc00000|100%| O|  |TAMS 0x00000000edc00000| PB 0x00000000edb00000| Untracked |  0
| 220|0x00000000edc00000, 0x00000000edd00000, 0x00000000edd00000|100%| O|  |TAMS 0x00000000edd00000| PB 0x00000000edc00000| Untracked |  0
| 221|0x00000000edd00000, 0x00000000ede00000, 0x00000000ede00000|100%| O|  |TAMS 0x00000000ede00000| PB 0x00000000edd00000| Untracked |  0
| 222|0x00000000ede00000, 0x00000000edf00000, 0x00000000edf00000|100%| O|  |TAMS 0x00000000edf00000| PB 0x00000000ede00000| Untracked |  0
| 223|0x00000000edf00000, 0x00000000ee000000, 0x00000000ee000000|100%| O|  |TAMS 0x00000000ee000000| PB 0x00000000edf00000| Untracked |  0
| 224|0x00000000ee000000, 0x00000000ee100000, 0x00000000ee100000|100%| O|  |TAMS 0x00000000ee100000| PB 0x00000000ee000000| Untracked |  0
| 225|0x00000000ee100000, 0x00000000ee200000, 0x00000000ee200000|100%| O|  |TAMS 0x00000000ee200000| PB 0x00000000ee100000| Untracked |  0
| 226|0x00000000ee200000, 0x00000000ee300000, 0x00000000ee300000|100%| O|  |TAMS 0x00000000ee300000| PB 0x00000000ee200000| Untracked |  0
| 227|0x00000000ee300000, 0x00000000ee400000, 0x00000000ee400000|100%| O|  |TAMS 0x00000000ee400000| PB 0x00000000ee300000| Untracked |  0
| 228|0x00000000ee400000, 0x00000000ee500000, 0x00000000ee500000|100%| O|  |TAMS 0x00000000ee500000| PB 0x00000000ee400000| Untracked |  0
| 229|0x00000000ee500000, 0x00000000ee600000, 0x00000000ee600000|100%| O|  |TAMS 0x00000000ee600000| PB 0x00000000ee500000| Untracked |  0
| 230|0x00000000ee600000, 0x00000000ee700000, 0x00000000ee700000|100%| O|  |TAMS 0x00000000ee700000| PB 0x00000000ee600000| Untracked |  0
| 231|0x00000000ee700000, 0x00000000ee800000, 0x00000000ee800000|100%| O|  |TAMS 0x00000000ee800000| PB 0x00000000ee700000| Untracked |  0
| 232|0x00000000ee800000, 0x00000000ee900000, 0x00000000ee900000|100%| O|  |TAMS 0x00000000ee900000| PB 0x00000000ee800000| Untracked |  0
| 233|0x00000000ee900000, 0x00000000eea00000, 0x00000000eea00000|100%| O|  |TAMS 0x00000000eea00000| PB 0x00000000ee900000| Untracked |  0
| 234|0x00000000eea00000, 0x00000000eeb00000, 0x00000000eeb00000|100%| O|  |TAMS 0x00000000eeb00000| PB 0x00000000eea00000| Untracked |  0
| 235|0x00000000eeb00000, 0x00000000eec00000, 0x00000000eec00000|100%| O|  |TAMS 0x00000000eec00000| PB 0x00000000eeb00000| Untracked |  0
| 236|0x00000000eec00000, 0x00000000eed00000, 0x00000000eed00000|100%| O|  |TAMS 0x00000000eed00000| PB 0x00000000eec00000| Untracked |  0
| 237|0x00000000eed00000, 0x00000000eee00000, 0x00000000eee00000|100%| O|  |TAMS 0x00000000eee00000| PB 0x00000000eed00000| Untracked |  0
| 238|0x00000000eee00000, 0x00000000eef00000, 0x00000000eef00000|100%| O|  |TAMS 0x00000000eef00000| PB 0x00000000eee00000| Untracked |  0
| 239|0x00000000eef00000, 0x00000000ef000000, 0x00000000ef000000|100%| O|  |TAMS 0x00000000ef000000| PB 0x00000000eef00000| Untracked |  0
| 240|0x00000000ef000000, 0x00000000ef100000, 0x00000000ef100000|100%| O|  |TAMS 0x00000000ef100000| PB 0x00000000ef000000| Untracked |  0
| 241|0x00000000ef100000, 0x00000000ef200000, 0x00000000ef200000|100%| O|  |TAMS 0x00000000ef200000| PB 0x00000000ef100000| Untracked |  0
| 242|0x00000000ef200000, 0x00000000ef300000, 0x00000000ef300000|100%| O|  |TAMS 0x00000000ef300000| PB 0x00000000ef200000| Untracked |  0
| 243|0x00000000ef300000, 0x00000000ef400000, 0x00000000ef400000|100%| O|  |TAMS 0x00000000ef400000| PB 0x00000000ef300000| Untracked |  0
| 244|0x00000000ef400000, 0x00000000ef500000, 0x00000000ef500000|100%| O|  |TAMS 0x00000000ef500000| PB 0x00000000ef400000| Untracked |  0
| 245|0x00000000ef500000, 0x00000000ef600000, 0x00000000ef600000|100%| O|  |TAMS 0x00000000ef600000| PB 0x00000000ef500000| Untracked |  0
| 246|0x00000000ef600000, 0x00000000ef700000, 0x00000000ef700000|100%| O|  |TAMS 0x00000000ef63cd48| PB 0x00000000ef600000| Untracked |  0
| 247|0x00000000ef700000, 0x00000000ef800000, 0x00000000ef800000|100%| O|  |TAMS 0x00000000ef700000| PB 0x00000000ef700000| Untracked |  0
| 248|0x00000000ef800000, 0x00000000ef900000, 0x00000000ef900000|100%| O|  |TAMS 0x00000000ef900000| PB 0x00000000ef800000| Untracked |  0
| 249|0x00000000ef900000, 0x00000000efa00000, 0x00000000efa00000|100%| O|  |TAMS 0x00000000efa00000| PB 0x00000000ef900000| Untracked |  0
| 250|0x00000000efa00000, 0x00000000efb00000, 0x00000000efb00000|100%| O|  |TAMS 0x00000000efb00000| PB 0x00000000efa00000| Untracked |  0
| 251|0x00000000efb00000, 0x00000000efc00000, 0x00000000efc00000|100%| O|  |TAMS 0x00000000efc00000| PB 0x00000000efb00000| Untracked |  0
| 252|0x00000000efc00000, 0x00000000efd00000, 0x00000000efd00000|100%| O|  |TAMS 0x00000000efd00000| PB 0x00000000efc00000| Untracked |  0
| 253|0x00000000efd00000, 0x00000000efe00000, 0x00000000efe00000|100%| O|  |TAMS 0x00000000efe00000| PB 0x00000000efd00000| Untracked |  0
| 254|0x00000000efe00000, 0x00000000eff00000, 0x00000000eff00000|100%| O|  |TAMS 0x00000000eff00000| PB 0x00000000efe00000| Untracked |  0
| 255|0x00000000eff00000, 0x00000000f0000000, 0x00000000f0000000|100%| O|  |TAMS 0x00000000f0000000| PB 0x00000000eff00000| Untracked |  0
| 256|0x00000000f0000000, 0x00000000f0100000, 0x00000000f0100000|100%| O|  |TAMS 0x00000000f0100000| PB 0x00000000f0000000| Untracked |  0
| 257|0x00000000f0100000, 0x00000000f01d1308, 0x00000000f0200000| 81%| O|  |TAMS 0x00000000f0100000| PB 0x00000000f0100000| Untracked |  0
| 258|0x00000000f0200000, 0x00000000f0300000, 0x00000000f0300000|100%| O|  |TAMS 0x00000000f0300000| PB 0x00000000f0200000| Untracked |  0
| 259|0x00000000f0300000, 0x00000000f0400000, 0x00000000f0400000|100%| O|  |TAMS 0x00000000f0400000| PB 0x00000000f0300000| Untracked |  0
| 260|0x00000000f0400000, 0x00000000f0400000, 0x00000000f0500000|  0%| F|  |TAMS 0x00000000f0400000| PB 0x00000000f0400000| Untracked |  0
| 261|0x00000000f0500000, 0x00000000f0600000, 0x00000000f0600000|100%| O|  |TAMS 0x00000000f0600000| PB 0x00000000f0500000| Untracked |  0
| 262|0x00000000f0600000, 0x00000000f0700000, 0x00000000f0700000|100%| O|  |TAMS 0x00000000f0700000| PB 0x00000000f0600000| Untracked |  0
| 263|0x00000000f0700000, 0x00000000f0800000, 0x00000000f0800000|100%| O|  |TAMS 0x00000000f0800000| PB 0x00000000f0700000| Untracked |  0
| 264|0x00000000f0800000, 0x00000000f0900000, 0x00000000f0900000|100%| O|  |TAMS 0x00000000f0900000| PB 0x00000000f0800000| Untracked |  0
| 265|0x00000000f0900000, 0x00000000f0a00000, 0x00000000f0a00000|100%| O|  |TAMS 0x00000000f0a00000| PB 0x00000000f0900000| Untracked |  0
| 266|0x00000000f0a00000, 0x00000000f0b00000, 0x00000000f0b00000|100%| O|  |TAMS 0x00000000f0b00000| PB 0x00000000f0a00000| Untracked |  0
| 267|0x00000000f0b00000, 0x00000000f0c00000, 0x00000000f0c00000|100%| O|  |TAMS 0x00000000f0c00000| PB 0x00000000f0b00000| Untracked |  0
| 268|0x00000000f0c00000, 0x00000000f0d00000, 0x00000000f0d00000|100%| O|  |TAMS 0x00000000f0d00000| PB 0x00000000f0c00000| Untracked |  0
| 269|0x00000000f0d00000, 0x00000000f0e00000, 0x00000000f0e00000|100%| O|  |TAMS 0x00000000f0e00000| PB 0x00000000f0d00000| Untracked |  0
| 270|0x00000000f0e00000, 0x00000000f0f00000, 0x00000000f0f00000|100%| O|  |TAMS 0x00000000f0f00000| PB 0x00000000f0e00000| Untracked |  0
| 271|0x00000000f0f00000, 0x00000000f1000000, 0x00000000f1000000|100%| O|  |TAMS 0x00000000f1000000| PB 0x00000000f0f00000| Untracked |  0
| 272|0x00000000f1000000, 0x00000000f1100000, 0x00000000f1100000|100%| O|  |TAMS 0x00000000f1100000| PB 0x00000000f1000000| Untracked |  0
| 273|0x00000000f1100000, 0x00000000f1100000, 0x00000000f1200000|  0%| F|  |TAMS 0x00000000f1100000| PB 0x00000000f1100000| Untracked |  0
| 274|0x00000000f1200000, 0x00000000f1200000, 0x00000000f1300000|  0%| F|  |TAMS 0x00000000f1200000| PB 0x00000000f1200000| Untracked |  0
| 275|0x00000000f1300000, 0x00000000f1400000, 0x00000000f1400000|100%| O|Cm|TAMS 0x00000000f1400000| PB 0x00000000f1300000| Updating |  0
| 276|0x00000000f1400000, 0x00000000f1400000, 0x00000000f1500000|  0%| F|  |TAMS 0x00000000f1400000| PB 0x00000000f1400000| Untracked |  0
| 277|0x00000000f1500000, 0x00000000f1600000, 0x00000000f1600000|100%| O|  |TAMS 0x00000000f1600000| PB 0x00000000f1500000| Untracked |  0
| 278|0x00000000f1600000, 0x00000000f1700000, 0x00000000f1700000|100%| O|  |TAMS 0x00000000f1700000| PB 0x00000000f1600000| Untracked |  0
| 279|0x00000000f1700000, 0x00000000f1800000, 0x00000000f1800000|100%| O|  |TAMS 0x00000000f1800000| PB 0x00000000f1700000| Untracked |  0
| 280|0x00000000f1800000, 0x00000000f1900000, 0x00000000f1900000|100%| O|  |TAMS 0x00000000f1900000| PB 0x00000000f1800000| Untracked |  0
| 281|0x00000000f1900000, 0x00000000f1a00000, 0x00000000f1a00000|100%| O|  |TAMS 0x00000000f1a00000| PB 0x00000000f1900000| Untracked |  0
| 282|0x00000000f1a00000, 0x00000000f1b00000, 0x00000000f1b00000|100%| O|  |TAMS 0x00000000f1b00000| PB 0x00000000f1a00000| Untracked |  0
| 283|0x00000000f1b00000, 0x00000000f1b00000, 0x00000000f1c00000|  0%| F|  |TAMS 0x00000000f1b00000| PB 0x00000000f1b00000| Untracked |  0
| 284|0x00000000f1c00000, 0x00000000f1d00000, 0x00000000f1d00000|100%| O|  |TAMS 0x00000000f1d00000| PB 0x00000000f1c00000| Untracked |  0
| 285|0x00000000f1d00000, 0x00000000f1e00000, 0x00000000f1e00000|100%| O|  |TAMS 0x00000000f1e00000| PB 0x00000000f1d00000| Untracked |  0
| 286|0x00000000f1e00000, 0x00000000f1f00000, 0x00000000f1f00000|100%| O|  |TAMS 0x00000000f1f00000| PB 0x00000000f1e00000| Untracked |  0
| 287|0x00000000f1f00000, 0x00000000f2000000, 0x00000000f2000000|100%| O|Cm|TAMS 0x00000000f2000000| PB 0x00000000f1f00000| Updating |  0
| 288|0x00000000f2000000, 0x00000000f2000000, 0x00000000f2100000|  0%| F|  |TAMS 0x00000000f2000000| PB 0x00000000f2000000| Untracked |  0
| 289|0x00000000f2100000, 0x00000000f2100000, 0x00000000f2200000|  0%| F|  |TAMS 0x00000000f2100000| PB 0x00000000f2100000| Untracked |  0
| 290|0x00000000f2200000, 0x00000000f2200000, 0x00000000f2300000|  0%| F|  |TAMS 0x00000000f2200000| PB 0x00000000f2200000| Untracked |  0
| 291|0x00000000f2300000, 0x00000000f2300000, 0x00000000f2400000|  0%| F|  |TAMS 0x00000000f2300000| PB 0x00000000f2300000| Untracked |  0
| 292|0x00000000f2400000, 0x00000000f2400000, 0x00000000f2500000|  0%| F|  |TAMS 0x00000000f2400000| PB 0x00000000f2400000| Untracked |  0
| 293|0x00000000f2500000, 0x00000000f2500000, 0x00000000f2600000|  0%| F|  |TAMS 0x00000000f2500000| PB 0x00000000f2500000| Untracked |  0
| 294|0x00000000f2600000, 0x00000000f2600000, 0x00000000f2700000|  0%| F|  |TAMS 0x00000000f2600000| PB 0x00000000f2600000| Untracked |  0
| 295|0x00000000f2700000, 0x00000000f2700000, 0x00000000f2800000|  0%| F|  |TAMS 0x00000000f2700000| PB 0x00000000f2700000| Untracked |  0
| 296|0x00000000f2800000, 0x00000000f2800000, 0x00000000f2900000|  0%| F|  |TAMS 0x00000000f2800000| PB 0x00000000f2800000| Untracked |  0
| 297|0x00000000f2900000, 0x00000000f2900000, 0x00000000f2a00000|  0%| F|  |TAMS 0x00000000f2900000| PB 0x00000000f2900000| Untracked |  0
| 298|0x00000000f2a00000, 0x00000000f2a00000, 0x00000000f2b00000|  0%| F|  |TAMS 0x00000000f2a00000| PB 0x00000000f2a00000| Untracked |  0
| 299|0x00000000f2b00000, 0x00000000f2b00000, 0x00000000f2c00000|  0%| F|  |TAMS 0x00000000f2b00000| PB 0x00000000f2b00000| Untracked |  0
| 300|0x00000000f2c00000, 0x00000000f2c4e900, 0x00000000f2d00000| 30%| S|CS|TAMS 0x00000000f2c00000| PB 0x00000000f2c00000| Complete |  0
| 301|0x00000000f2d00000, 0x00000000f2e00000, 0x00000000f2e00000|100%| S|CS|TAMS 0x00000000f2d00000| PB 0x00000000f2d00000| Complete |  0
| 302|0x00000000f2e00000, 0x00000000f2e00000, 0x00000000f2f00000|  0%| F|  |TAMS 0x00000000f2e00000| PB 0x00000000f2e00000| Untracked |  0
| 303|0x00000000f2f00000, 0x00000000f2f00000, 0x00000000f3000000|  0%| F|  |TAMS 0x00000000f2f00000| PB 0x00000000f2f00000| Untracked |  0
| 304|0x00000000f3000000, 0x00000000f3000000, 0x00000000f3100000|  0%| F|  |TAMS 0x00000000f3000000| PB 0x00000000f3000000| Untracked |  0
| 305|0x00000000f3100000, 0x00000000f3100000, 0x00000000f3200000|  0%| F|  |TAMS 0x00000000f3100000| PB 0x00000000f3100000| Untracked |  0
| 306|0x00000000f3200000, 0x00000000f3200000, 0x00000000f3300000|  0%| F|  |TAMS 0x00000000f3200000| PB 0x00000000f3200000| Untracked |  0
| 307|0x00000000f3300000, 0x00000000f3300000, 0x00000000f3400000|  0%| F|  |TAMS 0x00000000f3300000| PB 0x00000000f3300000| Untracked |  0
| 308|0x00000000f3400000, 0x00000000f3400000, 0x00000000f3500000|  0%| F|  |TAMS 0x00000000f3400000| PB 0x00000000f3400000| Untracked |  0
| 309|0x00000000f3500000, 0x00000000f3500000, 0x00000000f3600000|  0%| F|  |TAMS 0x00000000f3500000| PB 0x00000000f3500000| Untracked |  0
| 310|0x00000000f3600000, 0x00000000f3600000, 0x00000000f3700000|  0%| F|  |TAMS 0x00000000f3600000| PB 0x00000000f3600000| Untracked |  0
| 311|0x00000000f3700000, 0x00000000f3700000, 0x00000000f3800000|  0%| F|  |TAMS 0x00000000f3700000| PB 0x00000000f3700000| Untracked |  0
| 312|0x00000000f3800000, 0x00000000f3900000, 0x00000000f3900000|100%| S|CS|TAMS 0x00000000f3800000| PB 0x00000000f3800000| Complete |  0
| 313|0x00000000f3900000, 0x00000000f3a00000, 0x00000000f3a00000|100%| S|CS|TAMS 0x00000000f3900000| PB 0x00000000f3900000| Complete |  0
| 314|0x00000000f3a00000, 0x00000000f3b00000, 0x00000000f3b00000|100%| S|CS|TAMS 0x00000000f3a00000| PB 0x00000000f3a00000| Complete |  0
| 315|0x00000000f3b00000, 0x00000000f3c00000, 0x00000000f3c00000|100%| S|CS|TAMS 0x00000000f3b00000| PB 0x00000000f3b00000| Complete |  0
| 316|0x00000000f3c00000, 0x00000000f3d00000, 0x00000000f3d00000|100%| S|CS|TAMS 0x00000000f3c00000| PB 0x00000000f3c00000| Complete |  0
| 317|0x00000000f3d00000, 0x00000000f3e00000, 0x00000000f3e00000|100%| S|CS|TAMS 0x00000000f3d00000| PB 0x00000000f3d00000| Complete |  0
| 318|0x00000000f3e00000, 0x00000000f3f00000, 0x00000000f3f00000|100%| S|CS|TAMS 0x00000000f3e00000| PB 0x00000000f3e00000| Complete |  0
| 319|0x00000000f3f00000, 0x00000000f4000000, 0x00000000f4000000|100%| S|CS|TAMS 0x00000000f3f00000| PB 0x00000000f3f00000| Complete |  0
| 320|0x00000000f4000000, 0x00000000f4100000, 0x00000000f4100000|100%| E|CS|TAMS 0x00000000f4000000| PB 0x00000000f4000000| Complete |  0
| 321|0x00000000f4100000, 0x00000000f4200000, 0x00000000f4200000|100%| E|CS|TAMS 0x00000000f4100000| PB 0x00000000f4100000| Complete |  0
| 322|0x00000000f4200000, 0x00000000f4300000, 0x00000000f4300000|100%| E|CS|TAMS 0x00000000f4200000| PB 0x00000000f4200000| Complete |  0
| 323|0x00000000f4300000, 0x00000000f4400000, 0x00000000f4400000|100%| E|CS|TAMS 0x00000000f4300000| PB 0x00000000f4300000| Complete |  0
| 324|0x00000000f4400000, 0x00000000f4500000, 0x00000000f4500000|100%| E|CS|TAMS 0x00000000f4400000| PB 0x00000000f4400000| Complete |  0
| 325|0x00000000f4500000, 0x00000000f4600000, 0x00000000f4600000|100%| E|CS|TAMS 0x00000000f4500000| PB 0x00000000f4500000| Complete |  0
| 326|0x00000000f4600000, 0x00000000f4700000, 0x00000000f4700000|100%| E|CS|TAMS 0x00000000f4600000| PB 0x00000000f4600000| Complete |  0
| 327|0x00000000f4700000, 0x00000000f4800000, 0x00000000f4800000|100%| E|CS|TAMS 0x00000000f4700000| PB 0x00000000f4700000| Complete |  0
| 328|0x00000000f4800000, 0x00000000f4900000, 0x00000000f4900000|100%| E|CS|TAMS 0x00000000f4800000| PB 0x00000000f4800000| Complete |  0
| 329|0x00000000f4900000, 0x00000000f4a00000, 0x00000000f4a00000|100%| E|CS|TAMS 0x00000000f4900000| PB 0x00000000f4900000| Complete |  0
| 330|0x00000000f4a00000, 0x00000000f4b00000, 0x00000000f4b00000|100%| E|CS|TAMS 0x00000000f4a00000| PB 0x00000000f4a00000| Complete |  0
| 331|0x00000000f4b00000, 0x00000000f4c00000, 0x00000000f4c00000|100%| E|CS|TAMS 0x00000000f4b00000| PB 0x00000000f4b00000| Complete |  0
| 332|0x00000000f4c00000, 0x00000000f4d00000, 0x00000000f4d00000|100%| E|CS|TAMS 0x00000000f4c00000| PB 0x00000000f4c00000| Complete |  0
| 333|0x00000000f4d00000, 0x00000000f4e00000, 0x00000000f4e00000|100%| E|CS|TAMS 0x00000000f4d00000| PB 0x00000000f4d00000| Complete |  0
| 334|0x00000000f4e00000, 0x00000000f4f00000, 0x00000000f4f00000|100%| E|CS|TAMS 0x00000000f4e00000| PB 0x00000000f4e00000| Complete |  0
| 335|0x00000000f4f00000, 0x00000000f5000000, 0x00000000f5000000|100%| E|CS|TAMS 0x00000000f4f00000| PB 0x00000000f4f00000| Complete |  0
| 336|0x00000000f5000000, 0x00000000f5100000, 0x00000000f5100000|100%| E|CS|TAMS 0x00000000f5000000| PB 0x00000000f5000000| Complete |  0
| 337|0x00000000f5100000, 0x00000000f5200000, 0x00000000f5200000|100%| E|CS|TAMS 0x00000000f5100000| PB 0x00000000f5100000| Complete |  0
| 338|0x00000000f5200000, 0x00000000f5300000, 0x00000000f5300000|100%| E|CS|TAMS 0x00000000f5200000| PB 0x00000000f5200000| Complete |  0
| 339|0x00000000f5300000, 0x00000000f5400000, 0x00000000f5400000|100%| E|CS|TAMS 0x00000000f5300000| PB 0x00000000f5300000| Complete |  0
| 340|0x00000000f5400000, 0x00000000f5500000, 0x00000000f5500000|100%| E|CS|TAMS 0x00000000f5400000| PB 0x00000000f5400000| Complete |  0
| 341|0x00000000f5500000, 0x00000000f5600000, 0x00000000f5600000|100%| E|CS|TAMS 0x00000000f5500000| PB 0x00000000f5500000| Complete |  0
| 342|0x00000000f5600000, 0x00000000f5700000, 0x00000000f5700000|100%| E|CS|TAMS 0x00000000f5600000| PB 0x00000000f5600000| Complete |  0
| 343|0x00000000f5700000, 0x00000000f5800000, 0x00000000f5800000|100%| E|CS|TAMS 0x00000000f5700000| PB 0x00000000f5700000| Complete |  0
| 344|0x00000000f5800000, 0x00000000f5900000, 0x00000000f5900000|100%| E|CS|TAMS 0x00000000f5800000| PB 0x00000000f5800000| Complete |  0
| 345|0x00000000f5900000, 0x00000000f5a00000, 0x00000000f5a00000|100%| E|CS|TAMS 0x00000000f5900000| PB 0x00000000f5900000| Complete |  0
| 346|0x00000000f5a00000, 0x00000000f5b00000, 0x00000000f5b00000|100%| E|CS|TAMS 0x00000000f5a00000| PB 0x00000000f5a00000| Complete |  0
| 347|0x00000000f5b00000, 0x00000000f5c00000, 0x00000000f5c00000|100%| E|CS|TAMS 0x00000000f5b00000| PB 0x00000000f5b00000| Complete |  0
| 348|0x00000000f5c00000, 0x00000000f5d00000, 0x00000000f5d00000|100%| E|CS|TAMS 0x00000000f5c00000| PB 0x00000000f5c00000| Complete |  0
| 349|0x00000000f5d00000, 0x00000000f5e00000, 0x00000000f5e00000|100%| E|CS|TAMS 0x00000000f5d00000| PB 0x00000000f5d00000| Complete |  0
| 350|0x00000000f5e00000, 0x00000000f5f00000, 0x00000000f5f00000|100%| E|CS|TAMS 0x00000000f5e00000| PB 0x00000000f5e00000| Complete |  0
| 351|0x00000000f5f00000, 0x00000000f6000000, 0x00000000f6000000|100%| E|CS|TAMS 0x00000000f5f00000| PB 0x00000000f5f00000| Complete |  0
| 352|0x00000000f6000000, 0x00000000f6100000, 0x00000000f6100000|100%| E|CS|TAMS 0x00000000f6000000| PB 0x00000000f6000000| Complete |  0
| 353|0x00000000f6100000, 0x00000000f6200000, 0x00000000f6200000|100%| E|CS|TAMS 0x00000000f6100000| PB 0x00000000f6100000| Complete |  0
| 354|0x00000000f6200000, 0x00000000f6300000, 0x00000000f6300000|100%| E|CS|TAMS 0x00000000f6200000| PB 0x00000000f6200000| Complete |  0
| 355|0x00000000f6300000, 0x00000000f6400000, 0x00000000f6400000|100%| E|CS|TAMS 0x00000000f6300000| PB 0x00000000f6300000| Complete |  0
| 356|0x00000000f6400000, 0x00000000f6500000, 0x00000000f6500000|100%| E|CS|TAMS 0x00000000f6400000| PB 0x00000000f6400000| Complete |  0
| 357|0x00000000f6500000, 0x00000000f6600000, 0x00000000f6600000|100%| E|CS|TAMS 0x00000000f6500000| PB 0x00000000f6500000| Complete |  0
| 358|0x00000000f6600000, 0x00000000f6700000, 0x00000000f6700000|100%| E|CS|TAMS 0x00000000f6600000| PB 0x00000000f6600000| Complete |  0
| 359|0x00000000f6700000, 0x00000000f6800000, 0x00000000f6800000|100%| E|CS|TAMS 0x00000000f6700000| PB 0x00000000f6700000| Complete |  0
| 360|0x00000000f6800000, 0x00000000f6900000, 0x00000000f6900000|100%| E|CS|TAMS 0x00000000f6800000| PB 0x00000000f6800000| Complete |  0
| 361|0x00000000f6900000, 0x00000000f6a00000, 0x00000000f6a00000|100%| E|CS|TAMS 0x00000000f6900000| PB 0x00000000f6900000| Complete |  0
| 362|0x00000000f6a00000, 0x00000000f6b00000, 0x00000000f6b00000|100%| E|CS|TAMS 0x00000000f6a00000| PB 0x00000000f6a00000| Complete |  0
| 363|0x00000000f6b00000, 0x00000000f6c00000, 0x00000000f6c00000|100%| E|CS|TAMS 0x00000000f6b00000| PB 0x00000000f6b00000| Complete |  0
| 364|0x00000000f6c00000, 0x00000000f6d00000, 0x00000000f6d00000|100%| E|CS|TAMS 0x00000000f6c00000| PB 0x00000000f6c00000| Complete |  0
| 365|0x00000000f6d00000, 0x00000000f6e00000, 0x00000000f6e00000|100%| E|CS|TAMS 0x00000000f6d00000| PB 0x00000000f6d00000| Complete |  0
| 366|0x00000000f6e00000, 0x00000000f6f00000, 0x00000000f6f00000|100%| E|CS|TAMS 0x00000000f6e00000| PB 0x00000000f6e00000| Complete |  0
| 367|0x00000000f6f00000, 0x00000000f7000000, 0x00000000f7000000|100%| E|CS|TAMS 0x00000000f6f00000| PB 0x00000000f6f00000| Complete |  0
| 368|0x00000000f7000000, 0x00000000f7100000, 0x00000000f7100000|100%| E|CS|TAMS 0x00000000f7000000| PB 0x00000000f7000000| Complete |  0
| 369|0x00000000f7100000, 0x00000000f7200000, 0x00000000f7200000|100%| E|CS|TAMS 0x00000000f7100000| PB 0x00000000f7100000| Complete |  0
| 370|0x00000000f7200000, 0x00000000f7300000, 0x00000000f7300000|100%| E|CS|TAMS 0x00000000f7200000| PB 0x00000000f7200000| Complete |  0
| 371|0x00000000f7300000, 0x00000000f7400000, 0x00000000f7400000|100%| E|CS|TAMS 0x00000000f7300000| PB 0x00000000f7300000| Complete |  0
| 372|0x00000000f7400000, 0x00000000f7500000, 0x00000000f7500000|100%| E|CS|TAMS 0x00000000f7400000| PB 0x00000000f7400000| Complete |  0
| 373|0x00000000f7500000, 0x00000000f7600000, 0x00000000f7600000|100%| E|CS|TAMS 0x00000000f7500000| PB 0x00000000f7500000| Complete |  0
| 374|0x00000000f7600000, 0x00000000f7700000, 0x00000000f7700000|100%| E|CS|TAMS 0x00000000f7600000| PB 0x00000000f7600000| Complete |  0
| 375|0x00000000f7700000, 0x00000000f7800000, 0x00000000f7800000|100%| E|CS|TAMS 0x00000000f7700000| PB 0x00000000f7700000| Complete |  0
| 376|0x00000000f7800000, 0x00000000f7900000, 0x00000000f7900000|100%| E|CS|TAMS 0x00000000f7800000| PB 0x00000000f7800000| Complete |  0
| 377|0x00000000f7900000, 0x00000000f7a00000, 0x00000000f7a00000|100%| E|CS|TAMS 0x00000000f7900000| PB 0x00000000f7900000| Complete |  0
| 378|0x00000000f7a00000, 0x00000000f7b00000, 0x00000000f7b00000|100%| E|CS|TAMS 0x00000000f7a00000| PB 0x00000000f7a00000| Complete |  0
| 379|0x00000000f7b00000, 0x00000000f7c00000, 0x00000000f7c00000|100%| E|CS|TAMS 0x00000000f7b00000| PB 0x00000000f7b00000| Complete |  0
| 380|0x00000000f7c00000, 0x00000000f7d00000, 0x00000000f7d00000|100%| E|CS|TAMS 0x00000000f7c00000| PB 0x00000000f7c00000| Complete |  0
| 381|0x00000000f7d00000, 0x00000000f7e00000, 0x00000000f7e00000|100%| E|CS|TAMS 0x00000000f7d00000| PB 0x00000000f7d00000| Complete |  0
| 382|0x00000000f7e00000, 0x00000000f7f00000, 0x00000000f7f00000|100%| E|CS|TAMS 0x00000000f7e00000| PB 0x00000000f7e00000| Complete |  0
| 383|0x00000000f7f00000, 0x00000000f8000000, 0x00000000f8000000|100%| E|CS|TAMS 0x00000000f7f00000| PB 0x00000000f7f00000| Complete |  0
| 384|0x00000000f8000000, 0x00000000f8100000, 0x00000000f8100000|100%| E|CS|TAMS 0x00000000f8000000| PB 0x00000000f8000000| Complete |  0
| 385|0x00000000f8100000, 0x00000000f8200000, 0x00000000f8200000|100%| E|CS|TAMS 0x00000000f8100000| PB 0x00000000f8100000| Complete |  0
| 386|0x00000000f8200000, 0x00000000f8300000, 0x00000000f8300000|100%| E|CS|TAMS 0x00000000f8200000| PB 0x00000000f8200000| Complete |  0
| 387|0x00000000f8300000, 0x00000000f8400000, 0x00000000f8400000|100%| E|CS|TAMS 0x00000000f8300000| PB 0x00000000f8300000| Complete |  0
| 388|0x00000000f8400000, 0x00000000f8500000, 0x00000000f8500000|100%| E|CS|TAMS 0x00000000f8400000| PB 0x00000000f8400000| Complete |  0
| 389|0x00000000f8500000, 0x00000000f8600000, 0x00000000f8600000|100%| E|CS|TAMS 0x00000000f8500000| PB 0x00000000f8500000| Complete |  0
| 390|0x00000000f8600000, 0x00000000f8700000, 0x00000000f8700000|100%| E|CS|TAMS 0x00000000f8600000| PB 0x00000000f8600000| Complete |  0
| 391|0x00000000f8700000, 0x00000000f8800000, 0x00000000f8800000|100%| E|CS|TAMS 0x00000000f8700000| PB 0x00000000f8700000| Complete |  0
| 392|0x00000000f8800000, 0x00000000f8900000, 0x00000000f8900000|100%| E|CS|TAMS 0x00000000f8800000| PB 0x00000000f8800000| Complete |  0
| 393|0x00000000f8900000, 0x00000000f8a00000, 0x00000000f8a00000|100%| E|CS|TAMS 0x00000000f8900000| PB 0x00000000f8900000| Complete |  0
| 394|0x00000000f8a00000, 0x00000000f8b00000, 0x00000000f8b00000|100%| E|CS|TAMS 0x00000000f8a00000| PB 0x00000000f8a00000| Complete |  0
| 395|0x00000000f8b00000, 0x00000000f8c00000, 0x00000000f8c00000|100%| E|CS|TAMS 0x00000000f8b00000| PB 0x00000000f8b00000| Complete |  0
| 396|0x00000000f8c00000, 0x00000000f8d00000, 0x00000000f8d00000|100%| E|CS|TAMS 0x00000000f8c00000| PB 0x00000000f8c00000| Complete |  0
| 397|0x00000000f8d00000, 0x00000000f8e00000, 0x00000000f8e00000|100%| E|CS|TAMS 0x00000000f8d00000| PB 0x00000000f8d00000| Complete |  0
| 398|0x00000000f8e00000, 0x00000000f8f00000, 0x00000000f8f00000|100%| E|CS|TAMS 0x00000000f8e00000| PB 0x00000000f8e00000| Complete |  0
| 399|0x00000000f8f00000, 0x00000000f9000000, 0x00000000f9000000|100%| E|CS|TAMS 0x00000000f8f00000| PB 0x00000000f8f00000| Complete |  0
| 400|0x00000000f9000000, 0x00000000f9100000, 0x00000000f9100000|100%| E|CS|TAMS 0x00000000f9000000| PB 0x00000000f9000000| Complete |  0
| 401|0x00000000f9100000, 0x00000000f9200000, 0x00000000f9200000|100%| E|CS|TAMS 0x00000000f9100000| PB 0x00000000f9100000| Complete |  0
| 402|0x00000000f9200000, 0x00000000f9300000, 0x00000000f9300000|100%| E|CS|TAMS 0x00000000f9200000| PB 0x00000000f9200000| Complete |  0
| 403|0x00000000f9300000, 0x00000000f9400000, 0x00000000f9400000|100%| E|CS|TAMS 0x00000000f9300000| PB 0x00000000f9300000| Complete |  0
| 404|0x00000000f9400000, 0x00000000f9500000, 0x00000000f9500000|100%| E|CS|TAMS 0x00000000f9400000| PB 0x00000000f9400000| Complete |  0
| 405|0x00000000f9500000, 0x00000000f9600000, 0x00000000f9600000|100%| E|CS|TAMS 0x00000000f9500000| PB 0x00000000f9500000| Complete |  0
| 406|0x00000000f9600000, 0x00000000f9700000, 0x00000000f9700000|100%| E|CS|TAMS 0x00000000f9600000| PB 0x00000000f9600000| Complete |  0
| 407|0x00000000f9700000, 0x00000000f9800000, 0x00000000f9800000|100%| E|CS|TAMS 0x00000000f9700000| PB 0x00000000f9700000| Complete |  0
| 408|0x00000000f9800000, 0x00000000f9900000, 0x00000000f9900000|100%| E|CS|TAMS 0x00000000f9800000| PB 0x00000000f9800000| Complete |  0
| 409|0x00000000f9900000, 0x00000000f9a00000, 0x00000000f9a00000|100%| E|CS|TAMS 0x00000000f9900000| PB 0x00000000f9900000| Complete |  0
| 410|0x00000000f9a00000, 0x00000000f9b00000, 0x00000000f9b00000|100%| E|CS|TAMS 0x00000000f9a00000| PB 0x00000000f9a00000| Complete |  0
| 411|0x00000000f9b00000, 0x00000000f9c00000, 0x00000000f9c00000|100%| E|CS|TAMS 0x00000000f9b00000| PB 0x00000000f9b00000| Complete |  0
| 412|0x00000000f9c00000, 0x00000000f9d00000, 0x00000000f9d00000|100%| E|CS|TAMS 0x00000000f9c00000| PB 0x00000000f9c00000| Complete |  0
| 413|0x00000000f9d00000, 0x00000000f9e00000, 0x00000000f9e00000|100%| E|CS|TAMS 0x00000000f9d00000| PB 0x00000000f9d00000| Complete |  0
| 414|0x00000000f9e00000, 0x00000000f9f00000, 0x00000000f9f00000|100%| E|CS|TAMS 0x00000000f9e00000| PB 0x00000000f9e00000| Complete |  0
| 415|0x00000000f9f00000, 0x00000000fa000000, 0x00000000fa000000|100%| E|CS|TAMS 0x00000000f9f00000| PB 0x00000000f9f00000| Complete |  0
| 416|0x00000000fa000000, 0x00000000fa100000, 0x00000000fa100000|100%| E|CS|TAMS 0x00000000fa000000| PB 0x00000000fa000000| Complete |  0
| 417|0x00000000fa100000, 0x00000000fa200000, 0x00000000fa200000|100%| E|CS|TAMS 0x00000000fa100000| PB 0x00000000fa100000| Complete |  0
| 418|0x00000000fa200000, 0x00000000fa300000, 0x00000000fa300000|100%| E|CS|TAMS 0x00000000fa200000| PB 0x00000000fa200000| Complete |  0
| 419|0x00000000fa300000, 0x00000000fa400000, 0x00000000fa400000|100%| E|CS|TAMS 0x00000000fa300000| PB 0x00000000fa300000| Complete |  0
| 420|0x00000000fa400000, 0x00000000fa500000, 0x00000000fa500000|100%| E|CS|TAMS 0x00000000fa400000| PB 0x00000000fa400000| Complete |  0
| 421|0x00000000fa500000, 0x00000000fa600000, 0x00000000fa600000|100%| E|CS|TAMS 0x00000000fa500000| PB 0x00000000fa500000| Complete |  0
| 422|0x00000000fa600000, 0x00000000fa700000, 0x00000000fa700000|100%| E|CS|TAMS 0x00000000fa600000| PB 0x00000000fa600000| Complete |  0
| 423|0x00000000fa700000, 0x00000000fa800000, 0x00000000fa800000|100%| E|CS|TAMS 0x00000000fa700000| PB 0x00000000fa700000| Complete |  0
| 424|0x00000000fa800000, 0x00000000fa900000, 0x00000000fa900000|100%| E|CS|TAMS 0x00000000fa800000| PB 0x00000000fa800000| Complete |  0
| 425|0x00000000fa900000, 0x00000000faa00000, 0x00000000faa00000|100%| E|CS|TAMS 0x00000000fa900000| PB 0x00000000fa900000| Complete |  0
| 426|0x00000000faa00000, 0x00000000fab00000, 0x00000000fab00000|100%| E|CS|TAMS 0x00000000faa00000| PB 0x00000000faa00000| Complete |  0
| 427|0x00000000fab00000, 0x00000000fac00000, 0x00000000fac00000|100%| E|CS|TAMS 0x00000000fab00000| PB 0x00000000fab00000| Complete |  0
| 428|0x00000000fac00000, 0x00000000fad00000, 0x00000000fad00000|100%| E|CS|TAMS 0x00000000fac00000| PB 0x00000000fac00000| Complete |  0
| 429|0x00000000fad00000, 0x00000000fae00000, 0x00000000fae00000|100%| E|CS|TAMS 0x00000000fad00000| PB 0x00000000fad00000| Complete |  0
| 430|0x00000000fae00000, 0x00000000faf00000, 0x00000000faf00000|100%| E|CS|TAMS 0x00000000fae00000| PB 0x00000000fae00000| Complete |  0
| 431|0x00000000faf00000, 0x00000000fb000000, 0x00000000fb000000|100%| E|CS|TAMS 0x00000000faf00000| PB 0x00000000faf00000| Complete |  0
| 432|0x00000000fb000000, 0x00000000fb100000, 0x00000000fb100000|100%| E|CS|TAMS 0x00000000fb000000| PB 0x00000000fb000000| Complete |  0
| 433|0x00000000fb100000, 0x00000000fb200000, 0x00000000fb200000|100%| E|CS|TAMS 0x00000000fb100000| PB 0x00000000fb100000| Complete |  0
| 434|0x00000000fb200000, 0x00000000fb300000, 0x00000000fb300000|100%| E|CS|TAMS 0x00000000fb200000| PB 0x00000000fb200000| Complete |  0
| 435|0x00000000fb300000, 0x00000000fb400000, 0x00000000fb400000|100%| E|CS|TAMS 0x00000000fb300000| PB 0x00000000fb300000| Complete |  0
| 436|0x00000000fb400000, 0x00000000fb500000, 0x00000000fb500000|100%| E|CS|TAMS 0x00000000fb400000| PB 0x00000000fb400000| Complete |  0
| 437|0x00000000fb500000, 0x00000000fb600000, 0x00000000fb600000|100%| E|CS|TAMS 0x00000000fb500000| PB 0x00000000fb500000| Complete |  0
| 438|0x00000000fb600000, 0x00000000fb700000, 0x00000000fb700000|100%| E|CS|TAMS 0x00000000fb600000| PB 0x00000000fb600000| Complete |  0
| 439|0x00000000fb700000, 0x00000000fb800000, 0x00000000fb800000|100%| E|CS|TAMS 0x00000000fb700000| PB 0x00000000fb700000| Complete |  0
| 440|0x00000000fb800000, 0x00000000fb900000, 0x00000000fb900000|100%| E|CS|TAMS 0x00000000fb800000| PB 0x00000000fb800000| Complete |  0
| 441|0x00000000fb900000, 0x00000000fba00000, 0x00000000fba00000|100%| E|CS|TAMS 0x00000000fb900000| PB 0x00000000fb900000| Complete |  0
| 442|0x00000000fba00000, 0x00000000fbb00000, 0x00000000fbb00000|100%| E|CS|TAMS 0x00000000fba00000| PB 0x00000000fba00000| Complete |  0
| 443|0x00000000fbb00000, 0x00000000fbc00000, 0x00000000fbc00000|100%| E|CS|TAMS 0x00000000fbb00000| PB 0x00000000fbb00000| Complete |  0
| 444|0x00000000fbc00000, 0x00000000fbd00000, 0x00000000fbd00000|100%| E|CS|TAMS 0x00000000fbc00000| PB 0x00000000fbc00000| Complete |  0
| 445|0x00000000fbd00000, 0x00000000fbe00000, 0x00000000fbe00000|100%| E|CS|TAMS 0x00000000fbd00000| PB 0x00000000fbd00000| Complete |  0
| 446|0x00000000fbe00000, 0x00000000fbf00000, 0x00000000fbf00000|100%| E|CS|TAMS 0x00000000fbe00000| PB 0x00000000fbe00000| Complete |  0
| 447|0x00000000fbf00000, 0x00000000fc000000, 0x00000000fc000000|100%| E|CS|TAMS 0x00000000fbf00000| PB 0x00000000fbf00000| Complete |  0
| 448|0x00000000fc000000, 0x00000000fc100000, 0x00000000fc100000|100%| E|CS|TAMS 0x00000000fc000000| PB 0x00000000fc000000| Complete |  0
| 449|0x00000000fc100000, 0x00000000fc200000, 0x00000000fc200000|100%| E|CS|TAMS 0x00000000fc100000| PB 0x00000000fc100000| Complete |  0
| 450|0x00000000fc200000, 0x00000000fc300000, 0x00000000fc300000|100%| E|CS|TAMS 0x00000000fc200000| PB 0x00000000fc200000| Complete |  0
| 451|0x00000000fc300000, 0x00000000fc400000, 0x00000000fc400000|100%| E|CS|TAMS 0x00000000fc300000| PB 0x00000000fc300000| Complete |  0
| 452|0x00000000fc400000, 0x00000000fc500000, 0x00000000fc500000|100%| E|CS|TAMS 0x00000000fc400000| PB 0x00000000fc400000| Complete |  0
| 453|0x00000000fc500000, 0x00000000fc600000, 0x00000000fc600000|100%| E|CS|TAMS 0x00000000fc500000| PB 0x00000000fc500000| Complete |  0
| 454|0x00000000fc600000, 0x00000000fc700000, 0x00000000fc700000|100%| E|CS|TAMS 0x00000000fc600000| PB 0x00000000fc600000| Complete |  0
| 455|0x00000000fc700000, 0x00000000fc800000, 0x00000000fc800000|100%| E|CS|TAMS 0x00000000fc700000| PB 0x00000000fc700000| Complete |  0
| 456|0x00000000fc800000, 0x00000000fc900000, 0x00000000fc900000|100%| E|CS|TAMS 0x00000000fc800000| PB 0x00000000fc800000| Complete |  0
| 457|0x00000000fc900000, 0x00000000fca00000, 0x00000000fca00000|100%| E|CS|TAMS 0x00000000fc900000| PB 0x00000000fc900000| Complete |  0
| 458|0x00000000fca00000, 0x00000000fcb00000, 0x00000000fcb00000|100%| E|CS|TAMS 0x00000000fca00000| PB 0x00000000fca00000| Complete |  0
| 459|0x00000000fcb00000, 0x00000000fcc00000, 0x00000000fcc00000|100%| E|CS|TAMS 0x00000000fcb00000| PB 0x00000000fcb00000| Complete |  0
| 460|0x00000000fcc00000, 0x00000000fcd00000, 0x00000000fcd00000|100%| E|CS|TAMS 0x00000000fcc00000| PB 0x00000000fcc00000| Complete |  0
| 461|0x00000000fcd00000, 0x00000000fce00000, 0x00000000fce00000|100%| E|CS|TAMS 0x00000000fcd00000| PB 0x00000000fcd00000| Complete |  0
| 462|0x00000000fce00000, 0x00000000fcf00000, 0x00000000fcf00000|100%| E|CS|TAMS 0x00000000fce00000| PB 0x00000000fce00000| Complete |  0
| 463|0x00000000fcf00000, 0x00000000fd000000, 0x00000000fd000000|100%| E|CS|TAMS 0x00000000fcf00000| PB 0x00000000fcf00000| Complete |  0
| 464|0x00000000fd000000, 0x00000000fd100000, 0x00000000fd100000|100%| E|CS|TAMS 0x00000000fd000000| PB 0x00000000fd000000| Complete |  0
| 465|0x00000000fd100000, 0x00000000fd200000, 0x00000000fd200000|100%| E|CS|TAMS 0x00000000fd100000| PB 0x00000000fd100000| Complete |  0
| 466|0x00000000fd200000, 0x00000000fd300000, 0x00000000fd300000|100%| E|CS|TAMS 0x00000000fd200000| PB 0x00000000fd200000| Complete |  0
| 467|0x00000000fd300000, 0x00000000fd400000, 0x00000000fd400000|100%| E|CS|TAMS 0x00000000fd300000| PB 0x00000000fd300000| Complete |  0
| 468|0x00000000fd400000, 0x00000000fd500000, 0x00000000fd500000|100%| E|CS|TAMS 0x00000000fd400000| PB 0x00000000fd400000| Complete |  0
| 469|0x00000000fd500000, 0x00000000fd600000, 0x00000000fd600000|100%| E|CS|TAMS 0x00000000fd500000| PB 0x00000000fd500000| Complete |  0
| 470|0x00000000fd600000, 0x00000000fd700000, 0x00000000fd700000|100%| E|CS|TAMS 0x00000000fd600000| PB 0x00000000fd600000| Complete |  0
| 471|0x00000000fd700000, 0x00000000fd800000, 0x00000000fd800000|100%| E|CS|TAMS 0x00000000fd700000| PB 0x00000000fd700000| Complete |  0
| 472|0x00000000fd800000, 0x00000000fd900000, 0x00000000fd900000|100%| E|CS|TAMS 0x00000000fd800000| PB 0x00000000fd800000| Complete |  0
| 473|0x00000000fd900000, 0x00000000fda00000, 0x00000000fda00000|100%| E|CS|TAMS 0x00000000fd900000| PB 0x00000000fd900000| Complete |  0
| 474|0x00000000fda00000, 0x00000000fdb00000, 0x00000000fdb00000|100%| E|CS|TAMS 0x00000000fda00000| PB 0x00000000fda00000| Complete |  0
| 475|0x00000000fdb00000, 0x00000000fdc00000, 0x00000000fdc00000|100%| E|CS|TAMS 0x00000000fdb00000| PB 0x00000000fdb00000| Complete |  0
| 476|0x00000000fdc00000, 0x00000000fdd00000, 0x00000000fdd00000|100%| E|CS|TAMS 0x00000000fdc00000| PB 0x00000000fdc00000| Complete |  0
| 477|0x00000000fdd00000, 0x00000000fde00000, 0x00000000fde00000|100%| E|CS|TAMS 0x00000000fdd00000| PB 0x00000000fdd00000| Complete |  0
| 478|0x00000000fde00000, 0x00000000fdf00000, 0x00000000fdf00000|100%| E|CS|TAMS 0x00000000fde00000| PB 0x00000000fde00000| Complete |  0
| 479|0x00000000fdf00000, 0x00000000fe000000, 0x00000000fe000000|100%| E|CS|TAMS 0x00000000fdf00000| PB 0x00000000fdf00000| Complete |  0
| 480|0x00000000fe000000, 0x00000000fe100000, 0x00000000fe100000|100%| E|CS|TAMS 0x00000000fe000000| PB 0x00000000fe000000| Complete |  0
| 481|0x00000000fe100000, 0x00000000fe200000, 0x00000000fe200000|100%| E|CS|TAMS 0x00000000fe100000| PB 0x00000000fe100000| Complete |  0
| 482|0x00000000fe200000, 0x00000000fe300000, 0x00000000fe300000|100%| E|CS|TAMS 0x00000000fe200000| PB 0x00000000fe200000| Complete |  0
| 483|0x00000000fe300000, 0x00000000fe400000, 0x00000000fe400000|100%| E|CS|TAMS 0x00000000fe300000| PB 0x00000000fe300000| Complete |  0
| 484|0x00000000fe400000, 0x00000000fe500000, 0x00000000fe500000|100%| O|  |TAMS 0x00000000fe500000| PB 0x00000000fe400000| Untracked |  0
| 485|0x00000000fe500000, 0x00000000fe600000, 0x00000000fe600000|100%| O|  |TAMS 0x00000000fe600000| PB 0x00000000fe500000| Untracked |  0
| 486|0x00000000fe600000, 0x00000000fe700000, 0x00000000fe700000|100%| O|  |TAMS 0x00000000fe700000| PB 0x00000000fe600000| Untracked |  0
| 487|0x00000000fe700000, 0x00000000fe800000, 0x00000000fe800000|100%| O|  |TAMS 0x00000000fe800000| PB 0x00000000fe700000| Untracked |  0
| 488|0x00000000fe800000, 0x00000000fe900000, 0x00000000fe900000|100%| O|Cm|TAMS 0x00000000fe900000| PB 0x00000000fe800000| Updating |  0
| 489|0x00000000fe900000, 0x00000000fea00000, 0x00000000fea00000|100%| O|  |TAMS 0x00000000fea00000| PB 0x00000000fe900000| Untracked |  0
| 490|0x00000000fea00000, 0x00000000feb00000, 0x00000000feb00000|100%| O|  |TAMS 0x00000000feb00000| PB 0x00000000fea00000| Untracked |  0
| 491|0x00000000feb00000, 0x00000000fec00000, 0x00000000fec00000|100%| O|  |TAMS 0x00000000fec00000| PB 0x00000000feb00000| Untracked |  0
| 492|0x00000000fec00000, 0x00000000fed00000, 0x00000000fed00000|100%| O|  |TAMS 0x00000000fed00000| PB 0x00000000fec00000| Untracked |  0
| 493|0x00000000fed00000, 0x00000000fee00000, 0x00000000fee00000|100%| O|  |TAMS 0x00000000fee00000| PB 0x00000000fed00000| Untracked |  0
| 494|0x00000000fee00000, 0x00000000fef00000, 0x00000000fef00000|100%| O|  |TAMS 0x00000000fef00000| PB 0x00000000fee00000| Untracked |  0
| 495|0x00000000fef00000, 0x00000000ff000000, 0x00000000ff000000|100%| O|  |TAMS 0x00000000ff000000| PB 0x00000000fef00000| Untracked |  0
| 496|0x00000000ff000000, 0x00000000ff100000, 0x00000000ff100000|100%| O|  |TAMS 0x00000000ff100000| PB 0x00000000ff000000| Untracked |  0
| 497|0x00000000ff100000, 0x00000000ff200000, 0x00000000ff200000|100%| O|  |TAMS 0x00000000ff200000| PB 0x00000000ff100000| Untracked |  0
| 498|0x00000000ff200000, 0x00000000ff300000, 0x00000000ff300000|100%| O|  |TAMS 0x00000000ff300000| PB 0x00000000ff200000| Untracked |  0
| 499|0x00000000ff300000, 0x00000000ff400000, 0x00000000ff400000|100%| E|CS|TAMS 0x00000000ff300000| PB 0x00000000ff300000| Complete |  0
| 500|0x00000000ff400000, 0x00000000ff500000, 0x00000000ff500000|100%| O|  |TAMS 0x00000000ff500000| PB 0x00000000ff400000| Untracked |  0
| 501|0x00000000ff500000, 0x00000000ff600000, 0x00000000ff600000|100%| O|  |TAMS 0x00000000ff600000| PB 0x00000000ff500000| Untracked |  0
| 502|0x00000000ff600000, 0x00000000ff700000, 0x00000000ff700000|100%| E|  |TAMS 0x00000000ff600000| PB 0x00000000ff600000| Complete |  0
| 503|0x00000000ff700000, 0x00000000ff800000, 0x00000000ff800000|100%| O|  |TAMS 0x00000000ff800000| PB 0x00000000ff700000| Untracked |  0
| 504|0x00000000ff800000, 0x00000000ff900000, 0x00000000ff900000|100%| O|  |TAMS 0x00000000ff900000| PB 0x00000000ff800000| Untracked |  0
| 505|0x00000000ff900000, 0x00000000ffa00000, 0x00000000ffa00000|100%| O|  |TAMS 0x00000000ffa00000| PB 0x00000000ff900000| Untracked |  0
| 506|0x00000000ffa00000, 0x00000000ffb00000, 0x00000000ffb00000|100%| O|  |TAMS 0x00000000ffb00000| PB 0x00000000ffa00000| Untracked |  0
| 507|0x00000000ffb00000, 0x00000000ffc00000, 0x00000000ffc00000|100%| O|  |TAMS 0x00000000ffc00000| PB 0x00000000ffb00000| Untracked |  0
| 508|0x00000000ffc00000, 0x00000000ffd00000, 0x00000000ffd00000|100%| E|CS|TAMS 0x00000000ffc00000| PB 0x00000000ffc00000| Complete |  0
| 509|0x00000000ffd00000, 0x00000000ffe00000, 0x00000000ffe00000|100%| O|  |TAMS 0x00000000ffe00000| PB 0x00000000ffd00000| Untracked |  0
| 510|0x00000000ffe00000, 0x00000000fff00000, 0x00000000fff00000|100%| O|  |TAMS 0x00000000fff00000| PB 0x00000000ffe00000| Untracked |  0
| 511|0x00000000fff00000, 0x0000000100000000, 0x0000000100000000|100%| O|  |TAMS 0x0000000100000000| PB 0x00000000fff00000| Untracked |  0

Card table byte_map: [0x0000012bf9b40000,0x0000012bf9c40000] _byte_map_base: 0x0000012bf9440000

Marking Bits: (CMBitMap*) 0x0000012be6151b00
 Bits: [0x0000012bf9c40000, 0x0000012bfa440000)

Polling page: 0x0000012be3f20000

Metaspace:
Metaspace        used 142132K, committed 144256K, reserved 458752K
 class space     used 21488K, committed 22464K, reserved 327680K

Usage:
  Non-class:    117.82 MB used.
      Class:     20.99 MB used.
       Both:    138.80 MB used.

Virtual space:
  Non-class space:      128.00 MB reserved,     118.94 MB ( 93%) committed,  2 nodes.
      Class space:      320.00 MB reserved,      21.94 MB (  7%) committed,  1 nodes.
             Both:      448.00 MB reserved,     140.88 MB ( 31%) committed. 

Chunk freelists:
   Non-Class:  8.61 MB
       Class:  10.01 MB
        Both:  18.62 MB

MaxMetaspaceSize: 384.00 MB
CompressedClassSpaceSize: 320.00 MB
Initial GC threshold: 21.00 MB
Current GC threshold: 234.69 MB
CDS: off
 - commit_granule_bytes: 65536.
 - commit_granule_words: 8192.
 - virtual_space_node_default_size: 8388608.
 - enlarge_chunks_in_place: 1.
UseCompressedClassPointers 1, UseCompactObjectHeaders 0
Narrow klass pointer bits 32, Max shift 3
Narrow klass base: 0x0000000000000000, Narrow klass shift: 0
Encoding Range: [0x0000000000000000 - 0x0000000100000000), (4294967296 bytes)
Klass Range:    [0x00000000c0000000 - 0x00000000d4000000), (335544320 bytes)
Klass ID Range:  [3221225472 - 3556769785) (335544313)
No protection zone.


Internal statistics:

num_allocs_failed_limit: 12.
num_arena_births: 4316.
num_arena_deaths: 88.
num_vsnodes_births: 3.
num_vsnodes_deaths: 0.
num_space_committed: 2253.
num_space_uncommitted: 0.
num_chunks_returned_to_freelist: 142.
num_chunks_taken_from_freelist: 9943.
num_chunk_merges: 66.
num_chunk_splits: 6782.
num_chunks_enlarged: 4679.
num_inconsistent_stats: 0.

CodeHeap 'non-profiled nmethods': size=118912Kb used=8502Kb max_used=8592Kb free=110409Kb
 bounds [0x0000012bf11f0000, 0x0000012bf1a90000, 0x0000012bf8610000]
CodeHeap 'profiled nmethods': size=118848Kb used=27418Kb max_used=28743Kb free=91429Kb
 bounds [0x0000012be9610000, 0x0000012beb230000, 0x0000012bf0a20000]
CodeHeap 'non-nmethods': size=8000Kb used=4321Kb max_used=4502Kb free=3678Kb
 bounds [0x0000012bf0a20000, 0x0000012bf0ea0000, 0x0000012bf11f0000]
CodeCache: size=245760Kb, used=40241Kb, max_used=41837Kb, free=205516Kb
 total_blobs=18508, nmethods=17572, adapters=833, full_count=0
Compilation: enabled, stopped_count=0, restarted_count=0

Compilation events (20 events):
Event: 5.833 Thread 0x0000012bfe145510 nmethod 22404 0x0000012be9684508 code [0x0000012be9684600, 0x0000012be9684920]
Event: 5.833 Thread 0x0000012bfe146d40 nmethod 22402% 0x0000012be969bb08 code [0x0000012be969bc00, 0x0000012be969d848]
Event: 5.833 Thread 0x0000012bfe145510 22405       3       com.android.tools.r8.graph.u0::a (33 bytes)
Event: 5.833 Thread 0x0000012bfe145510 nmethod 22405 0x0000012be96fad08 code [0x0000012be96fae00, 0x0000012be96fb170]
Event: 5.834 Thread 0x0000012bfe146d40 22406       2       com.android.tools.r8.dex.n0$$Lambda/0x00000000c14efcd0::apply (15 bytes)
Event: 5.834 Thread 0x0000012bfe145510 22407       2       com.android.tools.r8.dex.s0::a (11 bytes)
Event: 5.834 Thread 0x0000012bfe145510 nmethod 22407 0x0000012be967f288 code [0x0000012be967f380, 0x0000012be967f4b8]
Event: 5.834 Thread 0x0000012bfe146d40 nmethod 22406 0x0000012be9685e08 code [0x0000012be9685f00, 0x0000012be9686088]
Event: 5.834 Thread 0x0000012bfe145510 22409       3       com.android.tools.r8.internal.TY::e (100 bytes)
Event: 5.835 Thread 0x0000012bfe145d20 22410       3       com.android.tools.r8.graph.J2::a (31 bytes)
Event: 5.835 Thread 0x0000012bfe145510 nmethod 22409 0x0000012be9632a08 code [0x0000012be9632b00, 0x0000012be9633248]
Event: 5.835 Thread 0x0000012bfe145d20 nmethod 22410 0x0000012be981a808 code [0x0000012be981a900, 0x0000012be981ad40]
Event: 5.837 Thread 0x0000012bfe145d20 22411       3       com.android.tools.r8.internal.K5::e (262 bytes)
Event: 5.837 Thread 0x0000012bfe145510 22412       2       com.android.tools.r8.internal.Xm::a (18 bytes)
Event: 5.837 Thread 0x0000012bfe145d20 nmethod 22411 0x0000012be972bd08 code [0x0000012be972be00, 0x0000012be972d698]
Event: 5.837 Thread 0x0000012bfe145510 nmethod 22412 0x0000012be96a9088 code [0x0000012be96a9180, 0x0000012be96a93c0]
Event: 5.838 Thread 0x0000012bfe038db0 22413       3       com.android.tools.r8.dex.n0::a (50 bytes)
Event: 5.838 Thread 0x0000012bfe038db0 nmethod 22413 0x0000012be975dc88 code [0x0000012be975dd80, 0x0000012be975e7f8]
Event: 5.839 Thread 0x0000012bfe146d40 22414 %     3       com.android.tools.r8.internal.CQ::k @ 37 (71 bytes)
Event: 5.839 Thread 0x0000012bfe145d20 22415       3       com.android.tools.r8.internal.ZI::a (44 bytes)

GC Heap Usage History (20 events):
Event: 5.326 {heap Before GC invocations=35 (full 0):
 garbage-first heap   total reserved 524288K, committed 427008K, used 381766K [0x00000000e0000000, 0x0000000100000000)
  region size 1024K, 104 young (106496K), 15 survivors (15360K)
}
Event: 5.330 {heap After GC invocations=36 (full 0):
 garbage-first heap   total reserved 524288K, committed 427008K, used 308839K [0x00000000e0000000, 0x0000000100000000)
  region size 1024K, 13 young (13312K), 13 survivors (13312K)
}
Event: 5.372 {heap Before GC invocations=36 (full 0):
 garbage-first heap   total reserved 524288K, committed 427008K, used 389735K [0x00000000e0000000, 0x0000000100000000)
  region size 1024K, 92 young (94208K), 13 survivors (13312K)
}
Event: 5.375 {heap After GC invocations=37 (full 0):
 garbage-first heap   total reserved 524288K, committed 447488K, used 319787K [0x00000000e0000000, 0x0000000100000000)
  region size 1024K, 9 young (9216K), 9 survivors (9216K)
}
Event: 5.428 {heap Before GC invocations=38 (full 0):
 garbage-first heap   total reserved 524288K, committed 524288K, used 408875K [0x00000000e0000000, 0x0000000100000000)
  region size 1024K, 96 young (98304K), 9 survivors (9216K)
}
Event: 5.431 {heap After GC invocations=39 (full 0):
 garbage-first heap   total reserved 524288K, committed 524288K, used 324774K [0x00000000e0000000, 0x0000000100000000)
  region size 1024K, 6 young (6144K), 6 survivors (6144K)
}
Event: 5.476 {heap Before GC invocations=39 (full 0):
 garbage-first heap   total reserved 524288K, committed 524288K, used 467110K [0x00000000e0000000, 0x0000000100000000)
  region size 1024K, 146 young (149504K), 6 survivors (6144K)
}
Event: 5.479 {heap After GC invocations=40 (full 0):
 garbage-first heap   total reserved 524288K, committed 524288K, used 324800K [0x00000000e0000000, 0x0000000100000000)
  region size 1024K, 10 young (10240K), 10 survivors (10240K)
}
Event: 5.525 {heap Before GC invocations=40 (full 0):
 garbage-first heap   total reserved 524288K, committed 524288K, used 473280K [0x00000000e0000000, 0x0000000100000000)
  region size 1024K, 156 young (159744K), 10 survivors (10240K)
}
Event: 5.527 {heap After GC invocations=41 (full 0):
 garbage-first heap   total reserved 524288K, committed 524288K, used 325961K [0x00000000e0000000, 0x0000000100000000)
  region size 1024K, 11 young (11264K), 11 survivors (11264K)
}
Event: 5.581 {heap Before GC invocations=41 (full 0):
 garbage-first heap   total reserved 524288K, committed 524288K, used 480585K [0x00000000e0000000, 0x0000000100000000)
  region size 1024K, 163 young (166912K), 11 survivors (11264K)
}
Event: 5.583 {heap After GC invocations=42 (full 0):
 garbage-first heap   total reserved 524288K, committed 524288K, used 326218K [0x00000000e0000000, 0x0000000100000000)
  region size 1024K, 11 young (11264K), 11 survivors (11264K)
}
Event: 5.645 {heap Before GC invocations=43 (full 0):
 garbage-first heap   total reserved 524288K, committed 524288K, used 490058K [0x00000000e0000000, 0x0000000100000000)
  region size 1024K, 172 young (176128K), 11 survivors (11264K)
}
Event: 5.648 {heap After GC invocations=44 (full 0):
 garbage-first heap   total reserved 524288K, committed 524288K, used 327103K [0x00000000e0000000, 0x0000000100000000)
  region size 1024K, 12 young (12288K), 12 survivors (12288K)
}
Event: 5.697 {heap Before GC invocations=44 (full 0):
 garbage-first heap   total reserved 524288K, committed 524288K, used 495039K [0x00000000e0000000, 0x0000000100000000)
  region size 1024K, 177 young (181248K), 12 survivors (12288K)
}
Event: 5.699 {heap After GC invocations=45 (full 0):
 garbage-first heap   total reserved 524288K, committed 524288K, used 323519K [0x00000000e0000000, 0x0000000100000000)
  region size 1024K, 13 young (13312K), 13 survivors (13312K)
}
Event: 5.749 {heap Before GC invocations=45 (full 0):
 garbage-first heap   total reserved 524288K, committed 524288K, used 494527K [0x00000000e0000000, 0x0000000100000000)
  region size 1024K, 181 young (185344K), 13 survivors (13312K)
}
Event: 5.752 {heap After GC invocations=46 (full 0):
 garbage-first heap   total reserved 524288K, committed 524288K, used 324520K [0x00000000e0000000, 0x0000000100000000)
  region size 1024K, 10 young (10240K), 10 survivors (10240K)
}
Event: 5.806 {heap Before GC invocations=46 (full 0):
 garbage-first heap   total reserved 524288K, committed 524288K, used 495528K [0x00000000e0000000, 0x0000000100000000)
  region size 1024K, 177 young (181248K), 10 survivors (10240K)
}
Event: 5.808 {heap After GC invocations=47 (full 0):
 garbage-first heap   total reserved 524288K, committed 524288K, used 324735K [0x00000000e0000000, 0x0000000100000000)
  region size 1024K, 10 young (10240K), 10 survivors (10240K)
}

Metaspace Usage History (20 events):
Event: 5.326 {metaspace Before GC invocations=35 (full 0):
 Metaspace       used 138955K, committed 141120K, reserved 458752K
  class space    used 21166K, committed 22208K, reserved 327680K
}
Event: 5.330 {metaspace After GC invocations=36 (full 0):
 Metaspace       used 138955K, committed 141120K, reserved 458752K
  class space    used 21166K, committed 22208K, reserved 327680K
}
Event: 5.372 {metaspace Before GC invocations=36 (full 0):
 Metaspace       used 140000K, committed 142208K, reserved 458752K
  class space    used 21305K, committed 22336K, reserved 327680K
}
Event: 5.375 {metaspace After GC invocations=37 (full 0):
 Metaspace       used 140000K, committed 142208K, reserved 458752K
  class space    used 21305K, committed 22336K, reserved 327680K
}
Event: 5.428 {metaspace Before GC invocations=38 (full 0):
 Metaspace       used 140533K, committed 142656K, reserved 458752K
  class space    used 21328K, committed 22336K, reserved 327680K
}
Event: 5.431 {metaspace After GC invocations=39 (full 0):
 Metaspace       used 140533K, committed 142656K, reserved 458752K
  class space    used 21328K, committed 22336K, reserved 327680K
}
Event: 5.476 {metaspace Before GC invocations=39 (full 0):
 Metaspace       used 141239K, committed 143424K, reserved 458752K
  class space    used 21446K, committed 22464K, reserved 327680K
}
Event: 5.479 {metaspace After GC invocations=40 (full 0):
 Metaspace       used 141239K, committed 143424K, reserved 458752K
  class space    used 21446K, committed 22464K, reserved 327680K
}
Event: 5.525 {metaspace Before GC invocations=40 (full 0):
 Metaspace       used 141396K, committed 143552K, reserved 458752K
  class space    used 21461K, committed 22464K, reserved 327680K
}
Event: 5.527 {metaspace After GC invocations=41 (full 0):
 Metaspace       used 141396K, committed 143552K, reserved 458752K
  class space    used 21461K, committed 22464K, reserved 327680K
}
Event: 5.581 {metaspace Before GC invocations=41 (full 0):
 Metaspace       used 141576K, committed 143744K, reserved 458752K
  class space    used 21466K, committed 22464K, reserved 327680K
}
Event: 5.583 {metaspace After GC invocations=42 (full 0):
 Metaspace       used 141576K, committed 143744K, reserved 458752K
  class space    used 21466K, committed 22464K, reserved 327680K
}
Event: 5.645 {metaspace Before GC invocations=43 (full 0):
 Metaspace       used 141865K, committed 144000K, reserved 458752K
  class space    used 21477K, committed 22464K, reserved 327680K
}
Event: 5.648 {metaspace After GC invocations=44 (full 0):
 Metaspace       used 141865K, committed 144000K, reserved 458752K
  class space    used 21477K, committed 22464K, reserved 327680K
}
Event: 5.697 {metaspace Before GC invocations=44 (full 0):
 Metaspace       used 141972K, committed 144064K, reserved 458752K
  class space    used 21480K, committed 22464K, reserved 327680K
}
Event: 5.699 {metaspace After GC invocations=45 (full 0):
 Metaspace       used 141972K, committed 144064K, reserved 458752K
  class space    used 21480K, committed 22464K, reserved 327680K
}
Event: 5.749 {metaspace Before GC invocations=45 (full 0):
 Metaspace       used 142017K, committed 144128K, reserved 458752K
  class space    used 21482K, committed 22464K, reserved 327680K
}
Event: 5.752 {metaspace After GC invocations=46 (full 0):
 Metaspace       used 142017K, committed 144128K, reserved 458752K
  class space    used 21482K, committed 22464K, reserved 327680K
}
Event: 5.806 {metaspace Before GC invocations=46 (full 0):
 Metaspace       used 142031K, committed 144128K, reserved 458752K
  class space    used 21483K, committed 22464K, reserved 327680K
}
Event: 5.808 {metaspace After GC invocations=47 (full 0):
 Metaspace       used 142031K, committed 144128K, reserved 458752K
  class space    used 21483K, committed 22464K, reserved 327680K
}

Dll operation events (3 events):
Event: 0.004 Loaded shared library C:\Program Files\Android\Android Studio\jbr\bin\java.dll
Event: 0.007 Loaded shared library C:\Program Files\Android\Android Studio\jbr\bin\zip.dll
Event: 0.247 Loaded shared library C:\Program Files\Android\Android Studio\jbr\bin\verify.dll

Deoptimization events (20 events):
Event: 5.809 Thread 0x0000012b8fec1c70 DEOPT PACKING pc=0x0000012bf19cccc0 sp=0x0000000c9e8f9900
Event: 5.809 Thread 0x0000012b8fec1c70 DEOPT UNPACKING pc=0x0000012bf0b38582 sp=0x0000000c9e8f9898 mode 2
Event: 5.811 Thread 0x0000012b8fec1c70 Uncommon trap: trap_request=0xffffff45 fr.pc=0x0000012bf1a02b24 relative=0x0000000000002f24
Event: 5.811 Thread 0x0000012b8fec1c70 Uncommon trap: reason=unstable_if action=reinterpret pc=0x0000012bf1a02b24 method=com.android.tools.r8.internal.Oa.j(I)Z @ 3 c2
Event: 5.811 Thread 0x0000012b8fec1c70 DEOPT PACKING pc=0x0000012bf1a02b24 sp=0x0000000c9e8f98e0
Event: 5.811 Thread 0x0000012b8fec1c70 DEOPT UNPACKING pc=0x0000012bf0b38582 sp=0x0000000c9e8f9878 mode 2
Event: 5.811 Thread 0x0000012b8fec1c70 Uncommon trap: trap_request=0xffffff45 fr.pc=0x0000012bf199f618 relative=0x00000000000022f8
Event: 5.811 Thread 0x0000012b8fec1c70 Uncommon trap: reason=unstable_if action=reinterpret pc=0x0000012bf199f618 method=com.android.tools.r8.internal.Oa.j(I)Z @ 3 c2
Event: 5.811 Thread 0x0000012b8fec1c70 DEOPT PACKING pc=0x0000012bf199f618 sp=0x0000000c9e8f9930
Event: 5.811 Thread 0x0000012b8fec1c70 DEOPT UNPACKING pc=0x0000012bf0b38582 sp=0x0000000c9e8f9868 mode 2
Event: 5.811 Thread 0x0000012b8fec5af0 DEOPT PACKING pc=0x0000012beadc93e5 sp=0x0000000c9f0f8b50
Event: 5.811 Thread 0x0000012b8fec5af0 DEOPT UNPACKING pc=0x0000012bf0a71702 sp=0x0000000c9f0f83f8 mode 0
Event: 5.812 Thread 0x0000012b8fec1c70 Uncommon trap: trap_request=0xffffff45 fr.pc=0x0000012bf1958444 relative=0x0000000000000044
Event: 5.812 Thread 0x0000012b8fec1c70 Uncommon trap: reason=unstable_if action=reinterpret pc=0x0000012bf1958444 method=com.android.tools.r8.internal.Oa.j(I)Z @ 3 c2
Event: 5.812 Thread 0x0000012b8fec1c70 DEOPT PACKING pc=0x0000012bf1958444 sp=0x0000000c9e8f98e0
Event: 5.812 Thread 0x0000012b8fec1c70 DEOPT UNPACKING pc=0x0000012bf0b38582 sp=0x0000000c9e8f9868 mode 2
Event: 5.823 Thread 0x0000012b8fec2440 DEOPT PACKING pc=0x0000012beadc93e5 sp=0x0000000c9ebf91a0
Event: 5.823 Thread 0x0000012b8fec2440 DEOPT UNPACKING pc=0x0000012bf0a71702 sp=0x0000000c9ebf8a48 mode 0
Event: 5.835 Thread 0x0000012b8fed6490 DEOPT PACKING pc=0x0000012beadac337 sp=0x0000000c9fef97e0
Event: 5.835 Thread 0x0000012b8fed6490 DEOPT UNPACKING pc=0x0000012bf0a71702 sp=0x0000000c9fef9110 mode 0

Classes loaded (20 events):
Event: 5.263 Loading class java/util/IdentityHashMap$EntrySpliterator
Event: 5.263 Loading class java/util/IdentityHashMap$IdentityHashMapSpliterator
Event: 5.263 Loading class java/util/IdentityHashMap$IdentityHashMapSpliterator done
Event: 5.263 Loading class java/util/IdentityHashMap$EntrySpliterator done
Event: 5.267 Loading class java/nio/ShortBuffer
Event: 5.268 Loading class java/nio/ShortBuffer done
Event: 5.269 Loading class java/util/SortedSet$1
Event: 5.269 Loading class java/util/SortedSet$1 done
Event: 5.278 Loading class java/util/PriorityQueue
Event: 5.278 Loading class java/util/PriorityQueue done
Event: 5.290 Loading class java/util/zip/Adler32
Event: 5.290 Loading class java/util/zip/Adler32 done
Event: 5.294 Loading class java/nio/file/Files$2
Event: 5.294 Loading class java/nio/file/Files$2 done
Event: 5.314 Loading class java/util/AbstractList$SubList
Event: 5.314 Loading class java/util/AbstractList$SubList done
Event: 5.315 Loading class java/util/AbstractList$SubList$1
Event: 5.315 Loading class java/util/AbstractList$SubList$1 done
Event: 5.322 Loading class java/nio/ByteBufferAsShortBufferL
Event: 5.322 Loading class java/nio/ByteBufferAsShortBufferL done

Classes unloaded (20 events):
Event: 5.395 Thread 0x0000012bfda320f0 Unloading class 0x00000000c13f8400 'java/lang/invoke/LambdaForm$DMH+0x00000000c13f8400'
Event: 5.395 Thread 0x0000012bfda320f0 Unloading class 0x00000000c13f9000 'java/lang/invoke/LambdaForm$DMH+0x00000000c13f9000'
Event: 5.395 Thread 0x0000012bfda320f0 Unloading class 0x00000000c13f8800 'java/lang/invoke/LambdaForm$DMH+0x00000000c13f8800'
Event: 5.595 Thread 0x0000012bfda320f0 Unloading class 0x00000000c159c400 'java/lang/invoke/LambdaForm$DMH+0x00000000c159c400'
Event: 5.595 Thread 0x0000012bfda320f0 Unloading class 0x00000000c1594400 'java/lang/invoke/LambdaForm$DMH+0x00000000c1594400'
Event: 5.595 Thread 0x0000012bfda320f0 Unloading class 0x00000000c1562800 'java/lang/invoke/LambdaForm$DMH+0x00000000c1562800'
Event: 5.595 Thread 0x0000012bfda320f0 Unloading class 0x00000000c1562c00 'java/lang/invoke/LambdaForm$DMH+0x00000000c1562c00'
Event: 5.595 Thread 0x0000012bfda320f0 Unloading class 0x00000000c1562400 'java/lang/invoke/LambdaForm$DMH+0x00000000c1562400'
Event: 5.595 Thread 0x0000012bfda320f0 Unloading class 0x00000000c1562000 'java/lang/invoke/LambdaForm$DMH+0x00000000c1562000'
Event: 5.595 Thread 0x0000012bfda320f0 Unloading class 0x00000000c1561c00 'java/lang/invoke/LambdaForm$DMH+0x00000000c1561c00'
Event: 5.595 Thread 0x0000012bfda320f0 Unloading class 0x00000000c1561800 'java/lang/invoke/LambdaForm$DMH+0x00000000c1561800'
Event: 5.595 Thread 0x0000012bfda320f0 Unloading class 0x00000000c1561400 'java/lang/invoke/LambdaForm$DMH+0x00000000c1561400'
Event: 5.595 Thread 0x0000012bfda320f0 Unloading class 0x00000000c1561000 'java/lang/invoke/LambdaForm$DMH+0x00000000c1561000'
Event: 5.595 Thread 0x0000012bfda320f0 Unloading class 0x00000000c1560c00 'java/lang/invoke/LambdaForm$DMH+0x00000000c1560c00'
Event: 5.595 Thread 0x0000012bfda320f0 Unloading class 0x00000000c1560400 'java/lang/invoke/LambdaForm$DMH+0x00000000c1560400'
Event: 5.595 Thread 0x0000012bfda320f0 Unloading class 0x00000000c1560800 'java/lang/invoke/LambdaForm$DMH+0x00000000c1560800'
Event: 5.595 Thread 0x0000012bfda320f0 Unloading class 0x00000000c14f4000 'java/lang/invoke/LambdaForm$DMH+0x00000000c14f4000'
Event: 5.595 Thread 0x0000012bfda320f0 Unloading class 0x00000000c14f4800 'java/lang/invoke/LambdaForm$DMH+0x00000000c14f4800'
Event: 5.595 Thread 0x0000012bfda320f0 Unloading class 0x00000000c14f5000 'java/lang/invoke/LambdaForm$DMH+0x00000000c14f5000'
Event: 5.595 Thread 0x0000012bfda320f0 Unloading class 0x00000000c14f4c00 'java/lang/invoke/LambdaForm$DMH+0x00000000c14f4c00'

Classes redefined (0 events):
No events

Internal exceptions (20 events):
Event: 5.313 Thread 0x0000012b8feb97a0 Exception <a 'java/lang/IncompatibleClassChangeError'{0x00000000f4657f08}: Found class java.lang.Object, but interface was expected> (0x00000000f4657f08) 
thrown [s\src\hotspot\share\interpreter\linkResolver.cpp, line 882]
Event: 5.314 Thread 0x0000012b8fec5af0 Exception <a 'java/lang/NoSuchMethodError'{0x00000000f46f6408}: 'int java.lang.invoke.DirectMethodHandle$Holder.invokeSpecial(java.lang.Object, java.lang.Object, java.lang.Object, java.lang.Object, java.lang.Object, java.lang.Object)'> (0x00000000f46f6408) 
thrown [s\src\hotspot\share\interpreter\linkResolver.cpp, line 815]
Event: 5.325 Thread 0x0000012b8feb97a0 Exception <a 'sun/nio/fs/WindowsException'{0x00000000f31e2e00}> (0x00000000f31e2e00) 
thrown [s\src\hotspot\share\prims\jni.cpp, line 535]
Event: 5.325 Thread 0x0000012b8fec89d0 Exception <a 'java/lang/NoSuchMethodError'{0x00000000f3082078}: 'void java.lang.invoke.DirectMethodHandle$Holder.invokeStatic(java.lang.Object, java.lang.Object, java.lang.Object, java.lang.Object, java.lang.Object, java.lang.Object, java.lang.Object)'> (0x00000000f3082078) 
thrown [s\src\hotspot\share\interpreter\linkResolver.cpp, line 815]
Event: 5.333 Thread 0x0000012b8feb97a0 Exception <a 'sun/nio/fs/WindowsException'{0x00000000f8268750}> (0x00000000f8268750) 
thrown [s\src\hotspot\share\prims\jni.cpp, line 535]
Event: 5.360 Thread 0x0000012b8fed6c60 Exception <a 'java/lang/IncompatibleClassChangeError'{0x00000000f51a01c8}: Found class java.lang.Object, but interface was expected> (0x00000000f51a01c8) 
thrown [s\src\hotspot\share\interpreter\linkResolver.cpp, line 882]
Event: 5.360 Thread 0x0000012b8fecd020 Exception <a 'java/lang/IncompatibleClassChangeError'{0x00000000f4f4f1a8}: Found class java.lang.Object, but interface was expected> (0x00000000f4f4f1a8) 
thrown [s\src\hotspot\share\interpreter\linkResolver.cpp, line 882]
Event: 5.453 Thread 0x0000012b8fec89d0 Implicit null exception at 0x0000012bf15b5ab0 to 0x0000012bf15b5bd0
Event: 5.462 Thread 0x0000012b8fec6a90 Exception <a 'sun/nio/fs/WindowsException'{0x00000000f8a7a718}> (0x00000000f8a7a718) 
thrown [s\src\hotspot\share\prims\jni.cpp, line 535]
Event: 5.470 Thread 0x0000012b8fec6a90 Exception <a 'sun/nio/fs/WindowsException'{0x00000000f678d518}> (0x00000000f678d518) 
thrown [s\src\hotspot\share\prims\jni.cpp, line 535]
Event: 5.474 Thread 0x0000012b8fed4550 Exception <a 'java/lang/NoSuchMethodError'{0x00000000f5d08028}: 'int java.lang.invoke.DirectMethodHandle$Holder.invokeInterface(java.lang.Object, java.lang.Object, int)'> (0x00000000f5d08028) 
thrown [s\src\hotspot\share\interpreter\linkResolver.cpp, line 815]
Event: 5.483 Thread 0x0000012b8fed4550 Exception <a 'java/lang/NoSuchMethodError'{0x00000000fddda880}: 'void java.lang.invoke.DirectMethodHandle$Holder.invokeSpecialIFC(java.lang.Object, java.lang.Object, java.lang.Object, java.lang.Object)'> (0x00000000fddda880) 
thrown [s\src\hotspot\share\interpreter\linkResolver.cpp, line 815]
Event: 5.484 Thread 0x0000012b8fec89d0 Exception <a 'sun/nio/fs/WindowsException'{0x00000000fdb54da8}> (0x00000000fdb54da8) 
thrown [s\src\hotspot\share\prims\jni.cpp, line 535]
Event: 5.487 Thread 0x0000012b8fec89d0 Exception <a 'sun/nio/fs/WindowsException'{0x00000000fd0f4d28}> (0x00000000fd0f4d28) 
thrown [s\src\hotspot\share\prims\jni.cpp, line 535]
Event: 5.640 Thread 0x0000012b8fecd020 Implicit null exception at 0x0000012bf123fdad to 0x0000012bf123fef8
Event: 5.644 Thread 0x0000012b8fecd020 Exception <a 'java/lang/NoSuchMethodError'{0x00000000f5179510}: 'java.lang.Object java.lang.invoke.DirectMethodHandle$Holder.newInvokeSpecial(java.lang.Object, int, java.lang.Object, java.lang.Object)'> (0x00000000f5179510) 
thrown [s\src\hotspot\share\interpreter\linkResolver.cpp, line 815]
Event: 5.649 Thread 0x0000012b8fed2610 Exception <a 'sun/nio/fs/WindowsException'{0x00000000ff3a2fc0}> (0x00000000ff3a2fc0) 
thrown [s\src\hotspot\share\prims\jni.cpp, line 535]
Event: 5.652 Thread 0x0000012b8fed2610 Exception <a 'sun/nio/fs/WindowsException'{0x00000000ff3ba018}> (0x00000000ff3ba018) 
thrown [s\src\hotspot\share\prims\jni.cpp, line 535]
Event: 5.675 Thread 0x0000012b8fecd020 Exception <a 'sun/nio/fs/WindowsException'{0x00000000f91d8968}> (0x00000000f91d8968) 
thrown [s\src\hotspot\share\prims\jni.cpp, line 535]
Event: 5.678 Thread 0x0000012b8fecd020 Exception <a 'sun/nio/fs/WindowsException'{0x00000000f91ef990}> (0x00000000f91ef990) 
thrown [s\src\hotspot\share\prims\jni.cpp, line 535]

VM Operations (20 events):
Event: 5.525 Executing safepoint VM operation: G1CollectForAllocation (G1 Evacuation Pause)
Event: 5.527 Executing safepoint VM operation: G1CollectForAllocation (G1 Evacuation Pause) done
Event: 5.581 Executing safepoint VM operation: G1CollectForAllocation (G1 Evacuation Pause)
Event: 5.584 Executing safepoint VM operation: G1CollectForAllocation (G1 Evacuation Pause) done
Event: 5.595 Executing safepoint VM operation: G1PauseRemark
Event: 5.604 Executing safepoint VM operation: G1PauseRemark done
Event: 5.628 Executing safepoint VM operation: G1PauseCleanup
Event: 5.629 Executing safepoint VM operation: G1PauseCleanup done
Event: 5.645 Executing safepoint VM operation: G1CollectForAllocation (G1 Evacuation Pause)
Event: 5.648 Executing safepoint VM operation: G1CollectForAllocation (G1 Evacuation Pause) done
Event: 5.697 Executing safepoint VM operation: G1CollectForAllocation (G1 Evacuation Pause)
Event: 5.700 Executing safepoint VM operation: G1CollectForAllocation (G1 Evacuation Pause) done
Event: 5.749 Executing safepoint VM operation: G1CollectForAllocation (G1 Evacuation Pause)
Event: 5.752 Executing safepoint VM operation: G1CollectForAllocation (G1 Evacuation Pause) done
Event: 5.806 Executing safepoint VM operation: G1CollectForAllocation (G1 Evacuation Pause)
Event: 5.808 Executing safepoint VM operation: G1CollectForAllocation (G1 Evacuation Pause) done
Event: 5.812 Executing non-safepoint VM operation: HandshakeAllThreads (Deoptimize)
Event: 5.813 Executing non-safepoint VM operation: HandshakeAllThreads (Deoptimize) done
Event: 5.823 Executing safepoint VM operation: G1PauseRemark
Event: 5.827 Executing safepoint VM operation: G1PauseRemark done

Memory protections (0 events):
No events

Nmethod flushes (20 events):
Event: 5.826 Thread 0x0000012bfda320f0 flushing  nmethod 0x0000012bea477688
Event: 5.826 Thread 0x0000012bfda320f0 flushing  nmethod 0x0000012bea4f1b08
Event: 5.826 Thread 0x0000012bfda320f0 flushing  nmethod 0x0000012bea69b788
Event: 5.826 Thread 0x0000012bfda320f0 flushing  nmethod 0x0000012beac8d508
Event: 5.826 Thread 0x0000012bfda320f0 flushing  nmethod 0x0000012bead4b488
Event: 5.826 Thread 0x0000012bfda320f0 flushing  nmethod 0x0000012bf12cc608
Event: 5.826 Thread 0x0000012bfda320f0 flushing  nmethod 0x0000012bf12cd508
Event: 5.826 Thread 0x0000012bfda320f0 flushing  nmethod 0x0000012bf12cd808
Event: 5.826 Thread 0x0000012bfda320f0 flushing  nmethod 0x0000012bf14b6d88
Event: 5.826 Thread 0x0000012bfda320f0 flushing  nmethod 0x0000012bf1999808
Event: 5.826 Thread 0x0000012bfda320f0 flushing  nmethod 0x0000012be97d5688
Event: 5.826 Thread 0x0000012bfda320f0 flushing  nmethod 0x0000012be97dab08
Event: 5.826 Thread 0x0000012bfda320f0 flushing  nmethod 0x0000012be97db288
Event: 5.826 Thread 0x0000012bfda320f0 flushing  nmethod 0x0000012be9995208
Event: 5.826 Thread 0x0000012bfda320f0 flushing  nmethod 0x0000012be9995508
Event: 5.826 Thread 0x0000012bfda320f0 flushing  nmethod 0x0000012be9996008
Event: 5.826 Thread 0x0000012bfda320f0 flushing  nmethod 0x0000012be9996388
Event: 5.826 Thread 0x0000012bfda320f0 flushing  nmethod 0x0000012be9996b88
Event: 5.826 Thread 0x0000012bfda320f0 flushing  nmethod 0x0000012bea0a0a08
Event: 5.826 Thread 0x0000012bfda320f0 flushing  nmethod 0x0000012beabc9308

Events (20 events):
Event: 4.828 Thread 0x0000012b8efa97d0 Thread added: 0x0000012b8feca910
Event: 4.828 Thread 0x0000012b8efa97d0 Thread added: 0x0000012b8fecb0e0
Event: 4.828 Thread 0x0000012b8efa97d0 Thread added: 0x0000012b8fecb8b0
Event: 4.828 Thread 0x0000012b8efa97d0 Thread added: 0x0000012b8fec89d0
Event: 4.828 Thread 0x0000012b8efa97d0 Thread added: 0x0000012b8fecd020
Event: 4.828 Thread 0x0000012b8efa97d0 Thread added: 0x0000012b8fecdfc0
Event: 4.828 Thread 0x0000012b8efa97d0 Thread added: 0x0000012b8fecf730
Event: 4.828 Thread 0x0000012b8efa97d0 Thread added: 0x0000012b8fed0ea0
Event: 4.828 Thread 0x0000012b8efa97d0 Thread added: 0x0000012b8fed06d0
Event: 4.828 Thread 0x0000012b8efa97d0 Thread added: 0x0000012b8fed2610
Event: 4.828 Thread 0x0000012b8efa97d0 Thread added: 0x0000012b8fed2de0
Event: 4.828 Thread 0x0000012b8efa97d0 Thread added: 0x0000012b8fed4550
Event: 4.828 Thread 0x0000012b8efa97d0 Thread added: 0x0000012b8fed6490
Event: 4.828 Thread 0x0000012b8efa97d0 Thread added: 0x0000012b8fed6c60
Event: 4.828 Thread 0x0000012b8efa97d0 Thread added: 0x0000012b8fed35b0
Event: 4.828 Thread 0x0000012b8efa97d0 Thread added: 0x0000012b8fed7430
Event: 4.828 Thread 0x0000012b8efa97d0 Thread added: 0x0000012b8fb6a540
Event: 5.029 Thread 0x0000012bfe038db0 Thread added: 0x0000012b8e5a91f0
Event: 5.029 Thread 0x0000012bfe038db0 Thread added: 0x0000012b8e5a89e0
Event: 5.029 Thread 0x0000012bfe038db0 Thread added: 0x0000012b8e5a9a00


Dynamic libraries:
0x00007ff6b9cd0000 - 0x00007ff6b9cda000 	C:\Program Files\Android\Android Studio\jbr\bin\java.exe
0x00007ff931a20000 - 0x00007ff931c86000 	C:\WINDOWS\SYSTEM32\ntdll.dll
0x00007ff9307a0000 - 0x00007ff930869000 	C:\WINDOWS\System32\KERNEL32.DLL
0x00007ff92f1e0000 - 0x00007ff92f5de000 	C:\WINDOWS\System32\KERNELBASE.dll
0x00007ff92f5f0000 - 0x00007ff92f73c000 	C:\WINDOWS\System32\ucrtbase.dll
0x00007ff928910000 - 0x00007ff928926000 	C:\Program Files\Android\Android Studio\jbr\bin\jli.dll
0x00007ff8a5380000 - 0x00007ff8a539b000 	C:\Program Files\Android\Android Studio\jbr\bin\VCRUNTIME140.dll
0x00007ff931100000 - 0x00007ff9312c7000 	C:\WINDOWS\System32\USER32.dll
0x00007ff92ddd0000 - 0x00007ff92e062000 	C:\WINDOWS\WinSxS\amd64_microsoft.windows.common-controls_6595b64144ccf1df_6.0.26100.8875_none_3e0d5d42e32fe9dd\COMCTL32.dll
0x00007ff92edc0000 - 0x00007ff92ede7000 	C:\WINDOWS\System32\win32u.dll
0x00007ff9306f0000 - 0x00007ff930799000 	C:\WINDOWS\System32\msvcrt.dll
0x00007ff9314d0000 - 0x00007ff9314fb000 	C:\WINDOWS\System32\GDI32.dll
0x00007ff92edf0000 - 0x00007ff92ef1a000 	C:\WINDOWS\System32\gdi32full.dll
0x00007ff92efb0000 - 0x00007ff92f053000 	C:\WINDOWS\System32\msvcp_win.dll
0x00007ff930040000 - 0x00007ff930072000 	C:\WINDOWS\System32\IMM32.DLL
0x00007ff8fc6e0000 - 0x00007ff8fc6ec000 	C:\Program Files\Android\Android Studio\jbr\bin\vcruntime140_1.dll
0x00007ff8a50b0000 - 0x00007ff8a513d000 	C:\Program Files\Android\Android Studio\jbr\bin\msvcp140.dll
0x00007ff8a53a0000 - 0x00007ff8a627a000 	C:\Program Files\Android\Android Studio\jbr\bin\server\jvm.dll
0x00007ff931040000 - 0x00007ff9310f7000 	C:\WINDOWS\System32\ADVAPI32.dll
0x00007ff9312d0000 - 0x00007ff93137a000 	C:\WINDOWS\System32\sechost.dll
0x00007ff931720000 - 0x00007ff931838000 	C:\WINDOWS\System32\RPCRT4.dll
0x00007ff930080000 - 0x00007ff930100000 	C:\WINDOWS\System32\WS2_32.dll
0x00007ff92eaa0000 - 0x00007ff92eafe000 	C:\WINDOWS\SYSTEM32\POWRPROF.dll
0x00007ff92cb10000 - 0x00007ff92cb1b000 	C:\WINDOWS\SYSTEM32\VERSION.dll
0x00007ff91ed20000 - 0x00007ff91ed56000 	C:\WINDOWS\SYSTEM32\WINMM.dll
0x00007ff92ea80000 - 0x00007ff92ea94000 	C:\WINDOWS\SYSTEM32\UMPDC.dll
0x00007ff92dc20000 - 0x00007ff92dc3b000 	C:\WINDOWS\SYSTEM32\kernel.appcore.dll
0x00007ff8f6140000 - 0x00007ff8f614a000 	C:\Program Files\Android\Android Studio\jbr\bin\jimage.dll
0x00007ff92e3d0000 - 0x00007ff92e612000 	C:\WINDOWS\SYSTEM32\DBGHELP.DLL
0x00007ff930870000 - 0x00007ff930bf3000 	C:\WINDOWS\System32\combase.dll
0x00007ff930180000 - 0x00007ff930259000 	C:\WINDOWS\System32\OLEAUT32.dll
0x00007ff92e280000 - 0x00007ff92e2bb000 	C:\WINDOWS\SYSTEM32\dbgcore.DLL
0x00007ff92f060000 - 0x00007ff92f10c000 	C:\WINDOWS\System32\bcryptPrimitives.dll
0x00007ff928900000 - 0x00007ff92890e000 	C:\Program Files\Android\Android Studio\jbr\bin\instrument.dll
0x00007ff8a5360000 - 0x00007ff8a537f000 	C:\Program Files\Android\Android Studio\jbr\bin\java.dll
0x00007ff931840000 - 0x00007ff9319d9000 	C:\WINDOWS\System32\ole32.dll
0x00007ff92f8a0000 - 0x00007ff930032000 	C:\WINDOWS\System32\SHELL32.dll
0x00007ff8a5340000 - 0x00007ff8a5357000 	C:\Program Files\Android\Android Studio\jbr\bin\zip.dll
0x00007ff92b6a0000 - 0x00007ff92bf32000 	C:\WINDOWS\SYSTEM32\windows.storage.dll
0x00007ff92f760000 - 0x00007ff92f857000 	C:\WINDOWS\System32\SHCORE.dll
0x00007ff930110000 - 0x00007ff930177000 	C:\WINDOWS\System32\shlwapi.dll
0x00007ff92eb60000 - 0x00007ff92eb89000 	C:\WINDOWS\SYSTEM32\profapi.dll
0x00007ff8f0490000 - 0x00007ff8f04a0000 	C:\Program Files\Android\Android Studio\jbr\bin\net.dll
0x00007ff92ce20000 - 0x00007ff92ce8c000 	C:\WINDOWS\system32\mswsock.dll
0x00007ff8a5320000 - 0x00007ff8a5336000 	C:\Program Files\Android\Android Studio\jbr\bin\nio.dll
0x00007ff8effd0000 - 0x00007ff8effe0000 	C:\Program Files\Android\Android Studio\jbr\bin\verify.dll
0x00007ff8fc6b0000 - 0x00007ff8fc6d7000 	C:\Users\Intel\.gradle\native\660c5614fbf4a5f2a75b1949f50a0caf5cd603558e7d8a26e50b933a0cfb79d1\windows-amd64\native-platform.dll
0x00007ff8f9590000 - 0x00007ff8f9607000 	C:\Users\Intel\.gradle\native\0.2.8\x86_64-windows-gnu\gradle-fileevents.dll
0x00007ff8f6170000 - 0x00007ff8f6179000 	C:\Program Files\Android\Android Studio\jbr\bin\management.dll
0x00007ff8f6160000 - 0x00007ff8f616b000 	C:\Program Files\Android\Android Studio\jbr\bin\management_ext.dll
0x00007ff931710000 - 0x00007ff931718000 	C:\WINDOWS\System32\PSAPI.DLL
0x00007ff92c270000 - 0x00007ff92c2a3000 	C:\WINDOWS\SYSTEM32\IPHLPAPI.DLL
0x00007ff9314c0000 - 0x00007ff9314ca000 	C:\WINDOWS\System32\NSI.dll
0x00007ff8f6180000 - 0x00007ff8f6189000 	C:\Program Files\Android\Android Studio\jbr\bin\extnet.dll
0x00007ff92e740000 - 0x00007ff92e75b000 	C:\WINDOWS\SYSTEM32\CRYPTSP.dll
0x00007ff92c820000 - 0x00007ff92c859000 	C:\WINDOWS\system32\rsaenh.dll
0x00007ff92cee0000 - 0x00007ff92cf12000 	C:\WINDOWS\SYSTEM32\USERENV.dll
0x00007ff92eb30000 - 0x00007ff92eb5a000 	C:\WINDOWS\SYSTEM32\bcrypt.dll
0x00007ff92d090000 - 0x00007ff92d09c000 	C:\WINDOWS\SYSTEM32\CRYPTBASE.dll
0x00007ff8adcf0000 - 0x00007ff8adcf8000 	C:\WINDOWS\system32\wshunix.dll
0x00007ff908000000 - 0x00007ff908018000 	C:\WINDOWS\system32\napinsp.dll
0x00007ff92c300000 - 0x00007ff92c456000 	C:\WINDOWS\SYSTEM32\DNSAPI.dll
0x00007ff92cc40000 - 0x00007ff92cc4d000 	C:\WINDOWS\SYSTEM32\DSPARSE.dll
0x00007ff906480000 - 0x00007ff906493000 	C:\WINDOWS\System32\winrnr.dll
0x00007ff906450000 - 0x00007ff906472000 	C:\WINDOWS\system32\nlansp_c.dll
0x00007ff9259c0000 - 0x00007ff9259d6000 	C:\WINDOWS\system32\wshbth.dll
0x00007ff925790000 - 0x00007ff92579b000 	C:\Windows\System32\rasadhlp.dll
0x00007ff920080000 - 0x00007ff920106000 	C:\WINDOWS\System32\fwpuclnt.dll

JVMTI agents:
C:\Users\Intel\.gradle\wrapper\dists\gradle-9.3.0-bin\79n14ral3mx1ozqr3csh2u872\gradle-9.3.0\lib\agents\gradle-instrumentation-agent-9.3.0.jar path:C:\Program Files\Android\Android Studio\jbr\bin\instrument.dll, loaded, initialized, instrumentlib options:none

dbghelp: loaded successfully - version: 4.0.5 - missing functions: none
symbol engine: initialized successfully - sym options: 0x614 - pdb path: .;C:\Program Files\Android\Android Studio\jbr\bin;C:\WINDOWS\SYSTEM32;C:\WINDOWS\WinSxS\amd64_microsoft.windows.common-controls_6595b64144ccf1df_6.0.26100.8875_none_3e0d5d42e32fe9dd;C:\Program Files\Android\Android Studio\jbr\bin\server;C:\Users\Intel\.gradle\native\660c5614fbf4a5f2a75b1949f50a0caf5cd603558e7d8a26e50b933a0cfb79d1\windows-amd64;C:\Users\Intel\.gradle\native\0.2.8\x86_64-windows-gnu

VM Arguments:
jvm_args: --add-opens=java.base/java.lang=ALL-UNNAMED --add-opens=java.base/java.lang.invoke=ALL-UNNAMED --add-opens=java.base/java.util=ALL-UNNAMED --add-opens=java.prefs/java.util.prefs=ALL-UNNAMED --add-exports=jdk.compiler/com.sun.tools.javac.api=ALL-UNNAMED --add-exports=jdk.compiler/com.sun.tools.javac.util=ALL-UNNAMED --add-opens=java.base/java.util=ALL-UNNAMED --add-opens=java.prefs/java.util.prefs=ALL-UNNAMED --add-opens=java.base/java.nio.charset=ALL-UNNAMED --add-opens=java.base/java.net=ALL-UNNAMED --add-opens=java.base/java.util.concurrent=ALL-UNNAMED --add-opens=java.base/java.util.concurrent.atomic=ALL-UNNAMED --add-opens=java.xml/javax.xml.namespace=ALL-UNNAMED --add-opens=java.base/java.time=ALL-UNNAMED --enable-native-access=ALL-UNNAMED -XX:MaxMetaspaceSize=384m -XX:+HeapDumpOnOutOfMemoryError -Xms256m -Xmx512m -Dfile.encoding=UTF-8 -Duser.country=BE -Duser.language=nl -Duser.variant -javaagent:C:\Users\Intel\.gradle\wrapper\dists\gradle-9.3.0-bin\79n14ral3mx1ozqr3csh2u872\gradle-9.3.0\lib\agents\gradle-instrumentation-agent-9.3.0.jar 
java_command: org.gradle.launcher.daemon.bootstrap.GradleDaemon 9.3.0
java_class_path (initial): C:\Users\Intel\.gradle\wrapper\dists\gradle-9.3.0-bin\79n14ral3mx1ozqr3csh2u872\gradle-9.3.0\lib\gradle-daemon-main-9.3.0.jar
Launcher Type: SUN_STANDARD

[Global flags]
     intx CICompilerCount                          = 15                                        {product} {ergonomic}
   size_t CompressedClassSpaceSize                 = 335544320                                 {product} {ergonomic}
     uint ConcGCThreads                            = 6                                         {product} {ergonomic}
     uint G1ConcRefinementThreads                  = 23                                        {product} {ergonomic}
   size_t G1HeapRegionSize                         = 1048576                                   {product} {ergonomic}
     bool HeapDumpOnOutOfMemoryError               = true                                   {manageable} {command line}
   size_t InitialHeapSize                          = 268435456                                 {product} {command line}
   size_t MarkStackSize                            = 4194304                                   {product} {ergonomic}
   size_t MarkStackSizeMax                         = 536870912                                 {product} {ergonomic}
   size_t MaxHeapSize                              = 536870912                                 {product} {command line}
   size_t MaxMetaspaceSize                         = 402653184                                 {product} {command line}
   size_t MaxNewSize                               = 321912832                                 {product} {ergonomic}
   size_t MinHeapDeltaBytes                        = 1048576                                   {product} {ergonomic}
   size_t MinHeapSize                              = 268435456                                 {product} {command line}
    uintx NonNMethodCodeHeapSize                   = 8192000                                {pd product} {ergonomic}
    uintx NonProfiledCodeHeapSize                  = 121765888                              {pd product} {ergonomic}
    uintx ProfiledCodeHeapSize                     = 121700352                              {pd product} {ergonomic}
    uintx ReservedCodeCacheSize                    = 251658240                              {pd product} {ergonomic}
     bool SegmentedCodeCache                       = true                                      {product} {ergonomic}
   size_t SoftMaxHeapSize                          = 536870912                              {manageable} {ergonomic}
     bool UseCompressedOops                        = true                           {product lp64_product} {ergonomic}
     bool UseG1GC                                  = true                                      {product} {ergonomic}
     bool UseLargePagesIndividualAllocation        = false                                  {pd product} {ergonomic}

Logging:
Log output configuration:
 #0: stdout all=warning uptime,level,tags foldmultilines=false
 #1: stderr all=off uptime,level,tags foldmultilines=false

Release file:
JAVA_VERSION="25.0.2" 
MODULES="java.base java.compiler java.datatransfer java.xml java.prefs java.desktop java.instrument java.logging java.management java.security.sasl java.naming java.rmi java.management.rmi java.net.http java.scripting java.security.jgss java.transaction.xa java.sql java.sql.rowset java.xml.crypto java.se java.smartcardio jdk.accessibility jdk.internal.jvmstat jdk.attach jdk.charsets jdk.internal.opt jdk.zipfs jdk.compiler jdk.crypto.cryptoki jdk.crypto.ec jdk.dynalink jdk.hotspot.agent jdk.httpserver jdk.internal.ed jdk.internal.le jdk.internal.md jdk.internal.vm.ci jdk.jartool jdk.javadoc jdk.jcmd jdk.jdeps jdk.jdwp.agent jdk.jdi jdk.jfr jdk.jlink jdk.localedata jdk.management jdk.management.agent jdk.management.jfr jdk.naming.dns jdk.naming.rmi jdk.net jdk.sctp jdk.security.auth jdk.security.jgss jdk.unsupported jdk.unsupported.desktop jdk.xml.dom" 
IMPLEMENTOR="JetBrains s.r.o." 
JAVA_RUNTIME_VERSION="25.0.2+-15348964-b329.117" 
LIBC="default" 
OS_ARCH="x86_64" 
OS_NAME="Windows" 
SOURCE=".:git:3cf398e84a39" 

Environment Variables:
PATH=C:\Program Files\NVIDIA GPU Computing Toolkit\CUDA\v12.8\bin;C:\Program Files\NVIDIA GPU Computing Toolkit\CUDA\v12.8\libnvvp;;;;C:\WINDOWS\system32;C:\WINDOWS;C:\WINDOWS\System32\Wbem;C:\WINDOWS\System32\WindowsPowerShell\v1.0\;C:\WINDOWS\System32\OpenSSH\;C:\Program Files\Git\cmd;C:\Program Files (x86)\NVIDIA Corporation\PhysX\Common;C:\Program Files\NVIDIA Corporation\NVIDIA NvDLISR;C:\Program Files\NVIDIA Corporation\Nsight Compute 2025.1.0\;C:\Program Files\NVIDIA Corporation\NVIDIA app\NvDLISR;C:\Program Files\dotnet\;C:\Users\Intel\AppData\Local\Programs\Python\Python312\Scripts\;C:\Users\Intel\AppData\Local\Programs\Python\Python312\;C:\Users\Intel\AppData\Local\Programs\Python\Python311\Scripts\;C:\Users\Intel\AppData\Local\Programs\Python\Python311\;C:\Users\Intel\AppData\Local\Programs\Python\Python310\Scripts\;C:\Users\Intel\AppData\Local\Programs\Python\Python310\;C:\Users\Intel\AppData\Local\Microsoft\WindowsApps;C:\Users\Intel\.dotnet\tools
USERNAME=Intel
OS=Windows_NT
PROCESSOR_IDENTIFIER=Intel64 Family 6 Model 183 Stepping 1, GenuineIntel
TMP=C:\Users\Intel\AppData\Local\Temp
TEMP=C:\Users\Intel\AppData\Local\Temp




Compilation memory statistics disabled.

Periodic native trim disabled

JNI global refs:
JNI global refs: 46, weak refs: 264

JNI global refs memory usage: 835, weak refs: 3993

Process memory usage:
Resident Set Size: 1111604K (1% of 66809568K total physical memory with 50267400K free physical memory)

OOME stack traces (most recent first):
Classloader memory used:
Loader org.gradle.internal.classloader.VisitableURLClassLoader$InstrumentingVisitableURLClassLoader: 55237 K
Loader org.gradle.internal.classloader.VisitableURLClassLoader                         : 44352 K
Loader bootstrap                                                                       : 29510 K
Loader org.gradle.initialization.MixInLegacyTypesClassLoader                           : 12475 K
Loader jdk.internal.loader.ClassLoaders$AppClassLoader                                 : 225 K
Loader jdk.internal.loader.ClassLoaders$PlatformClassLoader                            : 157 K
Loader org.gradle.groovy.scripts.internal.DefaultScriptCompilationHandler$ScriptClassLoader: 123 K
Loader org.gradle.internal.classloader.VisitableURLClassLoader                         : 51320 B

Classes loaded by more than one classloader:
Class Program                                                                         : loaded 5 times (x 74B)
Class com.google.common.base.PairwiseEquivalence                                      : loaded 2 times (x 85B)
Class com.google.common.collect.RegularImmutableMap$KeySet                            : loaded 2 times (x 152B)
Class org.gradle.internal.classloader.FilteringClassLoader                            : loaded 2 times (x 106B)
Class [Lcom.google.common.base.AbstractIterator$State;                                : loaded 2 times (x 71B)
Class com.google.common.base.CharMatcher$IsEither                                     : loaded 2 times (x 113B)
Class org.gradle.internal.classloader.ClassLoaderHierarchy                            : loaded 2 times (x 72B)
Class com.google.common.collect.ImmutableEnumSet                                      : loaded 2 times (x 148B)
Class com.google.common.util.concurrent.ExecutionError                                : loaded 2 times (x 84B)
Class com.google.common.collect.ImmutableList$1                                       : loaded 2 times (x 99B)
Class org.gradle.api.internal.classpath.ManifestUtil                                  : loaded 2 times (x 73B)
Class com.google.common.io.ByteArrayDataOutput                                        : loaded 2 times (x 72B)
Class com.google.common.collect.RegularImmutableMap                                   : loaded 2 times (x 122B)
Class com.google.common.collect.ImmutableMap$MapViewOfValuesAsSingletonSets           : loaded 2 times (x 127B)
Class [Lorg.objectweb.asm.Symbol;                                                     : loaded 2 times (x 71B)
Class org.objectweb.asm.ClassVisitor                                                  : loaded 2 times (x 90B)
Class com.google.common.collect.UnmodifiableListIterator                              : loaded 2 times (x 97B)
Class ijKotlinCoroutineJvmDebugInit1_6cshnk5ey2f3nejrfkwgib8o4$_run_closure1$_closure2: loaded 2 times (x 140B)
Class org.objectweb.asm.MethodTooLargeException                                       : loaded 2 times (x 84B)
Class [Lcom.google.common.cache.CacheBuilder$OneWeigher;                              : loaded 2 times (x 71B)
Class com.google.common.base.Suppliers                                                : loaded 2 times (x 73B)
Class com.google.common.base.Platform$JdkPatternCompiler                              : loaded 2 times (x 77B)
Class org.gradle.internal.classloader.DefaultClassLoaderFactory                       : loaded 2 times (x 84B)
Class com.google.common.base.CharMatcher$None                                         : loaded 2 times (x 114B)
Class org.gradle.internal.classloader.ClassLoaderVisitor                              : loaded 2 times (x 78B)
Class [Lcom.google.common.collect.ImmutableMapEntry;                                  : loaded 2 times (x 71B)
Class org.gradle.api.internal.classpath.EffectiveClassPath                            : loaded 2 times (x 92B)
Class com.google.common.collect.ImmutableRangeSet                                     : loaded 2 times (x 117B)
Class com.google.common.collect.ImmutableEnumMap                                      : loaded 2 times (x 127B)
Class com.google.common.collect.ListMultimap                                          : loaded 2 times (x 72B)
Class com.google.common.collect.Sets$1                                                : loaded 2 times (x 141B)
Class org.objectweb.asm.AnnotationVisitor                                             : loaded 2 times (x 80B)
Class com.google.common.base.Splitter                                                 : loaded 2 times (x 74B)
Class org.gradle.api.internal.DefaultClassPathProvider                                : loaded 2 times (x 78B)
Class com.google.common.collect.Sets$2                                                : loaded 2 times (x 141B)
Class [Lorg.gradle.api.internal.ClassPathProvider;                                    : loaded 2 times (x 71B)
Class org.gradle.api.internal.ClassPathProvider                                       : loaded 2 times (x 72B)
Class [Lorg.objectweb.asm.AnnotationVisitor;                                          : loaded 2 times (x 71B)
Class com.google.common.collect.Sets$3                                                : loaded 2 times (x 141B)
Class com.google.common.cache.LocalCache$LocalLoadingCache                            : loaded 2 times (x 136B)
Class com.google.common.base.AbstractIterator$State                                   : loaded 2 times (x 81B)
Class org.gradle.internal.service.UnknownServiceException                             : loaded 2 times (x 85B)
Class com.google.common.io.ByteArrayDataInput                                         : loaded 2 times (x 72B)
Class com.google.common.collect.Sets$4                                                : loaded 2 times (x 141B)
Class org.objectweb.asm.ModuleVisitor                                                 : loaded 2 times (x 83B)
Class com.google.common.cache.LocalCache$Strength$1                                   : loaded 2 times (x 83B)
Class com.google.common.util.concurrent.SettableFuture                                : loaded 2 times (x 116B)
Class com.google.common.cache.LocalCache$Strength$2                                   : loaded 2 times (x 83B)
Class com.google.common.io.ByteStreams                                                : loaded 2 times (x 73B)
Class com.google.common.cache.LocalCache$Strength$3                                   : loaded 2 times (x 83B)
Class com.google.common.collect.MapDifference                                         : loaded 2 times (x 72B)
Class com.google.common.base.Splitter$1                                               : loaded 2 times (x 79B)
Class ijJvmDebugger1_ewkv1r8vhe7wre3euz9djkhur$_run_closure1$_closure2                : loaded 2 times (x 141B)
Class org.objectweb.asm.FieldWriter                                                   : loaded 2 times (x 79B)
Class com.google.common.cache.CacheBuilder$NullListener                               : loaded 2 times (x 84B)
Class org.gradle.internal.classpath.TransformedClassPath                              : loaded 2 times (x 98B)
Class org.gradle.internal.classloader.InstrumentingClassLoader                        : loaded 2 times (x 72B)
Class com.google.common.collect.ImmutableRangeSet$AsSet                               : loaded 2 times (x 301B)
Class com.google.common.cache.CacheLoader$FunctionToCacheLoader                       : loaded 2 times (x 77B)
Class com.google.common.collect.Iterators$ArrayItr                                    : loaded 2 times (x 99B)
Class com.google.common.collect.ImmutableCollection$Builder                           : loaded 2 times (x 78B)
Class com.google.common.base.Joiner                                                   : loaded 2 times (x 81B)
Class com.google.common.base.MoreObjects                                              : loaded 2 times (x 73B)
Class [Lorg.objectweb.asm.Type;                                                       : loaded 2 times (x 71B)
Class com.google.common.collect.Platform                                              : loaded 2 times (x 73B)
Class com.google.common.collect.UnmodifiableIterator                                  : loaded 2 times (x 82B)
Class org.gradle.internal.service.ServiceLocator                                      : loaded 2 times (x 72B)
Class com.google.common.base.Ascii                                                    : loaded 2 times (x 73B)
Class com.google.common.collect.SingletonImmutableBiMap                               : loaded 2 times (x 145B)
Class com.google.common.cache.LocalCache$1                                            : loaded 2 times (x 91B)
Class com.google.common.collect.AbstractMapEntry                                      : loaded 2 times (x 83B)
Class com.google.common.collect.Sets$ImprovedAbstractSet                              : loaded 2 times (x 137B)
Class com.google.common.collect.ImmutableList$Builder                                 : loaded 2 times (x 79B)
Class com.google.common.cache.LocalCache$2                                            : loaded 2 times (x 144B)
Class com.google.common.collect.AbstractMultimap                                      : loaded 2 times (x 125B)
Class com.google.common.collect.ImmutableRangeSet$1                                   : loaded 2 times (x 211B)
Class com.google.common.collect.RegularImmutableAsList                                : loaded 2 times (x 218B)
Class com.google.common.collect.Range                                                 : loaded 2 times (x 89B)
Class com.google.common.util.concurrent.AbstractFuture$Trusted                        : loaded 2 times (x 72B)
Class com.google.common.collect.Iterators                                             : loaded 2 times (x 73B)
Class com.google.common.util.concurrent.UncheckedExecutionException                   : loaded 2 times (x 84B)
Class com.google.common.collect.Lists$StringAsImmutableList                           : loaded 2 times (x 209B)
Class com.google.common.collect.AbstractMapBasedMultimap$KeySet$1                     : loaded 2 times (x 84B)
Class org.objectweb.asm.ClassWriter                                                   : loaded 2 times (x 107B)
Class com.google.common.cache.CacheLoader$UnsupportedLoadingOperationException        : loaded 2 times (x 84B)
Class com.google.common.base.CharMatcher$And                                          : loaded 2 times (x 114B)
Class org.gradle.internal.classloader.ClasspathUtil$1                                 : loaded 2 times (x 78B)
Class com.google.common.base.Objects                                                  : loaded 2 times (x 73B)
Class org.objectweb.asm.FieldVisitor                                                  : loaded 2 times (x 79B)
Class com.google.common.collect.IndexedImmutableSet                                   : loaded 2 times (x 152B)
Class com.google.common.collect.ImmutableMap$1                                        : loaded 2 times (x 83B)
Class com.google.common.collect.BiMap                                                 : loaded 2 times (x 72B)
Class org.gradle.api.internal.classpath.DefaultModuleRegistry$DefaultModule           : loaded 2 times (x 88B)
Class com.google.common.primitives.Ints                                               : loaded 2 times (x 73B)
Class com.google.common.collect.AbstractIterator                                      : loaded 2 times (x 84B)
Class com.google.common.math.MathPreconditions                                        : loaded 2 times (x 73B)
Class com.google.common.collect.Multiset                                              : loaded 2 times (x 72B)
Class com.google.common.collect.ArrayListMultimapGwtSerializationDependencies         : loaded 2 times (x 173B)
Class com.google.common.collect.ObjectArrays                                          : loaded 2 times (x 73B)
Class com.google.common.collect.AbstractIndexedListIterator                           : loaded 2 times (x 98B)
Class com.google.common.collect.ImmutableMapEntrySet                                  : loaded 2 times (x 153B)
Class org.gradle.api.internal.classpath.Module                                        : loaded 2 times (x 72B)
Class com.google.common.cache.Weigher                                                 : loaded 2 times (x 72B)
Class org.gradle.api.internal.classpath.UnknownModuleException                        : loaded 2 times (x 84B)
Class com.google.common.base.Stopwatch                                                : loaded 2 times (x 74B)
Class com.google.common.cache.LocalCache$Strength                                     : loaded 2 times (x 83B)
Class com.google.common.cache.Cache                                                   : loaded 2 times (x 72B)
Class com.google.common.util.concurrent.AbstractFuture$Cancellation                   : loaded 2 times (x 74B)
Class com.google.common.collect.ImmutableMap$Builder                                  : loaded 2 times (x 84B)
Class com.google.common.base.NullnessCasts                                            : loaded 2 times (x 73B)
Class com.google.common.cache.RemovalListener                                         : loaded 2 times (x 72B)
Class ijKotlinCoroutineJvmDebugInit1_6cshnk5ey2f3nejrfkwgib8o4                        : loaded 2 times (x 173B)
Class org.gradle.api.internal.DefaultClassPathRegistry                                : loaded 2 times (x 78B)
Class com.google.common.primitives.IntsMethodsForWeb                                  : loaded 2 times (x 73B)
Class com.google.common.collect.Multimap                                              : loaded 2 times (x 72B)
Class org.gradle.api.internal.ClassPathRegistry                                       : loaded 2 times (x 72B)
Class org.gradle.internal.classpath.DefaultClassPath$ImmutableUniqueList              : loaded 2 times (x 201B)
Class com.google.common.base.ExtraObjectsMethodsForWeb                                : loaded 2 times (x 73B)
Class com.google.common.base.Equivalence$Identity                                     : loaded 2 times (x 84B)
Class com.google.common.cache.CacheBuilder                                            : loaded 2 times (x 74B)
Class com.google.common.collect.SingletonImmutableList                                : loaded 2 times (x 209B)
Class Settings_gradle$1                                                               : loaded 2 times (x 76B)
Class org.gradle.internal.classpath.ClassPath                                         : loaded 2 times (x 72B)
Class com.google.common.collect.ImmutableList$ReverseImmutableList                    : loaded 2 times (x 210B)
Class com.google.common.base.JdkPattern                                               : loaded 2 times (x 77B)
Class org.objectweb.asm.SymbolTable$Entry                                             : loaded 2 times (x 75B)
Class org.objectweb.asm.Edge                                                          : loaded 2 times (x 74B)
Class com.google.common.base.Suppliers$SupplierOfInstance                             : loaded 2 times (x 81B)
Class com.google.common.collect.Iterators$1                                           : loaded 2 times (x 83B)
Class com.google.common.cache.LocalCache$ComputingValueReference                      : loaded 2 times (x 98B)
Class com.google.common.collect.SingletonImmutableSet                                 : loaded 2 times (x 148B)
Class com.google.common.collect.ImmutableMap$IteratorBasedImmutableMap                : loaded 2 times (x 127B)
Class com.google.common.cache.LocalCache$Segment                                      : loaded 2 times (x 155B)
Class com.google.common.collect.SortedIterable                                        : loaded 2 times (x 72B)
Class [Lorg.objectweb.asm.SymbolTable$Entry;                                          : loaded 2 times (x 71B)
Class com.google.common.cache.CacheLoader                                             : loaded 2 times (x 76B)
Class com.google.common.collect.Iterators$4                                           : loaded 2 times (x 84B)
Class com.google.common.collect.ImmutableBiMap                                        : loaded 2 times (x 145B)
Class com.google.common.collect.AbstractListMultimap                                  : loaded 2 times (x 173B)
Class org.gradle.api.internal.classpath.ModuleRegistry                                : loaded 2 times (x 72B)
Class org.gradle.internal.installation.GradleInstallation$1                           : loaded 2 times (x 77B)
Class com.google.common.util.concurrent.internal.InternalFutureFailureAccess          : loaded 2 times (x 74B)
Class com.google.common.collect.Iterators$5                                           : loaded 2 times (x 84B)
Class com.google.common.collect.ImmutableSet$JdkBackedSetBuilderImpl                  : loaded 2 times (x 78B)
Class com.google.common.base.Splitter$SplittingIterator                               : loaded 2 times (x 85B)
Class ijJvmDebugger1_ewkv1r8vhe7wre3euz9djkhur                                        : loaded 2 times (x 173B)
Class com.google.common.cache.LocalCache$LocalManualCache$1                           : loaded 2 times (x 77B)
Class com.google.common.base.CharMatcher$ForPredicate                                 : loaded 2 times (x 114B)
Class com.google.common.collect.ImmutableCollection                                   : loaded 2 times (x 127B)
Class com.google.common.base.CharMatcher$AnyOf                                        : loaded 2 times (x 114B)
Class org.gradle.api.internal.classpath.DefaultModuleRegistry                         : loaded 2 times (x 88B)
Class com.google.common.util.concurrent.ListenableFuture                              : loaded 2 times (x 72B)
Class com.google.common.cache.ReferenceEntry                                          : loaded 2 times (x 72B)
Class com.google.common.collect.ImmutableSet$CachingAsList                            : loaded 2 times (x 149B)
Class com.google.common.base.Converter                                                : loaded 2 times (x 92B)
Class com.google.common.collect.Lists                                                 : loaded 2 times (x 73B)
Class com.google.common.util.concurrent.AbstractFuture                                : loaded 2 times (x 108B)
Class com.google.common.base.FunctionalEquivalence                                    : loaded 2 times (x 85B)
Class com.google.common.collect.Iterators$9                                           : loaded 2 times (x 83B)
Class com.google.common.collect.AbstractMapBasedMultimap                              : loaded 2 times (x 140B)
Class com.google.common.collect.ImmutableAsList                                       : loaded 2 times (x 211B)
Class org.objectweb.asm.RecordComponentVisitor                                        : loaded 2 times (x 79B)
Class com.google.common.cache.CacheLoader$SupplierToCacheLoader                       : loaded 2 times (x 77B)
Class org.gradle.internal.service.ServiceLookupException                              : loaded 2 times (x 84B)
Class com.google.common.collect.ImmutableSortedSet                                    : loaded 2 times (x 301B)
Class [Lcom.google.common.cache.LocalCache$EntryFactory;                              : loaded 2 times (x 71B)
Class org.gradle.internal.classloader.ClassLoaderFactory                              : loaded 2 times (x 72B)
Class com.google.common.cache.LocalCache$LocalManualCache                             : loaded 2 times (x 101B)
Class com.google.common.base.CharMatcher$IsNot                                        : loaded 2 times (x 113B)
Class com.google.common.base.CommonPattern                                            : loaded 2 times (x 76B)
Class org.gradle.internal.service.CachingServiceLocator                               : loaded 2 times (x 84B)
Class com.google.common.collect.AbstractMapBasedMultimap$KeySet                       : loaded 2 times (x 139B)
Class com.google.common.collect.RegularImmutableSortedSet                             : loaded 2 times (x 301B)
Class com.google.common.math.IntMath                                                  : loaded 2 times (x 73B)
Class ijJvmDebugger1_ewkv1r8vhe7wre3euz9djkhur$_run_closure1                          : loaded 2 times (x 140B)
Class com.google.common.collect.ImmutableMapEntry                                     : loaded 2 times (x 87B)
Class com.google.common.base.Equivalence                                              : loaded 2 times (x 84B)
Class com.google.common.collect.ImmutableMapEntry$NonTerminalImmutableMapEntry        : loaded 2 times (x 87B)
Class com.google.common.base.Function                                                 : loaded 2 times (x 72B)
Class com.google.common.collect.IndexedImmutableSet$1                                 : loaded 2 times (x 214B)
Class com.google.common.cache.CacheBuilder$OneWeigher                                 : loaded 2 times (x 84B)
Class com.google.common.collect.RegularImmutableList                                  : loaded 2 times (x 214B)
Class org.gradle.internal.classloader.ClasspathUtil                                   : loaded 2 times (x 73B)
Class com.google.common.util.concurrent.Uninterruptibles                              : loaded 2 times (x 73B)
Class com.google.common.collect.Maps                                                  : loaded 2 times (x 73B)
Class org.gradle.api.specs.Spec                                                       : loaded 2 times (x 72B)
Class [Lcom.google.common.collect.ImmutableEntry;                                     : loaded 2 times (x 71B)
Class com.google.common.cache.LocalCache$LoadingValueReference                        : loaded 2 times (x 98B)
Class com.google.common.base.Platform                                                 : loaded 2 times (x 73B)
Class [Lorg.objectweb.asm.AnnotationWriter;                                           : loaded 2 times (x 71B)
Class com.google.common.collect.Maps$8                                                : loaded 2 times (x 84B)
Class ijKotlinCoroutineJvmDebugInit1_6cshnk5ey2f3nejrfkwgib8o4$_run_closure1          : loaded 2 times (x 140B)
Class com.google.common.collect.ImmutableRangeSet$Builder                             : loaded 2 times (x 79B)
Class com.google.common.collect.Sets$SetView                                          : loaded 2 times (x 140B)
Class com.google.common.cache.LocalCache$StrongValueReference                         : loaded 2 times (x 92B)
Class org.objectweb.asm.Type                                                          : loaded 2 times (x 74B)
Class org.gradle.internal.classloader.VisitableURLClassLoader$InstrumentingVisitableURLClassLoader: loaded 2 times (x 124B)
Class org.objectweb.asm.ByteVector                                                    : loaded 2 times (x 81B)
Class [Lcom.google.common.cache.CacheBuilder$NullListener;                            : loaded 2 times (x 71B)
Class com.google.common.math.IntMath$1                                                : loaded 2 times (x 73B)
Class org.gradle.internal.classloader.VisitableURLClassLoader$Spec                    : loaded 2 times (x 76B)
Class org.gradle.internal.classpath.DefaultClassPath                                  : loaded 2 times (x 92B)
Class org.objectweb.asm.Symbol                                                        : loaded 2 times (x 75B)
Class com.google.common.base.AbstractIterator                                         : loaded 2 times (x 82B)
Class com.google.common.io.Closer                                                     : loaded 2 times (x 80B)
Class com.google.common.collect.RegularImmutableMap$Values                            : loaded 2 times (x 209B)
Class com.google.common.collect.ImmutableSet                                          : loaded 2 times (x 147B)
Class com.google.common.base.CharMatcher$BitSetMatcher                                : loaded 2 times (x 114B)
Class org.gradle.internal.classloader.ClassLoaderSpec                                 : loaded 2 times (x 73B)
Class org.objectweb.asm.AnnotationWriter                                              : loaded 2 times (x 80B)
Class com.google.common.cache.CacheStats                                              : loaded 2 times (x 73B)
Class com.google.common.io.Closer$Suppressor                                          : loaded 2 times (x 72B)
Class org.objectweb.asm.RecordComponentWriter                                         : loaded 2 times (x 79B)
Class com.google.common.util.concurrent.AbstractFuture$Listener                       : loaded 2 times (x 74B)
Class com.google.common.base.CharMatcher$Or                                           : loaded 2 times (x 114B)
Class Settings_gradle$1$1                                                             : loaded 2 times (x 76B)
Class org.objectweb.asm.Attribute                                                     : loaded 2 times (x 79B)
Class com.google.common.base.Supplier                                                 : loaded 2 times (x 72B)
Class org.gradle.internal.classloader.VisitableURLClassLoader                         : loaded 2 times (x 118B)
Class Settings_gradle                                                                 : loaded 2 times (x 126B)
Class org.gradle.internal.Cast                                                        : loaded 2 times (x 73B)
Class org.gradle.api.Action                                                           : loaded 2 times (x 72B)
Class com.google.common.collect.Sets                                                  : loaded 2 times (x 73B)
Class org.objectweb.asm.Handler                                                       : loaded 2 times (x 74B)
Class com.google.common.base.Ticker                                                   : loaded 2 times (x 74B)
Class com.google.common.base.Strings                                                  : loaded 2 times (x 73B)
Class com.google.common.base.CharMatcher$FastMatcher                                  : loaded 2 times (x 113B)
Class [Lcom.google.common.cache.LocalCache$Segment;                                   : loaded 2 times (x 71B)
Class [Lcom.google.common.cache.LocalCache$Strength;                                  : loaded 2 times (x 71B)
Class com.google.common.cache.CacheBuilder$1                                          : loaded 2 times (x 87B)
Class com.google.common.collect.ImmutableMap                                          : loaded 2 times (x 122B)
Class com.google.common.base.Predicate                                                : loaded 2 times (x 72B)
Class org.gradle.internal.classpath.DefaultClassPath$ImmutableUniqueList$Builder      : loaded 2 times (x 77B)
Class com.google.common.collect.AbstractRangeSet                                      : loaded 2 times (x 116B)
Class com.google.common.cache.LocalCache                                              : loaded 2 times (x 188B)
Class com.google.common.cache.CacheBuilder$2                                          : loaded 2 times (x 74B)
Class com.google.common.base.CharMatcher$NegatedFastMatcher                           : loaded 2 times (x 115B)
Class [Lcom.google.common.collect.AbstractMapEntry;                                   : loaded 2 times (x 71B)
Class com.google.common.collect.ImmutableEntry                                        : loaded 2 times (x 84B)
Class com.google.common.collect.ArrayListMultimap                                     : loaded 2 times (x 173B)
Class org.gradle.api.GradleException                                                  : loaded 2 times (x 84B)
Class com.google.common.base.Suppliers$MemoizingSupplier                              : loaded 2 times (x 81B)
Class com.google.common.collect.CollectPreconditions                                  : loaded 2 times (x 73B)
Class com.google.common.collect.SortedMapDifference                                   : loaded 2 times (x 72B)
Class com.google.common.cache.LocalCache$EntryFactory                                 : loaded 2 times (x 85B)
Class com.google.common.cache.LocalCache$AbstractReferenceEntry                       : loaded 2 times (x 109B)
Class org.gradle.internal.IoActions                                                   : loaded 2 times (x 73B)
Class com.google.common.collect.ImmutableRangeSet$ComplementRanges                    : loaded 2 times (x 209B)
Class org.objectweb.asm.SymbolTable                                                   : loaded 2 times (x 74B)
Class com.google.common.cache.CacheLoader$InvalidCacheLoadException                   : loaded 2 times (x 84B)
Class com.google.common.collect.ImmutableSet$RegularSetBuilderImpl                    : loaded 2 times (x 78B)
Class org.gradle.internal.classloader.SystemClassLoaderSpec                           : loaded 2 times (x 73B)
Class com.google.common.cache.LocalCache$StrongEntry                                  : loaded 2 times (x 110B)
Class com.google.common.util.concurrent.AbstractFuture$TrustedFuture                  : loaded 2 times (x 116B)
Class com.google.common.cache.LoadingCache                                            : loaded 2 times (x 72B)
Class com.google.common.io.ByteStreams$LimitedInputStream                             : loaded 2 times (x 94B)
Class com.google.common.base.Suppliers$NonSerializableMemoizingSupplier               : loaded 2 times (x 81B)
Class org.objectweb.asm.MethodWriter                                                  : loaded 2 times (x 107B)
Class [Lcom.google.common.cache.Weigher;                                              : loaded 2 times (x 71B)
Class com.google.common.collect.RegularImmutableMap$BucketOverflowException           : loaded 2 times (x 84B)
Class com.google.common.collect.RegularImmutableBiMap                                 : loaded 2 times (x 149B)
Class com.google.common.cache.LocalCache$ValueReference                               : loaded 2 times (x 72B)
Class com.google.common.base.CharMatcher$Is                                           : loaded 2 times (x 113B)
Class com.google.common.base.CharMatcher$Negated                                      : loaded 2 times (x 115B)
Class com.google.common.util.concurrent.AbstractFuture$Failure                        : loaded 2 times (x 74B)
Class com.google.common.base.Equivalence$Equals                                       : loaded 2 times (x 84B)
Class com.google.common.collect.Hashing                                               : loaded 2 times (x 73B)
Class com.google.common.base.PatternCompiler                                          : loaded 2 times (x 72B)
Class com.google.common.base.Preconditions                                            : loaded 2 times (x 73B)
Class com.google.common.base.Joiner$1                                                 : loaded 2 times (x 82B)
Class org.objectweb.asm.Label                                                         : loaded 2 times (x 75B)
Class org.objectweb.asm.CurrentFrame                                                  : loaded 2 times (x 75B)
Class org.objectweb.asm.ClassTooLargeException                                        : loaded 2 times (x 84B)
Class com.google.common.collect.PeekingIterator                                       : loaded 2 times (x 72B)
Class com.google.common.base.CharMatcher                                              : loaded 2 times (x 113B)
Class com.google.common.collect.Maps$IteratorBasedAbstractMap                         : loaded 2 times (x 127B)
Class com.google.common.collect.RangeGwtSerializationDependencies                     : loaded 2 times (x 73B)
Class com.google.common.base.Joiner$2                                                 : loaded 2 times (x 81B)
Class org.objectweb.asm.Frame                                                         : loaded 2 times (x 75B)
Class org.objectweb.asm.MethodVisitor                                                 : loaded 2 times (x 107B)
Class com.google.common.cache.LocalCache$EntryFactory$1                               : loaded 2 times (x 85B)
Class [Lcom.google.common.cache.RemovalListener;                                      : loaded 2 times (x 71B)
Class com.google.common.base.CharMatcher$NamedFastMatcher                             : loaded 2 times (x 114B)
Class com.google.common.base.CharMatcher$1                                            : loaded 2 times (x 115B)
Class com.google.common.collect.RangeSet                                              : loaded 2 times (x 72B)
Class com.google.common.cache.LocalCache$EntryFactory$2                               : loaded 2 times (x 85B)
Class org.gradle.api.internal.classpath.GlobalCacheRootsProvider                      : loaded 2 times (x 72B)
Class com.google.common.collect.CollectCollectors                                     : loaded 2 times (x 73B)
Class org.objectweb.asm.ModuleWriter                                                  : loaded 2 times (x 83B)
Class com.google.common.cache.LocalCache$EntryFactory$3                               : loaded 2 times (x 85B)
Class com.google.common.base.Ticker$1                                                 : loaded 2 times (x 74B)
Class com.google.common.collect.ImmutableMapEntrySet$RegularEntrySet                  : loaded 2 times (x 153B)
Class com.google.common.collect.Maps$BiMapConverter                                   : loaded 2 times (x 92B)
Class com.google.common.cache.LocalCache$EntryFactory$4                               : loaded 2 times (x 85B)
Class com.google.common.collect.ImmutableSet$Builder                                  : loaded 2 times (x 87B)
Class com.google.common.base.CharMatcher$InRange                                      : loaded 2 times (x 113B)
Class com.google.common.io.ByteStreams$1                                              : loaded 2 times (x 87B)
Class com.google.common.cache.LocalCache$EntryFactory$5                               : loaded 2 times (x 85B)
Class com.google.common.cache.LocalCache$EntryFactory$6                               : loaded 2 times (x 85B)
Class org.gradle.internal.installation.CurrentGradleInstallationLocator               : loaded 2 times (x 73B)
Class com.google.common.collect.Maps$KeySet                                           : loaded 2 times (x 139B)
Class com.google.common.cache.LocalCache$EntryFactory$7                               : loaded 2 times (x 85B)
Class com.google.common.collect.ImmutableSet$EmptySetBuilderImpl                      : loaded 2 times (x 78B)
Class com.google.common.collect.ImmutableList                                         : loaded 2 times (x 208B)
Class org.gradle.internal.service.DefaultServiceLocator                               : loaded 2 times (x 85B)
Class com.google.common.cache.LocalCache$EntryFactory$8                               : loaded 2 times (x 85B)
Class com.google.common.collect.ImmutableSet$SetBuilderImpl                           : loaded 2 times (x 78B)
Class org.gradle.internal.installation.CurrentGradleInstallation                      : loaded 2 times (x 75B)
Class com.google.common.cache.CacheLoader$1                                           : loaded 2 times (x 77B)
Class com.google.common.collect.ForwardingObject                                      : loaded 2 times (x 74B)
Class com.google.common.collect.ImmutableList$SubList                                 : loaded 2 times (x 210B)
Class org.gradle.util.internal.GUtil                                                  : loaded 2 times (x 73B)
Class com.google.common.cache.AbstractCache$StatsCounter                              : loaded 2 times (x 72B)
Class com.google.common.collect.Iterators$MergingIterator                             : loaded 2 times (x 83B)
Class com.google.common.collect.RegularImmutableSet                                   : loaded 2 times (x 149B)
Class org.gradle.internal.installation.GradleInstallation                             : loaded 2 times (x 77B)
Class com.google.common.collect.Iterables                                             : loaded 2 times (x 73B)
Class com.google.common.base.Splitter$Strategy                                        : loaded 2 times (x 72B)

---------------  S Y S T E M  ---------------

OS:
 Windows 11 , 64 bit Build 26100 (10.0.26100.8875)
OS uptime: 0 days 0:07 hours
Hyper-V role detected

CPU: total 32 (initial active 32) (16 cores per cpu, 2 threads per core) family 6 model 183 stepping 1 microcode 0x115, cx8, cmov, fxsr, ht, mmx, 3dnowpref, sse, sse2, sse3, ssse3, sse4.1, sse4.2, popcnt, lzcnt, tsc, tscinvbit, avx, avx2, aes, erms, clmul, bmi1, bmi2, adx, sha, fma, vzeroupper, clflush, clflushopt, clwb, hv, serialize, rdtscp, rdpid, fsrm, gfni, f16c, cet_ibt, cet_ss
Processor Information for the first 32 processors :
  Max Mhz: 3200, Current Mhz: 3200, Mhz Limit: 3200

Memory: 4k page, system-wide physical 65243M (49084M free)
TotalPageFile size 130779M (AvailPageFile size 115632M)
current process WorkingSet (physical memory assigned to process): 1095M, peak: 1105M
current process commit charge ("private bytes"): 1205M, peak: 1226M

vm_info: OpenJDK 64-Bit Server VM (25.0.2+-15348964-b329.117) for windows-amd64 JRE (25.0.2+-15348964-b329.117), built on 2026-05-05T18:25:19Z with MS VC++ 16.10 / 16.11 (VS2019)

END.
